# MagicaVoxel @ Ephtracy

# group
o 

# material
mtllib Farm.mtl
usemtl palette

# normals
vn -1 0 0
vn 1 0 0
vn 0 0 1
vn 0 0 -1
vn 0 -1 0
vn 0 1 0

# texcoords
vt 0.00195312 0.5
vt 0.0175781 0.5
vt 0.0292969 0.5
vt 0.0332031 0.5
vt 0.0371094 0.5
vt 0.0449219 0.5
vt 0.0488281 0.5
vt 0.0644531 0.5
vt 0.0761719 0.5
vt 0.0839844 0.5
vt 0.0878906 0.5
vt 0.0917969 0.5
vt 0.0957031 0.5
vt 0.0996094 0.5
vt 0.103516 0.5
vt 0.126953 0.5
vt 0.158203 0.5
vt 0.162109 0.5
vt 0.166016 0.5
vt 0.169922 0.5

# verts
v -2 0 2
v -2 0 -2
v -2 0.1 1.2
v -2 0.1 1
v -2 0.1 0.9
v -2 0.1 0.7
v -2 0.1 0.4
v -2 0.1 -0.6
v -2 0.1 -1.4
v -2 0.1 -1.6
v -2 0.2 2
v -2 0.2 1.2
v -2 0.2 1
v -2 0.2 0.9
v -2 0.2 0.7
v -2 0.2 0.4
v -2 0.2 -0.6
v -2 0.2 -1.4
v -2 0.2 -1.6
v -2 0.2 -2
v -1.9 0.2 1.9
v -1.9 0.2 1.2
v -1.9 0.2 1
v -1.9 0.2 0.9
v -1.9 0.2 0.7
v -1.9 0.2 0.4
v -1.9 0.2 -0.6
v -1.9 0.2 -1.4
v -1.9 0.2 -1.6
v -1.9 0.2 -1.9
v -1.9 0.3 1.9
v -1.9 0.3 1.2
v -1.9 0.3 0.7
v -1.9 0.3 0.4
v -1.9 0.3 -0.6
v -1.9 0.3 -1.4
v -1.9 0.3 -1.6
v -1.9 0.3 -1.9
v -1.8 0.3 1.6
v -1.8 0.3 1.2
v -1.8 0.3 0.7
v -1.8 0.3 0.4
v -1.8 0.3 0.2
v -1.8 0.3 -0.6
v -1.8 0.3 -1.4
v -1.8 0.3 -1.6
v -1.8 0.3 -1.8
v -1.8 0.4 1.6
v -1.8 0.4 0.4
v -1.8 0.4 0.2
v -1.8 0.4 -1.8
v -1.8 1 1.8
v -1.8 1 1.7
v -1.8 1 1.6
v -1.8 1 1.5
v -1.8 1 1.3
v -1.8 1 1.2
v -1.8 1 0.9
v -1.8 1 0.8
v -1.8 1 0.6
v -1.8 1 0.5
v -1.8 1 0.4
v -1.8 1 0.3
v -1.8 1.1 1.7
v -1.8 1.1 1.6
v -1.8 1.1 1.5
v -1.8 1.1 1.3
v -1.8 1.1 1.2
v -1.8 1.1 0.9
v -1.8 1.1 0.8
v -1.8 1.1 0.6
v -1.8 1.1 0.5
v -1.8 1.1 0.4
v -1.8 1.2 1.8
v -1.8 1.2 1.7
v -1.8 1.2 0.4
v -1.8 1.2 0.3
v -1.7 0.3 1.8
v -1.7 0.3 1.6
v -1.7 0.3 0.4
v -1.7 0.3 0.3
v -1.7 0.4 1.8
v -1.7 0.4 1.7
v -1.7 0.4 1.6
v -1.7 0.4 1.5
v -1.7 0.4 0.6
v -1.7 0.4 0.5
v -1.7 0.4 0.4
v -1.7 0.4 0.3
v -1.7 0.5 1.6
v -1.7 0.5 1.5
v -1.7 0.5 1.2
v -1.7 0.5 0.9
v -1.7 0.5 0.6
v -1.7 0.5 0.5
v -1.7 0.6 1.5
v -1.7 0.6 1.2
v -1.7 0.6 0.9
v -1.7 0.6 0.6
v -1.7 0.7 1.5
v -1.7 0.7 1.2
v -1.7 0.7 0.9
v -1.7 0.7 0.6
v -1.7 0.8 1.6
v -1.7 0.8 1.5
v -1.7 0.8 1.2
v -1.7 0.8 0.9
v -1.7 0.8 0.6
v -1.7 0.8 0.5
v -1.7 0.9 1.6
v -1.7 0.9 1.5
v -1.7 0.9 0.6
v -1.7 0.9 0.5
v -1.7 1 1.7
v -1.7 1 1.6
v -1.7 1 1.5
v -1.7 1 1.3
v -1.7 1 1.2
v -1.7 1 0.9
v -1.7 1 0.8
v -1.7 1 0.6
v -1.7 1 0.5
v -1.7 1 0.4
v -1.7 1.1 1.7
v -1.7 1.1 1.6
v -1.7 1.1 1.5
v -1.7 1.1 1.3
v -1.7 1.1 1.2
v -1.7 1.1 0.9
v -1.7 1.1 0.8
v -1.7 1.1 0.6
v -1.7 1.1 0.5
v -1.7 1.1 0.4
v -1.7 1.2 1.8
v -1.7 1.2 1.7
v -1.7 1.2 1.6
v -1.7 1.2 1.5
v -1.7 1.2 1.3
v -1.7 1.2 1.2
v -1.7 1.2 0.9
v -1.7 1.2 0.8
v -1.7 1.2 0.6
v -1.7 1.2 0.5
v -1.7 1.2 0.4
v -1.7 1.2 0.3
v -1.7 1.3 1.8
v -1.7 1.3 1.7
v -1.7 1.3 0.4
v -1.7 1.3 0.3
v -1.6 0.3 -2.38419e-07
v -1.6 0.3 -0.1
v -1.6 0.3 -0.6
v -1.6 0.3 -0.7
v -1.6 0.3 -0.9
v -1.6 0.3 -1
v -1.6 0.3 -1.5
v -1.6 0.3 -1.6
v -1.6 0.7 -0.1
v -1.6 0.7 -0.6
v -1.6 0.7 -1
v -1.6 0.7 -1.5
v -1.6 0.8 -0.1
v -1.6 0.8 -0.6
v -1.6 0.8 -1
v -1.6 0.8 -1.5
v -1.6 0.9 -2.38419e-07
v -1.6 0.9 -0.1
v -1.6 0.9 -0.2
v -1.6 0.9 -0.5
v -1.6 0.9 -0.6
v -1.6 0.9 -0.7
v -1.6 0.9 -0.9
v -1.6 0.9 -1
v -1.6 0.9 -1.1
v -1.6 0.9 -1.4
v -1.6 0.9 -1.5
v -1.6 0.9 -1.6
v -1.6 1 -0.1
v -1.6 1 -0.2
v -1.6 1 -0.5
v -1.6 1 -0.6
v -1.6 1 -1
v -1.6 1 -1.1
v -1.6 1 -1.4
v -1.6 1 -1.5
v -1.6 1.1 -0.2
v -1.6 1.1 -0.5
v -1.6 1.1 -1.1
v -1.6 1.1 -1.4
v -1.6 1.2 1.7
v -1.6 1.2 1.6
v -1.6 1.2 1.5
v -1.6 1.2 1.3
v -1.6 1.2 1.2
v -1.6 1.2 0.9
v -1.6 1.2 0.8
v -1.6 1.2 0.6
v -1.6 1.2 0.5
v -1.6 1.2 0.4
v -1.6 1.3 1.8
v -1.6 1.3 1.7
v -1.6 1.3 1.6
v -1.6 1.3 1.5
v -1.6 1.3 1.3
v -1.6 1.3 1.2
v -1.6 1.3 0.9
v -1.6 1.3 0.8
v -1.6 1.3 0.6
v -1.6 1.3 0.5
v -1.6 1.3 0.4
v -1.6 1.3 0.3
v -1.6 1.4 1.8
v -1.6 1.4 1.7
v -1.6 1.4 0.4
v -1.6 1.4 0.3
v -1.5 0.3 -0.1
v -1.5 0.3 -0.6
v -1.5 0.3 -1
v -1.5 0.3 -1.5
v -1.5 0.7 -0.1
v -1.5 0.7 -0.6
v -1.5 0.7 -1
v -1.5 0.7 -1.5
v -1.5 0.8 -0.1
v -1.5 0.8 -0.6
v -1.5 0.8 -1
v -1.5 0.8 -1.5
v -1.5 0.9 -0.1
v -1.5 0.9 -0.2
v -1.5 0.9 -0.5
v -1.5 0.9 -0.6
v -1.5 0.9 -1
v -1.5 0.9 -1.1
v -1.5 0.9 -1.4
v -1.5 0.9 -1.5
v -1.5 1 -0.2
v -1.5 1 -0.5
v -1.5 1 -1.1
v -1.5 1 -1.4
v -1.5 1.3 1.7
v -1.5 1.3 1.6
v -1.5 1.3 1.5
v -1.5 1.3 1.3
v -1.5 1.3 1.2
v -1.5 1.3 0.9
v -1.5 1.3 0.8
v -1.5 1.3 0.6
v -1.5 1.3 0.5
v -1.5 1.3 0.4
v -1.5 1.4 1.8
v -1.5 1.4 1.7
v -1.5 1.4 1.6
v -1.5 1.4 1.5
v -1.5 1.4 1.3
v -1.5 1.4 1.2
v -1.5 1.4 0.9
v -1.5 1.4 0.8
v -1.5 1.4 0.6
v -1.5 1.4 0.5
v -1.5 1.4 0.4
v -1.5 1.4 0.3
v -1.5 1.5 1.8
v -1.5 1.5 1.7
v -1.5 1.5 0.4
v -1.5 1.5 0.3
v -1.3 1.4 1.7
v -1.3 1.4 1.6
v -1.3 1.4 1.5
v -1.3 1.4 1.3
v -1.3 1.4 1.2
v -1.3 1.4 0.9
v -1.3 1.4 0.8
v -1.3 1.4 0.6
v -1.3 1.4 0.5
v -1.3 1.4 0.4
v -1.3 1.5 1.7
v -1.3 1.5 0.4
v -1.2 0.3 -2.38419e-07
v -1.2 0.3 -0.1
v -1.2 0.3 -0.6
v -1.2 0.3 -0.7
v -1.2 0.3 -0.9
v -1.2 0.3 -1
v -1.2 0.3 -1.5
v -1.2 0.3 -1.6
v -1.2 0.7 -2.38419e-07
v -1.2 0.7 -0.1
v -1.2 0.7 -0.6
v -1.2 0.7 -0.7
v -1.2 0.7 -0.9
v -1.2 0.7 -1
v -1.2 0.7 -1.5
v -1.2 0.7 -1.6
v -1.2 0.8 -2.38419e-07
v -1.2 0.8 -0.1
v -1.2 0.8 -0.6
v -1.2 0.8 -0.7
v -1.2 0.8 -0.9
v -1.2 0.8 -1
v -1.2 0.8 -1.5
v -1.2 0.8 -1.6
v -1.2 0.9 -2.38419e-07
v -1.2 0.9 -0.1
v -1.2 0.9 -0.2
v -1.2 0.9 -0.5
v -1.2 0.9 -0.6
v -1.2 0.9 -0.7
v -1.2 0.9 -0.9
v -1.2 0.9 -1
v -1.2 0.9 -1.1
v -1.2 0.9 -1.2
v -1.2 0.9 -1.5
v -1.2 0.9 -1.6
v -1.2 1 -0.1
v -1.2 1 -0.2
v -1.2 1 -0.5
v -1.2 1 -0.6
v -1.2 1 -1.1
v -1.2 1 -1.2
v -1.2 1 -1.3
v -1.2 1 -1.4
v -1.2 1.1 -1.3
v -1.2 1.1 -1.4
v -1 0.9 -1.1
v -1 0.9 -1.2
v -1 0.9 -1.3
v -1 0.9 -1.4
v -1 1 -1.1
v -1 1 -1.2
v -1 1 -1.3
v -1 1 -1.4
v -1 1.1 -1.2
v -1 1.1 -1.3
v -1 1.2 1.8
v -1 1.2 1.7
v -1 1.2 0.4
v -1 1.2 0.3
v -1 1.3 1.8
v -1 1.3 1.7
v -1 1.3 0.4
v -1 1.3 0.3
v -0.9 1 -0.3
v -0.9 1 -0.4
v -0.9 1.1 1.8
v -0.9 1.1 1.7
v -0.9 1.1 0.4
v -0.9 1.1 0.3
v -0.9 1.1 -0.3
v -0.9 1.1 -0.4
v -0.9 1.2 1.8
v -0.9 1.2 1.7
v -0.9 1.2 0.4
v -0.9 1.2 0.3
v -0.8 0.3 -2.38419e-07
v -0.8 0.3 -0.1
v -0.8 0.3 -0.6
v -0.8 0.3 -0.7
v -0.8 0.3 -0.9
v -0.8 0.3 -1
v -0.8 0.3 -1.5
v -0.8 0.3 -1.6
v -0.8 0.6 -1.5
v -0.8 0.6 -1.6
v -0.8 0.7 -2.38419e-07
v -0.8 0.7 -0.1
v -0.8 0.7 -0.6
v -0.8 0.7 -0.7
v -0.8 0.7 -0.9
v -0.8 0.7 -1
v -0.8 0.7 -1.3
v -0.8 0.7 -1.5
v -0.8 0.7 -1.6
v -0.8 0.8 -2.38419e-07
v -0.8 0.8 -0.1
v -0.8 0.8 -0.6
v -0.8 0.8 -0.7
v -0.8 0.8 -0.9
v -0.8 0.8 -1
v -0.8 0.8 -1.3
v -0.8 0.8 -1.5
v -0.8 0.9 -2.38419e-07
v -0.8 0.9 -0.1
v -0.8 0.9 -0.5
v -0.8 0.9 -0.6
v -0.8 0.9 -0.7
v -0.8 0.9 -0.9
v -0.8 0.9 -1
v -0.8 0.9 -1.1
v -0.8 0.9 -1.4
v -0.8 0.9 -1.5
v -0.8 0.9 -1.6
v -0.8 1 1.8
v -0.8 1 1.7
v -0.8 1 0.4
v -0.8 1 0.3
v -0.8 1 -0.2
v -0.8 1 -0.3
v -0.8 1 -0.4
v -0.8 1 -0.5
v -0.8 1 -0.6
v -0.8 1 -1
v -0.8 1 -1.1
v -0.8 1 -1.2
v -0.8 1 -1.3
v -0.8 1 -1.4
v -0.8 1 -1.5
v -0.8 1.1 1.8
v -0.8 1.1 1.7
v -0.8 1.1 0.4
v -0.8 1.1 0.3
v -0.8 1.1 -0.2
v -0.8 1.1 -0.3
v -0.8 1.1 -0.4
v -0.8 1.1 -0.5
v -0.8 1.1 -1.1
v -0.8 1.1 -1.2
v -0.8 1.1 -1.3
v -0.8 1.1 -1.4
v -0.3 0.3 0.2
v -0.3 0.3 0.0999999
v -0.3 0.4 0.2
v -0.3 0.4 0.0999999
v -0.2 0.3 -2.38419e-07
v -0.2 0.3 -0.1
v -0.2 0.3 -0.6
v -0.2 0.3 -0.7
v -0.2 0.3 -0.9
v -0.2 0.3 -1
v -0.2 0.3 -1.5
v -0.2 0.3 -1.6
v -0.2 0.7 -0.1
v -0.2 0.7 -0.6
v -0.2 0.7 -1
v -0.2 0.7 -1.5
v -0.2 0.8 -0.1
v -0.2 0.8 -0.6
v -0.2 0.8 -1
v -0.2 0.8 -1.5
v -0.2 0.9 -2.38419e-07
v -0.2 0.9 -0.1
v -0.2 0.9 -0.2
v -0.2 0.9 -0.5
v -0.2 0.9 -0.6
v -0.2 0.9 -0.7
v -0.2 0.9 -0.9
v -0.2 0.9 -1
v -0.2 0.9 -1.1
v -0.2 0.9 -1.4
v -0.2 0.9 -1.5
v -0.2 0.9 -1.6
v -0.2 1 -0.1
v -0.2 1 -0.2
v -0.2 1 -0.5
v -0.2 1 -0.6
v -0.2 1 -1
v -0.2 1 -1.1
v -0.2 1 -1.4
v -0.2 1 -1.5
v -0.2 1.1 -0.2
v -0.2 1.1 -0.5
v -0.2 1.1 -1.1
v -0.2 1.1 -1.4
v -0.0999999 0.3 -0.1
v -0.0999999 0.3 -0.2
v -0.0999999 0.3 -0.5
v -0.0999999 0.3 -0.6
v -0.0999999 0.3 -1
v -0.0999999 0.3 -1.1
v -0.0999999 0.3 -1.4
v -0.0999999 0.3 -1.5
v -0.0999999 0.7 -0.1
v -0.0999999 0.7 -0.6
v -0.0999999 0.7 -1
v -0.0999999 0.7 -1.5
v -0.0999999 0.8 -0.1
v -0.0999999 0.8 -0.6
v -0.0999999 0.8 -1
v -0.0999999 0.8 -1.5
v -0.0999999 0.9 -0.1
v -0.0999999 0.9 -0.2
v -0.0999999 0.9 -0.5
v -0.0999999 0.9 -0.6
v -0.0999999 0.9 -1
v -0.0999999 0.9 -1.1
v -0.0999999 0.9 -1.4
v -0.0999999 0.9 -1.5
v -0.0999999 1 -0.2
v -0.0999999 1 -0.5
v -0.0999999 1 -1.1
v -0.0999999 1 -1.4
v 0.2 0.3 -2.38419e-07
v 0.2 0.3 -0.1
v 0.2 0.3 -0.6
v 0.2 0.3 -0.7
v 0.2 0.3 -0.9
v 0.2 0.3 -1
v 0.2 0.3 -1.5
v 0.2 0.3 -1.6
v 0.2 0.7 -2.38419e-07
v 0.2 0.7 -0.1
v 0.2 0.7 -0.6
v 0.2 0.7 -0.7
v 0.2 0.7 -0.9
v 0.2 0.7 -1
v 0.2 0.7 -1.5
v 0.2 0.7 -1.6
v 0.2 0.8 -2.38419e-07
v 0.2 0.8 -0.1
v 0.2 0.8 -0.6
v 0.2 0.8 -0.7
v 0.2 0.8 -0.9
v 0.2 0.8 -1
v 0.2 0.8 -1.5
v 0.2 0.8 -1.6
v 0.2 0.9 -2.38419e-07
v 0.2 0.9 -0.1
v 0.2 0.9 -0.2
v 0.2 0.9 -0.5
v 0.2 0.9 -0.6
v 0.2 0.9 -0.7
v 0.2 0.9 -0.9
v 0.2 0.9 -1
v 0.2 0.9 -1.1
v 0.2 0.9 -1.4
v 0.2 0.9 -1.5
v 0.2 0.9 -1.6
v 0.2 1 -0.1
v 0.2 1 -0.2
v 0.2 1 -0.3
v 0.2 1 -0.4
v 0.2 1 -0.5
v 0.2 1 -0.6
v 0.2 1 -1
v 0.2 1 -1.1
v 0.2 1 -1.2
v 0.2 1 -1.3
v 0.2 1 -1.4
v 0.2 1 -1.5
v 0.2 1.1 -0.2
v 0.2 1.1 -0.3
v 0.2 1.1 -0.4
v 0.2 1.1 -0.5
v 0.2 1.1 -1.1
v 0.2 1.1 -1.2
v 0.2 1.1 -1.3
v 0.2 1.1 -1.4
v 0.6 0.3 -2.38419e-07
v 0.6 0.3 -0.1
v 0.6 0.3 -0.6
v 0.6 0.3 -0.7
v 0.6 0.3 -0.9
v 0.6 0.3 -1
v 0.6 0.3 -1.5
v 0.6 0.3 -1.6
v 0.6 0.7 -2.38419e-07
v 0.6 0.7 -0.1
v 0.6 0.7 -0.6
v 0.6 0.7 -0.7
v 0.6 0.7 -0.9
v 0.6 0.7 -1
v 0.6 0.7 -1.5
v 0.6 0.7 -1.6
v 0.6 0.8 -2.38419e-07
v 0.6 0.8 -0.1
v 0.6 0.8 -0.6
v 0.6 0.8 -0.7
v 0.6 0.8 -0.9
v 0.6 0.8 -1
v 0.6 0.8 -1.5
v 0.6 0.8 -1.6
v 0.6 0.9 -2.38419e-07
v 0.6 0.9 -0.1
v 0.6 0.9 -0.2
v 0.6 0.9 -0.5
v 0.6 0.9 -0.6
v 0.6 0.9 -0.7
v 0.6 0.9 -0.9
v 0.6 0.9 -1
v 0.6 0.9 -1.1
v 0.6 0.9 -1.4
v 0.6 0.9 -1.5
v 0.6 0.9 -1.6
v 0.6 1 -0.1
v 0.6 1 -0.2
v 0.6 1 -0.3
v 0.6 1 -0.4
v 0.6 1 -0.5
v 0.6 1 -0.6
v 0.6 1 -1
v 0.6 1 -1.1
v 0.6 1 -1.2
v 0.6 1 -1.3
v 0.6 1 -1.4
v 0.6 1 -1.5
v 0.6 1.1 -0.2
v 0.6 1.1 -0.3
v 0.6 1.1 -0.4
v 0.6 1.1 -0.5
v 0.6 1.1 -1.1
v 0.6 1.1 -1.2
v 0.6 1.1 -1.3
v 0.6 1.1 -1.4
v 0.8 0.3 0.0999999
v 0.8 0.3 -1.7
v 0.8 0.4 0.0999999
v 0.8 0.4 -1.7
v 0.9 0.3 1.7
v 0.9 0.3 1.5
v 0.9 0.3 1
v 0.9 0.3 0.4
v 0.9 0.4 1.6
v 0.9 0.4 1.5
v 0.9 0.4 1.4
v 0.9 0.4 1.3
v 0.9 0.4 1.2
v 0.9 0.4 1.1
v 0.9 0.4 1
v 0.9 0.4 0.9
v 0.9 0.4 0.8
v 0.9 0.4 0.7
v 0.9 0.4 0.6
v 0.9 0.4 0.5
v 0.9 0.5 1.3
v 0.9 0.5 1.2
v 0.9 0.5 1.1
v 0.9 0.5 1
v 0.9 0.5 0.9
v 0.9 0.5 0.8
v 0.9 0.6 1.3
v 0.9 0.6 1.2
v 0.9 0.6 1.1
v 0.9 0.6 1
v 0.9 0.6 0.9
v 0.9 0.6 0.8
v 0.9 0.7 1.6
v 0.9 0.7 1.5
v 0.9 0.7 1.4
v 0.9 0.7 1.3
v 0.9 0.7 1.2
v 0.9 0.7 1.1
v 0.9 0.7 1
v 0.9 0.7 0.9
v 0.9 0.7 0.8
v 0.9 0.7 0.7
v 0.9 0.7 0.6
v 0.9 0.7 0.5
v 0.9 0.8 1.7
v 0.9 0.8 0.4
v 1.1 0.3 -0.5
v 1.1 0.3 -0.8
v 1.1 0.3 -1.3
v 1.1 0.3 -1.6
v 1.1 0.7 -0.5
v 1.1 0.7 -0.8
v 1.1 0.7 -1.3
v 1.1 0.7 -1.6
v 1.2 0.3 -0.4
v 1.2 0.3 -0.5
v 1.2 0.3 -0.8
v 1.2 0.3 -0.9
v 1.2 0.3 -1.2
v 1.2 0.3 -1.3
v 1.2 0.3 -1.6
v 1.2 0.3 -1.7
v 1.2 0.7 -0.4
v 1.2 0.7 -0.5
v 1.2 0.7 -0.8
v 1.2 0.7 -0.9
v 1.2 0.7 -1.2
v 1.2 0.7 -1.3
v 1.2 0.7 -1.6
v 1.2 0.7 -1.7
v 1.2 1.8 -0.5
v 1.2 1.8 -0.8
v 1.2 1.8 -1.3
v 1.2 1.8 -1.6
v 1.2 1.9 -0.5
v 1.2 1.9 -0.8
v 1.2 1.9 -1.3
v 1.2 1.9 -1.6
v 1.2 2 -0.5
v 1.2 2 -0.6
v 1.2 2 -0.7
v 1.2 2 -0.8
v 1.2 2 -1.3
v 1.2 2 -1.4
v 1.2 2 -1.5
v 1.2 2 -1.6
v 1.2 2.1 -0.6
v 1.2 2.1 -0.7
v 1.2 2.1 -1.4
v 1.2 2.1 -1.5
v 1.3 0.3 -0.3
v 1.3 0.3 -0.4
v 1.3 0.3 -0.9
v 1.3 0.3 -1
v 1.3 0.3 -1.1
v 1.3 0.3 -1.2
v 1.3 0.3 -1.7
v 1.3 0.3 -1.8
v 1.3 0.7 -0.3
v 1.3 0.7 -0.4
v 1.3 0.7 -0.5
v 1.3 0.7 -0.8
v 1.3 0.7 -0.9
v 1.3 0.7 -1
v 1.3 0.7 -1.1
v 1.3 0.7 -1.2
v 1.3 0.7 -1.3
v 1.3 0.7 -1.6
v 1.3 0.7 -1.7
v 1.3 0.7 -1.8
v 1.3 1.8 -0.4
v 1.3 1.8 -0.5
v 1.3 1.8 -0.8
v 1.3 1.8 -0.9
v 1.3 1.8 -1.2
v 1.3 1.8 -1.3
v 1.3 1.8 -1.6
v 1.3 1.8 -1.7
v 1.3 1.9 -0.4
v 1.3 1.9 -0.5
v 1.3 1.9 -0.8
v 1.3 1.9 -0.9
v 1.3 1.9 -1.2
v 1.3 1.9 -1.3
v 1.3 1.9 -1.6
v 1.3 1.9 -1.7
v 1.3 2 -0.4
v 1.3 2 -0.5
v 1.3 2 -0.6
v 1.3 2 -0.7
v 1.3 2 -0.8
v 1.3 2 -0.9
v 1.3 2 -1.2
v 1.3 2 -1.3
v 1.3 2 -1.4
v 1.3 2 -1.5
v 1.3 2 -1.6
v 1.3 2 -1.7
v 1.3 2.1 -0.5
v 1.3 2.1 -0.6
v 1.3 2.1 -0.7
v 1.3 2.1 -0.8
v 1.3 2.1 -1.3
v 1.3 2.1 -1.4
v 1.3 2.1 -1.5
v 1.3 2.1 -1.6
v 1.3 2.2 -1.4
v 1.3 2.2 -1.5
v 1.4 2 -0.4
v 1.4 2 -0.5
v 1.4 2 -0.8
v 1.4 2 -0.9
v 1.4 2 -1.2
v 1.4 2 -1.3
v 1.4 2 -1.6
v 1.4 2 -1.7
v 1.4 2.1 -0.4
v 1.4 2.1 -0.5
v 1.4 2.1 -0.8
v 1.4 2.1 -0.9
v 1.4 2.1 -1.2
v 1.4 2.1 -1.3
v 1.4 2.1 -1.4
v 1.4 2.1 -1.5
v 1.4 2.1 -1.6
v 1.4 2.1 -1.7
v 1.4 2.2 -1.3
v 1.4 2.2 -1.4
v 1.4 2.2 -1.5
v 1.4 2.2 -1.6
v -1.7 0.3 0.0999999
v -1.7 0.3 -1.7
v -1.7 0.4 0.0999999
v -1.7 0.4 -1.7
v -1.6 1 1.8
v -1.6 1 1.7
v -1.6 1 0.4
v -1.6 1 0.3
v -1.6 1.1 1.8
v -1.6 1.1 1.7
v -1.6 1.1 0.4
v -1.6 1.1 0.3
v -1.5 0.3 -2.38419e-07
v -1.5 0.3 -0.1
v -1.5 0.3 -0.6
v -1.5 0.3 -0.7
v -1.5 0.3 -0.9
v -1.5 0.3 -1
v -1.5 0.3 -1.5
v -1.5 0.3 -1.6
v -1.5 0.7 -2.38419e-07
v -1.5 0.7 -0.1
v -1.5 0.7 -0.6
v -1.5 0.7 -0.7
v -1.5 0.7 -0.9
v -1.5 0.7 -1
v -1.5 0.7 -1.5
v -1.5 0.7 -1.6
v -1.5 0.8 -2.38419e-07
v -1.5 0.8 -0.1
v -1.5 0.8 -0.6
v -1.5 0.8 -0.7
v -1.5 0.8 -0.9
v -1.5 0.8 -1
v -1.5 0.8 -1.5
v -1.5 0.8 -1.6
v -1.5 0.9 -2.38419e-07
v -1.5 0.9 -0.1
v -1.5 0.9 -0.2
v -1.5 0.9 -0.5
v -1.5 0.9 -0.6
v -1.5 0.9 -0.7
v -1.5 0.9 -0.9
v -1.5 0.9 -1
v -1.5 0.9 -1.1
v -1.5 0.9 -1.4
v -1.5 0.9 -1.5
v -1.5 0.9 -1.6
v -1.5 1 -0.1
v -1.5 1 -0.2
v -1.5 1 -0.3
v -1.5 1 -0.4
v -1.5 1 -0.5
v -1.5 1 -0.6
v -1.5 1 -1
v -1.5 1 -1.1
v -1.5 1 -1.2
v -1.5 1 -1.3
v -1.5 1 -1.4
v -1.5 1 -1.5
v -1.5 1.1 1.8
v -1.5 1.1 1.7
v -1.5 1.1 0.4
v -1.5 1.1 0.3
v -1.5 1.1 -0.2
v -1.5 1.1 -0.3
v -1.5 1.1 -0.4
v -1.5 1.1 -0.5
v -1.5 1.1 -1.1
v -1.5 1.1 -1.2
v -1.5 1.1 -1.3
v -1.5 1.1 -1.4
v -1.5 1.2 1.8
v -1.5 1.2 1.7
v -1.5 1.2 0.4
v -1.5 1.2 0.3
v -1.4 1.2 1.8
v -1.4 1.2 1.7
v -1.4 1.2 0.4
v -1.4 1.2 0.3
v -1.4 1.3 1.8
v -1.4 1.3 1.7
v -1.4 1.3 0.4
v -1.4 1.3 0.3
v -1.3 0.9 -1.1
v -1.3 0.9 -1.2
v -1.3 0.9 -1.3
v -1.3 0.9 -1.4
v -1.3 1 -1.1
v -1.3 1 -1.2
v -1.3 1 -1.3
v -1.3 1 -1.4
v -1.3 1.1 -1.2
v -1.3 1.1 -1.3
v -1.2 1 -0.3
v -1.2 1 -0.4
v -1.2 1.1 -0.3
v -1.2 1.1 -0.4
v -1.1 0.3 -2.38419e-07
v -1.1 0.3 -0.1
v -1.1 0.3 -0.6
v -1.1 0.3 -0.7
v -1.1 0.3 -0.9
v -1.1 0.3 -1
v -1.1 0.3 -1.5
v -1.1 0.3 -1.6
v -1.1 0.6 -1.5
v -1.1 0.6 -1.6
v -1.1 0.7 -2.38419e-07
v -1.1 0.7 -0.1
v -1.1 0.7 -0.6
v -1.1 0.7 -0.7
v -1.1 0.7 -0.9
v -1.1 0.7 -1
v -1.1 0.7 -1.3
v -1.1 0.7 -1.5
v -1.1 0.7 -1.6
v -1.1 0.8 -2.38419e-07
v -1.1 0.8 -0.1
v -1.1 0.8 -0.6
v -1.1 0.8 -0.7
v -1.1 0.8 -0.9
v -1.1 0.8 -1
v -1.1 0.8 -1.1
v -1.1 0.8 -1.3
v -1.1 0.8 -1.5
v -1.1 0.9 -2.38419e-07
v -1.1 0.9 -0.1
v -1.1 0.9 -0.2
v -1.1 0.9 -0.5
v -1.1 0.9 -0.6
v -1.1 0.9 -0.7
v -1.1 0.9 -0.9
v -1.1 0.9 -1.1
v -1.1 0.9 -1.2
v -1.1 0.9 -1.5
v -1.1 0.9 -1.6
v -1.1 1 -0.1
v -1.1 1 -0.2
v -1.1 1 -0.5
v -1.1 1 -0.6
v -1.1 1 -1.1
v -1.1 1 -1.2
v -1.1 1 -1.3
v -1.1 1 -1.4
v -1.1 1.1 -1.3
v -1.1 1.1 -1.4
v -1.1 1.4 1.7
v -1.1 1.4 1.6
v -1.1 1.4 1.5
v -1.1 1.4 1.3
v -1.1 1.4 1.2
v -1.1 1.4 0.9
v -1.1 1.4 0.8
v -1.1 1.4 0.6
v -1.1 1.4 0.5
v -1.1 1.4 0.4
v -1.1 1.5 1.7
v -1.1 1.5 0.4
v -1 0.8 -0.5
v -1 0.8 -0.6
v -1 0.8 -1.1
v -1 0.8 -1.3
v -1 0.9 -0.2
v -1 0.9 -0.3
v -1 0.9 -0.4
v -1 0.9 -0.5
v -1 0.9 -0.6
v -1 0.9 -1.1
v -1 0.9 -1.3
v -1 1 -0.2
v -1 1 -0.3
v -1 1 -0.4
v -1 1 -0.5
v -0.9 0.9 -0.3
v -0.9 0.9 -0.4
v -0.9 1 -0.3
v -0.9 1 -0.4
v -0.9 1.3 1.7
v -0.9 1.3 1.6
v -0.9 1.3 1.5
v -0.9 1.3 1.3
v -0.9 1.3 1.2
v -0.9 1.3 0.9
v -0.9 1.3 0.8
v -0.9 1.3 0.6
v -0.9 1.3 0.5
v -0.9 1.3 0.4
v -0.9 1.4 1.8
v -0.9 1.4 1.7
v -0.9 1.4 1.6
v -0.9 1.4 1.5
v -0.9 1.4 1.3
v -0.9 1.4 1.2
v -0.9 1.4 0.9
v -0.9 1.4 0.8
v -0.9 1.4 0.6
v -0.9 1.4 0.5
v -0.9 1.4 0.4
v -0.9 1.4 0.3
v -0.9 1.5 1.8
v -0.9 1.5 1.7
v -0.9 1.5 0.4
v -0.9 1.5 0.3
v -0.8 0.3 -0.1
v -0.8 0.3 -0.2
v -0.8 0.3 -0.5
v -0.8 0.3 -0.6
v -0.8 0.3 -1
v -0.8 0.3 -1.1
v -0.8 0.3 -1.4
v -0.8 0.3 -1.5
v -0.8 0.7 -0.1
v -0.8 0.7 -0.6
v -0.8 0.7 -1
v -0.8 0.7 -1.5
v -0.8 0.8 -0.2
v -0.8 0.8 -0.5
v -0.8 0.8 -1.3
v -0.8 0.8 -1.5
v -0.8 0.9 -0.2
v -0.8 0.9 -0.5
v -0.8 0.9 -1.1
v -0.8 0.9 -1.3
v -0.8 0.9 -1.4
v -0.8 0.9 -1.5
v -0.8 1 -1.1
v -0.8 1 -1.4
v -0.8 1.2 1.7
v -0.8 1.2 1.6
v -0.8 1.2 1.5
v -0.8 1.2 1.3
v -0.8 1.2 1.2
v -0.8 1.2 0.9
v -0.8 1.2 0.8
v -0.8 1.2 0.6
v -0.8 1.2 0.5
v -0.8 1.2 0.4
v -0.8 1.3 1.8
v -0.8 1.3 1.7
v -0.8 1.3 1.6
v -0.8 1.3 1.5
v -0.8 1.3 1.3
v -0.8 1.3 1.2
v -0.8 1.3 0.9
v -0.8 1.3 0.8
v -0.8 1.3 0.6
v -0.8 1.3 0.5
v -0.8 1.3 0.4
v -0.8 1.3 0.3
v -0.8 1.4 1.8
v -0.8 1.4 1.7
v -0.8 1.4 0.4
v -0.8 1.4 0.3
v -0.7 0.3 1.8
v -0.7 0.3 1.7
v -0.7 0.3 0.4
v -0.7 0.3 0.3
v -0.7 0.3 -2.38419e-07
v -0.7 0.3 -0.1
v -0.7 0.3 -0.6
v -0.7 0.3 -0.7
v -0.7 0.3 -0.9
v -0.7 0.3 -1
v -0.7 0.3 -1.5
v -0.7 0.3 -1.6
v -0.7 0.4 1.8
v -0.7 0.4 1.7
v -0.7 0.4 1.6
v -0.7 0.4 1.5
v -0.7 0.4 1.1
v -0.7 0.4 1
v -0.7 0.4 0.9
v -0.7 0.4 0.8
v -0.7 0.4 0.6
v -0.7 0.4 0.5
v -0.7 0.4 0.4
v -0.7 0.4 0.3
v -0.7 0.5 1.6
v -0.7 0.5 1.5
v -0.7 0.5 1.4
v -0.7 0.5 1.2
v -0.7 0.5 1.1
v -0.7 0.5 1
v -0.7 0.6 1.5
v -0.7 0.6 1.4
v -0.7 0.6 1.2
v -0.7 0.6 1.1
v -0.7 0.7 1.5
v -0.7 0.7 1.4
v -0.7 0.7 1.2
v -0.7 0.7 1.1
v -0.7 0.7 0.9
v -0.7 0.7 0.8
v -0.7 0.7 0.6
v -0.7 0.7 0.5
v -0.7 0.7 -0.1
v -0.7 0.7 -0.6
v -0.7 0.7 -1
v -0.7 0.7 -1.5
v -0.7 0.8 1.6
v -0.7 0.8 1.5
v -0.7 0.8 1.4
v -0.7 0.8 1.2
v -0.7 0.8 1.1
v -0.7 0.8 1
v -0.7 0.8 -0.2
v -0.7 0.8 -0.6
v -0.7 0.8 -1
v -0.7 0.8 -1.5
v -0.7 0.9 1.6
v -0.7 0.9 1.5
v -0.7 0.9 1.1
v -0.7 0.9 1
v -0.7 0.9 0.9
v -0.7 0.9 0.5
v -0.7 0.9 -2.38419e-07
v -0.7 0.9 -0.2
v -0.7 0.9 -0.5
v -0.7 0.9 -0.6
v -0.7 0.9 -0.7
v -0.7 0.9 -0.9
v -0.7 0.9 -1
v -0.7 0.9 -1.1
v -0.7 0.9 -1.4
v -0.7 0.9 -1.5
v -0.7 0.9 -1.6
v -0.7 1 1.7
v -0.7 1 1.6
v -0.7 1 1.5
v -0.7 1 1.3
v -0.7 1 1.2
v -0.7 1 0.9
v -0.7 1 0.8
v -0.7 1 0.6
v -0.7 1 0.5
v -0.7 1 0.4
v -0.7 1 -0.2
v -0.7 1 -0.5
v -0.7 1 -0.6
v -0.7 1 -1
v -0.7 1 -1.1
v -0.7 1 -1.4
v -0.7 1 -1.5
v -0.7 1.1 1.7
v -0.7 1.1 1.6
v -0.7 1.1 1.5
v -0.7 1.1 1.3
v -0.7 1.1 1.2
v -0.7 1.1 0.9
v -0.7 1.1 0.8
v -0.7 1.1 0.6
v -0.7 1.1 0.5
v -0.7 1.1 0.4
v -0.7 1.1 -0.2
v -0.7 1.1 -0.5
v -0.7 1.1 -1.1
v -0.7 1.1 -1.4
v -0.7 1.2 1.8
v -0.7 1.2 1.7
v -0.7 1.2 1.6
v -0.7 1.2 1.5
v -0.7 1.2 1.3
v -0.7 1.2 1.2
v -0.7 1.2 0.9
v -0.7 1.2 0.8
v -0.7 1.2 0.6
v -0.7 1.2 0.5
v -0.7 1.2 0.4
v -0.7 1.2 0.3
v -0.7 1.3 1.8
v -0.7 1.3 1.7
v -0.7 1.3 0.4
v -0.7 1.3 0.3
v -0.6 0.3 1.7
v -0.6 0.3 1.1
v -0.6 0.3 1
v -0.6 0.3 0.8
v -0.6 0.3 0.6
v -0.6 0.3 0.5
v -0.6 0.3 0.4
v -0.6 0.3 0.2
v -0.6 0.3 0.0999999
v -0.6 0.4 1.7
v -0.6 0.4 0.8
v -0.6 0.4 0.6
v -0.6 0.4 0.4
v -0.6 0.4 0.2
v -0.6 0.4 0.0999999
v -0.6 0.8 0.9
v -0.6 0.8 0.5
v -0.6 0.9 0.9
v -0.6 0.9 0.5
v -0.6 1 1.8
v -0.6 1 1.7
v -0.6 1 1.6
v -0.6 1 1.5
v -0.6 1 1.3
v -0.6 1 1.2
v -0.6 1 0.9
v -0.6 1 0.8
v -0.6 1 0.6
v -0.6 1 0.5
v -0.6 1 0.4
v -0.6 1 0.3
v -0.6 1.1 1.7
v -0.6 1.1 1.6
v -0.6 1.1 1.5
v -0.6 1.1 1.3
v -0.6 1.1 1.2
v -0.6 1.1 0.9
v -0.6 1.1 0.8
v -0.6 1.1 0.6
v -0.6 1.1 0.5
v -0.6 1.1 0.4
v -0.6 1.2 1.8
v -0.6 1.2 1.7
v -0.6 1.2 0.4
v -0.6 1.2 0.3
v -0.5 0.3 0.8
v -0.5 0.3 0.6
v -0.5 0.4 0.8
v -0.5 0.4 0.6
v -0.5 0.7 0.9
v -0.5 0.7 0.5
v -0.5 0.8 0.9
v -0.5 0.8 0.5
v -0.0999999 0.3 -2.38419e-07
v -0.0999999 0.3 -0.1
v -0.0999999 0.3 -0.6
v -0.0999999 0.3 -0.7
v -0.0999999 0.3 -0.9
v -0.0999999 0.3 -1
v -0.0999999 0.3 -1.5
v -0.0999999 0.3 -1.6
v -0.0999999 0.7 -2.38419e-07
v -0.0999999 0.7 -0.1
v -0.0999999 0.7 -0.6
v -0.0999999 0.7 -0.7
v -0.0999999 0.7 -0.9
v -0.0999999 0.7 -1
v -0.0999999 0.7 -1.5
v -0.0999999 0.7 -1.6
v -0.0999999 0.8 -2.38419e-07
v -0.0999999 0.8 -0.1
v -0.0999999 0.8 -0.6
v -0.0999999 0.8 -0.7
v -0.0999999 0.8 -0.9
v -0.0999999 0.8 -1
v -0.0999999 0.8 -1.5
v -0.0999999 0.8 -1.6
v -0.0999999 0.9 -2.38419e-07
v -0.0999999 0.9 -0.1
v -0.0999999 0.9 -0.2
v -0.0999999 0.9 -0.5
v -0.0999999 0.9 -0.6
v -0.0999999 0.9 -0.7
v -0.0999999 0.9 -0.9
v -0.0999999 0.9 -1
v -0.0999999 0.9 -1.1
v -0.0999999 0.9 -1.4
v -0.0999999 0.9 -1.5
v -0.0999999 0.9 -1.6
v -0.0999999 1 -0.1
v -0.0999999 1 -0.2
v -0.0999999 1 -0.3
v -0.0999999 1 -0.4
v -0.0999999 1 -0.5
v -0.0999999 1 -0.6
v -0.0999999 1 -1
v -0.0999999 1 -1.1
v -0.0999999 1 -1.2
v -0.0999999 1 -1.3
v -0.0999999 1 -1.4
v -0.0999999 1 -1.5
v -0.0999999 1.1 -0.2
v -0.0999999 1.1 -0.3
v -0.0999999 1.1 -0.4
v -0.0999999 1.1 -0.5
v -0.0999999 1.1 -1.1
v -0.0999999 1.1 -1.2
v -0.0999999 1.1 -1.3
v -0.0999999 1.1 -1.4
v 0.3 0.3 -2.38419e-07
v 0.3 0.3 -0.1
v 0.3 0.3 -0.6
v 0.3 0.3 -0.7
v 0.3 0.3 -0.9
v 0.3 0.3 -1
v 0.3 0.3 -1.5
v 0.3 0.3 -1.6
v 0.3 0.7 -2.38419e-07
v 0.3 0.7 -0.1
v 0.3 0.7 -0.6
v 0.3 0.7 -0.7
v 0.3 0.7 -0.9
v 0.3 0.7 -1
v 0.3 0.7 -1.5
v 0.3 0.7 -1.6
v 0.3 0.8 -2.38419e-07
v 0.3 0.8 -0.1
v 0.3 0.8 -0.6
v 0.3 0.8 -0.7
v 0.3 0.8 -0.9
v 0.3 0.8 -1
v 0.3 0.8 -1.5
v 0.3 0.8 -1.6
v 0.3 0.9 -2.38419e-07
v 0.3 0.9 -0.1
v 0.3 0.9 -0.2
v 0.3 0.9 -0.5
v 0.3 0.9 -0.6
v 0.3 0.9 -0.7
v 0.3 0.9 -0.9
v 0.3 0.9 -1
v 0.3 0.9 -1.1
v 0.3 0.9 -1.4
v 0.3 0.9 -1.5
v 0.3 0.9 -1.6
v 0.3 1 -0.1
v 0.3 1 -0.2
v 0.3 1 -0.3
v 0.3 1 -0.4
v 0.3 1 -0.5
v 0.3 1 -0.6
v 0.3 1 -1
v 0.3 1 -1.1
v 0.3 1 -1.2
v 0.3 1 -1.3
v 0.3 1 -1.4
v 0.3 1 -1.5
v 0.3 1.1 -0.2
v 0.3 1.1 -0.3
v 0.3 1.1 -0.4
v 0.3 1.1 -0.5
v 0.3 1.1 -1.1
v 0.3 1.1 -1.2
v 0.3 1.1 -1.3
v 0.3 1.1 -1.4
v 0.6 0.3 -0.1
v 0.6 0.3 -0.6
v 0.6 0.3 -1
v 0.6 0.3 -1.5
v 0.6 0.7 -0.1
v 0.6 0.7 -0.6
v 0.6 0.7 -1
v 0.6 0.7 -1.5
v 0.6 0.8 -0.1
v 0.6 0.8 -0.6
v 0.6 0.8 -1
v 0.6 0.8 -1.5
v 0.6 0.9 -0.1
v 0.6 0.9 -0.2
v 0.6 0.9 -0.5
v 0.6 0.9 -0.6
v 0.6 0.9 -1
v 0.6 0.9 -1.1
v 0.6 0.9 -1.4
v 0.6 0.9 -1.5
v 0.6 1 -0.2
v 0.6 1 -0.5
v 0.6 1 -1.1
v 0.6 1 -1.4
v 0.7 0.3 -2.38419e-07
v 0.7 0.3 -0.1
v 0.7 0.3 -0.6
v 0.7 0.3 -0.7
v 0.7 0.3 -0.9
v 0.7 0.3 -1
v 0.7 0.3 -1.5
v 0.7 0.3 -1.6
v 0.7 0.7 -0.1
v 0.7 0.7 -0.6
v 0.7 0.7 -1
v 0.7 0.7 -1.5
v 0.7 0.8 -0.1
v 0.7 0.8 -0.6
v 0.7 0.8 -1
v 0.7 0.8 -1.5
v 0.7 0.9 -2.38419e-07
v 0.7 0.9 -0.1
v 0.7 0.9 -0.2
v 0.7 0.9 -0.5
v 0.7 0.9 -0.6
v 0.7 0.9 -0.7
v 0.7 0.9 -0.9
v 0.7 0.9 -1
v 0.7 0.9 -1.1
v 0.7 0.9 -1.4
v 0.7 0.9 -1.5
v 0.7 0.9 -1.6
v 0.7 1 -0.1
v 0.7 1 -0.2
v 0.7 1 -0.5
v 0.7 1 -0.6
v 0.7 1 -1
v 0.7 1 -1.1
v 0.7 1 -1.4
v 0.7 1 -1.5
v 0.7 1.1 -0.2
v 0.7 1.1 -0.5
v 0.7 1.1 -1.1
v 0.7 1.1 -1.4
v 0.9 0.3 0.2
v 0.9 0.3 -0.4
v 0.9 0.3 -0.9
v 0.9 0.3 -1.8
v 0.9 0.4 0.2
v 0.9 0.4 -1.8
v 1.4 0.3 1.7
v 1.4 0.3 1.6
v 1.4 0.3 0.4
v 1.4 0.4 1.6
v 1.4 0.4 1.5
v 1.4 0.4 1.4
v 1.4 0.4 1.3
v 1.4 0.4 1.2
v 1.4 0.4 1.1
v 1.4 0.4 1
v 1.4 0.4 0.9
v 1.4 0.4 0.8
v 1.4 0.4 0.7
v 1.4 0.4 0.6
v 1.4 0.4 0.5
v 1.4 0.5 1.3
v 1.4 0.5 1.2
v 1.4 0.5 1.1
v 1.4 0.5 1
v 1.4 0.5 0.9
v 1.4 0.5 0.8
v 1.4 0.6 1.3
v 1.4 0.6 1.2
v 1.4 0.6 1.1
v 1.4 0.6 1
v 1.4 0.6 0.9
v 1.4 0.6 0.8
v 1.4 0.7 1.6
v 1.4 0.7 1.5
v 1.4 0.7 1.4
v 1.4 0.7 1.3
v 1.4 0.7 1.2
v 1.4 0.7 1.1
v 1.4 0.7 1
v 1.4 0.7 0.9
v 1.4 0.7 0.8
v 1.4 0.7 0.7
v 1.4 0.7 0.6
v 1.4 0.7 0.5
v 1.4 0.8 1.7
v 1.4 0.8 0.4
v 1.5 2 -0.4
v 1.5 2 -0.5
v 1.5 2 -0.8
v 1.5 2 -0.9
v 1.5 2 -1.2
v 1.5 2 -1.3
v 1.5 2 -1.6
v 1.5 2 -1.7
v 1.5 2.1 -0.4
v 1.5 2.1 -0.5
v 1.5 2.1 -0.8
v 1.5 2.1 -0.9
v 1.5 2.1 -1.2
v 1.5 2.1 -1.3
v 1.5 2.1 -1.4
v 1.5 2.1 -1.5
v 1.5 2.1 -1.6
v 1.5 2.1 -1.7
v 1.5 2.2 -1.3
v 1.5 2.2 -1.4
v 1.5 2.2 -1.5
v 1.5 2.2 -1.6
v 1.6 0.3 -0.3
v 1.6 0.3 -0.4
v 1.6 0.3 -0.9
v 1.6 0.3 -1
v 1.6 0.3 -1.1
v 1.6 0.3 -1.2
v 1.6 0.3 -1.7
v 1.6 0.3 -1.8
v 1.6 0.7 -0.3
v 1.6 0.7 -0.4
v 1.6 0.7 -0.5
v 1.6 0.7 -0.8
v 1.6 0.7 -0.9
v 1.6 0.7 -1
v 1.6 0.7 -1.1
v 1.6 0.7 -1.2
v 1.6 0.7 -1.3
v 1.6 0.7 -1.6
v 1.6 0.7 -1.7
v 1.6 0.7 -1.8
v 1.6 1.8 -0.4
v 1.6 1.8 -0.5
v 1.6 1.8 -0.8
v 1.6 1.8 -0.9
v 1.6 1.8 -1.2
v 1.6 1.8 -1.3
v 1.6 1.8 -1.6
v 1.6 1.8 -1.7
v 1.6 1.9 -0.4
v 1.6 1.9 -0.5
v 1.6 1.9 -0.8
v 1.6 1.9 -0.9
v 1.6 1.9 -1.2
v 1.6 1.9 -1.3
v 1.6 1.9 -1.6
v 1.6 1.9 -1.7
v 1.6 2 -0.4
v 1.6 2 -0.5
v 1.6 2 -0.6
v 1.6 2 -0.7
v 1.6 2 -0.8
v 1.6 2 -0.9
v 1.6 2 -1.2
v 1.6 2 -1.3
v 1.6 2 -1.4
v 1.6 2 -1.5
v 1.6 2 -1.6
v 1.6 2 -1.7
v 1.6 2.1 -0.5
v 1.6 2.1 -0.6
v 1.6 2.1 -0.7
v 1.6 2.1 -0.8
v 1.6 2.1 -1.3
v 1.6 2.1 -1.4
v 1.6 2.1 -1.5
v 1.6 2.1 -1.6
v 1.6 2.2 -1.4
v 1.6 2.2 -1.5
v 1.7 0.3 -0.4
v 1.7 0.3 -0.5
v 1.7 0.3 -0.8
v 1.7 0.3 -0.9
v 1.7 0.3 -1.2
v 1.7 0.3 -1.3
v 1.7 0.3 -1.6
v 1.7 0.3 -1.7
v 1.7 0.7 -0.4
v 1.7 0.7 -0.5
v 1.7 0.7 -0.8
v 1.7 0.7 -0.9
v 1.7 0.7 -1.2
v 1.7 0.7 -1.3
v 1.7 0.7 -1.6
v 1.7 0.7 -1.7
v 1.7 1.8 -0.5
v 1.7 1.8 -0.8
v 1.7 1.8 -1.3
v 1.7 1.8 -1.6
v 1.7 1.9 -0.5
v 1.7 1.9 -0.6
v 1.7 1.9 -0.7
v 1.7 1.9 -0.8
v 1.7 1.9 -1.3
v 1.7 1.9 -1.4
v 1.7 1.9 -1.5
v 1.7 1.9 -1.6
v 1.7 2 -0.5
v 1.7 2 -0.6
v 1.7 2 -0.7
v 1.7 2 -0.8
v 1.7 2 -1.3
v 1.7 2 -1.4
v 1.7 2 -1.5
v 1.7 2 -1.6
v 1.7 2.1 -0.6
v 1.7 2.1 -0.7
v 1.7 2.1 -1.4
v 1.7 2.1 -1.5
v 1.8 0.3 -0.5
v 1.8 0.3 -0.8
v 1.8 0.3 -1.3
v 1.8 0.3 -1.6
v 1.8 0.7 -0.5
v 1.8 0.7 -0.8
v 1.8 0.7 -1.3
v 1.8 0.7 -1.6
v 1.9 0.2 1.9
v 1.9 0.2 1.8
v 1.9 0.2 1.5
v 1.9 0.2 0.5
v 1.9 0.2 0.0999999
v 1.9 0.2 -0.1
v 1.9 0.2 -1.3
v 1.9 0.2 -1.4
v 1.9 0.2 -1.5
v 1.9 0.2 -1.6
v 1.9 0.2 -1.9
v 1.9 0.3 1.9
v 1.9 0.3 1.5
v 1.9 0.3 0.5
v 1.9 0.3 0.0999999
v 1.9 0.3 -0.1
v 1.9 0.3 -1.3
v 1.9 0.3 -1.6
v 1.9 0.3 -1.9
v 1.9 1.9 -0.6
v 1.9 1.9 -0.7
v 1.9 1.9 -1.4
v 1.9 1.9 -1.5
v 1.9 2 -0.6
v 1.9 2 -0.7
v 1.9 2 -1.4
v 1.9 2 -1.5
v 2 0 2
v 2 0 -2
v 2 0.1 1.8
v 2 0.1 0.0999999
v 2 0.1 -0.1
v 2 0.1 -1.4
v 2 0.1 -1.5
v 2 0.1 -1.6
v 2 0.2 2
v 2 0.2 1.8
v 2 0.2 0.0999999
v 2 0.2 -0.1
v 2 0.2 -1.4
v 2 0.2 -1.5
v 2 0.2 -1.6
v 2 0.2 -2
v -2 0 2
v -2 0.2 2
v 1.1 0.1 2
v 1.1 0.2 2
v 1.9 0.1 2
v 1.9 0.2 2
v 2 0 2
v 2 0.2 2
v -1.9 0.2 1.9
v -1.9 0.3 1.9
v -1.2 0.2 1.9
v -1.2 0.3 1.9
v -0.7 0.2 1.9
v -0.7 0.3 1.9
v 1.1 0.2 1.9
v 1.1 0.3 1.9
v 1.9 0.2 1.9
v 1.9 0.3 1.9
v -1.8 1 1.8
v -1.8 1.2 1.8
v -1.7 0.3 1.8
v -1.7 0.4 1.8
v -1.7 1.2 1.8
v -1.7 1.3 1.8
v -1.6 1 1.8
v -1.6 1.1 1.8
v -1.6 1.3 1.8
v -1.6 1.4 1.8
v -1.5 1.1 1.8
v -1.5 1.2 1.8
v -1.5 1.4 1.8
v -1.5 1.5 1.8
v -1.4 1.2 1.8
v -1.4 1.3 1.8
v -1.2 0.3 1.8
v -1 1.2 1.8
v -1 1.3 1.8
v -0.9 1.1 1.8
v -0.9 1.2 1.8
v -0.9 1.4 1.8
v -0.9 1.5 1.8
v -0.8 1 1.8
v -0.8 1.1 1.8
v -0.8 1.3 1.8
v -0.8 1.4 1.8
v -0.7 0.3 1.8
v -0.7 0.4 1.8
v -0.7 1.2 1.8
v -0.7 1.3 1.8
v -0.6 1 1.8
v -0.6 1.2 1.8
v -1.7 0.4 1.7
v -1.7 1 1.7
v -1.6 0.4 1.7
v -1.6 0.5 1.7
v -1.6 0.8 1.7
v -1.6 0.9 1.7
v -1.6 1 1.7
v -1.6 1.1 1.7
v -1.5 0.4 1.7
v -1.5 0.5 1.7
v -1.5 0.6 1.7
v -1.5 0.7 1.7
v -1.5 0.8 1.7
v -1.5 0.9 1.7
v -1.5 1 1.7
v -1.5 1.1 1.7
v -1.5 1.2 1.7
v -1.4 1.1 1.7
v -1.4 1.2 1.7
v -1.4 1.3 1.7
v -1.3 0.5 1.7
v -1.3 0.6 1.7
v -1.3 0.7 1.7
v -1.3 0.8 1.7
v -1.1 0.5 1.7
v -1.1 0.6 1.7
v -1.1 0.7 1.7
v -1.1 0.8 1.7
v -1 1.1 1.7
v -1 1.2 1.7
v -1 1.3 1.7
v -0.9 0.4 1.7
v -0.9 0.5 1.7
v -0.9 0.6 1.7
v -0.9 0.7 1.7
v -0.9 0.8 1.7
v -0.9 0.9 1.7
v -0.9 1 1.7
v -0.9 1.1 1.7
v -0.9 1.2 1.7
v -0.8 0.4 1.7
v -0.8 0.5 1.7
v -0.8 0.8 1.7
v -0.8 0.9 1.7
v -0.8 1 1.7
v -0.8 1.1 1.7
v -0.7 0.3 1.7
v -0.7 0.4 1.7
v -0.7 1 1.7
v -0.6 0.3 1.7
v -0.6 0.4 1.7
v 0.9 0.3 1.7
v 0.9 0.8 1.7
v 1 0.4 1.7
v 1 0.5 1.7
v 1 0.6 1.7
v 1 0.7 1.7
v 1.1 0.4 1.7
v 1.1 0.5 1.7
v 1.1 0.6 1.7
v 1.1 0.7 1.7
v 1.2 0.4 1.7
v 1.2 0.5 1.7
v 1.2 0.6 1.7
v 1.2 0.7 1.7
v 1.3 0.4 1.7
v 1.3 0.5 1.7
v 1.3 0.6 1.7
v 1.3 0.7 1.7
v 1.4 0.3 1.7
v 1.4 0.8 1.7
v -1.8 0.3 1.6
v -1.8 0.4 1.6
v -1.7 0.3 1.6
v -1.7 0.4 1.6
v -0.7 0.7 0.9
v -0.7 0.9 0.9
v -0.6 0.8 0.9
v -0.6 0.9 0.9
v -0.5 0.7 0.9
v -0.5 0.8 0.9
v -0.6 0.3 0.8
v -0.6 0.4 0.8
v -0.5 0.3 0.8
v -0.5 0.4 0.8
v -1.8 1.1 0.4
v -1.8 1.2 0.4
v -1.7 1.1 0.4
v -1.7 1.2 0.4
v -1.7 1.3 0.4
v -1.6 1.2 0.4
v -1.6 1.3 0.4
v -1.6 1.4 0.4
v -1.5 1.3 0.4
v -1.5 1.4 0.4
v -1.5 1.5 0.4
v -1.3 1.4 0.4
v -1.3 1.5 0.4
v -1.1 1.4 0.4
v -1.1 1.5 0.4
v -0.9 1.3 0.4
v -0.9 1.4 0.4
v -0.9 1.5 0.4
v -0.8 1.2 0.4
v -0.8 1.3 0.4
v -0.8 1.4 0.4
v -0.7 1.1 0.4
v -0.7 1.2 0.4
v -0.7 1.3 0.4
v -0.6 1.1 0.4
v -0.6 1.2 0.4
v -1.8 0.3 0.2
v -1.8 0.4 0.2
v -1.7 0.3 0.2
v -1.2 0.3 0.2
v -0.6 0.3 0.2
v -0.6 0.4 0.2
v -0.3 0.3 0.2
v -0.3 0.4 0.2
v 0.5 0.3 0.2
v 0.9 0.3 0.2
v 0.9 0.4 0.2
v -1.6 0.3 -2.38419e-07
v -1.6 0.9 -2.38419e-07
v -1.5 0.3 -2.38419e-07
v -1.5 0.7 -2.38419e-07
v -1.5 0.8 -2.38419e-07
v -1.5 0.9 -2.38419e-07
v -1.2 0.3 -2.38419e-07
v -1.2 0.7 -2.38419e-07
v -1.2 0.8 -2.38419e-07
v -1.2 0.9 -2.38419e-07
v -1.1 0.3 -2.38419e-07
v -1.1 0.7 -2.38419e-07
v -1.1 0.8 -2.38419e-07
v -1.1 0.9 -2.38419e-07
v -0.8 0.3 -2.38419e-07
v -0.8 0.7 -2.38419e-07
v -0.8 0.8 -2.38419e-07
v -0.8 0.9 -2.38419e-07
v -0.7 0.3 -2.38419e-07
v -0.7 0.9 -2.38419e-07
v -0.2 0.3 -2.38419e-07
v -0.2 0.9 -2.38419e-07
v -0.0999999 0.3 -2.38419e-07
v -0.0999999 0.7 -2.38419e-07
v -0.0999999 0.8 -2.38419e-07
v -0.0999999 0.9 -2.38419e-07
v 0.2 0.3 -2.38419e-07
v 0.2 0.7 -2.38419e-07
v 0.2 0.8 -2.38419e-07
v 0.2 0.9 -2.38419e-07
v 0.3 0.3 -2.38419e-07
v 0.3 0.7 -2.38419e-07
v 0.3 0.8 -2.38419e-07
v 0.3 0.9 -2.38419e-07
v 0.6 0.3 -2.38419e-07
v 0.6 0.7 -2.38419e-07
v 0.6 0.8 -2.38419e-07
v 0.6 0.9 -2.38419e-07
v 0.7 0.3 -2.38419e-07
v 0.7 0.9 -2.38419e-07
v -1.6 0.9 -0.1
v -1.6 1 -0.1
v -1.5 0.3 -0.1
v -1.5 0.7 -0.1
v -1.5 0.8 -0.1
v -1.5 0.9 -0.1
v -1.5 1 -0.1
v -1.2 0.3 -0.1
v -1.2 0.7 -0.1
v -1.2 0.8 -0.1
v -1.2 0.9 -0.1
v -1.2 1 -0.1
v -1.1 0.3 -0.1
v -1.1 0.7 -0.1
v -1.1 0.8 -0.1
v -1.1 0.9 -0.1
v -1.1 1 -0.1
v -0.8 0.3 -0.1
v -0.8 0.7 -0.1
v -0.8 0.8 -0.1
v -0.8 0.9 -0.1
v -0.2 0.9 -0.1
v -0.2 1 -0.1
v -0.0999999 0.3 -0.1
v -0.0999999 0.7 -0.1
v -0.0999999 0.8 -0.1
v -0.0999999 0.9 -0.1
v -0.0999999 1 -0.1
v 0.2 0.3 -0.1
v 0.2 0.7 -0.1
v 0.2 0.8 -0.1
v 0.2 0.9 -0.1
v 0.2 1 -0.1
v 0.3 0.3 -0.1
v 0.3 0.7 -0.1
v 0.3 0.8 -0.1
v 0.3 0.9 -0.1
v 0.3 1 -0.1
v 0.6 0.3 -0.1
v 0.6 0.7 -0.1
v 0.6 0.8 -0.1
v 0.6 0.9 -0.1
v 0.6 1 -0.1
v 0.7 0.9 -0.1
v 0.7 1 -0.1
v -1.6 1 -0.2
v -1.6 1.1 -0.2
v -1.5 0.9 -0.2
v -1.5 1 -0.2
v -1.5 1.1 -0.2
v -1.2 0.9 -0.2
v -1.2 1 -0.2
v -1.1 0.9 -0.2
v -1.1 1 -0.2
v -1 0.9 -0.2
v -1 1 -0.2
v -0.8 1 -0.2
v -0.8 1.1 -0.2
v -0.7 1 -0.2
v -0.7 1.1 -0.2
v -0.2 1 -0.2
v -0.2 1.1 -0.2
v -0.0999999 0.9 -0.2
v -0.0999999 1 -0.2
v -0.0999999 1.1 -0.2
v 0.2 0.9 -0.2
v 0.2 1 -0.2
v 0.2 1.1 -0.2
v 0.3 0.9 -0.2
v 0.3 1 -0.2
v 0.3 1.1 -0.2
v 0.6 0.9 -0.2
v 0.6 1 -0.2
v 0.6 1.1 -0.2
v 0.7 1 -0.2
v 0.7 1.1 -0.2
v -1.5 1 -0.3
v -1.5 1.1 -0.3
v -1.2 1 -0.3
v -1.2 1.1 -0.3
v -1 0.9 -0.3
v -1 1 -0.3
v -0.9 0.9 -0.3
v -0.9 1 -0.3
v -0.9 1.1 -0.3
v -0.8 1 -0.3
v -0.8 1.1 -0.3
v -0.0999999 1 -0.3
v -0.0999999 1.1 -0.3
v 0.2 1 -0.3
v 0.2 1.1 -0.3
v 0.3 1 -0.3
v 0.3 1.1 -0.3
v 0.6 1 -0.3
v 0.6 1.1 -0.3
v 1.3 0.3 -0.3
v 1.3 0.7 -0.3
v 1.6 0.3 -0.3
v 1.6 0.7 -0.3
v 1.2 0.3 -0.4
v 1.2 0.7 -0.4
v 1.3 0.3 -0.4
v 1.3 0.7 -0.4
v 1.3 1.8 -0.4
v 1.3 1.9 -0.4
v 1.3 2 -0.4
v 1.4 2 -0.4
v 1.4 2.1 -0.4
v 1.5 2 -0.4
v 1.5 2.1 -0.4
v 1.6 0.3 -0.4
v 1.6 0.7 -0.4
v 1.6 1.8 -0.4
v 1.6 1.9 -0.4
v 1.6 2 -0.4
v 1.7 0.3 -0.4
v 1.7 0.7 -0.4
v -1.6 0.9 -0.5
v -1.6 1 -0.5
v -1.5 0.9 -0.5
v -1.5 1 -0.5
v -0.8 0.9 -0.5
v -0.8 1 -0.5
v -0.7 0.9 -0.5
v -0.7 1 -0.5
v -0.2 0.9 -0.5
v -0.2 1 -0.5
v -0.0999999 0.9 -0.5
v -0.0999999 1 -0.5
v 0.6 0.9 -0.5
v 0.6 1 -0.5
v 0.7 0.9 -0.5
v 0.7 1 -0.5
v 1.1 0.3 -0.5
v 1.1 0.7 -0.5
v 1.2 0.3 -0.5
v 1.2 0.7 -0.5
v 1.2 1.8 -0.5
v 1.2 1.9 -0.5
v 1.2 2 -0.5
v 1.3 0.7 -0.5
v 1.3 1.8 -0.5
v 1.3 1.9 -0.5
v 1.3 2 -0.5
v 1.3 2.1 -0.5
v 1.4 2 -0.5
v 1.4 2.1 -0.5
v 1.5 2 -0.5
v 1.5 2.1 -0.5
v 1.6 0.7 -0.5
v 1.6 1.8 -0.5
v 1.6 1.9 -0.5
v 1.6 2 -0.5
v 1.6 2.1 -0.5
v 1.7 0.3 -0.5
v 1.7 0.7 -0.5
v 1.7 1.8 -0.5
v 1.7 1.9 -0.5
v 1.7 2 -0.5
v 1.8 0.3 -0.5
v 1.8 0.7 -0.5
v -1.6 0.3 -0.6
v -1.6 0.7 -0.6
v -1.6 0.8 -0.6
v -1.6 0.9 -0.6
v -1.5 0.3 -0.6
v -1.5 0.7 -0.6
v -1.5 0.8 -0.6
v -1.5 0.9 -0.6
v -0.8 0.3 -0.6
v -0.8 0.7 -0.6
v -0.8 0.8 -0.6
v -0.8 0.9 -0.6
v -0.7 0.3 -0.6
v -0.7 0.7 -0.6
v -0.7 0.8 -0.6
v -0.7 0.9 -0.6
v -0.2 0.3 -0.6
v -0.2 0.7 -0.6
v -0.2 0.8 -0.6
v -0.2 0.9 -0.6
v -0.0999999 0.3 -0.6
v -0.0999999 0.7 -0.6
v -0.0999999 0.8 -0.6
v -0.0999999 0.9 -0.6
v 0.6 0.3 -0.6
v 0.6 0.7 -0.6
v 0.6 0.8 -0.6
v 0.6 0.9 -0.6
v 0.7 0.3 -0.6
v 0.7 0.7 -0.6
v 0.7 0.8 -0.6
v 0.7 0.9 -0.6
v 1.2 2 -0.6
v 1.2 2.1 -0.6
v 1.3 2 -0.6
v 1.3 2.1 -0.6
v 1.6 2 -0.6
v 1.6 2.1 -0.6
v 1.7 1.9 -0.6
v 1.7 2 -0.6
v 1.7 2.1 -0.6
v 1.9 1.9 -0.6
v 1.9 2 -0.6
v -1.6 0.3 -0.9
v -1.6 0.9 -0.9
v -1.5 0.3 -0.9
v -1.5 0.7 -0.9
v -1.5 0.8 -0.9
v -1.5 0.9 -0.9
v -1.2 0.3 -0.9
v -1.2 0.7 -0.9
v -1.2 0.8 -0.9
v -1.2 0.9 -0.9
v -1.1 0.3 -0.9
v -1.1 0.7 -0.9
v -1.1 0.8 -0.9
v -1.1 0.9 -0.9
v -0.8 0.3 -0.9
v -0.8 0.7 -0.9
v -0.8 0.8 -0.9
v -0.8 0.9 -0.9
v -0.7 0.3 -0.9
v -0.7 0.9 -0.9
v -0.2 0.3 -0.9
v -0.2 0.9 -0.9
v -0.0999999 0.3 -0.9
v -0.0999999 0.7 -0.9
v -0.0999999 0.8 -0.9
v -0.0999999 0.9 -0.9
v 0.2 0.3 -0.9
v 0.2 0.7 -0.9
v 0.2 0.8 -0.9
v 0.2 0.9 -0.9
v 0.3 0.3 -0.9
v 0.3 0.7 -0.9
v 0.3 0.8 -0.9
v 0.3 0.9 -0.9
v 0.6 0.3 -0.9
v 0.6 0.7 -0.9
v 0.6 0.8 -0.9
v 0.6 0.9 -0.9
v 0.7 0.3 -0.9
v 0.7 0.9 -0.9
v -1.6 0.9 -1
v -1.6 1 -1
v -1.5 0.3 -1
v -1.5 0.7 -1
v -1.5 0.8 -1
v -1.5 0.9 -1
v -1.5 1 -1
v -1.2 0.3 -1
v -1.2 0.7 -1
v -1.2 0.8 -1
v -1.2 0.9 -1
v -1.1 0.3 -1
v -1.1 0.7 -1
v -0.8 0.3 -1
v -0.8 0.7 -1
v -0.8 0.9 -1
v -0.8 1 -1
v -0.7 0.9 -1
v -0.7 1 -1
v -0.2 0.9 -1
v -0.2 1 -1
v -0.0999999 0.3 -1
v -0.0999999 0.7 -1
v -0.0999999 0.8 -1
v -0.0999999 0.9 -1
v -0.0999999 1 -1
v 0.2 0.3 -1
v 0.2 0.7 -1
v 0.2 0.8 -1
v 0.2 0.9 -1
v 0.2 1 -1
v 0.3 0.3 -1
v 0.3 0.7 -1
v 0.3 0.8 -1
v 0.3 0.9 -1
v 0.3 1 -1
v 0.6 0.3 -1
v 0.6 0.7 -1
v 0.6 0.8 -1
v 0.6 0.9 -1
v 0.6 1 -1
v 0.7 0.9 -1
v 0.7 1 -1
v -1.6 1 -1.1
v -1.6 1.1 -1.1
v -1.5 0.9 -1.1
v -1.5 1 -1.1
v -1.5 1.1 -1.1
v -1.3 0.9 -1.1
v -1.3 1 -1.1
v -1.2 0.9 -1.1
v -1.2 1 -1.1
v -1.1 0.8 -1.1
v -1.1 0.9 -1.1
v -1.1 1 -1.1
v -1 0.8 -1.1
v -1 0.9 -1.1
v -1 1 -1.1
v -0.8 0.9 -1.1
v -0.8 1 -1.1
v -0.8 1.1 -1.1
v -0.7 1 -1.1
v -0.7 1.1 -1.1
v -0.2 1 -1.1
v -0.2 1.1 -1.1
v -0.0999999 0.9 -1.1
v -0.0999999 1 -1.1
v -0.0999999 1.1 -1.1
v 0.2 0.9 -1.1
v 0.2 1 -1.1
v 0.2 1.1 -1.1
v 0.3 0.9 -1.1
v 0.3 1 -1.1
v 0.3 1.1 -1.1
v 0.6 0.9 -1.1
v 0.6 1 -1.1
v 0.6 1.1 -1.1
v 0.7 1 -1.1
v 0.7 1.1 -1.1
v 1.3 0.3 -1.1
v 1.3 0.7 -1.1
v 1.6 0.3 -1.1
v 1.6 0.7 -1.1
v -1.5 1 -1.2
v -1.5 1.1 -1.2
v -1.3 0.9 -1.2
v -1.3 1 -1.2
v -1.3 1.1 -1.2
v -1.2 0.9 -1.2
v -1.2 1 -1.2
v -1.1 0.9 -1.2
v -1.1 1 -1.2
v -1 0.9 -1.2
v -1 1 -1.2
v -1 1.1 -1.2
v -0.8 1 -1.2
v -0.8 1.1 -1.2
v -0.0999999 1 -1.2
v -0.0999999 1.1 -1.2
v 0.2 1 -1.2
v 0.2 1.1 -1.2
v 0.3 1 -1.2
v 0.3 1.1 -1.2
v 0.6 1 -1.2
v 0.6 1.1 -1.2
v 1.2 0.3 -1.2
v 1.2 0.7 -1.2
v 1.3 0.3 -1.2
v 1.3 0.7 -1.2
v 1.3 1.8 -1.2
v 1.3 1.9 -1.2
v 1.3 2 -1.2
v 1.4 2 -1.2
v 1.4 2.1 -1.2
v 1.5 2 -1.2
v 1.5 2.1 -1.2
v 1.6 0.3 -1.2
v 1.6 0.7 -1.2
v 1.6 1.8 -1.2
v 1.6 1.9 -1.2
v 1.6 2 -1.2
v 1.7 0.3 -1.2
v 1.7 0.7 -1.2
v -1.2 1 -1.3
v -1.2 1.1 -1.3
v -1.1 1 -1.3
v -1.1 1.1 -1.3
v -1 0.8 -1.3
v -1 0.9 -1.3
v -0.8 0.8 -1.3
v -0.8 0.9 -1.3
v 1.1 0.3 -1.3
v 1.1 0.7 -1.3
v 1.2 0.3 -1.3
v 1.2 0.7 -1.3
v 1.2 1.8 -1.3
v 1.2 1.9 -1.3
v 1.2 2 -1.3
v 1.3 0.7 -1.3
v 1.3 1.8 -1.3
v 1.3 1.9 -1.3
v 1.3 2 -1.3
v 1.3 2.1 -1.3
v 1.4 2 -1.3
v 1.4 2.1 -1.3
v 1.4 2.2 -1.3
v 1.5 2 -1.3
v 1.5 2.1 -1.3
v 1.5 2.2 -1.3
v 1.6 0.7 -1.3
v 1.6 1.8 -1.3
v 1.6 1.9 -1.3
v 1.6 2 -1.3
v 1.6 2.1 -1.3
v 1.7 0.3 -1.3
v 1.7 0.7 -1.3
v 1.7 1.8 -1.3
v 1.7 1.9 -1.3
v 1.7 2 -1.3
v 1.8 0.3 -1.3
v 1.8 0.7 -1.3
v -1.6 0.9 -1.4
v -1.6 1 -1.4
v -1.5 0.9 -1.4
v -1.5 1 -1.4
v -0.8 0.9 -1.4
v -0.8 1 -1.4
v -0.7 0.9 -1.4
v -0.7 1 -1.4
v -0.2 0.9 -1.4
v -0.2 1 -1.4
v -0.0999999 0.9 -1.4
v -0.0999999 1 -1.4
v 0.6 0.9 -1.4
v 0.6 1 -1.4
v 0.7 0.9 -1.4
v 0.7 1 -1.4
v 1.2 2 -1.4
v 1.2 2.1 -1.4
v 1.3 2 -1.4
v 1.3 2.1 -1.4
v 1.3 2.2 -1.4
v 1.4 2.1 -1.4
v 1.4 2.2 -1.4
v 1.5 2.1 -1.4
v 1.5 2.2 -1.4
v 1.6 2 -1.4
v 1.6 2.1 -1.4
v 1.6 2.2 -1.4
v 1.7 1.9 -1.4
v 1.7 2 -1.4
v 1.7 2.1 -1.4
v 1.9 1.9 -1.4
v 1.9 2 -1.4
v -1.6 0.3 -1.5
v -1.6 0.7 -1.5
v -1.6 0.8 -1.5
v -1.6 0.9 -1.5
v -1.5 0.3 -1.5
v -1.5 0.7 -1.5
v -1.5 0.8 -1.5
v -1.5 0.9 -1.5
v -0.8 0.3 -1.5
v -0.8 0.7 -1.5
v -0.8 0.8 -1.5
v -0.8 0.9 -1.5
v -0.7 0.3 -1.5
v -0.7 0.7 -1.5
v -0.7 0.8 -1.5
v -0.7 0.9 -1.5
v -0.2 0.3 -1.5
v -0.2 0.7 -1.5
v -0.2 0.8 -1.5
v -0.2 0.9 -1.5
v -0.0999999 0.3 -1.5
v -0.0999999 0.7 -1.5
v -0.0999999 0.8 -1.5
v -0.0999999 0.9 -1.5
v 0.6 0.3 -1.5
v 0.6 0.7 -1.5
v 0.6 0.8 -1.5
v 0.6 0.9 -1.5
v 0.7 0.3 -1.5
v 0.7 0.7 -1.5
v 0.7 0.8 -1.5
v 0.7 0.9 -1.5
v -1.7 0.3 -1.7
v -1.7 0.4 -1.7
v 0.8 0.3 -1.7
v 0.8 0.4 -1.7
v -1.8 1.1 1.7
v -1.8 1.2 1.7
v -1.7 1.1 1.7
v -1.7 1.2 1.7
v -1.7 1.3 1.7
v -1.6 1.2 1.7
v -1.6 1.3 1.7
v -1.6 1.4 1.7
v -1.5 1.3 1.7
v -1.5 1.4 1.7
v -1.5 1.5 1.7
v -1.3 1.4 1.7
v -1.3 1.5 1.7
v -1.1 1.4 1.7
v -1.1 1.5 1.7
v -0.9 1.3 1.7
v -0.9 1.4 1.7
v -0.9 1.5 1.7
v -0.8 1.2 1.7
v -0.8 1.3 1.7
v -0.8 1.4 1.7
v -0.7 1.1 1.7
v -0.7 1.2 1.7
v -0.7 1.3 1.7
v -0.6 1.1 1.7
v -0.6 1.2 1.7
v -0.6 0.3 0.6
v -0.6 0.4 0.6
v -0.5 0.3 0.6
v -0.5 0.4 0.6
v -0.7 0.7 0.5
v -0.7 0.9 0.5
v -0.6 0.8 0.5
v -0.6 0.9 0.5
v -0.5 0.7 0.5
v -0.5 0.8 0.5
v -1.8 0.3 0.4
v -1.8 0.4 0.4
v -1.7 0.3 0.4
v -1.7 0.4 0.4
v -1.7 1 0.4
v -1.6 0.4 0.4
v -1.6 0.5 0.4
v -1.6 0.8 0.4
v -1.6 0.9 0.4
v -1.6 1 0.4
v -1.6 1.1 0.4
v -1.5 0.4 0.4
v -1.5 0.5 0.4
v -1.5 0.6 0.4
v -1.5 0.7 0.4
v -1.5 0.8 0.4
v -1.5 0.9 0.4
v -1.5 1 0.4
v -1.5 1.1 0.4
v -1.5 1.2 0.4
v -1.4 1.1 0.4
v -1.4 1.2 0.4
v -1.4 1.3 0.4
v -1.3 0.5 0.4
v -1.3 0.6 0.4
v -1.3 0.7 0.4
v -1.3 0.8 0.4
v -1.1 0.5 0.4
v -1.1 0.6 0.4
v -1.1 0.7 0.4
v -1.1 0.8 0.4
v -1 1.1 0.4
v -1 1.2 0.4
v -1 1.3 0.4
v -0.9 0.4 0.4
v -0.9 0.5 0.4
v -0.9 0.6 0.4
v -0.9 0.7 0.4
v -0.9 0.8 0.4
v -0.9 0.9 0.4
v -0.9 1 0.4
v -0.9 1.1 0.4
v -0.9 1.2 0.4
v -0.8 0.4 0.4
v -0.8 0.5 0.4
v -0.8 0.8 0.4
v -0.8 0.9 0.4
v -0.8 1 0.4
v -0.8 1.1 0.4
v -0.7 0.3 0.4
v -0.7 0.4 0.4
v -0.7 1 0.4
v -0.6 0.3 0.4
v -0.6 0.4 0.4
v 0.9 0.3 0.4
v 0.9 0.8 0.4
v 1 0.4 0.4
v 1 0.5 0.4
v 1 0.6 0.4
v 1 0.7 0.4
v 1.1 0.4 0.4
v 1.1 0.5 0.4
v 1.1 0.6 0.4
v 1.1 0.7 0.4
v 1.2 0.4 0.4
v 1.2 0.5 0.4
v 1.2 0.6 0.4
v 1.2 0.7 0.4
v 1.3 0.4 0.4
v 1.3 0.5 0.4
v 1.3 0.6 0.4
v 1.3 0.7 0.4
v 1.4 0.3 0.4
v 1.4 0.8 0.4
v -1.8 1 0.3
v -1.8 1.2 0.3
v -1.7 0.3 0.3
v -1.7 0.4 0.3
v -1.7 1.2 0.3
v -1.7 1.3 0.3
v -1.6 1 0.3
v -1.6 1.1 0.3
v -1.6 1.3 0.3
v -1.6 1.4 0.3
v -1.5 1.1 0.3
v -1.5 1.2 0.3
v -1.5 1.4 0.3
v -1.5 1.5 0.3
v -1.4 1.2 0.3
v -1.4 1.3 0.3
v -1.2 0.3 0.3
v -1 1.2 0.3
v -1 1.3 0.3
v -0.9 1.1 0.3
v -0.9 1.2 0.3
v -0.9 1.4 0.3
v -0.9 1.5 0.3
v -0.8 1 0.3
v -0.8 1.1 0.3
v -0.8 1.3 0.3
v -0.8 1.4 0.3
v -0.7 0.3 0.3
v -0.7 0.4 0.3
v -0.7 1.2 0.3
v -0.7 1.3 0.3
v -0.6 1 0.3
v -0.6 1.2 0.3
v -1.7 0.3 0.0999999
v -1.7 0.4 0.0999999
v -0.6 0.3 0.0999999
v -0.6 0.4 0.0999999
v -0.3 0.3 0.0999999
v -0.3 0.4 0.0999999
v 0.8 0.3 0.0999999
v 0.8 0.4 0.0999999
v -1.6 0.3 -0.1
v -1.6 0.7 -0.1
v -1.6 0.8 -0.1
v -1.6 0.9 -0.1
v -1.5 0.3 -0.1
v -1.5 0.7 -0.1
v -1.5 0.8 -0.1
v -1.5 0.9 -0.1
v -0.8 0.3 -0.1
v -0.8 0.7 -0.1
v -0.7 0.3 -0.1
v -0.7 0.7 -0.1
v -0.2 0.3 -0.1
v -0.2 0.7 -0.1
v -0.2 0.8 -0.1
v -0.2 0.9 -0.1
v -0.0999999 0.3 -0.1
v -0.0999999 0.7 -0.1
v -0.0999999 0.8 -0.1
v -0.0999999 0.9 -0.1
v 0.6 0.3 -0.1
v 0.6 0.7 -0.1
v 0.6 0.8 -0.1
v 0.6 0.9 -0.1
v 0.7 0.3 -0.1
v 0.7 0.7 -0.1
v 0.7 0.8 -0.1
v 0.7 0.9 -0.1
v -1.6 0.9 -0.2
v -1.6 1 -0.2
v -1.5 0.9 -0.2
v -1.5 1 -0.2
v -0.8 0.8 -0.2
v -0.8 0.9 -0.2
v -0.7 0.8 -0.2
v -0.7 0.9 -0.2
v -0.2 0.9 -0.2
v -0.2 1 -0.2
v -0.0999999 0.9 -0.2
v -0.0999999 1 -0.2
v 0.6 0.9 -0.2
v 0.6 1 -0.2
v 0.7 0.9 -0.2
v 0.7 1 -0.2
v -1.5 1 -0.4
v -1.5 1.1 -0.4
v -1.2 1 -0.4
v -1.2 1.1 -0.4
v -1 0.9 -0.4
v -1 1 -0.4
v -0.9 0.9 -0.4
v -0.9 1 -0.4
v -0.9 1.1 -0.4
v -0.8 1 -0.4
v -0.8 1.1 -0.4
v -0.0999999 1 -0.4
v -0.0999999 1.1 -0.4
v 0.2 1 -0.4
v 0.2 1.1 -0.4
v 0.3 1 -0.4
v 0.3 1.1 -0.4
v 0.6 1 -0.4
v 0.6 1.1 -0.4
v -1.6 1 -0.5
v -1.6 1.1 -0.5
v -1.5 0.9 -0.5
v -1.5 1 -0.5
v -1.5 1.1 -0.5
v -1.2 0.9 -0.5
v -1.2 1 -0.5
v -1.1 0.9 -0.5
v -1.1 1 -0.5
v -1 0.8 -0.5
v -1 0.9 -0.5
v -1 1 -0.5
v -0.8 0.8 -0.5
v -0.8 0.9 -0.5
v -0.8 1 -0.5
v -0.8 1.1 -0.5
v -0.7 1 -0.5
v -0.7 1.1 -0.5
v -0.2 1 -0.5
v -0.2 1.1 -0.5
v -0.0999999 0.9 -0.5
v -0.0999999 1 -0.5
v -0.0999999 1.1 -0.5
v 0.2 0.9 -0.5
v 0.2 1 -0.5
v 0.2 1.1 -0.5
v 0.3 0.9 -0.5
v 0.3 1 -0.5
v 0.3 1.1 -0.5
v 0.6 0.9 -0.5
v 0.6 1 -0.5
v 0.6 1.1 -0.5
v 0.7 1 -0.5
v 0.7 1.1 -0.5
v -1.6 0.9 -0.6
v -1.6 1 -0.6
v -1.5 0.3 -0.6
v -1.5 0.7 -0.6
v -1.5 0.8 -0.6
v -1.5 0.9 -0.6
v -1.5 1 -0.6
v -1.2 0.3 -0.6
v -1.2 0.7 -0.6
v -1.2 0.8 -0.6
v -1.2 0.9 -0.6
v -1.2 1 -0.6
v -1.1 0.3 -0.6
v -1.1 0.7 -0.6
v -1.1 0.8 -0.6
v -1.1 0.9 -0.6
v -1.1 1 -0.6
v -1 0.8 -0.6
v -1 0.9 -0.6
v -0.8 0.3 -0.6
v -0.8 0.7 -0.6
v -0.8 0.9 -0.6
v -0.8 1 -0.6
v -0.7 0.9 -0.6
v -0.7 1 -0.6
v -0.2 0.9 -0.6
v -0.2 1 -0.6
v -0.0999999 0.3 -0.6
v -0.0999999 0.7 -0.6
v -0.0999999 0.8 -0.6
v -0.0999999 0.9 -0.6
v -0.0999999 1 -0.6
v 0.2 0.3 -0.6
v 0.2 0.7 -0.6
v 0.2 0.8 -0.6
v 0.2 0.9 -0.6
v 0.2 1 -0.6
v 0.3 0.3 -0.6
v 0.3 0.7 -0.6
v 0.3 0.8 -0.6
v 0.3 0.9 -0.6
v 0.3 1 -0.6
v 0.6 0.3 -0.6
v 0.6 0.7 -0.6
v 0.6 0.8 -0.6
v 0.6 0.9 -0.6
v 0.6 1 -0.6
v 0.7 0.9 -0.6
v 0.7 1 -0.6
v -1.6 0.3 -0.7
v -1.6 0.9 -0.7
v -1.5 0.3 -0.7
v -1.5 0.7 -0.7
v -1.5 0.8 -0.7
v -1.5 0.9 -0.7
v -1.2 0.3 -0.7
v -1.2 0.7 -0.7
v -1.2 0.8 -0.7
v -1.2 0.9 -0.7
v -1.1 0.3 -0.7
v -1.1 0.7 -0.7
v -1.1 0.8 -0.7
v -1.1 0.9 -0.7
v -0.8 0.3 -0.7
v -0.8 0.7 -0.7
v -0.8 0.8 -0.7
v -0.8 0.9 -0.7
v -0.7 0.3 -0.7
v -0.7 0.9 -0.7
v -0.2 0.3 -0.7
v -0.2 0.9 -0.7
v -0.0999999 0.3 -0.7
v -0.0999999 0.7 -0.7
v -0.0999999 0.8 -0.7
v -0.0999999 0.9 -0.7
v 0.2 0.3 -0.7
v 0.2 0.7 -0.7
v 0.2 0.8 -0.7
v 0.2 0.9 -0.7
v 0.3 0.3 -0.7
v 0.3 0.7 -0.7
v 0.3 0.8 -0.7
v 0.3 0.9 -0.7
v 0.6 0.3 -0.7
v 0.6 0.7 -0.7
v 0.6 0.8 -0.7
v 0.6 0.9 -0.7
v 0.7 0.3 -0.7
v 0.7 0.9 -0.7
v 1.2 2 -0.7
v 1.2 2.1 -0.7
v 1.3 2 -0.7
v 1.3 2.1 -0.7
v 1.6 2 -0.7
v 1.6 2.1 -0.7
v 1.7 1.9 -0.7
v 1.7 2 -0.7
v 1.7 2.1 -0.7
v 1.9 1.9 -0.7
v 1.9 2 -0.7
v 1.1 0.3 -0.8
v 1.1 0.7 -0.8
v 1.2 0.3 -0.8
v 1.2 0.7 -0.8
v 1.2 1.8 -0.8
v 1.2 1.9 -0.8
v 1.2 2 -0.8
v 1.3 0.7 -0.8
v 1.3 1.8 -0.8
v 1.3 1.9 -0.8
v 1.3 2 -0.8
v 1.3 2.1 -0.8
v 1.4 2 -0.8
v 1.4 2.1 -0.8
v 1.5 2 -0.8
v 1.5 2.1 -0.8
v 1.6 0.7 -0.8
v 1.6 1.8 -0.8
v 1.6 1.9 -0.8
v 1.6 2 -0.8
v 1.6 2.1 -0.8
v 1.7 0.3 -0.8
v 1.7 0.7 -0.8
v 1.7 1.8 -0.8
v 1.7 1.9 -0.8
v 1.7 2 -0.8
v 1.8 0.3 -0.8
v 1.8 0.7 -0.8
v 1.2 0.3 -0.9
v 1.2 0.7 -0.9
v 1.3 0.3 -0.9
v 1.3 0.7 -0.9
v 1.3 1.8 -0.9
v 1.3 1.9 -0.9
v 1.3 2 -0.9
v 1.4 2 -0.9
v 1.4 2.1 -0.9
v 1.5 2 -0.9
v 1.5 2.1 -0.9
v 1.6 0.3 -0.9
v 1.6 0.7 -0.9
v 1.6 1.8 -0.9
v 1.6 1.9 -0.9
v 1.6 2 -0.9
v 1.7 0.3 -0.9
v 1.7 0.7 -0.9
v -1.6 0.3 -1
v -1.6 0.7 -1
v -1.6 0.8 -1
v -1.6 0.9 -1
v -1.5 0.3 -1
v -1.5 0.7 -1
v -1.5 0.8 -1
v -1.5 0.9 -1
v -0.8 0.3 -1
v -0.8 0.7 -1
v -0.8 0.8 -1
v -0.8 0.9 -1
v -0.7 0.3 -1
v -0.7 0.7 -1
v -0.7 0.8 -1
v -0.7 0.9 -1
v -0.2 0.3 -1
v -0.2 0.7 -1
v -0.2 0.8 -1
v -0.2 0.9 -1
v -0.0999999 0.3 -1
v -0.0999999 0.7 -1
v -0.0999999 0.8 -1
v -0.0999999 0.9 -1
v 0.6 0.3 -1
v 0.6 0.7 -1
v 0.6 0.8 -1
v 0.6 0.9 -1
v 0.7 0.3 -1
v 0.7 0.7 -1
v 0.7 0.8 -1
v 0.7 0.9 -1
v 1.3 0.3 -1
v 1.3 0.7 -1
v 1.6 0.3 -1
v 1.6 0.7 -1
v -1.6 0.9 -1.1
v -1.6 1 -1.1
v -1.5 0.9 -1.1
v -1.5 1 -1.1
v -0.8 0.9 -1.1
v -0.8 1 -1.1
v -0.7 0.9 -1.1
v -0.7 1 -1.1
v -0.2 0.9 -1.1
v -0.2 1 -1.1
v -0.0999999 0.9 -1.1
v -0.0999999 1 -1.1
v 0.6 0.9 -1.1
v 0.6 1 -1.1
v 0.7 0.9 -1.1
v 0.7 1 -1.1
v -1.5 1 -1.3
v -1.5 1.1 -1.3
v -1.3 0.9 -1.3
v -1.3 1 -1.3
v -1.3 1.1 -1.3
v -1.2 1 -1.3
v -1.1 0.7 -1.3
v -1.1 0.8 -1.3
v -1.1 1 -1.3
v -1 0.9 -1.3
v -1 1 -1.3
v -1 1.1 -1.3
v -0.8 0.7 -1.3
v -0.8 0.8 -1.3
v -0.8 1 -1.3
v -0.8 1.1 -1.3
v -0.0999999 1 -1.3
v -0.0999999 1.1 -1.3
v 0.2 1 -1.3
v 0.2 1.1 -1.3
v 0.3 1 -1.3
v 0.3 1.1 -1.3
v 0.6 1 -1.3
v 0.6 1.1 -1.3
v -1.6 1 -1.4
v -1.6 1.1 -1.4
v -1.5 0.9 -1.4
v -1.5 1 -1.4
v -1.5 1.1 -1.4
v -1.3 0.9 -1.4
v -1.3 1 -1.4
v -1.2 1 -1.4
v -1.2 1.1 -1.4
v -1.1 1 -1.4
v -1.1 1.1 -1.4
v -1 0.9 -1.4
v -1 1 -1.4
v -0.8 0.9 -1.4
v -0.8 1 -1.4
v -0.8 1.1 -1.4
v -0.7 1 -1.4
v -0.7 1.1 -1.4
v -0.2 1 -1.4
v -0.2 1.1 -1.4
v -0.0999999 0.9 -1.4
v -0.0999999 1 -1.4
v -0.0999999 1.1 -1.4
v 0.2 0.9 -1.4
v 0.2 1 -1.4
v 0.2 1.1 -1.4
v 0.3 0.9 -1.4
v 0.3 1 -1.4
v 0.3 1.1 -1.4
v 0.6 0.9 -1.4
v 0.6 1 -1.4
v 0.6 1.1 -1.4
v 0.7 1 -1.4
v 0.7 1.1 -1.4
v -1.6 0.9 -1.5
v -1.6 1 -1.5
v -1.5 0.3 -1.5
v -1.5 0.7 -1.5
v -1.5 0.8 -1.5
v -1.5 0.9 -1.5
v -1.5 1 -1.5
v -1.2 0.3 -1.5
v -1.2 0.7 -1.5
v -1.2 0.8 -1.5
v -1.2 0.9 -1.5
v -1.1 0.3 -1.5
v -1.1 0.6 -1.5
v -1.1 0.8 -1.5
v -1.1 0.9 -1.5
v -0.8 0.3 -1.5
v -0.8 0.6 -1.5
v -0.8 0.8 -1.5
v -0.8 0.9 -1.5
v -0.8 1 -1.5
v -0.7 0.9 -1.5
v -0.7 1 -1.5
v -0.2 0.9 -1.5
v -0.2 1 -1.5
v -0.0999999 0.3 -1.5
v -0.0999999 0.7 -1.5
v -0.0999999 0.8 -1.5
v -0.0999999 0.9 -1.5
v -0.0999999 1 -1.5
v 0.2 0.3 -1.5
v 0.2 0.7 -1.5
v 0.2 0.8 -1.5
v 0.2 0.9 -1.5
v 0.2 1 -1.5
v 0.3 0.3 -1.5
v 0.3 0.7 -1.5
v 0.3 0.8 -1.5
v 0.3 0.9 -1.5
v 0.3 1 -1.5
v 0.6 0.3 -1.5
v 0.6 0.7 -1.5
v 0.6 0.8 -1.5
v 0.6 0.9 -1.5
v 0.6 1 -1.5
v 0.7 0.9 -1.5
v 0.7 1 -1.5
v 1.2 2 -1.5
v 1.2 2.1 -1.5
v 1.3 2 -1.5
v 1.3 2.1 -1.5
v 1.3 2.2 -1.5
v 1.4 2.1 -1.5
v 1.4 2.2 -1.5
v 1.5 2.1 -1.5
v 1.5 2.2 -1.5
v 1.6 2 -1.5
v 1.6 2.1 -1.5
v 1.6 2.2 -1.5
v 1.7 1.9 -1.5
v 1.7 2 -1.5
v 1.7 2.1 -1.5
v 1.9 1.9 -1.5
v 1.9 2 -1.5
v -1.6 0.3 -1.6
v -1.6 0.9 -1.6
v -1.5 0.3 -1.6
v -1.5 0.7 -1.6
v -1.5 0.8 -1.6
v -1.5 0.9 -1.6
v -1.2 0.3 -1.6
v -1.2 0.7 -1.6
v -1.2 0.8 -1.6
v -1.2 0.9 -1.6
v -1.1 0.3 -1.6
v -1.1 0.6 -1.6
v -1.1 0.7 -1.6
v -1.1 0.9 -1.6
v -0.8 0.3 -1.6
v -0.8 0.6 -1.6
v -0.8 0.7 -1.6
v -0.8 0.9 -1.6
v -0.7 0.3 -1.6
v -0.7 0.9 -1.6
v -0.2 0.3 -1.6
v -0.2 0.9 -1.6
v -0.0999999 0.3 -1.6
v -0.0999999 0.7 -1.6
v -0.0999999 0.8 -1.6
v -0.0999999 0.9 -1.6
v 0.2 0.3 -1.6
v 0.2 0.7 -1.6
v 0.2 0.8 -1.6
v 0.2 0.9 -1.6
v 0.3 0.3 -1.6
v 0.3 0.7 -1.6
v 0.3 0.8 -1.6
v 0.3 0.9 -1.6
v 0.6 0.3 -1.6
v 0.6 0.7 -1.6
v 0.6 0.8 -1.6
v 0.6 0.9 -1.6
v 0.7 0.3 -1.6
v 0.7 0.9 -1.6
v 1.1 0.3 -1.6
v 1.1 0.7 -1.6
v 1.2 0.3 -1.6
v 1.2 0.7 -1.6
v 1.2 1.8 -1.6
v 1.2 1.9 -1.6
v 1.2 2 -1.6
v 1.3 0.7 -1.6
v 1.3 1.8 -1.6
v 1.3 1.9 -1.6
v 1.3 2 -1.6
v 1.3 2.1 -1.6
v 1.4 2 -1.6
v 1.4 2.1 -1.6
v 1.4 2.2 -1.6
v 1.5 2 -1.6
v 1.5 2.1 -1.6
v 1.5 2.2 -1.6
v 1.6 0.7 -1.6
v 1.6 1.8 -1.6
v 1.6 1.9 -1.6
v 1.6 2 -1.6
v 1.6 2.1 -1.6
v 1.7 0.3 -1.6
v 1.7 0.7 -1.6
v 1.7 1.8 -1.6
v 1.7 1.9 -1.6
v 1.7 2 -1.6
v 1.8 0.3 -1.6
v 1.8 0.7 -1.6
v 1.2 0.3 -1.7
v 1.2 0.7 -1.7
v 1.3 0.3 -1.7
v 1.3 0.7 -1.7
v 1.3 1.8 -1.7
v 1.3 1.9 -1.7
v 1.3 2 -1.7
v 1.4 2 -1.7
v 1.4 2.1 -1.7
v 1.5 2 -1.7
v 1.5 2.1 -1.7
v 1.6 0.3 -1.7
v 1.6 0.7 -1.7
v 1.6 1.8 -1.7
v 1.6 1.9 -1.7
v 1.6 2 -1.7
v 1.7 0.3 -1.7
v 1.7 0.7 -1.7
v -1.8 0.3 -1.8
v -1.8 0.4 -1.8
v -1.6 0.3 -1.8
v 0.9 0.3 -1.8
v 0.9 0.4 -1.8
v 1.3 0.3 -1.8
v 1.3 0.7 -1.8
v 1.4 0.3 -1.8
v 1.6 0.3 -1.8
v 1.6 0.7 -1.8
v -1.9 0.2 -1.9
v -1.9 0.3 -1.9
v -1.6 0.2 -1.9
v -1.6 0.3 -1.9
v 1 0.2 -1.9
v 1 0.3 -1.9
v 1.2 0.2 -1.9
v 1.2 0.3 -1.9
v 1.4 0.2 -1.9
v 1.4 0.3 -1.9
v 1.9 0.2 -1.9
v 1.9 0.3 -1.9
v -2 0 -2
v -2 0.2 -2
v -1.6 0.1 -2
v -1.6 0.2 -2
v 1.4 0.1 -2
v 1.4 0.2 -2
v 2 0 -2
v 2 0.2 -2
v -2 0 2
v 2 0 2
v -2 0 -2
v 2 0 -2
v -1.1 0.6 -1.5
v -0.8 0.6 -1.5
v -1.1 0.6 -1.6
v -0.8 0.6 -1.6
v -0.7 0.7 0.9
v -0.5 0.7 0.9
v -0.7 0.7 0.8
v -0.7 0.7 0.6
v -0.7 0.7 0.5
v -0.5 0.7 0.5
v -1.5 0.7 -2.38419e-07
v -1.2 0.7 -2.38419e-07
v -1.1 0.7 -2.38419e-07
v -0.8 0.7 -2.38419e-07
v -0.0999999 0.7 -2.38419e-07
v 0.2 0.7 -2.38419e-07
v 0.3 0.7 -2.38419e-07
v 0.6 0.7 -2.38419e-07
v -1.6 0.7 -0.1
v -1.5 0.7 -0.1
v -1.2 0.7 -0.1
v -1.1 0.7 -0.1
v -0.8 0.7 -0.1
v -0.7 0.7 -0.1
v -0.2 0.7 -0.1
v -0.0999999 0.7 -0.1
v 0.2 0.7 -0.1
v 0.3 0.7 -0.1
v 0.6 0.7 -0.1
v 0.7 0.7 -0.1
v -1.6 0.7 -0.6
v -1.5 0.7 -0.6
v -1.2 0.7 -0.6
v -1.1 0.7 -0.6
v -0.8 0.7 -0.6
v -0.7 0.7 -0.6
v -0.2 0.7 -0.6
v -0.0999999 0.7 -0.6
v 0.2 0.7 -0.6
v 0.3 0.7 -0.6
v 0.6 0.7 -0.6
v 0.7 0.7 -0.6
v -1.5 0.7 -0.7
v -1.2 0.7 -0.7
v -1.1 0.7 -0.7
v -0.8 0.7 -0.7
v -0.0999999 0.7 -0.7
v 0.2 0.7 -0.7
v 0.3 0.7 -0.7
v 0.6 0.7 -0.7
v -1.5 0.7 -0.9
v -1.2 0.7 -0.9
v -1.1 0.7 -0.9
v -0.8 0.7 -0.9
v -0.0999999 0.7 -0.9
v 0.2 0.7 -0.9
v 0.3 0.7 -0.9
v 0.6 0.7 -0.9
v -1.6 0.7 -1
v -1.5 0.7 -1
v -1.2 0.7 -1
v -1.1 0.7 -1
v -0.8 0.7 -1
v -0.7 0.7 -1
v -0.2 0.7 -1
v -0.0999999 0.7 -1
v 0.2 0.7 -1
v 0.3 0.7 -1
v 0.6 0.7 -1
v 0.7 0.7 -1
v -1.6 0.7 -1.5
v -1.5 0.7 -1.5
v -1.2 0.7 -1.5
v -0.8 0.7 -1.5
v -0.7 0.7 -1.5
v -0.2 0.7 -1.5
v -0.0999999 0.7 -1.5
v 0.2 0.7 -1.5
v 0.3 0.7 -1.5
v 0.6 0.7 -1.5
v 0.7 0.7 -1.5
v -1.5 0.7 -1.6
v -1.2 0.7 -1.6
v -0.0999999 0.7 -1.6
v 0.2 0.7 -1.6
v 0.3 0.7 -1.6
v 0.6 0.7 -1.6
v -1.1 0.8 -1.3
v -0.8 0.8 -1.3
v -1.1 0.8 -1.5
v -0.8 0.8 -1.5
v -1.6 0.9 -0.1
v -1.5 0.9 -0.1
v -0.2 0.9 -0.1
v -0.0999999 0.9 -0.1
v 0.6 0.9 -0.1
v 0.7 0.9 -0.1
v -1.6 0.9 -0.2
v -1.5 0.9 -0.2
v -0.2 0.9 -0.2
v -0.0999999 0.9 -0.2
v 0.6 0.9 -0.2
v 0.7 0.9 -0.2
v -1.6 0.9 -0.5
v -1.5 0.9 -0.5
v -0.8 0.9 -0.5
v -0.7 0.9 -0.5
v -0.2 0.9 -0.5
v -0.0999999 0.9 -0.5
v 0.6 0.9 -0.5
v 0.7 0.9 -0.5
v -1.6 0.9 -0.6
v -1.5 0.9 -0.6
v -0.8 0.9 -0.6
v -0.7 0.9 -0.6
v -0.2 0.9 -0.6
v -0.0999999 0.9 -0.6
v 0.6 0.9 -0.6
v 0.7 0.9 -0.6
v -1.6 0.9 -1
v -1.5 0.9 -1
v -0.8 0.9 -1
v -0.7 0.9 -1
v -0.2 0.9 -1
v -0.0999999 0.9 -1
v 0.6 0.9 -1
v 0.7 0.9 -1
v -1.6 0.9 -1.1
v -1.5 0.9 -1.1
v -1 0.9 -1.1
v -0.8 0.9 -1.1
v -0.7 0.9 -1.1
v -0.2 0.9 -1.1
v -0.0999999 0.9 -1.1
v 0.6 0.9 -1.1
v 0.7 0.9 -1.1
v -1 0.9 -1.3
v -0.8 0.9 -1.3
v -1.6 0.9 -1.4
v -1.5 0.9 -1.4
v -0.8 0.9 -1.4
v -0.7 0.9 -1.4
v -0.2 0.9 -1.4
v -0.0999999 0.9 -1.4
v 0.6 0.9 -1.4
v 0.7 0.9 -1.4
v -1.6 0.9 -1.5
v -1.5 0.9 -1.5
v -0.8 0.9 -1.5
v -0.7 0.9 -1.5
v -0.2 0.9 -1.5
v -0.0999999 0.9 -1.5
v 0.6 0.9 -1.5
v 0.7 0.9 -1.5
v -1.8 1 1.8
v -1.6 1 1.8
v -0.8 1 1.8
v -0.6 1 1.8
v -1.8 1 1.7
v -1.7 1 1.7
v -1.6 1 1.7
v -0.8 1 1.7
v -0.7 1 1.7
v -0.6 1 1.7
v -1.8 1 1.6
v -1.7 1 1.6
v -0.7 1 1.6
v -0.6 1 1.6
v -1.8 1 1.5
v -1.7 1 1.5
v -0.7 1 1.5
v -0.6 1 1.5
v -1.8 1 1.3
v -1.7 1 1.3
v -0.7 1 1.3
v -0.6 1 1.3
v -1.8 1 1.2
v -1.7 1 1.2
v -0.7 1 1.2
v -0.6 1 1.2
v -1.8 1 0.9
v -1.7 1 0.9
v -0.7 1 0.9
v -0.6 1 0.9
v -1.8 1 0.8
v -1.7 1 0.8
v -0.7 1 0.8
v -0.6 1 0.8
v -1.8 1 0.6
v -1.7 1 0.6
v -0.7 1 0.6
v -0.6 1 0.6
v -1.8 1 0.5
v -1.7 1 0.5
v -0.7 1 0.5
v -0.6 1 0.5
v -1.8 1 0.4
v -1.7 1 0.4
v -1.6 1 0.4
v -0.8 1 0.4
v -0.7 1 0.4
v -0.6 1 0.4
v -1.8 1 0.3
v -1.6 1 0.3
v -0.8 1 0.3
v -0.6 1 0.3
v -1.6 1 -0.2
v -1.5 1 -0.2
v -0.8 1 -0.2
v -0.7 1 -0.2
v -0.2 1 -0.2
v -0.0999999 1 -0.2
v 0.6 1 -0.2
v 0.7 1 -0.2
v -0.9 1 -0.3
v -0.8 1 -0.3
v -0.9 1 -0.4
v -0.8 1 -0.4
v -1.6 1 -0.5
v -1.5 1 -0.5
v -0.8 1 -0.5
v -0.7 1 -0.5
v -0.2 1 -0.5
v -0.0999999 1 -0.5
v 0.6 1 -0.5
v 0.7 1 -0.5
v -1.6 1 -1.1
v -1.5 1 -1.1
v -0.8 1 -1.1
v -0.7 1 -1.1
v -0.2 1 -1.1
v -0.0999999 1 -1.1
v 0.6 1 -1.1
v 0.7 1 -1.1
v -1.2 1 -1.3
v -1.1 1 -1.3
v -1.6 1 -1.4
v -1.5 1 -1.4
v -1.2 1 -1.4
v -1.1 1 -1.4
v -0.8 1 -1.4
v -0.7 1 -1.4
v -0.2 1 -1.4
v -0.0999999 1 -1.4
v 0.6 1 -1.4
v 0.7 1 -1.4
v -1.6 1.1 1.8
v -1.5 1.1 1.8
v -0.9 1.1 1.8
v -0.8 1.1 1.8
v -1.6 1.1 1.7
v -1.5 1.1 1.7
v -0.9 1.1 1.7
v -0.8 1.1 1.7
v -1.6 1.1 0.4
v -1.5 1.1 0.4
v -0.9 1.1 0.4
v -0.8 1.1 0.4
v -1.6 1.1 0.3
v -1.5 1.1 0.3
v -0.9 1.1 0.3
v -0.8 1.1 0.3
v -1.5 1.2 1.8
v -1.4 1.2 1.8
v -1 1.2 1.8
v -0.9 1.2 1.8
v -1.5 1.2 1.7
v -1.4 1.2 1.7
v -1 1.2 1.7
v -0.9 1.2 1.7
v -1.5 1.2 0.4
v -1.4 1.2 0.4
v -1 1.2 0.4
v -0.9 1.2 0.4
v -1.5 1.2 0.3
v -1.4 1.2 0.3
v -1 1.2 0.3
v -0.9 1.2 0.3
v -1.4 1.3 1.8
v -1 1.3 1.8
v -1.4 1.3 1.7
v -1 1.3 1.7
v -1.4 1.3 0.4
v -1 1.3 0.4
v -1.4 1.3 0.3
v -1 1.3 0.3
v 1.7 1.9 -0.6
v 1.9 1.9 -0.6
v 1.7 1.9 -0.7
v 1.9 1.9 -0.7
v 1.7 1.9 -1.4
v 1.9 1.9 -1.4
v 1.7 1.9 -1.5
v 1.9 1.9 -1.5
v -2 0.2 2
v 1.1 0.2 2
v 1.9 0.2 2
v 2 0.2 2
v -1.9 0.2 1.9
v -1.2 0.2 1.9
v -0.7 0.2 1.9
v 1.1 0.2 1.9
v 1.9 0.2 1.9
v 1.9 0.2 1.8
v 2 0.2 1.8
v 1.9 0.2 1.5
v -2 0.2 1.2
v -1.9 0.2 1.2
v -2 0.2 1
v -1.9 0.2 1
v -2 0.2 0.9
v -1.9 0.2 0.9
v -2 0.2 0.7
v -1.9 0.2 0.7
v 1.9 0.2 0.5
v -2 0.2 0.4
v -1.9 0.2 0.4
v 1.9 0.2 0.0999999
v 2 0.2 0.0999999
v 1.9 0.2 -0.1
v 2 0.2 -0.1
v -2 0.2 -0.6
v -1.9 0.2 -0.6
v 1.9 0.2 -1.3
v -2 0.2 -1.4
v -1.9 0.2 -1.4
v 1.9 0.2 -1.4
v 2 0.2 -1.4
v 1.9 0.2 -1.5
v 2 0.2 -1.5
v -2 0.2 -1.6
v -1.9 0.2 -1.6
v 1.9 0.2 -1.6
v 2 0.2 -1.6
v -1.9 0.2 -1.9
v -1.6 0.2 -1.9
v 1 0.2 -1.9
v 1.2 0.2 -1.9
v 1.4 0.2 -1.9
v 1.9 0.2 -1.9
v -2 0.2 -2
v -1.6 0.2 -2
v 1.4 0.2 -2
v 2 0.2 -2
v -1.9 0.3 1.9
v -1.2 0.3 1.9
v -0.7 0.3 1.9
v 1.1 0.3 1.9
v 1.9 0.3 1.9
v -1.7 0.3 1.8
v -1.2 0.3 1.8
v -0.7 0.3 1.8
v -0.4 0.3 1.8
v 1.1 0.3 1.8
v -0.7 0.3 1.7
v -0.6 0.3 1.7
v 0.9 0.3 1.7
v 1.4 0.3 1.7
v -1.8 0.3 1.6
v -1.7 0.3 1.6
v 1.4 0.3 1.6
v 1.7 0.3 1.6
v 0.7 0.3 1.5
v 0.9 0.3 1.5
v 1.7 0.3 1.5
v 1.9 0.3 1.5
v -1.9 0.3 1.2
v -1.8 0.3 1.2
v -0.6 0.3 1.1
v -0.5 0.3 1.1
v -0.4 0.3 1.1
v -0.6 0.3 1
v -0.5 0.3 1
v -0.0999999 0.3 1
v 0.5 0.3 1
v 0.7 0.3 1
v 0.9 0.3 1
v -0.6 0.3 0.8
v -0.5 0.3 0.8
v -1.9 0.3 0.7
v -1.8 0.3 0.7
v -0.6 0.3 0.6
v -0.5 0.3 0.6
v -0.6 0.3 0.5
v -0.0999999 0.3 0.5
v 1.7 0.3 0.5
v 1.9 0.3 0.5
v -1.9 0.3 0.4
v -1.8 0.3 0.4
v -1.7 0.3 0.4
v -0.7 0.3 0.4
v -0.6 0.3 0.4
v 0.9 0.3 0.4
v 1.4 0.3 0.4
v -1.7 0.3 0.3
v -1.2 0.3 0.3
v -0.7 0.3 0.3
v -1.8 0.3 0.2
v -1.7 0.3 0.2
v -1.2 0.3 0.2
v -0.6 0.3 0.2
v -0.3 0.3 0.2
v 0.5 0.3 0.2
v 0.9 0.3 0.2
v 1.3 0.3 0.2
v 1.5 0.3 0.2
v 1.7 0.3 0.2
v -1.7 0.3 0.0999999
v -0.6 0.3 0.0999999
v -0.3 0.3 0.0999999
v 0.8 0.3 0.0999999
v 1.1 0.3 0.0999999
v 1.3 0.3 0.0999999
v 1.5 0.3 0.0999999
v 1.9 0.3 0.0999999
v -1.6 0.3 -2.38419e-07
v -1.5 0.3 -2.38419e-07
v -1.2 0.3 -2.38419e-07
v -1.1 0.3 -2.38419e-07
v -0.8 0.3 -2.38419e-07
v -0.7 0.3 -2.38419e-07
v -0.2 0.3 -2.38419e-07
v -0.0999999 0.3 -2.38419e-07
v 0.2 0.3 -2.38419e-07
v 0.3 0.3 -2.38419e-07
v 0.6 0.3 -2.38419e-07
v 0.7 0.3 -2.38419e-07
v 1.1 0.3 -2.38419e-07
v 1.3 0.3 -2.38419e-07
v -1.6 0.3 -0.1
v -1.5 0.3 -0.1
v -1.2 0.3 -0.1
v -1.1 0.3 -0.1
v -0.8 0.3 -0.1
v -0.7 0.3 -0.1
v -0.6 0.3 -0.1
v -0.5 0.3 -0.1
v -0.2 0.3 -0.1
v -0.0999999 0.3 -0.1
v 0.2 0.3 -0.1
v 0.3 0.3 -0.1
v 0.6 0.3 -0.1
v 0.7 0.3 -0.1
v 1.3 0.3 -0.1
v 1.5 0.3 -0.1
v 1.9 0.3 -0.1
v -0.8 0.3 -0.2
v -0.6 0.3 -0.2
v -0.5 0.3 -0.2
v -0.4 0.3 -0.2
v -0.3 0.3 -0.2
v -0.2 0.3 -0.2
v -0.0999999 0.3 -0.2
v 1.3 0.3 -0.3
v 1.6 0.3 -0.3
v -0.4 0.3 -0.4
v -0.2 0.3 -0.4
v 0.9 0.3 -0.4
v 1.2 0.3 -0.4
v 1.3 0.3 -0.4
v 1.6 0.3 -0.4
v 1.7 0.3 -0.4
v -0.8 0.3 -0.5
v -0.6 0.3 -0.5
v -0.3 0.3 -0.5
v -0.0999999 0.3 -0.5
v 1.1 0.3 -0.5
v 1.2 0.3 -0.5
v 1.7 0.3 -0.5
v 1.8 0.3 -0.5
v -1.9 0.3 -0.6
v -1.8 0.3 -0.6
v -1.6 0.3 -0.6
v -1.5 0.3 -0.6
v -1.2 0.3 -0.6
v -1.1 0.3 -0.6
v -0.8 0.3 -0.6
v -0.7 0.3 -0.6
v -0.2 0.3 -0.6
v -0.0999999 0.3 -0.6
v 0.2 0.3 -0.6
v 0.3 0.3 -0.6
v 0.6 0.3 -0.6
v 0.7 0.3 -0.6
v -1.6 0.3 -0.7
v -1.5 0.3 -0.7
v -1.2 0.3 -0.7
v -1.1 0.3 -0.7
v -0.8 0.3 -0.7
v -0.7 0.3 -0.7
v -0.2 0.3 -0.7
v -0.0999999 0.3 -0.7
v 0.2 0.3 -0.7
v 0.3 0.3 -0.7
v 0.6 0.3 -0.7
v 0.7 0.3 -0.7
v 1.1 0.3 -0.8
v 1.2 0.3 -0.8
v 1.7 0.3 -0.8
v 1.8 0.3 -0.8
v -1.6 0.3 -0.9
v -1.5 0.3 -0.9
v -1.2 0.3 -0.9
v -1.1 0.3 -0.9
v -0.8 0.3 -0.9
v -0.7 0.3 -0.9
v -0.2 0.3 -0.9
v -0.0999999 0.3 -0.9
v 0.2 0.3 -0.9
v 0.3 0.3 -0.9
v 0.6 0.3 -0.9
v 0.7 0.3 -0.9
v 0.9 0.3 -0.9
v 1.1 0.3 -0.9
v 1.2 0.3 -0.9
v 1.3 0.3 -0.9
v 1.6 0.3 -0.9
v 1.7 0.3 -0.9
v -1.6 0.3 -1
v -1.5 0.3 -1
v -1.2 0.3 -1
v -1.1 0.3 -1
v -0.8 0.3 -1
v -0.7 0.3 -1
v -0.2 0.3 -1
v -0.0999999 0.3 -1
v 0.2 0.3 -1
v 0.3 0.3 -1
v 0.6 0.3 -1
v 0.7 0.3 -1
v 1.3 0.3 -1
v 1.6 0.3 -1
v -0.8 0.3 -1.1
v -0.6 0.3 -1.1
v -0.3 0.3 -1.1
v -0.0999999 0.3 -1.1
v 1.1 0.3 -1.1
v 1.2 0.3 -1.1
v 1.3 0.3 -1.1
v 1.6 0.3 -1.1
v 1.8 0.3 -1.1
v 1.2 0.3 -1.2
v 1.3 0.3 -1.2
v 1.6 0.3 -1.2
v 1.7 0.3 -1.2
v 1.1 0.3 -1.3
v 1.2 0.3 -1.3
v 1.7 0.3 -1.3
v 1.8 0.3 -1.3
v 1.9 0.3 -1.3
v -1.9 0.3 -1.4
v -1.8 0.3 -1.4
v -0.8 0.3 -1.4
v -0.0999999 0.3 -1.4
v -1.6 0.3 -1.5
v -1.5 0.3 -1.5
v -1.2 0.3 -1.5
v -1.1 0.3 -1.5
v -0.8 0.3 -1.5
v -0.7 0.3 -1.5
v -0.2 0.3 -1.5
v -0.0999999 0.3 -1.5
v 0.2 0.3 -1.5
v 0.3 0.3 -1.5
v 0.6 0.3 -1.5
v 0.7 0.3 -1.5
v -1.9 0.3 -1.6
v -1.8 0.3 -1.6
v -1.6 0.3 -1.6
v -1.5 0.3 -1.6
v -1.2 0.3 -1.6
v -1.1 0.3 -1.6
v -0.8 0.3 -1.6
v -0.7 0.3 -1.6
v -0.2 0.3 -1.6
v -0.0999999 0.3 -1.6
v 0.2 0.3 -1.6
v 0.3 0.3 -1.6
v 0.6 0.3 -1.6
v 0.7 0.3 -1.6
v 1.1 0.3 -1.6
v 1.2 0.3 -1.6
v 1.7 0.3 -1.6
v 1.8 0.3 -1.6
v 1.9 0.3 -1.6
v -1.7 0.3 -1.7
v 0.8 0.3 -1.7
v 1 0.3 -1.7
v 1.2 0.3 -1.7
v 1.3 0.3 -1.7
v 1.6 0.3 -1.7
v 1.7 0.3 -1.7
v -1.8 0.3 -1.8
v -1.6 0.3 -1.8
v 0.9 0.3 -1.8
v 1.3 0.3 -1.8
v 1.4 0.3 -1.8
v 1.6 0.3 -1.8
v -1.9 0.3 -1.9
v -1.6 0.3 -1.9
v 1 0.3 -1.9
v 1.2 0.3 -1.9
v 1.4 0.3 -1.9
v 1.9 0.3 -1.9
v -1.7 0.4 1.8
v -0.7 0.4 1.8
v -1.7 0.4 1.7
v -1.6 0.4 1.7
v -1.5 0.4 1.7
v -0.9 0.4 1.7
v -0.8 0.4 1.7
v -0.7 0.4 1.7
v -0.6 0.4 1.7
v -1.8 0.4 1.6
v -1.7 0.4 1.6
v -0.7 0.4 1.6
v -1.7 0.4 1.5
v -0.7 0.4 1.5
v -0.7 0.4 1.1
v -0.7 0.4 1
v -0.7 0.4 0.9
v -0.7 0.4 0.8
v -0.6 0.4 0.8
v -0.5 0.4 0.8
v -1.7 0.4 0.6
v -0.7 0.4 0.6
v -0.6 0.4 0.6
v -0.5 0.4 0.6
v -1.7 0.4 0.5
v -0.7 0.4 0.5
v -1.8 0.4 0.4
v -1.7 0.4 0.4
v -1.6 0.4 0.4
v -1.5 0.4 0.4
v -0.9 0.4 0.4
v -0.8 0.4 0.4
v -0.7 0.4 0.4
v -0.6 0.4 0.4
v -1.7 0.4 0.3
v -0.7 0.4 0.3
v -1.8 0.4 0.2
v -0.6 0.4 0.2
v -0.3 0.4 0.2
v 0.9 0.4 0.2
v -1.7 0.4 0.0999999
v -0.6 0.4 0.0999999
v -0.3 0.4 0.0999999
v 0.8 0.4 0.0999999
v -1.7 0.4 -1.7
v 0.8 0.4 -1.7
v -1.8 0.4 -1.8
v 0.9 0.4 -1.8
v 1.3 0.7 -0.3
v 1.6 0.7 -0.3
v 1.2 0.7 -0.4
v 1.3 0.7 -0.4
v 1.6 0.7 -0.4
v 1.7 0.7 -0.4
v 1.1 0.7 -0.5
v 1.2 0.7 -0.5
v 1.3 0.7 -0.5
v 1.6 0.7 -0.5
v 1.7 0.7 -0.5
v 1.8 0.7 -0.5
v 1.1 0.7 -0.8
v 1.2 0.7 -0.8
v 1.3 0.7 -0.8
v 1.6 0.7 -0.8
v 1.7 0.7 -0.8
v 1.8 0.7 -0.8
v 1.2 0.7 -0.9
v 1.3 0.7 -0.9
v 1.6 0.7 -0.9
v 1.7 0.7 -0.9
v 1.3 0.7 -1
v 1.6 0.7 -1
v 1.3 0.7 -1.1
v 1.6 0.7 -1.1
v 1.2 0.7 -1.2
v 1.3 0.7 -1.2
v 1.6 0.7 -1.2
v 1.7 0.7 -1.2
v -1.1 0.7 -1.3
v -0.8 0.7 -1.3
v 1.1 0.7 -1.3
v 1.2 0.7 -1.3
v 1.3 0.7 -1.3
v 1.6 0.7 -1.3
v 1.7 0.7 -1.3
v 1.8 0.7 -1.3
v -1.1 0.7 -1.5
v -0.8 0.7 -1.5
v -1.1 0.7 -1.6
v -0.8 0.7 -1.6
v 1.1 0.7 -1.6
v 1.2 0.7 -1.6
v 1.3 0.7 -1.6
v 1.6 0.7 -1.6
v 1.7 0.7 -1.6
v 1.8 0.7 -1.6
v 1.2 0.7 -1.7
v 1.3 0.7 -1.7
v 1.6 0.7 -1.7
v 1.7 0.7 -1.7
v 1.3 0.7 -1.8
v 1.6 0.7 -1.8
v 0.9 0.8 1.7
v 1.4 0.8 1.7
v 1 0.8 1.6
v 1.3 0.8 1.6
v 1 0.8 1.5
v 1.3 0.8 1.5
v 1 0.8 1.4
v 1.3 0.8 1.4
v 1 0.8 1.3
v 1.3 0.8 1.3
v 1 0.8 1.2
v 1.3 0.8 1.2
v 1 0.8 1.1
v 1.3 0.8 1.1
v 1 0.8 1
v 1.3 0.8 1
v -0.6 0.8 0.9
v -0.5 0.8 0.9
v 1 0.8 0.9
v 1.3 0.8 0.9
v 1 0.8 0.8
v 1.3 0.8 0.8
v 1 0.8 0.7
v 1.3 0.8 0.7
v 1 0.8 0.6
v 1.3 0.8 0.6
v -0.6 0.8 0.5
v -0.5 0.8 0.5
v 1 0.8 0.5
v 1.3 0.8 0.5
v 0.9 0.8 0.4
v 1.4 0.8 0.4
v -1.5 0.8 -2.38419e-07
v -1.2 0.8 -2.38419e-07
v -1.1 0.8 -2.38419e-07
v -0.8 0.8 -2.38419e-07
v -0.0999999 0.8 -2.38419e-07
v 0.2 0.8 -2.38419e-07
v 0.3 0.8 -2.38419e-07
v 0.6 0.8 -2.38419e-07
v -1.6 0.8 -0.1
v -1.5 0.8 -0.1
v -1.2 0.8 -0.1
v -1.1 0.8 -0.1
v -0.8 0.8 -0.1
v -0.2 0.8 -0.1
v -0.0999999 0.8 -0.1
v 0.2 0.8 -0.1
v 0.3 0.8 -0.1
v 0.6 0.8 -0.1
v 0.7 0.8 -0.1
v -0.8 0.8 -0.2
v -0.7 0.8 -0.2
v -1 0.8 -0.5
v -0.8 0.8 -0.5
v -1.6 0.8 -0.6
v -1.5 0.8 -0.6
v -1.2 0.8 -0.6
v -1.1 0.8 -0.6
v -1 0.8 -0.6
v -0.8 0.8 -0.6
v -0.7 0.8 -0.6
v -0.2 0.8 -0.6
v -0.0999999 0.8 -0.6
v 0.2 0.8 -0.6
v 0.3 0.8 -0.6
v 0.6 0.8 -0.6
v 0.7 0.8 -0.6
v -1.5 0.8 -0.7
v -1.2 0.8 -0.7
v -1.1 0.8 -0.7
v -0.8 0.8 -0.7
v -0.0999999 0.8 -0.7
v 0.2 0.8 -0.7
v 0.3 0.8 -0.7
v 0.6 0.8 -0.7
v -1.5 0.8 -0.9
v -1.2 0.8 -0.9
v -1.1 0.8 -0.9
v -0.8 0.8 -0.9
v -0.0999999 0.8 -0.9
v 0.2 0.8 -0.9
v 0.3 0.8 -0.9
v 0.6 0.8 -0.9
v -1.6 0.8 -1
v -1.5 0.8 -1
v -1.2 0.8 -1
v -1.1 0.8 -1
v -0.8 0.8 -1
v -0.7 0.8 -1
v -0.2 0.8 -1
v -0.0999999 0.8 -1
v 0.2 0.8 -1
v 0.3 0.8 -1
v 0.6 0.8 -1
v 0.7 0.8 -1
v -1.1 0.8 -1.1
v -1 0.8 -1.1
v -1 0.8 -1.3
v -0.8 0.8 -1.3
v -1.6 0.8 -1.5
v -1.5 0.8 -1.5
v -1.2 0.8 -1.5
v -0.8 0.8 -1.5
v -0.7 0.8 -1.5
v -0.2 0.8 -1.5
v -0.0999999 0.8 -1.5
v 0.2 0.8 -1.5
v 0.3 0.8 -1.5
v 0.6 0.8 -1.5
v 0.7 0.8 -1.5
v -1.5 0.8 -1.6
v -1.2 0.8 -1.6
v -0.0999999 0.8 -1.6
v 0.2 0.8 -1.6
v 0.3 0.8 -1.6
v 0.6 0.8 -1.6
v -0.7 0.9 0.9
v -0.6 0.9 0.9
v -0.7 0.9 0.5
v -0.6 0.9 0.5
v -1.6 0.9 -2.38419e-07
v -1.5 0.9 -2.38419e-07
v -1.2 0.9 -2.38419e-07
v -1.1 0.9 -2.38419e-07
v -0.8 0.9 -2.38419e-07
v -0.7 0.9 -2.38419e-07
v -0.2 0.9 -2.38419e-07
v -0.0999999 0.9 -2.38419e-07
v 0.2 0.9 -2.38419e-07
v 0.3 0.9 -2.38419e-07
v 0.6 0.9 -2.38419e-07
v 0.7 0.9 -2.38419e-07
v -1.6 0.9 -0.1
v -1.5 0.9 -0.1
v -1.2 0.9 -0.1
v -1.1 0.9 -0.1
v -0.8 0.9 -0.1
v -0.2 0.9 -0.1
v -0.0999999 0.9 -0.1
v 0.2 0.9 -0.1
v 0.3 0.9 -0.1
v 0.6 0.9 -0.1
v 0.7 0.9 -0.1
v -1.5 0.9 -0.2
v -1.2 0.9 -0.2
v -1.1 0.9 -0.2
v -1 0.9 -0.2
v -0.8 0.9 -0.2
v -0.7 0.9 -0.2
v -0.0999999 0.9 -0.2
v 0.2 0.9 -0.2
v 0.3 0.9 -0.2
v 0.6 0.9 -0.2
v -1 0.9 -0.3
v -0.9 0.9 -0.3
v -1 0.9 -0.4
v -0.9 0.9 -0.4
v -1.5 0.9 -0.5
v -1.2 0.9 -0.5
v -1.1 0.9 -0.5
v -1 0.9 -0.5
v -0.8 0.9 -0.5
v -0.0999999 0.9 -0.5
v 0.2 0.9 -0.5
v 0.3 0.9 -0.5
v 0.6 0.9 -0.5
v -1.6 0.9 -0.6
v -1.5 0.9 -0.6
v -1.2 0.9 -0.6
v -1.1 0.9 -0.6
v -1 0.9 -0.6
v -0.8 0.9 -0.6
v -0.7 0.9 -0.6
v -0.2 0.9 -0.6
v -0.0999999 0.9 -0.6
v 0.2 0.9 -0.6
v 0.3 0.9 -0.6
v 0.6 0.9 -0.6
v 0.7 0.9 -0.6
v -1.6 0.9 -0.7
v -1.5 0.9 -0.7
v -1.2 0.9 -0.7
v -1.1 0.9 -0.7
v -0.8 0.9 -0.7
v -0.7 0.9 -0.7
v -0.2 0.9 -0.7
v -0.0999999 0.9 -0.7
v 0.2 0.9 -0.7
v 0.3 0.9 -0.7
v 0.6 0.9 -0.7
v 0.7 0.9 -0.7
v -1.6 0.9 -0.9
v -1.5 0.9 -0.9
v -1.2 0.9 -0.9
v -1.1 0.9 -0.9
v -0.8 0.9 -0.9
v -0.7 0.9 -0.9
v -0.2 0.9 -0.9
v -0.0999999 0.9 -0.9
v 0.2 0.9 -0.9
v 0.3 0.9 -0.9
v 0.6 0.9 -0.9
v 0.7 0.9 -0.9
v -1.6 0.9 -1
v -1.5 0.9 -1
v -1.2 0.9 -1
v -0.8 0.9 -1
v -0.7 0.9 -1
v -0.2 0.9 -1
v -0.0999999 0.9 -1
v 0.2 0.9 -1
v 0.3 0.9 -1
v 0.6 0.9 -1
v 0.7 0.9 -1
v -1.5 0.9 -1.1
v -1.3 0.9 -1.1
v -1.2 0.9 -1.1
v -1.1 0.9 -1.1
v -1 0.9 -1.1
v -0.0999999 0.9 -1.1
v 0.2 0.9 -1.1
v 0.3 0.9 -1.1
v 0.6 0.9 -1.1
v -1.3 0.9 -1.2
v -1.2 0.9 -1.2
v -1.1 0.9 -1.2
v -1 0.9 -1.2
v -1.3 0.9 -1.3
v -1 0.9 -1.3
v -1.5 0.9 -1.4
v -1.3 0.9 -1.4
v -1.2 0.9 -1.4
v -1.1 0.9 -1.4
v -1 0.9 -1.4
v -0.8 0.9 -1.4
v -0.0999999 0.9 -1.4
v 0.2 0.9 -1.4
v 0.3 0.9 -1.4
v 0.6 0.9 -1.4
v -1.6 0.9 -1.5
v -1.5 0.9 -1.5
v -1.2 0.9 -1.5
v -1.1 0.9 -1.5
v -0.8 0.9 -1.5
v -0.7 0.9 -1.5
v -0.2 0.9 -1.5
v -0.0999999 0.9 -1.5
v 0.2 0.9 -1.5
v 0.3 0.9 -1.5
v 0.6 0.9 -1.5
v 0.7 0.9 -1.5
v -1.6 0.9 -1.6
v -1.5 0.9 -1.6
v -1.2 0.9 -1.6
v -1.1 0.9 -1.6
v -0.8 0.9 -1.6
v -0.7 0.9 -1.6
v -0.2 0.9 -1.6
v -0.0999999 0.9 -1.6
v 0.2 0.9 -1.6
v 0.3 0.9 -1.6
v 0.6 0.9 -1.6
v 0.7 0.9 -1.6
v -1.6 1 -0.1
v -1.5 1 -0.1
v -1.2 1 -0.1
v -1.1 1 -0.1
v -0.2 1 -0.1
v -0.0999999 1 -0.1
v 0.2 1 -0.1
v 0.3 1 -0.1
v 0.6 1 -0.1
v 0.7 1 -0.1
v -1.6 1 -0.2
v -1.5 1 -0.2
v -1.2 1 -0.2
v -1.1 1 -0.2
v -1 1 -0.2
v -0.2 1 -0.2
v -0.0999999 1 -0.2
v 0.2 1 -0.2
v 0.3 1 -0.2
v 0.6 1 -0.2
v 0.7 1 -0.2
v -1.5 1 -0.3
v -1.2 1 -0.3
v -1.1 1 -0.3
v -1 1 -0.3
v -0.9 1 -0.3
v -0.0999999 1 -0.3
v 0.2 1 -0.3
v 0.3 1 -0.3
v 0.6 1 -0.3
v -1.5 1 -0.4
v -1.2 1 -0.4
v -1.1 1 -0.4
v -1 1 -0.4
v -0.9 1 -0.4
v -0.0999999 1 -0.4
v 0.2 1 -0.4
v 0.3 1 -0.4
v 0.6 1 -0.4
v -1.6 1 -0.5
v -1.5 1 -0.5
v -1.2 1 -0.5
v -1.1 1 -0.5
v -1 1 -0.5
v -0.8 1 -0.5
v -0.7 1 -0.5
v -0.2 1 -0.5
v -0.0999999 1 -0.5
v 0.2 1 -0.5
v 0.3 1 -0.5
v 0.6 1 -0.5
v 0.7 1 -0.5
v -1.6 1 -0.6
v -1.5 1 -0.6
v -1.2 1 -0.6
v -1.1 1 -0.6
v -0.8 1 -0.6
v -0.7 1 -0.6
v -0.2 1 -0.6
v -0.0999999 1 -0.6
v 0.2 1 -0.6
v 0.3 1 -0.6
v 0.6 1 -0.6
v 0.7 1 -0.6
v -1.6 1 -1
v -1.5 1 -1
v -0.8 1 -1
v -0.7 1 -1
v -0.2 1 -1
v -0.0999999 1 -1
v 0.2 1 -1
v 0.3 1 -1
v 0.6 1 -1
v 0.7 1 -1
v -1.6 1 -1.1
v -1.5 1 -1.1
v -1.3 1 -1.1
v -1.2 1 -1.1
v -1.1 1 -1.1
v -1 1 -1.1
v -0.8 1 -1.1
v -0.7 1 -1.1
v -0.2 1 -1.1
v -0.0999999 1 -1.1
v 0.2 1 -1.1
v 0.3 1 -1.1
v 0.6 1 -1.1
v 0.7 1 -1.1
v -1.5 1 -1.2
v -1.3 1 -1.2
v -1.2 1 -1.2
v -1.1 1 -1.2
v -1 1 -1.2
v -0.8 1 -1.2
v -0.0999999 1 -1.2
v 0.2 1 -1.2
v 0.3 1 -1.2
v 0.6 1 -1.2
v -1.5 1 -1.3
v -1.3 1 -1.3
v -1.2 1 -1.3
v -1.1 1 -1.3
v -1 1 -1.3
v -0.8 1 -1.3
v -0.0999999 1 -1.3
v 0.2 1 -1.3
v 0.3 1 -1.3
v 0.6 1 -1.3
v -1.6 1 -1.4
v -1.5 1 -1.4
v -1.3 1 -1.4
v -1 1 -1.4
v -0.8 1 -1.4
v -0.7 1 -1.4
v -0.2 1 -1.4
v -0.0999999 1 -1.4
v 0.2 1 -1.4
v 0.3 1 -1.4
v 0.6 1 -1.4
v 0.7 1 -1.4
v -1.6 1 -1.5
v -1.5 1 -1.5
v -0.8 1 -1.5
v -0.7 1 -1.5
v -0.2 1 -1.5
v -0.0999999 1 -1.5
v 0.2 1 -1.5
v 0.3 1 -1.5
v 0.6 1 -1.5
v 0.7 1 -1.5
v -1.8 1.1 1.7
v -1.7 1.1 1.7
v -0.7 1.1 1.7
v -0.6 1.1 1.7
v -1.8 1.1 1.6
v -1.7 1.1 1.6
v -0.7 1.1 1.6
v -0.6 1.1 1.6
v -1.8 1.1 1.5
v -1.7 1.1 1.5
v -0.7 1.1 1.5
v -0.6 1.1 1.5
v -1.8 1.1 1.3
v -1.7 1.1 1.3
v -0.7 1.1 1.3
v -0.6 1.1 1.3
v -1.8 1.1 1.2
v -1.7 1.1 1.2
v -0.7 1.1 1.2
v -0.6 1.1 1.2
v -1.8 1.1 0.9
v -1.7 1.1 0.9
v -0.7 1.1 0.9
v -0.6 1.1 0.9
v -1.8 1.1 0.8
v -1.7 1.1 0.8
v -0.7 1.1 0.8
v -0.6 1.1 0.8
v -1.8 1.1 0.6
v -1.7 1.1 0.6
v -0.7 1.1 0.6
v -0.6 1.1 0.6
v -1.8 1.1 0.5
v -1.7 1.1 0.5
v -0.7 1.1 0.5
v -0.6 1.1 0.5
v -1.8 1.1 0.4
v -1.7 1.1 0.4
v -0.7 1.1 0.4
v -0.6 1.1 0.4
v -1.6 1.1 -0.2
v -1.5 1.1 -0.2
v -0.8 1.1 -0.2
v -0.7 1.1 -0.2
v -0.2 1.1 -0.2
v -0.0999999 1.1 -0.2
v 0.2 1.1 -0.2
v 0.3 1.1 -0.2
v 0.6 1.1 -0.2
v 0.7 1.1 -0.2
v -1.5 1.1 -0.3
v -1.2 1.1 -0.3
v -0.9 1.1 -0.3
v -0.8 1.1 -0.3
v -0.0999999 1.1 -0.3
v 0.2 1.1 -0.3
v 0.3 1.1 -0.3
v 0.6 1.1 -0.3
v -1.5 1.1 -0.4
v -1.2 1.1 -0.4
v -0.9 1.1 -0.4
v -0.8 1.1 -0.4
v -0.0999999 1.1 -0.4
v 0.2 1.1 -0.4
v 0.3 1.1 -0.4
v 0.6 1.1 -0.4
v -1.6 1.1 -0.5
v -1.5 1.1 -0.5
v -0.8 1.1 -0.5
v -0.7 1.1 -0.5
v -0.2 1.1 -0.5
v -0.0999999 1.1 -0.5
v 0.2 1.1 -0.5
v 0.3 1.1 -0.5
v 0.6 1.1 -0.5
v 0.7 1.1 -0.5
v -1.6 1.1 -1.1
v -1.5 1.1 -1.1
v -0.8 1.1 -1.1
v -0.7 1.1 -1.1
v -0.2 1.1 -1.1
v -0.0999999 1.1 -1.1
v 0.2 1.1 -1.1
v 0.3 1.1 -1.1
v 0.6 1.1 -1.1
v 0.7 1.1 -1.1
v -1.5 1.1 -1.2
v -1.3 1.1 -1.2
v -1 1.1 -1.2
v -0.8 1.1 -1.2
v -0.0999999 1.1 -1.2
v 0.2 1.1 -1.2
v 0.3 1.1 -1.2
v 0.6 1.1 -1.2
v -1.5 1.1 -1.3
v -1.3 1.1 -1.3
v -1.2 1.1 -1.3
v -1.1 1.1 -1.3
v -1 1.1 -1.3
v -0.8 1.1 -1.3
v -0.0999999 1.1 -1.3
v 0.2 1.1 -1.3
v 0.3 1.1 -1.3
v 0.6 1.1 -1.3
v -1.6 1.1 -1.4
v -1.5 1.1 -1.4
v -1.2 1.1 -1.4
v -1.1 1.1 -1.4
v -0.8 1.1 -1.4
v -0.7 1.1 -1.4
v -0.2 1.1 -1.4
v -0.0999999 1.1 -1.4
v 0.2 1.1 -1.4
v 0.3 1.1 -1.4
v 0.6 1.1 -1.4
v 0.7 1.1 -1.4
v -1.8 1.2 1.8
v -1.7 1.2 1.8
v -0.7 1.2 1.8
v -0.6 1.2 1.8
v -1.8 1.2 1.7
v -1.7 1.2 1.7
v -1.6 1.2 1.7
v -0.8 1.2 1.7
v -0.7 1.2 1.7
v -0.6 1.2 1.7
v -1.7 1.2 1.6
v -1.6 1.2 1.6
v -0.8 1.2 1.6
v -0.7 1.2 1.6
v -1.7 1.2 1.5
v -1.6 1.2 1.5
v -0.8 1.2 1.5
v -0.7 1.2 1.5
v -1.7 1.2 1.3
v -1.6 1.2 1.3
v -0.8 1.2 1.3
v -0.7 1.2 1.3
v -1.7 1.2 1.2
v -1.6 1.2 1.2
v -0.8 1.2 1.2
v -0.7 1.2 1.2
v -1.7 1.2 0.9
v -1.6 1.2 0.9
v -0.8 1.2 0.9
v -0.7 1.2 0.9
v -1.7 1.2 0.8
v -1.6 1.2 0.8
v -0.8 1.2 0.8
v -0.7 1.2 0.8
v -1.7 1.2 0.6
v -1.6 1.2 0.6
v -0.8 1.2 0.6
v -0.7 1.2 0.6
v -1.7 1.2 0.5
v -1.6 1.2 0.5
v -0.8 1.2 0.5
v -0.7 1.2 0.5
v -1.8 1.2 0.4
v -1.7 1.2 0.4
v -1.6 1.2 0.4
v -0.8 1.2 0.4
v -0.7 1.2 0.4
v -0.6 1.2 0.4
v -1.8 1.2 0.3
v -1.7 1.2 0.3
v -0.7 1.2 0.3
v -0.6 1.2 0.3
v -1.7 1.3 1.8
v -1.6 1.3 1.8
v -0.8 1.3 1.8
v -0.7 1.3 1.8
v -1.7 1.3 1.7
v -1.6 1.3 1.7
v -1.5 1.3 1.7
v -0.9 1.3 1.7
v -0.8 1.3 1.7
v -0.7 1.3 1.7
v -1.6 1.3 1.6
v -1.5 1.3 1.6
v -0.9 1.3 1.6
v -0.8 1.3 1.6
v -1.6 1.3 1.5
v -1.5 1.3 1.5
v -0.9 1.3 1.5
v -0.8 1.3 1.5
v -1.6 1.3 1.3
v -1.5 1.3 1.3
v -0.9 1.3 1.3
v -0.8 1.3 1.3
v -1.6 1.3 1.2
v -1.5 1.3 1.2
v -0.9 1.3 1.2
v -0.8 1.3 1.2
v -1.6 1.3 0.9
v -1.5 1.3 0.9
v -0.9 1.3 0.9
v -0.8 1.3 0.9
v -1.6 1.3 0.8
v -1.5 1.3 0.8
v -0.9 1.3 0.8
v -0.8 1.3 0.8
v -1.6 1.3 0.6
v -1.5 1.3 0.6
v -0.9 1.3 0.6
v -0.8 1.3 0.6
v -1.6 1.3 0.5
v -1.5 1.3 0.5
v -0.9 1.3 0.5
v -0.8 1.3 0.5
v -1.7 1.3 0.4
v -1.6 1.3 0.4
v -1.5 1.3 0.4
v -0.9 1.3 0.4
v -0.8 1.3 0.4
v -0.7 1.3 0.4
v -1.7 1.3 0.3
v -1.6 1.3 0.3
v -0.8 1.3 0.3
v -0.7 1.3 0.3
v -1.6 1.4 1.8
v -1.5 1.4 1.8
v -0.9 1.4 1.8
v -0.8 1.4 1.8
v -1.6 1.4 1.7
v -1.5 1.4 1.7
v -1.3 1.4 1.7
v -1.1 1.4 1.7
v -0.9 1.4 1.7
v -0.8 1.4 1.7
v -1.5 1.4 1.6
v -1.3 1.4 1.6
v -1.1 1.4 1.6
v -0.9 1.4 1.6
v -1.5 1.4 1.5
v -1.3 1.4 1.5
v -1.1 1.4 1.5
v -0.9 1.4 1.5
v -1.5 1.4 1.3
v -1.3 1.4 1.3
v -1.1 1.4 1.3
v -0.9 1.4 1.3
v -1.5 1.4 1.2
v -1.3 1.4 1.2
v -1.1 1.4 1.2
v -0.9 1.4 1.2
v -1.5 1.4 0.9
v -1.3 1.4 0.9
v -1.1 1.4 0.9
v -0.9 1.4 0.9
v -1.5 1.4 0.8
v -1.3 1.4 0.8
v -1.1 1.4 0.8
v -0.9 1.4 0.8
v -1.5 1.4 0.6
v -1.3 1.4 0.6
v -1.1 1.4 0.6
v -0.9 1.4 0.6
v -1.5 1.4 0.5
v -1.3 1.4 0.5
v -1.1 1.4 0.5
v -0.9 1.4 0.5
v -1.6 1.4 0.4
v -1.5 1.4 0.4
v -1.3 1.4 0.4
v -1.1 1.4 0.4
v -0.9 1.4 0.4
v -0.8 1.4 0.4
v -1.6 1.4 0.3
v -1.5 1.4 0.3
v -0.9 1.4 0.3
v -0.8 1.4 0.3
v -1.5 1.5 1.8
v -0.9 1.5 1.8
v -1.5 1.5 1.7
v -1.3 1.5 1.7
v -1.1 1.5 1.7
v -0.9 1.5 1.7
v -1.5 1.5 0.4
v -1.3 1.5 0.4
v -1.1 1.5 0.4
v -0.9 1.5 0.4
v -1.5 1.5 0.3
v -0.9 1.5 0.3
v 1.3 2 -0.4
v 1.4 2 -0.4
v 1.5 2 -0.4
v 1.6 2 -0.4
v 1.2 2 -0.5
v 1.3 2 -0.5
v 1.4 2 -0.5
v 1.5 2 -0.5
v 1.6 2 -0.5
v 1.7 2 -0.5
v 1.2 2 -0.6
v 1.3 2 -0.6
v 1.6 2 -0.6
v 1.7 2 -0.6
v 1.9 2 -0.6
v 1.2 2 -0.7
v 1.3 2 -0.7
v 1.6 2 -0.7
v 1.7 2 -0.7
v 1.9 2 -0.7
v 1.2 2 -0.8
v 1.3 2 -0.8
v 1.4 2 -0.8
v 1.5 2 -0.8
v 1.6 2 -0.8
v 1.7 2 -0.8
v 1.3 2 -0.9
v 1.4 2 -0.9
v 1.5 2 -0.9
v 1.6 2 -0.9
v 1.3 2 -1.2
v 1.4 2 -1.2
v 1.5 2 -1.2
v 1.6 2 -1.2
v 1.2 2 -1.3
v 1.3 2 -1.3
v 1.4 2 -1.3
v 1.5 2 -1.3
v 1.6 2 -1.3
v 1.7 2 -1.3
v 1.2 2 -1.4
v 1.3 2 -1.4
v 1.6 2 -1.4
v 1.7 2 -1.4
v 1.9 2 -1.4
v 1.2 2 -1.5
v 1.3 2 -1.5
v 1.6 2 -1.5
v 1.7 2 -1.5
v 1.9 2 -1.5
v 1.2 2 -1.6
v 1.3 2 -1.6
v 1.4 2 -1.6
v 1.5 2 -1.6
v 1.6 2 -1.6
v 1.7 2 -1.6
v 1.3 2 -1.7
v 1.4 2 -1.7
v 1.5 2 -1.7
v 1.6 2 -1.7
v 1.4 2.1 -0.4
v 1.5 2.1 -0.4
v 1.3 2.1 -0.5
v 1.4 2.1 -0.5
v 1.5 2.1 -0.5
v 1.6 2.1 -0.5
v 1.2 2.1 -0.6
v 1.3 2.1 -0.6
v 1.6 2.1 -0.6
v 1.7 2.1 -0.6
v 1.2 2.1 -0.7
v 1.3 2.1 -0.7
v 1.6 2.1 -0.7
v 1.7 2.1 -0.7
v 1.3 2.1 -0.8
v 1.4 2.1 -0.8
v 1.5 2.1 -0.8
v 1.6 2.1 -0.8
v 1.4 2.1 -0.9
v 1.5 2.1 -0.9
v 1.4 2.1 -1.2
v 1.5 2.1 -1.2
v 1.3 2.1 -1.3
v 1.4 2.1 -1.3
v 1.5 2.1 -1.3
v 1.6 2.1 -1.3
v 1.2 2.1 -1.4
v 1.3 2.1 -1.4
v 1.4 2.1 -1.4
v 1.5 2.1 -1.4
v 1.6 2.1 -1.4
v 1.7 2.1 -1.4
v 1.2 2.1 -1.5
v 1.3 2.1 -1.5
v 1.4 2.1 -1.5
v 1.5 2.1 -1.5
v 1.6 2.1 -1.5
v 1.7 2.1 -1.5
v 1.3 2.1 -1.6
v 1.4 2.1 -1.6
v 1.5 2.1 -1.6
v 1.6 2.1 -1.6
v 1.4 2.1 -1.7
v 1.5 2.1 -1.7
v 1.4 2.2 -1.3
v 1.5 2.2 -1.3
v 1.3 2.2 -1.4
v 1.4 2.2 -1.4
v 1.5 2.2 -1.4
v 1.6 2.2 -1.4
v 1.3 2.2 -1.5
v 1.4 2.2 -1.5
v 1.5 2.2 -1.5
v 1.6 2.2 -1.5
v 1.4 2.2 -1.6
v 1.5 2.2 -1.6

# faces
f 3/17/1 2/17/1 1/17/1
f 4/17/1 2/17/1 3/17/1
f 5/17/1 2/17/1 4/17/1
f 6/17/1 2/17/1 5/17/1
f 7/17/1 2/17/1 6/17/1
f 8/17/1 2/17/1 7/17/1
f 9/17/1 2/17/1 8/17/1
f 10/17/1 2/17/1 9/17/1
f 11/17/1 3/17/1 1/17/1
f 12/18/1 4/18/1 3/18/1
f 12/17/1 3/17/1 11/17/1
f 13/19/1 5/19/1 4/19/1
f 13/18/1 4/18/1 12/18/1
f 14/18/1 6/18/1 5/18/1
f 14/19/1 5/19/1 13/19/1
f 15/17/1 7/17/1 6/17/1
f 15/18/1 6/18/1 14/18/1
f 16/18/1 8/18/1 7/18/1
f 16/17/1 7/17/1 15/17/1
f 17/17/1 9/17/1 8/17/1
f 17/18/1 8/18/1 16/18/1
f 18/18/1 10/18/1 9/18/1
f 18/17/1 9/17/1 17/17/1
f 19/17/1 2/17/1 10/17/1
f 19/18/1 10/18/1 18/18/1
f 20/17/1 2/17/1 19/17/1
f 31/17/1 22/17/1 21/17/1
f 32/18/1 23/18/1 22/18/1
f 32/17/1 22/17/1 31/17/1
f 32/18/1 24/18/1 23/18/1
f 32/18/1 25/18/1 24/18/1
f 33/17/1 26/17/1 25/17/1
f 33/18/1 25/18/1 32/18/1
f 34/19/1 27/19/1 26/19/1
f 34/17/1 26/17/1 33/17/1
f 35/17/1 28/17/1 27/17/1
f 35/19/1 27/19/1 34/19/1
f 36/18/1 29/18/1 28/18/1
f 36/17/1 28/17/1 35/17/1
f 37/17/1 30/17/1 29/17/1
f 37/18/1 29/18/1 36/18/1
f 38/17/1 30/17/1 37/17/1
f 48/17/1 40/17/1 39/17/1
f 48/17/1 41/17/1 40/17/1
f 48/17/1 42/17/1 41/17/1
f 49/17/1 42/17/1 48/17/1
f 50/18/1 47/18/1 46/18/1
f 50/18/1 46/18/1 45/18/1
f 50/18/1 45/18/1 44/18/1
f 50/18/1 44/18/1 43/18/1
f 51/18/1 47/18/1 50/18/1
f 64/1/1 53/1/1 52/1/1
f 64/8/1 54/8/1 53/8/1
f 65/9/1 55/9/1 54/9/1
f 65/8/1 54/8/1 64/8/1
f 66/8/1 56/8/1 55/8/1
f 66/9/1 55/9/1 65/9/1
f 67/9/1 57/9/1 56/9/1
f 67/8/1 56/8/1 66/8/1
f 68/8/1 58/8/1 57/8/1
f 68/9/1 57/9/1 67/9/1
f 69/9/1 59/9/1 58/9/1
f 69/8/1 58/8/1 68/8/1
f 70/8/1 60/8/1 59/8/1
f 70/9/1 59/9/1 69/9/1
f 71/9/1 61/9/1 60/9/1
f 71/8/1 60/8/1 70/8/1
f 72/8/1 62/8/1 61/8/1
f 72/9/1 61/9/1 71/9/1
f 73/1/1 63/1/1 62/1/1
f 73/8/1 62/8/1 72/8/1
f 74/1/1 64/1/1 52/1/1
f 75/1/1 64/1/1 74/1/1
f 76/1/1 63/1/1 73/1/1
f 77/1/1 63/1/1 76/1/1
f 82/17/1 79/17/1 78/17/1
f 83/17/1 79/17/1 82/17/1
f 84/17/1 79/17/1 83/17/1
f 88/17/1 81/17/1 80/17/1
f 89/17/1 81/17/1 88/17/1
f 90/17/1 84/17/1 83/17/1
f 90/2/1 85/2/1 84/2/1
f 91/1/1 86/1/1 85/1/1
f 91/2/1 85/2/1 90/2/1
f 92/1/1 86/1/1 91/1/1
f 93/1/1 86/1/1 92/1/1
f 94/2/1 87/2/1 86/2/1
f 94/1/1 86/1/1 93/1/1
f 95/17/1 88/17/1 87/17/1
f 95/2/1 87/2/1 94/2/1
f 96/1/1 91/1/1 90/1/1
f 96/2/1 92/2/1 91/2/1
f 97/1/1 93/1/1 92/1/1
f 97/2/1 92/2/1 96/2/1
f 98/2/1 94/2/1 93/2/1
f 98/1/1 93/1/1 97/1/1
f 99/1/1 95/1/1 94/1/1
f 99/2/1 94/2/1 98/2/1
f 100/1/1 96/1/1 90/1/1
f 100/1/1 97/1/1 96/1/1
f 101/2/1 98/2/1 97/2/1
f 101/1/1 97/1/1 100/1/1
f 102/1/1 99/1/1 98/1/1
f 102/2/1 98/2/1 101/2/1
f 103/1/1 95/1/1 99/1/1
f 103/1/1 99/1/1 102/1/1
f 104/17/1 90/17/1 83/17/1
f 104/1/1 100/1/1 90/1/1
f 105/2/1 101/2/1 100/2/1
f 105/1/1 100/1/1 104/1/1
f 106/1/1 102/1/1 101/1/1
f 106/2/1 101/2/1 105/2/1
f 107/2/1 103/2/1 102/2/1
f 107/1/1 102/1/1 106/1/1
f 108/1/1 95/1/1 103/1/1
f 108/2/1 103/2/1 107/2/1
f 109/17/1 88/17/1 95/17/1
f 109/1/1 95/1/1 108/1/1
f 110/2/1 105/2/1 104/2/1
f 110/17/1 104/17/1 83/17/1
f 111/1/1 107/1/1 106/1/1
f 111/2/1 105/2/1 110/2/1
f 111/1/1 108/1/1 107/1/1
f 111/1/1 106/1/1 105/1/1
f 112/2/1 109/2/1 108/2/1
f 112/1/1 108/1/1 111/1/1
f 113/17/1 88/17/1 109/17/1
f 113/2/1 109/2/1 112/2/1
f 114/17/1 112/17/1 111/17/1
f 114/17/1 111/17/1 110/17/1
f 114/17/1 113/17/1 112/17/1
f 114/17/1 110/17/1 83/17/1
f 115/17/1 113/17/1 114/17/1
f 116/17/1 113/17/1 115/17/1
f 117/17/1 113/17/1 116/17/1
f 118/17/1 113/17/1 117/17/1
f 119/17/1 113/17/1 118/17/1
f 120/17/1 113/17/1 119/17/1
f 121/17/1 113/17/1 120/17/1
f 122/17/1 88/17/1 113/17/1
f 122/17/1 113/17/1 121/17/1
f 123/17/1 88/17/1 122/17/1
f 135/8/1 125/8/1 124/8/1
f 136/9/1 126/9/1 125/9/1
f 136/8/1 125/8/1 135/8/1
f 137/8/1 127/8/1 126/8/1
f 137/9/1 126/9/1 136/9/1
f 138/9/1 128/9/1 127/9/1
f 138/8/1 127/8/1 137/8/1
f 139/8/1 129/8/1 128/8/1
f 139/9/1 128/9/1 138/9/1
f 140/9/1 130/9/1 129/9/1
f 140/8/1 129/8/1 139/8/1
f 141/8/1 131/8/1 130/8/1
f 141/9/1 130/9/1 140/9/1
f 142/9/1 132/9/1 131/9/1
f 142/8/1 131/8/1 141/8/1
f 143/8/1 133/8/1 132/8/1
f 143/9/1 132/9/1 142/9/1
f 144/8/1 133/8/1 143/8/1
f 146/1/1 135/1/1 134/1/1
f 147/1/1 135/1/1 146/1/1
f 148/1/1 145/1/1 144/1/1
f 149/1/1 145/1/1 148/1/1
f 158/13/1 151/13/1 150/13/1
f 159/13/1 153/13/1 152/13/1
f 160/13/1 155/13/1 154/13/1
f 161/13/1 157/13/1 156/13/1
f 162/13/1 158/13/1 150/13/1
f 162/13/1 159/13/1 158/13/1
f 163/13/1 153/13/1 159/13/1
f 163/13/1 159/13/1 162/13/1
f 164/13/1 160/13/1 154/13/1
f 164/13/1 161/13/1 160/13/1
f 165/13/1 157/13/1 161/13/1
f 165/13/1 161/13/1 164/13/1
f 166/13/1 162/13/1 150/13/1
f 167/13/1 162/13/1 166/13/1
f 170/13/1 153/13/1 163/13/1
f 171/13/1 153/13/1 170/13/1
f 172/13/1 164/13/1 154/13/1
f 173/13/1 164/13/1 172/13/1
f 176/13/1 157/13/1 165/13/1
f 177/13/1 157/13/1 176/13/1
f 178/13/1 168/13/1 167/13/1
f 179/13/1 168/13/1 178/13/1
f 180/13/1 170/13/1 169/13/1
f 181/13/1 170/13/1 180/13/1
f 182/13/1 174/13/1 173/13/1
f 183/13/1 174/13/1 182/13/1
f 184/13/1 176/13/1 175/13/1
f 185/13/1 176/13/1 184/13/1
f 186/13/1 180/13/1 179/13/1
f 187/13/1 180/13/1 186/13/1
f 188/13/1 184/13/1 183/13/1
f 189/13/1 184/13/1 188/13/1
f 201/8/1 191/8/1 190/8/1
f 202/9/1 192/9/1 191/9/1
f 202/8/1 191/8/1 201/8/1
f 203/8/1 193/8/1 192/8/1
f 203/9/1 192/9/1 202/9/1
f 204/9/1 194/9/1 193/9/1
f 204/8/1 193/8/1 203/8/1
f 205/8/1 195/8/1 194/8/1
f 205/9/1 194/9/1 204/9/1
f 206/9/1 196/9/1 195/9/1
f 206/8/1 195/8/1 205/8/1
f 207/8/1 197/8/1 196/8/1
f 207/9/1 196/9/1 206/9/1
f 208/9/1 198/9/1 197/9/1
f 208/8/1 197/8/1 207/8/1
f 209/8/1 199/8/1 198/8/1
f 209/9/1 198/9/1 208/9/1
f 210/8/1 199/8/1 209/8/1
f 212/1/1 201/1/1 200/1/1
f 213/1/1 201/1/1 212/1/1
f 214/1/1 211/1/1 210/1/1
f 215/1/1 211/1/1 214/1/1
f 220/16/1 217/16/1 216/16/1
f 221/16/1 217/16/1 220/16/1
f 222/16/1 219/16/1 218/16/1
f 223/16/1 219/16/1 222/16/1
f 228/16/1 225/16/1 224/16/1
f 229/16/1 225/16/1 228/16/1
f 230/16/1 225/16/1 229/16/1
f 231/16/1 225/16/1 230/16/1
f 232/16/1 227/16/1 226/16/1
f 233/16/1 227/16/1 232/16/1
f 234/16/1 227/16/1 233/16/1
f 235/16/1 227/16/1 234/16/1
f 236/16/1 230/16/1 229/16/1
f 237/16/1 230/16/1 236/16/1
f 238/16/1 234/16/1 233/16/1
f 239/16/1 234/16/1 238/16/1
f 251/8/1 241/8/1 240/8/1
f 252/9/1 242/9/1 241/9/1
f 252/8/1 241/8/1 251/8/1
f 253/8/1 243/8/1 242/8/1
f 253/9/1 242/9/1 252/9/1
f 254/9/1 244/9/1 243/9/1
f 254/8/1 243/8/1 253/8/1
f 255/8/1 245/8/1 244/8/1
f 255/9/1 244/9/1 254/9/1
f 256/9/1 246/9/1 245/9/1
f 256/8/1 245/8/1 255/8/1
f 257/8/1 247/8/1 246/8/1
f 257/9/1 246/9/1 256/9/1
f 258/9/1 248/9/1 247/9/1
f 258/8/1 247/8/1 257/8/1
f 259/8/1 249/8/1 248/8/1
f 259/9/1 248/9/1 258/9/1
f 260/8/1 249/8/1 259/8/1
f 262/1/1 251/1/1 250/1/1
f 263/1/1 251/1/1 262/1/1
f 264/1/1 261/1/1 260/1/1
f 265/1/1 261/1/1 264/1/1
f 276/1/1 267/1/1 266/1/1
f 276/1/1 275/1/1 274/1/1
f 276/1/1 274/1/1 273/1/1
f 276/1/1 273/1/1 272/1/1
f 276/1/1 272/1/1 271/1/1
f 276/1/1 271/1/1 270/1/1
f 276/1/1 270/1/1 269/1/1
f 276/1/1 269/1/1 268/1/1
f 276/1/1 268/1/1 267/1/1
f 277/1/1 275/1/1 276/1/1
f 286/13/1 279/13/1 278/13/1
f 287/13/1 279/13/1 286/13/1
f 288/13/1 281/13/1 280/13/1
f 289/13/1 281/13/1 288/13/1
f 290/13/1 283/13/1 282/13/1
f 291/13/1 283/13/1 290/13/1
f 292/13/1 285/13/1 284/13/1
f 293/13/1 285/13/1 292/13/1
f 302/13/1 295/13/1 294/13/1
f 303/13/1 295/13/1 302/13/1
f 306/13/1 297/13/1 296/13/1
f 307/13/1 297/13/1 306/13/1
f 308/13/1 299/13/1 298/13/1
f 309/13/1 299/13/1 308/13/1
f 312/13/1 301/13/1 300/13/1
f 313/13/1 301/13/1 312/13/1
f 314/13/1 304/13/1 303/13/1
f 315/13/1 304/13/1 314/13/1
f 316/13/1 306/13/1 305/13/1
f 317/13/1 306/13/1 316/13/1
f 318/13/1 311/13/1 310/13/1
f 319/13/1 311/13/1 318/13/1
f 322/13/1 321/13/1 320/13/1
f 323/13/1 321/13/1 322/13/1
f 328/16/1 325/16/1 324/16/1
f 329/16/1 325/16/1 328/16/1
f 330/16/1 327/16/1 326/16/1
f 331/16/1 327/16/1 330/16/1
f 332/13/1 330/13/1 329/13/1
f 333/13/1 330/13/1 332/13/1
f 338/1/1 335/1/1 334/1/1
f 339/1/1 335/1/1 338/1/1
f 340/1/1 337/1/1 336/1/1
f 341/1/1 337/1/1 340/1/1
f 348/13/1 343/13/1 342/13/1
f 349/13/1 343/13/1 348/13/1
f 350/1/1 345/1/1 344/1/1
f 351/1/1 345/1/1 350/1/1
f 352/1/1 347/1/1 346/1/1
f 353/1/1 347/1/1 352/1/1
f 362/13/1 361/13/1 360/13/1
f 363/13/1 361/13/1 362/13/1
f 364/13/1 355/13/1 354/13/1
f 365/13/1 355/13/1 364/13/1
f 366/13/1 357/13/1 356/13/1
f 367/13/1 357/13/1 366/13/1
f 368/13/1 359/13/1 358/13/1
f 369/13/1 359/13/1 368/13/1
f 379/13/1 372/13/1 371/13/1
f 379/13/1 371/13/1 370/13/1
f 380/13/1 372/13/1 379/13/1
f 381/13/1 374/13/1 373/13/1
f 382/13/1 374/13/1 381/13/1
f 384/13/1 376/13/1 375/13/1
f 385/13/1 376/13/1 384/13/1
f 386/13/1 378/13/1 377/13/1
f 387/13/1 378/13/1 386/13/1
f 390/13/1 372/13/1 380/13/1
f 391/13/1 372/13/1 390/13/1
f 399/13/1 384/13/1 383/13/1
f 400/13/1 384/13/1 399/13/1
f 401/13/1 388/13/1 387/13/1
f 402/13/1 388/13/1 401/13/1
f 405/13/1 390/13/1 389/13/1
f 406/13/1 390/13/1 405/13/1
f 407/1/1 393/1/1 392/1/1
f 408/1/1 393/1/1 407/1/1
f 409/1/1 395/1/1 394/1/1
f 410/1/1 395/1/1 409/1/1
f 411/13/1 397/13/1 396/13/1
f 412/13/1 397/13/1 411/13/1
f 413/13/1 399/13/1 398/13/1
f 414/13/1 399/13/1 413/13/1
f 415/13/1 403/13/1 402/13/1
f 416/13/1 403/13/1 415/13/1
f 417/13/1 405/13/1 404/13/1
f 418/13/1 405/13/1 417/13/1
f 421/18/1 420/18/1 419/18/1
f 422/18/1 420/18/1 421/18/1
f 431/13/1 424/13/1 423/13/1
f 432/13/1 426/13/1 425/13/1
f 433/13/1 428/13/1 427/13/1
f 434/13/1 430/13/1 429/13/1
f 435/13/1 431/13/1 423/13/1
f 435/13/1 432/13/1 431/13/1
f 436/13/1 426/13/1 432/13/1
f 436/13/1 432/13/1 435/13/1
f 437/13/1 433/13/1 427/13/1
f 437/13/1 434/13/1 433/13/1
f 438/13/1 430/13/1 434/13/1
f 438/13/1 434/13/1 437/13/1
f 439/13/1 435/13/1 423/13/1
f 440/13/1 435/13/1 439/13/1
f 443/13/1 426/13/1 436/13/1
f 444/13/1 426/13/1 443/13/1
f 445/13/1 437/13/1 427/13/1
f 446/13/1 437/13/1 445/13/1
f 449/13/1 430/13/1 438/13/1
f 450/13/1 430/13/1 449/13/1
f 451/13/1 441/13/1 440/13/1
f 452/13/1 441/13/1 451/13/1
f 453/13/1 443/13/1 442/13/1
f 454/13/1 443/13/1 453/13/1
f 455/13/1 447/13/1 446/13/1
f 456/13/1 447/13/1 455/13/1
f 457/13/1 449/13/1 448/13/1
f 458/13/1 449/13/1 457/13/1
f 459/13/1 453/13/1 452/13/1
f 460/13/1 453/13/1 459/13/1
f 461/13/1 457/13/1 456/13/1
f 462/13/1 457/13/1 461/13/1
f 471/16/1 464/16/1 463/16/1
f 471/16/1 465/16/1 464/16/1
f 471/16/1 466/16/1 465/16/1
f 472/16/1 466/16/1 471/16/1
f 473/16/1 470/16/1 469/16/1
f 473/16/1 469/16/1 468/16/1
f 473/16/1 468/16/1 467/16/1
f 474/16/1 470/16/1 473/16/1
f 479/16/1 476/16/1 475/16/1
f 480/16/1 476/16/1 479/16/1
f 481/16/1 476/16/1 480/16/1
f 482/16/1 476/16/1 481/16/1
f 483/16/1 478/16/1 477/16/1
f 484/16/1 478/16/1 483/16/1
f 485/16/1 478/16/1 484/16/1
f 486/16/1 478/16/1 485/16/1
f 487/16/1 481/16/1 480/16/1
f 488/16/1 481/16/1 487/16/1
f 489/16/1 485/16/1 484/16/1
f 490/16/1 485/16/1 489/16/1
f 499/13/1 492/13/1 491/13/1
f 500/13/1 492/13/1 499/13/1
f 501/13/1 494/13/1 493/13/1
f 502/13/1 494/13/1 501/13/1
f 503/13/1 496/13/1 495/13/1
f 504/13/1 496/13/1 503/13/1
f 505/13/1 498/13/1 497/13/1
f 506/13/1 498/13/1 505/13/1
f 515/13/1 508/13/1 507/13/1
f 516/13/1 508/13/1 515/13/1
f 519/13/1 510/13/1 509/13/1
f 520/13/1 510/13/1 519/13/1
f 521/13/1 512/13/1 511/13/1
f 522/13/1 512/13/1 521/13/1
f 525/13/1 514/13/1 513/13/1
f 526/13/1 514/13/1 525/13/1
f 527/13/1 517/13/1 516/13/1
f 528/13/1 517/13/1 527/13/1
f 531/13/1 519/13/1 518/13/1
f 532/13/1 519/13/1 531/13/1
f 533/13/1 523/13/1 522/13/1
f 534/13/1 523/13/1 533/13/1
f 537/13/1 525/13/1 524/13/1
f 538/13/1 525/13/1 537/13/1
f 539/13/1 529/13/1 528/13/1
f 540/13/1 529/13/1 539/13/1
f 541/13/1 531/13/1 530/13/1
f 542/13/1 531/13/1 541/13/1
f 543/13/1 535/13/1 534/13/1
f 544/13/1 535/13/1 543/13/1
f 545/13/1 537/13/1 536/13/1
f 546/13/1 537/13/1 545/13/1
f 555/13/1 548/13/1 547/13/1
f 556/13/1 548/13/1 555/13/1
f 557/13/1 550/13/1 549/13/1
f 558/13/1 550/13/1 557/13/1
f 559/13/1 552/13/1 551/13/1
f 560/13/1 552/13/1 559/13/1
f 561/13/1 554/13/1 553/13/1
f 562/13/1 554/13/1 561/13/1
f 571/13/1 564/13/1 563/13/1
f 572/13/1 564/13/1 571/13/1
f 575/13/1 566/13/1 565/13/1
f 576/13/1 566/13/1 575/13/1
f 577/13/1 568/13/1 567/13/1
f 578/13/1 568/13/1 577/13/1
f 581/13/1 570/13/1 569/13/1
f 582/13/1 570/13/1 581/13/1
f 583/13/1 573/13/1 572/13/1
f 584/13/1 573/13/1 583/13/1
f 587/13/1 575/13/1 574/13/1
f 588/13/1 575/13/1 587/13/1
f 589/13/1 579/13/1 578/13/1
f 590/13/1 579/13/1 589/13/1
f 593/13/1 581/13/1 580/13/1
f 594/13/1 581/13/1 593/13/1
f 595/13/1 585/13/1 584/13/1
f 596/13/1 585/13/1 595/13/1
f 597/13/1 587/13/1 586/13/1
f 598/13/1 587/13/1 597/13/1
f 599/13/1 591/13/1 590/13/1
f 600/13/1 591/13/1 599/13/1
f 601/13/1 593/13/1 592/13/1
f 602/13/1 593/13/1 601/13/1
f 605/18/1 604/18/1 603/18/1
f 606/18/1 604/18/1 605/18/1
f 611/10/1 608/10/1 607/10/1
f 611/10/1 610/10/1 609/10/1
f 611/10/1 609/10/1 608/10/1
f 612/10/1 610/10/1 611/10/1
f 613/10/1 610/10/1 612/10/1
f 614/10/1 610/10/1 613/10/1
f 615/10/1 610/10/1 614/10/1
f 616/10/1 610/10/1 615/10/1
f 617/10/1 610/10/1 616/10/1
f 618/10/1 610/10/1 617/10/1
f 619/10/1 610/10/1 618/10/1
f 620/10/1 610/10/1 619/10/1
f 621/10/1 610/10/1 620/10/1
f 622/10/1 610/10/1 621/10/1
f 623/12/1 614/12/1 613/12/1
f 623/11/1 615/11/1 614/11/1
f 624/4/1 616/4/1 615/4/1
f 624/11/1 615/11/1 623/11/1
f 625/7/1 617/7/1 616/7/1
f 625/4/1 616/4/1 624/4/1
f 626/4/1 618/4/1 617/4/1
f 626/7/1 617/7/1 625/7/1
f 627/11/1 619/11/1 618/11/1
f 627/4/1 618/4/1 626/4/1
f 628/12/1 620/12/1 619/12/1
f 628/11/1 619/11/1 627/11/1
f 629/12/1 623/12/1 613/12/1
f 629/5/1 624/5/1 623/5/1
f 630/6/1 625/6/1 624/6/1
f 630/5/1 624/5/1 629/5/1
f 631/7/1 626/7/1 625/7/1
f 631/6/1 625/6/1 630/6/1
f 632/6/1 627/6/1 626/6/1
f 632/7/1 626/7/1 631/7/1
f 633/5/1 628/5/1 627/5/1
f 633/6/1 627/6/1 632/6/1
f 634/12/1 620/12/1 628/12/1
f 634/5/1 628/5/1 633/5/1
f 635/10/1 611/10/1 607/10/1
f 635/12/1 612/12/1 611/12/1
f 636/11/1 613/11/1 612/11/1
f 636/12/1 612/12/1 635/12/1
f 637/12/1 629/12/1 613/12/1
f 637/11/1 613/11/1 636/11/1
f 638/11/1 630/11/1 629/11/1
f 638/12/1 629/12/1 637/12/1
f 639/4/1 631/4/1 630/4/1
f 639/11/1 630/11/1 638/11/1
f 640/18/1 632/18/1 631/18/1
f 640/4/1 631/4/1 639/4/1
f 641/4/1 633/4/1 632/4/1
f 641/18/1 632/18/1 640/18/1
f 642/11/1 634/11/1 633/11/1
f 642/4/1 633/4/1 641/4/1
f 643/12/1 620/12/1 634/12/1
f 643/11/1 634/11/1 642/11/1
f 644/11/1 621/11/1 620/11/1
f 644/12/1 620/12/1 643/12/1
f 645/12/1 622/12/1 621/12/1
f 645/11/1 621/11/1 644/11/1
f 646/10/1 610/10/1 622/10/1
f 646/12/1 622/12/1 645/12/1
f 647/10/1 642/10/1 641/10/1
f 647/10/1 641/10/1 640/10/1
f 647/10/1 646/10/1 645/10/1
f 647/10/1 643/10/1 642/10/1
f 647/10/1 638/10/1 637/10/1
f 647/10/1 637/10/1 636/10/1
f 647/10/1 636/10/1 635/10/1
f 647/10/1 639/10/1 638/10/1
f 647/10/1 640/10/1 639/10/1
f 647/10/1 644/10/1 643/10/1
f 647/10/1 645/10/1 644/10/1
f 647/10/1 635/10/1 607/10/1
f 648/10/1 610/10/1 646/10/1
f 648/10/1 646/10/1 647/10/1
f 653/17/1 650/17/1 649/17/1
f 654/17/1 650/17/1 653/17/1
f 655/17/1 652/17/1 651/17/1
f 656/17/1 652/17/1 655/17/1
f 665/17/1 658/17/1 657/17/1
f 666/17/1 658/17/1 665/17/1
f 667/17/1 660/17/1 659/17/1
f 668/17/1 660/17/1 667/17/1
f 669/17/1 662/17/1 661/17/1
f 670/17/1 662/17/1 669/17/1
f 671/17/1 664/17/1 663/17/1
f 672/17/1 664/17/1 671/17/1
f 673/13/1 667/13/1 666/13/1
f 674/13/1 667/13/1 673/13/1
f 675/13/1 671/13/1 670/13/1
f 676/13/1 671/13/1 675/13/1
f 677/15/1 674/15/1 673/15/1
f 678/15/1 674/15/1 677/15/1
f 679/15/1 676/15/1 675/15/1
f 680/15/1 676/15/1 679/15/1
f 681/13/1 678/13/1 677/13/1
f 682/13/1 678/13/1 681/13/1
f 683/13/1 678/13/1 682/13/1
f 684/13/1 678/13/1 683/13/1
f 685/13/1 680/13/1 679/13/1
f 686/13/1 680/13/1 685/13/1
f 687/13/1 680/13/1 686/13/1
f 688/13/1 680/13/1 687/13/1
f 689/13/1 683/13/1 682/13/1
f 690/13/1 683/13/1 689/13/1
f 691/13/1 687/13/1 686/13/1
f 692/13/1 687/13/1 691/13/1
f 701/17/1 694/17/1 693/17/1
f 702/17/1 694/17/1 701/17/1
f 705/17/1 696/17/1 695/17/1
f 706/17/1 696/17/1 705/17/1
f 707/17/1 698/17/1 697/17/1
f 708/17/1 698/17/1 707/17/1
f 711/17/1 700/17/1 699/17/1
f 712/17/1 700/17/1 711/17/1
f 713/13/1 703/13/1 702/13/1
f 714/13/1 703/13/1 713/13/1
f 715/13/1 705/13/1 704/13/1
f 716/13/1 705/13/1 715/13/1
f 717/13/1 709/13/1 708/13/1
f 718/13/1 709/13/1 717/13/1
f 719/13/1 711/13/1 710/13/1
f 720/13/1 711/13/1 719/13/1
f 721/15/1 714/15/1 713/15/1
f 722/15/1 714/15/1 721/15/1
f 723/15/1 716/15/1 715/15/1
f 724/15/1 716/15/1 723/15/1
f 725/15/1 718/15/1 717/15/1
f 726/15/1 718/15/1 725/15/1
f 727/15/1 720/15/1 719/15/1
f 728/15/1 720/15/1 727/15/1
f 729/13/1 722/13/1 721/13/1
f 730/13/1 722/13/1 729/13/1
f 733/13/1 724/13/1 723/13/1
f 734/13/1 724/13/1 733/13/1
f 735/13/1 726/13/1 725/13/1
f 736/13/1 726/13/1 735/13/1
f 739/13/1 728/13/1 727/13/1
f 740/13/1 728/13/1 739/13/1
f 741/13/1 731/13/1 730/13/1
f 742/13/1 731/13/1 741/13/1
f 743/13/1 733/13/1 732/13/1
f 744/13/1 733/13/1 743/13/1
f 745/13/1 737/13/1 736/13/1
f 746/13/1 737/13/1 745/13/1
f 747/13/1 739/13/1 738/13/1
f 748/13/1 739/13/1 747/13/1
f 749/13/1 747/13/1 746/13/1
f 750/13/1 747/13/1 749/13/1
f 759/13/1 752/13/1 751/13/1
f 760/13/1 752/13/1 759/13/1
f 761/13/1 754/13/1 753/13/1
f 762/13/1 754/13/1 761/13/1
f 763/13/1 756/13/1 755/13/1
f 764/13/1 756/13/1 763/13/1
f 767/13/1 758/13/1 757/13/1
f 768/13/1 758/13/1 767/13/1
f 769/13/1 765/13/1 764/13/1
f 770/13/1 765/13/1 769/13/1
f 771/13/1 767/13/1 766/13/1
f 772/13/1 767/13/1 771/13/1
f 773/18/2 774/18/2 775/18/2
f 775/18/2 774/18/2 776/18/2
f 777/1/2 778/1/2 781/1/2
f 781/1/2 778/1/2 782/1/2
f 779/1/2 780/1/2 783/1/2
f 783/1/2 780/1/2 784/1/2
f 785/13/2 786/13/2 793/13/2
f 793/13/2 786/13/2 794/13/2
f 787/13/2 788/13/2 795/13/2
f 795/13/2 788/13/2 796/13/2
f 789/13/2 790/13/2 797/13/2
f 797/13/2 790/13/2 798/13/2
f 791/13/2 792/13/2 799/13/2
f 799/13/2 792/13/2 800/13/2
f 801/13/2 802/13/2 809/13/2
f 809/13/2 802/13/2 810/13/2
f 803/13/2 804/13/2 813/13/2
f 813/13/2 804/13/2 814/13/2
f 805/13/2 806/13/2 815/13/2
f 815/13/2 806/13/2 816/13/2
f 807/13/2 808/13/2 819/13/2
f 819/13/2 808/13/2 820/13/2
f 810/13/2 811/13/2 821/13/2
f 821/13/2 811/13/2 822/13/2
f 812/13/2 813/13/2 825/13/2
f 825/13/2 813/13/2 826/13/2
f 816/13/2 817/13/2 827/13/2
f 827/13/2 817/13/2 828/13/2
f 818/13/2 819/13/2 831/13/2
f 831/13/2 819/13/2 832/13/2
f 822/13/2 823/13/2 837/13/2
f 837/13/2 823/13/2 838/13/2
f 824/13/2 825/13/2 839/13/2
f 839/13/2 825/13/2 840/13/2
f 828/13/2 829/13/2 841/13/2
f 841/13/2 829/13/2 842/13/2
f 830/13/2 831/13/2 843/13/2
f 843/13/2 831/13/2 844/13/2
f 833/1/2 834/1/2 845/1/2
f 845/1/2 834/1/2 846/1/2
f 835/1/2 836/1/2 847/1/2
f 847/1/2 836/1/2 848/1/2
f 849/1/2 850/1/2 853/1/2
f 853/1/2 850/1/2 854/1/2
f 851/1/2 852/1/2 855/1/2
f 855/1/2 852/1/2 856/1/2
f 857/16/2 858/16/2 861/16/2
f 861/16/2 858/16/2 862/16/2
f 859/16/2 860/16/2 863/16/2
f 863/16/2 860/16/2 864/16/2
f 862/13/2 863/13/2 865/13/2
f 865/13/2 863/13/2 866/13/2
f 867/13/2 868/13/2 869/13/2
f 869/13/2 868/13/2 870/13/2
f 877/13/2 878/13/2 879/13/2
f 879/13/2 878/13/2 880/13/2
f 871/13/2 872/13/2 881/13/2
f 881/13/2 872/13/2 882/13/2
f 873/13/2 874/13/2 883/13/2
f 883/13/2 874/13/2 884/13/2
f 875/13/2 876/13/2 885/13/2
f 885/13/2 876/13/2 886/13/2
f 887/16/2 888/16/2 897/16/2
f 888/13/2 889/13/2 898/13/2
f 897/16/2 888/16/2 898/16/2
f 890/13/2 891/13/2 899/13/2
f 899/13/2 891/13/2 900/13/2
f 892/13/2 893/13/2 903/13/2
f 903/13/2 893/13/2 904/13/2
f 895/13/2 896/13/2 905/13/2
f 894/13/2 895/13/2 905/13/2
f 905/13/2 896/13/2 906/13/2
f 898/13/2 889/13/2 908/13/2
f 908/13/2 889/13/2 909/13/2
f 900/13/2 901/13/2 910/13/2
f 910/13/2 901/13/2 911/13/2
f 902/13/2 903/13/2 912/13/2
f 912/13/2 903/13/2 913/13/2
f 906/13/2 907/13/2 914/13/2
f 914/13/2 907/13/2 915/13/2
f 916/13/2 917/13/2 918/13/2
f 918/13/2 917/13/2 919/13/2
f 920/1/2 921/1/2 930/1/2
f 928/1/2 929/1/2 930/1/2
f 927/1/2 928/1/2 930/1/2
f 926/1/2 927/1/2 930/1/2
f 925/1/2 926/1/2 930/1/2
f 924/1/2 925/1/2 930/1/2
f 923/1/2 924/1/2 930/1/2
f 922/1/2 923/1/2 930/1/2
f 921/1/2 922/1/2 930/1/2
f 930/1/2 929/1/2 931/1/2
f 932/16/2 933/16/2 939/16/2
f 939/16/2 933/16/2 940/16/2
f 934/16/2 935/16/2 941/16/2
f 941/16/2 935/16/2 942/16/2
f 936/16/2 937/16/2 943/16/2
f 943/16/2 937/16/2 944/16/2
f 938/16/2 939/16/2 945/16/2
f 945/16/2 939/16/2 946/16/2
f 947/13/2 948/13/2 949/13/2
f 949/13/2 948/13/2 950/13/2
f 951/8/2 952/8/2 962/8/2
f 952/9/2 953/9/2 963/9/2
f 962/8/2 952/8/2 963/8/2
f 953/8/2 954/8/2 964/8/2
f 963/9/2 953/9/2 964/9/2
f 954/9/2 955/9/2 965/9/2
f 964/8/2 954/8/2 965/8/2
f 955/8/2 956/8/2 966/8/2
f 965/9/2 955/9/2 966/9/2
f 956/9/2 957/9/2 967/9/2
f 966/8/2 956/8/2 967/8/2
f 957/8/2 958/8/2 968/8/2
f 967/9/2 957/9/2 968/9/2
f 958/9/2 959/9/2 969/9/2
f 968/8/2 958/8/2 969/8/2
f 959/8/2 960/8/2 970/8/2
f 969/9/2 959/9/2 970/9/2
f 970/8/2 960/8/2 971/8/2
f 961/1/2 962/1/2 973/1/2
f 973/1/2 962/1/2 974/1/2
f 971/1/2 972/1/2 975/1/2
f 975/1/2 972/1/2 976/1/2
f 977/16/2 978/16/2 985/16/2
f 978/16/2 979/16/2 985/16/2
f 979/16/2 980/16/2 985/16/2
f 985/16/2 980/16/2 986/16/2
f 983/16/2 984/16/2 987/16/2
f 982/16/2 983/16/2 987/16/2
f 981/16/2 982/16/2 987/16/2
f 987/16/2 984/16/2 988/16/2
f 989/16/2 990/16/2 993/16/2
f 993/16/2 990/16/2 994/16/2
f 991/16/2 992/16/2 996/16/2
f 996/16/2 992/16/2 997/16/2
f 997/16/2 992/16/2 998/16/2
f 995/16/2 996/16/2 999/16/2
f 996/16/2 997/16/2 999/16/2
f 999/16/2 997/16/2 1000/16/2
f 1001/8/2 1002/8/2 1012/8/2
f 1002/9/2 1003/9/2 1013/9/2
f 1012/8/2 1002/8/2 1013/8/2
f 1003/8/2 1004/8/2 1014/8/2
f 1013/9/2 1003/9/2 1014/9/2
f 1004/9/2 1005/9/2 1015/9/2
f 1014/8/2 1004/8/2 1015/8/2
f 1005/8/2 1006/8/2 1016/8/2
f 1015/9/2 1005/9/2 1016/9/2
f 1006/9/2 1007/9/2 1017/9/2
f 1016/8/2 1006/8/2 1017/8/2
f 1007/8/2 1008/8/2 1018/8/2
f 1017/9/2 1007/9/2 1018/9/2
f 1008/9/2 1009/9/2 1019/9/2
f 1018/8/2 1008/8/2 1019/8/2
f 1009/8/2 1010/8/2 1020/8/2
f 1019/9/2 1009/9/2 1020/9/2
f 1020/8/2 1010/8/2 1021/8/2
f 1011/1/2 1012/1/2 1023/1/2
f 1023/1/2 1012/1/2 1024/1/2
f 1021/1/2 1022/1/2 1025/1/2
f 1025/1/2 1022/1/2 1026/1/2
f 1027/17/2 1028/17/2 1039/17/2
f 1039/17/2 1028/17/2 1040/17/2
f 1029/17/2 1030/17/2 1049/17/2
f 1049/17/2 1030/17/2 1050/17/2
f 1040/17/2 1041/17/2 1051/17/2
f 1041/2/2 1042/2/2 1051/2/2
f 1042/1/2 1043/1/2 1052/1/2
f 1051/2/2 1042/2/2 1052/2/2
f 1052/1/2 1043/1/2 1053/1/2
f 1053/1/2 1043/1/2 1054/1/2
f 1043/2/2 1044/2/2 1055/2/2
f 1054/1/2 1043/1/2 1055/1/2
f 1044/17/2 1045/17/2 1056/17/2
f 1055/2/2 1044/2/2 1056/2/2
f 1051/1/2 1052/1/2 1057/1/2
f 1052/2/2 1053/2/2 1057/2/2
f 1053/1/2 1054/1/2 1058/1/2
f 1057/2/2 1053/2/2 1058/2/2
f 1054/2/2 1055/2/2 1059/2/2
f 1058/1/2 1054/1/2 1059/1/2
f 1055/1/2 1056/1/2 1060/1/2
f 1059/2/2 1055/2/2 1060/2/2
f 1051/1/2 1057/1/2 1061/1/2
f 1057/1/2 1058/1/2 1061/1/2
f 1058/2/2 1059/2/2 1062/2/2
f 1061/1/2 1058/1/2 1062/1/2
f 1059/1/2 1060/1/2 1063/1/2
f 1062/2/2 1059/2/2 1063/2/2
f 1060/1/2 1056/1/2 1064/1/2
f 1063/1/2 1060/1/2 1064/1/2
f 1045/1/2 1046/1/2 1065/1/2
f 1056/17/2 1045/17/2 1065/17/2
f 1046/17/2 1047/17/2 1066/17/2
f 1065/1/2 1046/1/2 1066/1/2
f 1047/1/2 1048/1/2 1067/1/2
f 1066/17/2 1047/17/2 1067/17/2
f 1048/17/2 1049/17/2 1068/17/2
f 1067/1/2 1048/1/2 1068/1/2
f 1031/13/2 1032/13/2 1069/13/2
f 1033/13/2 1034/13/2 1070/13/2
f 1035/13/2 1036/13/2 1071/13/2
f 1037/13/2 1038/13/2 1072/13/2
f 1040/17/2 1051/17/2 1073/17/2
f 1051/1/2 1061/1/2 1073/1/2
f 1061/2/2 1062/2/2 1074/2/2
f 1073/1/2 1061/1/2 1074/1/2
f 1062/1/2 1063/1/2 1075/1/2
f 1074/2/2 1062/2/2 1075/2/2
f 1063/2/2 1064/2/2 1076/2/2
f 1075/1/2 1063/1/2 1076/1/2
f 1064/1/2 1056/1/2 1077/1/2
f 1076/2/2 1064/2/2 1077/2/2
f 1056/17/2 1065/17/2 1078/17/2
f 1077/1/2 1056/1/2 1078/1/2
f 1069/13/2 1070/13/2 1079/13/2
f 1070/13/2 1034/13/2 1080/13/2
f 1079/13/2 1070/13/2 1080/13/2
f 1035/13/2 1071/13/2 1081/13/2
f 1071/13/2 1072/13/2 1081/13/2
f 1072/13/2 1038/13/2 1082/13/2
f 1081/13/2 1072/13/2 1082/13/2
f 1073/2/2 1074/2/2 1083/2/2
f 1040/17/2 1073/17/2 1083/17/2
f 1075/1/2 1076/1/2 1084/1/2
f 1083/2/2 1074/2/2 1084/2/2
f 1076/1/2 1077/1/2 1084/1/2
f 1074/1/2 1075/1/2 1084/1/2
f 1077/2/2 1078/2/2 1085/2/2
f 1084/1/2 1077/1/2 1085/1/2
f 1078/17/2 1065/17/2 1086/17/2
f 1085/2/2 1078/2/2 1086/2/2
f 1086/17/2 1065/17/2 1087/17/2
f 1068/17/2 1049/17/2 1088/17/2
f 1031/13/2 1069/13/2 1089/13/2
f 1069/13/2 1079/13/2 1089/13/2
f 1089/13/2 1079/13/2 1090/13/2
f 1080/13/2 1034/13/2 1092/13/2
f 1092/13/2 1034/13/2 1093/13/2
f 1035/13/2 1081/13/2 1094/13/2
f 1094/13/2 1081/13/2 1095/13/2
f 1082/13/2 1038/13/2 1098/13/2
f 1098/13/2 1038/13/2 1099/13/2
f 1086/17/2 1087/17/2 1100/17/2
f 1087/17/2 1088/17/2 1100/17/2
f 1084/17/2 1085/17/2 1100/17/2
f 1083/17/2 1084/17/2 1100/17/2
f 1040/17/2 1083/17/2 1100/17/2
f 1085/17/2 1086/17/2 1100/17/2
f 1100/17/2 1088/17/2 1101/17/2
f 1101/17/2 1088/17/2 1102/17/2
f 1102/17/2 1088/17/2 1103/17/2
f 1103/17/2 1088/17/2 1104/17/2
f 1104/17/2 1088/17/2 1105/17/2
f 1105/17/2 1088/17/2 1106/17/2
f 1106/17/2 1088/17/2 1107/17/2
f 1088/17/2 1049/17/2 1108/17/2
f 1107/17/2 1088/17/2 1108/17/2
f 1108/17/2 1049/17/2 1109/17/2
f 1091/13/2 1092/13/2 1111/13/2
f 1111/13/2 1092/13/2 1112/13/2
f 1095/13/2 1096/13/2 1113/13/2
f 1113/13/2 1096/13/2 1114/13/2
f 1097/13/2 1098/13/2 1115/13/2
f 1115/13/2 1098/13/2 1116/13/2
f 1110/13/2 1111/13/2 1127/13/2
f 1127/13/2 1111/13/2 1128/13/2
f 1114/13/2 1115/13/2 1129/13/2
f 1129/13/2 1115/13/2 1130/13/2
f 1117/8/2 1118/8/2 1132/8/2
f 1118/9/2 1119/9/2 1133/9/2
f 1132/8/2 1118/8/2 1133/8/2
f 1119/8/2 1120/8/2 1134/8/2
f 1133/9/2 1119/9/2 1134/9/2
f 1120/9/2 1121/9/2 1135/9/2
f 1134/8/2 1120/8/2 1135/8/2
f 1121/8/2 1122/8/2 1136/8/2
f 1135/9/2 1121/9/2 1136/9/2
f 1122/9/2 1123/9/2 1137/9/2
f 1136/8/2 1122/8/2 1137/8/2
f 1123/8/2 1124/8/2 1138/8/2
f 1137/9/2 1123/9/2 1138/9/2
f 1124/9/2 1125/9/2 1139/9/2
f 1138/8/2 1124/8/2 1139/8/2
f 1125/8/2 1126/8/2 1140/8/2
f 1139/9/2 1125/9/2 1140/9/2
f 1140/8/2 1126/8/2 1141/8/2
f 1131/1/2 1132/1/2 1143/1/2
f 1143/1/2 1132/1/2 1144/1/2
f 1141/1/2 1142/1/2 1145/1/2
f 1145/1/2 1142/1/2 1146/1/2
f 1147/17/2 1148/17/2 1156/17/2
f 1148/17/2 1149/17/2 1156/17/2
f 1149/17/2 1150/17/2 1156/17/2
f 1156/17/2 1150/17/2 1157/17/2
f 1152/17/2 1153/17/2 1158/17/2
f 1151/17/2 1152/17/2 1158/17/2
f 1158/17/2 1153/17/2 1159/17/2
f 1154/18/2 1155/18/2 1160/18/2
f 1160/18/2 1155/18/2 1161/18/2
f 1162/17/2 1163/17/2 1164/17/2
f 1164/17/2 1163/17/2 1165/17/2
f 1166/1/2 1167/1/2 1178/1/2
f 1167/8/2 1168/8/2 1178/8/2
f 1168/9/2 1169/9/2 1179/9/2
f 1178/8/2 1168/8/2 1179/8/2
f 1169/8/2 1170/8/2 1180/8/2
f 1179/9/2 1169/9/2 1180/9/2
f 1170/9/2 1171/9/2 1181/9/2
f 1180/8/2 1170/8/2 1181/8/2
f 1171/8/2 1172/8/2 1182/8/2
f 1181/9/2 1171/9/2 1182/9/2
f 1172/9/2 1173/9/2 1183/9/2
f 1182/8/2 1172/8/2 1183/8/2
f 1173/8/2 1174/8/2 1184/8/2
f 1183/9/2 1173/9/2 1184/9/2
f 1174/9/2 1175/9/2 1185/9/2
f 1184/8/2 1174/8/2 1185/8/2
f 1175/8/2 1176/8/2 1186/8/2
f 1185/9/2 1175/9/2 1186/9/2
f 1176/1/2 1177/1/2 1187/1/2
f 1186/8/2 1176/8/2 1187/8/2
f 1166/1/2 1178/1/2 1188/1/2
f 1188/1/2 1178/1/2 1189/1/2
f 1187/1/2 1177/1/2 1190/1/2
f 1190/1/2 1177/1/2 1191/1/2
f 1192/17/2 1193/17/2 1194/17/2
f 1194/17/2 1193/17/2 1195/17/2
f 1196/17/2 1197/17/2 1198/17/2
f 1198/17/2 1197/17/2 1199/17/2
f 1200/13/2 1201/13/2 1208/13/2
f 1208/13/2 1201/13/2 1209/13/2
f 1202/13/2 1203/13/2 1210/13/2
f 1210/13/2 1203/13/2 1211/13/2
f 1204/13/2 1205/13/2 1212/13/2
f 1212/13/2 1205/13/2 1213/13/2
f 1206/13/2 1207/13/2 1214/13/2
f 1214/13/2 1207/13/2 1215/13/2
f 1216/13/2 1217/13/2 1224/13/2
f 1224/13/2 1217/13/2 1225/13/2
f 1218/13/2 1219/13/2 1228/13/2
f 1228/13/2 1219/13/2 1229/13/2
f 1220/13/2 1221/13/2 1230/13/2
f 1230/13/2 1221/13/2 1231/13/2
f 1222/13/2 1223/13/2 1234/13/2
f 1234/13/2 1223/13/2 1235/13/2
f 1225/13/2 1226/13/2 1236/13/2
f 1236/13/2 1226/13/2 1237/13/2
f 1227/13/2 1228/13/2 1240/13/2
f 1240/13/2 1228/13/2 1241/13/2
f 1231/13/2 1232/13/2 1242/13/2
f 1242/13/2 1232/13/2 1243/13/2
f 1233/13/2 1234/13/2 1246/13/2
f 1246/13/2 1234/13/2 1247/13/2
f 1237/13/2 1238/13/2 1248/13/2
f 1248/13/2 1238/13/2 1249/13/2
f 1239/13/2 1240/13/2 1250/13/2
f 1250/13/2 1240/13/2 1251/13/2
f 1243/13/2 1244/13/2 1252/13/2
f 1252/13/2 1244/13/2 1253/13/2
f 1245/13/2 1246/13/2 1254/13/2
f 1254/13/2 1246/13/2 1255/13/2
f 1256/13/2 1257/13/2 1264/13/2
f 1264/13/2 1257/13/2 1265/13/2
f 1258/13/2 1259/13/2 1266/13/2
f 1266/13/2 1259/13/2 1267/13/2
f 1260/13/2 1261/13/2 1268/13/2
f 1268/13/2 1261/13/2 1269/13/2
f 1262/13/2 1263/13/2 1270/13/2
f 1270/13/2 1263/13/2 1271/13/2
f 1272/13/2 1273/13/2 1280/13/2
f 1280/13/2 1273/13/2 1281/13/2
f 1274/13/2 1275/13/2 1284/13/2
f 1284/13/2 1275/13/2 1285/13/2
f 1276/13/2 1277/13/2 1286/13/2
f 1286/13/2 1277/13/2 1287/13/2
f 1278/13/2 1279/13/2 1290/13/2
f 1290/13/2 1279/13/2 1291/13/2
f 1281/13/2 1282/13/2 1292/13/2
f 1292/13/2 1282/13/2 1293/13/2
f 1283/13/2 1284/13/2 1296/13/2
f 1296/13/2 1284/13/2 1297/13/2
f 1287/13/2 1288/13/2 1298/13/2
f 1298/13/2 1288/13/2 1299/13/2
f 1289/13/2 1290/13/2 1302/13/2
f 1302/13/2 1290/13/2 1303/13/2
f 1293/13/2 1294/13/2 1304/13/2
f 1304/13/2 1294/13/2 1305/13/2
f 1295/13/2 1296/13/2 1306/13/2
f 1306/13/2 1296/13/2 1307/13/2
f 1299/13/2 1300/13/2 1308/13/2
f 1308/13/2 1300/13/2 1309/13/2
f 1301/13/2 1302/13/2 1310/13/2
f 1310/13/2 1302/13/2 1311/13/2
f 1312/16/2 1313/16/2 1316/16/2
f 1316/16/2 1313/16/2 1317/16/2
f 1314/16/2 1315/16/2 1318/16/2
f 1318/16/2 1315/16/2 1319/16/2
f 1320/16/2 1321/16/2 1324/16/2
f 1324/16/2 1321/16/2 1325/16/2
f 1325/16/2 1321/16/2 1326/16/2
f 1326/16/2 1321/16/2 1327/16/2
f 1322/16/2 1323/16/2 1328/16/2
f 1328/16/2 1323/16/2 1329/16/2
f 1329/16/2 1323/16/2 1330/16/2
f 1330/16/2 1323/16/2 1331/16/2
f 1325/16/2 1326/16/2 1332/16/2
f 1332/16/2 1326/16/2 1333/16/2
f 1329/16/2 1330/16/2 1334/16/2
f 1334/16/2 1330/16/2 1335/16/2
f 1336/13/2 1337/13/2 1344/13/2
f 1338/13/2 1339/13/2 1345/13/2
f 1340/13/2 1341/13/2 1346/13/2
f 1342/13/2 1343/13/2 1347/13/2
f 1336/13/2 1344/13/2 1348/13/2
f 1344/13/2 1345/13/2 1348/13/2
f 1345/13/2 1339/13/2 1349/13/2
f 1348/13/2 1345/13/2 1349/13/2
f 1340/13/2 1346/13/2 1350/13/2
f 1346/13/2 1347/13/2 1350/13/2
f 1347/13/2 1343/13/2 1351/13/2
f 1350/13/2 1347/13/2 1351/13/2
f 1336/13/2 1348/13/2 1352/13/2
f 1352/13/2 1348/13/2 1353/13/2
f 1349/13/2 1339/13/2 1356/13/2
f 1356/13/2 1339/13/2 1357/13/2
f 1340/13/2 1350/13/2 1358/13/2
f 1358/13/2 1350/13/2 1359/13/2
f 1351/13/2 1343/13/2 1362/13/2
f 1362/13/2 1343/13/2 1363/13/2
f 1353/13/2 1354/13/2 1364/13/2
f 1364/13/2 1354/13/2 1365/13/2
f 1355/13/2 1356/13/2 1366/13/2
f 1366/13/2 1356/13/2 1367/13/2
f 1359/13/2 1360/13/2 1368/13/2
f 1368/13/2 1360/13/2 1369/13/2
f 1361/13/2 1362/13/2 1370/13/2
f 1370/13/2 1362/13/2 1371/13/2
f 1365/13/2 1366/13/2 1372/13/2
f 1372/13/2 1366/13/2 1373/13/2
f 1369/13/2 1370/13/2 1374/13/2
f 1374/13/2 1370/13/2 1375/13/2
f 1376/18/2 1377/18/2 1380/18/2
f 1378/18/2 1379/18/2 1380/18/2
f 1377/18/2 1378/18/2 1380/18/2
f 1380/18/2 1379/18/2 1381/18/2
f 1382/10/2 1383/10/2 1385/10/2
f 1383/10/2 1384/10/2 1385/10/2
f 1385/10/2 1384/10/2 1386/10/2
f 1386/10/2 1384/10/2 1387/10/2
f 1387/10/2 1384/10/2 1388/10/2
f 1388/10/2 1384/10/2 1389/10/2
f 1389/10/2 1384/10/2 1390/10/2
f 1390/10/2 1384/10/2 1391/10/2
f 1391/10/2 1384/10/2 1392/10/2
f 1392/10/2 1384/10/2 1393/10/2
f 1393/10/2 1384/10/2 1394/10/2
f 1394/10/2 1384/10/2 1395/10/2
f 1395/10/2 1384/10/2 1396/10/2
f 1387/12/2 1388/12/2 1397/12/2
f 1388/11/2 1389/11/2 1397/11/2
f 1389/4/2 1390/4/2 1398/4/2
f 1397/11/2 1389/11/2 1398/11/2
f 1390/7/2 1391/7/2 1399/7/2
f 1398/4/2 1390/4/2 1399/4/2
f 1391/4/2 1392/4/2 1400/4/2
f 1399/7/2 1391/7/2 1400/7/2
f 1392/11/2 1393/11/2 1401/11/2
f 1400/4/2 1392/4/2 1401/4/2
f 1393/12/2 1394/12/2 1402/12/2
f 1401/11/2 1393/11/2 1402/11/2
f 1387/12/2 1397/12/2 1403/12/2
f 1397/5/2 1398/5/2 1403/5/2
f 1398/6/2 1399/6/2 1404/6/2
f 1403/5/2 1398/5/2 1404/5/2
f 1399/7/2 1400/7/2 1405/7/2
f 1404/6/2 1399/6/2 1405/6/2
f 1400/6/2 1401/6/2 1406/6/2
f 1405/7/2 1400/7/2 1406/7/2
f 1401/5/2 1402/5/2 1407/5/2
f 1406/6/2 1401/6/2 1407/6/2
f 1402/12/2 1394/12/2 1408/12/2
f 1407/5/2 1402/5/2 1408/5/2
f 1382/10/2 1385/10/2 1409/10/2
f 1385/12/2 1386/12/2 1409/12/2
f 1386/11/2 1387/11/2 1410/11/2
f 1409/12/2 1386/12/2 1410/12/2
f 1387/12/2 1403/12/2 1411/12/2
f 1410/11/2 1387/11/2 1411/11/2
f 1403/11/2 1404/11/2 1412/11/2
f 1411/12/2 1403/12/2 1412/12/2
f 1404/4/2 1405/4/2 1413/4/2
f 1412/11/2 1404/11/2 1413/11/2
f 1405/18/2 1406/18/2 1414/18/2
f 1413/4/2 1405/4/2 1414/4/2
f 1406/4/2 1407/4/2 1415/4/2
f 1414/18/2 1406/18/2 1415/18/2
f 1407/11/2 1408/11/2 1416/11/2
f 1415/4/2 1407/4/2 1416/4/2
f 1408/12/2 1394/12/2 1417/12/2
f 1416/11/2 1408/11/2 1417/11/2
f 1394/11/2 1395/11/2 1418/11/2
f 1417/12/2 1394/12/2 1418/12/2
f 1395/12/2 1396/12/2 1419/12/2
f 1418/11/2 1395/11/2 1419/11/2
f 1396/10/2 1384/10/2 1420/10/2
f 1419/12/2 1396/12/2 1420/12/2
f 1415/10/2 1416/10/2 1421/10/2
f 1414/10/2 1415/10/2 1421/10/2
f 1419/10/2 1420/10/2 1421/10/2
f 1416/10/2 1417/10/2 1421/10/2
f 1411/10/2 1412/10/2 1421/10/2
f 1410/10/2 1411/10/2 1421/10/2
f 1409/10/2 1410/10/2 1421/10/2
f 1412/10/2 1413/10/2 1421/10/2
f 1413/10/2 1414/10/2 1421/10/2
f 1417/10/2 1418/10/2 1421/10/2
f 1418/10/2 1419/10/2 1421/10/2
f 1382/10/2 1409/10/2 1421/10/2
f 1420/10/2 1384/10/2 1422/10/2
f 1421/10/2 1420/10/2 1422/10/2
f 1423/13/2 1424/13/2 1431/13/2
f 1431/13/2 1424/13/2 1432/13/2
f 1425/13/2 1426/13/2 1433/13/2
f 1433/13/2 1426/13/2 1434/13/2
f 1427/13/2 1428/13/2 1435/13/2
f 1435/13/2 1428/13/2 1436/13/2
f 1429/13/2 1430/13/2 1439/13/2
f 1439/13/2 1430/13/2 1440/13/2
f 1436/13/2 1437/13/2 1441/13/2
f 1441/13/2 1437/13/2 1442/13/2
f 1438/13/2 1439/13/2 1443/13/2
f 1443/13/2 1439/13/2 1444/13/2
f 1445/17/2 1446/17/2 1453/17/2
f 1453/17/2 1446/17/2 1454/17/2
f 1447/17/2 1448/17/2 1457/17/2
f 1457/17/2 1448/17/2 1458/17/2
f 1449/17/2 1450/17/2 1459/17/2
f 1459/17/2 1450/17/2 1460/17/2
f 1451/17/2 1452/17/2 1463/17/2
f 1463/17/2 1452/17/2 1464/17/2
f 1454/13/2 1455/13/2 1465/13/2
f 1465/13/2 1455/13/2 1466/13/2
f 1456/13/2 1457/13/2 1467/13/2
f 1467/13/2 1457/13/2 1468/13/2
f 1460/13/2 1461/13/2 1469/13/2
f 1469/13/2 1461/13/2 1470/13/2
f 1462/13/2 1463/13/2 1471/13/2
f 1471/13/2 1463/13/2 1472/13/2
f 1465/15/2 1466/15/2 1473/15/2
f 1473/15/2 1466/15/2 1474/15/2
f 1467/15/2 1468/15/2 1475/15/2
f 1475/15/2 1468/15/2 1476/15/2
f 1469/15/2 1470/15/2 1477/15/2
f 1477/15/2 1470/15/2 1478/15/2
f 1471/15/2 1472/15/2 1479/15/2
f 1479/15/2 1472/15/2 1480/15/2
f 1473/13/2 1474/13/2 1481/13/2
f 1481/13/2 1474/13/2 1482/13/2
f 1475/13/2 1476/13/2 1485/13/2
f 1485/13/2 1476/13/2 1486/13/2
f 1477/13/2 1478/13/2 1487/13/2
f 1487/13/2 1478/13/2 1488/13/2
f 1479/13/2 1480/13/2 1491/13/2
f 1491/13/2 1480/13/2 1492/13/2
f 1482/13/2 1483/13/2 1493/13/2
f 1493/13/2 1483/13/2 1494/13/2
f 1484/13/2 1485/13/2 1495/13/2
f 1495/13/2 1485/13/2 1496/13/2
f 1488/13/2 1489/13/2 1497/13/2
f 1497/13/2 1489/13/2 1498/13/2
f 1490/13/2 1491/13/2 1499/13/2
f 1499/13/2 1491/13/2 1500/13/2
f 1498/13/2 1499/13/2 1501/13/2
f 1501/13/2 1499/13/2 1502/13/2
f 1503/17/2 1504/17/2 1511/17/2
f 1511/17/2 1504/17/2 1512/17/2
f 1505/17/2 1506/17/2 1513/17/2
f 1513/17/2 1506/17/2 1514/17/2
f 1507/17/2 1508/17/2 1515/17/2
f 1515/17/2 1508/17/2 1516/17/2
f 1509/17/2 1510/17/2 1517/17/2
f 1517/17/2 1510/17/2 1518/17/2
f 1512/13/2 1513/13/2 1519/13/2
f 1519/13/2 1513/13/2 1520/13/2
f 1516/13/2 1517/13/2 1521/13/2
f 1521/13/2 1517/13/2 1522/13/2
f 1519/15/2 1520/15/2 1523/15/2
f 1523/15/2 1520/15/2 1524/15/2
f 1524/15/2 1520/15/2 1525/15/2
f 1525/15/2 1520/15/2 1526/15/2
f 1521/15/2 1522/15/2 1527/15/2
f 1527/15/2 1522/15/2 1528/15/2
f 1528/15/2 1522/15/2 1529/15/2
f 1529/15/2 1522/15/2 1530/15/2
f 1523/13/2 1524/13/2 1531/13/2
f 1531/13/2 1524/13/2 1532/13/2
f 1525/13/2 1526/13/2 1533/13/2
f 1533/13/2 1526/13/2 1534/13/2
f 1527/13/2 1528/13/2 1535/13/2
f 1535/13/2 1528/13/2 1536/13/2
f 1529/13/2 1530/13/2 1537/13/2
f 1537/13/2 1530/13/2 1538/13/2
f 1532/13/2 1533/13/2 1539/13/2
f 1539/13/2 1533/13/2 1540/13/2
f 1536/13/2 1537/13/2 1541/13/2
f 1541/13/2 1537/13/2 1542/13/2
f 1543/17/2 1544/17/2 1547/17/2
f 1547/17/2 1544/17/2 1548/17/2
f 1545/17/2 1546/17/2 1549/17/2
f 1549/17/2 1546/17/2 1550/17/2
f 1551/18/2 1552/18/2 1562/18/2
f 1552/18/2 1553/18/2 1562/18/2
f 1553/19/2 1554/19/2 1563/19/2
f 1562/18/2 1553/18/2 1563/18/2
f 1554/18/2 1555/18/2 1564/18/2
f 1563/19/2 1554/19/2 1564/19/2
f 1555/17/2 1556/17/2 1565/17/2
f 1564/18/2 1555/18/2 1565/18/2
f 1556/18/2 1557/18/2 1566/18/2
f 1565/17/2 1556/17/2 1566/17/2
f 1559/19/2 1560/19/2 1567/19/2
f 1566/18/2 1557/18/2 1567/18/2
f 1557/19/2 1558/19/2 1567/19/2
f 1558/19/2 1559/19/2 1567/19/2
f 1560/17/2 1561/17/2 1568/17/2
f 1567/19/2 1560/19/2 1568/19/2
f 1568/17/2 1561/17/2 1569/17/2
f 1570/13/2 1571/13/2 1574/13/2
f 1574/13/2 1571/13/2 1575/13/2
f 1572/13/2 1573/13/2 1576/13/2
f 1576/13/2 1573/13/2 1577/13/2
f 1578/17/2 1579/17/2 1580/17/2
f 1580/17/2 1579/17/2 1581/17/2
f 1581/17/2 1579/17/2 1582/17/2
f 1582/17/2 1579/17/2 1583/17/2
f 1583/17/2 1579/17/2 1584/17/2
f 1584/17/2 1579/17/2 1585/17/2
f 1578/17/2 1580/17/2 1586/17/2
f 1580/18/2 1581/18/2 1587/18/2
f 1586/17/2 1580/17/2 1587/17/2
f 1581/17/2 1582/17/2 1588/17/2
f 1587/18/2 1581/18/2 1588/18/2
f 1582/18/2 1583/18/2 1589/18/2
f 1588/17/2 1582/17/2 1589/17/2
f 1583/19/2 1584/19/2 1590/19/2
f 1589/18/2 1583/18/2 1590/18/2
f 1584/18/2 1585/18/2 1591/18/2
f 1590/19/2 1584/19/2 1591/19/2
f 1585/17/2 1579/17/2 1592/17/2
f 1591/18/2 1585/18/2 1592/18/2
f 1592/17/2 1579/17/2 1593/17/2
f 1596/17/3 1595/17/3 1594/17/3
f 1597/17/3 1595/17/3 1596/17/3
f 1598/17/3 1596/17/3 1594/17/3
f 1598/18/3 1597/18/3 1596/18/3
f 1599/18/3 1597/18/3 1598/18/3
f 1600/17/3 1598/17/3 1594/17/3
f 1600/17/3 1599/17/3 1598/17/3
f 1601/17/3 1599/17/3 1600/17/3
f 1604/17/3 1603/17/3 1602/17/3
f 1605/17/3 1603/17/3 1604/17/3
f 1606/18/3 1605/18/3 1604/18/3
f 1607/18/3 1605/18/3 1606/18/3
f 1608/17/3 1607/17/3 1606/17/3
f 1609/17/3 1607/17/3 1608/17/3
f 1610/18/3 1609/18/3 1608/18/3
f 1611/18/3 1609/18/3 1610/18/3
f 1616/1/3 1613/1/3 1612/1/3
f 1618/1/3 1616/1/3 1612/1/3
f 1618/1/3 1617/1/3 1616/1/3
f 1619/1/3 1617/1/3 1618/1/3
f 1620/1/3 1617/1/3 1619/1/3
f 1622/1/3 1621/1/3 1620/1/3
f 1622/1/3 1620/1/3 1619/1/3
f 1623/1/3 1621/1/3 1622/1/3
f 1624/1/3 1621/1/3 1623/1/3
f 1626/1/3 1625/1/3 1624/1/3
f 1626/1/3 1624/1/3 1623/1/3
f 1627/1/3 1625/1/3 1626/1/3
f 1628/17/3 1615/17/3 1614/17/3
f 1630/1/3 1625/1/3 1627/1/3
f 1632/1/3 1630/1/3 1629/1/3
f 1633/1/3 1625/1/3 1630/1/3
f 1633/1/3 1630/1/3 1632/1/3
f 1634/1/3 1625/1/3 1633/1/3
f 1636/1/3 1632/1/3 1631/1/3
f 1636/1/3 1633/1/3 1632/1/3
f 1637/1/3 1633/1/3 1636/1/3
f 1638/1/3 1633/1/3 1637/1/3
f 1639/17/3 1615/17/3 1628/17/3
f 1640/17/3 1615/17/3 1639/17/3
f 1641/1/3 1636/1/3 1635/1/3
f 1641/1/3 1637/1/3 1636/1/3
f 1642/1/3 1637/1/3 1641/1/3
f 1643/1/3 1641/1/3 1635/1/3
f 1644/1/3 1641/1/3 1643/1/3
f 1647/17/3 1646/17/3 1645/17/3
f 1648/17/3 1646/17/3 1647/17/3
f 1649/17/3 1646/17/3 1648/17/3
f 1650/17/3 1646/17/3 1649/17/3
f 1651/17/3 1646/17/3 1650/17/3
f 1653/2/3 1648/2/3 1647/2/3
f 1654/1/3 1649/1/3 1648/1/3
f 1654/2/3 1648/2/3 1653/2/3
f 1655/1/3 1649/1/3 1654/1/3
f 1656/1/3 1649/1/3 1655/1/3
f 1657/2/3 1650/2/3 1649/2/3
f 1657/1/3 1649/1/3 1656/1/3
f 1658/17/3 1652/17/3 1651/17/3
f 1658/2/3 1650/2/3 1657/2/3
f 1658/17/3 1651/17/3 1650/17/3
f 1659/17/3 1652/17/3 1658/17/3
f 1660/17/3 1652/17/3 1659/17/3
f 1662/1/3 1660/1/3 1659/1/3
f 1662/17/3 1661/17/3 1660/17/3
f 1663/17/3 1661/17/3 1662/17/3
f 1665/2/3 1655/2/3 1654/2/3
f 1665/1/3 1654/1/3 1653/1/3
f 1666/1/3 1656/1/3 1655/1/3
f 1666/2/3 1655/2/3 1665/2/3
f 1667/2/3 1657/2/3 1656/2/3
f 1667/1/3 1656/1/3 1666/1/3
f 1668/1/3 1658/1/3 1657/1/3
f 1668/2/3 1657/2/3 1667/2/3
f 1669/1/3 1666/1/3 1665/1/3
f 1669/1/3 1665/1/3 1653/1/3
f 1670/2/3 1667/2/3 1666/2/3
f 1670/1/3 1666/1/3 1669/1/3
f 1671/1/3 1668/1/3 1667/1/3
f 1671/2/3 1667/2/3 1670/2/3
f 1672/1/3 1658/1/3 1668/1/3
f 1672/1/3 1668/1/3 1671/1/3
f 1673/1/3 1663/1/3 1662/1/3
f 1673/1/3 1662/1/3 1659/1/3
f 1674/17/3 1664/17/3 1663/17/3
f 1674/1/3 1663/1/3 1673/1/3
f 1675/17/3 1664/17/3 1674/17/3
f 1676/1/3 1669/1/3 1653/1/3
f 1677/2/3 1670/2/3 1669/2/3
f 1677/1/3 1669/1/3 1676/1/3
f 1678/1/3 1671/1/3 1670/1/3
f 1678/2/3 1670/2/3 1677/2/3
f 1679/2/3 1672/2/3 1671/2/3
f 1679/1/3 1671/1/3 1678/1/3
f 1680/1/3 1658/1/3 1672/1/3
f 1680/2/3 1672/2/3 1679/2/3
f 1681/17/3 1659/17/3 1658/17/3
f 1681/1/3 1658/1/3 1680/1/3
f 1682/1/3 1673/1/3 1659/1/3
f 1682/17/3 1659/17/3 1681/17/3
f 1683/17/3 1674/17/3 1673/17/3
f 1683/1/3 1673/1/3 1682/1/3
f 1684/17/3 1674/17/3 1683/17/3
f 1685/2/3 1677/2/3 1676/2/3
f 1686/1/3 1679/1/3 1678/1/3
f 1686/2/3 1677/2/3 1685/2/3
f 1686/1/3 1680/1/3 1679/1/3
f 1686/1/3 1678/1/3 1677/1/3
f 1687/2/3 1681/2/3 1680/2/3
f 1687/1/3 1680/1/3 1686/1/3
f 1688/17/3 1683/17/3 1682/17/3
f 1688/2/3 1681/2/3 1687/2/3
f 1688/17/3 1682/17/3 1681/17/3
f 1689/17/3 1683/17/3 1688/17/3
f 1690/17/3 1683/17/3 1689/17/3
f 1692/17/3 1686/17/3 1685/17/3
f 1692/17/3 1687/17/3 1686/17/3
f 1692/17/3 1689/17/3 1688/17/3
f 1692/17/3 1688/17/3 1687/17/3
f 1693/17/3 1689/17/3 1692/17/3
f 1694/17/3 1692/17/3 1691/17/3
f 1695/17/3 1692/17/3 1694/17/3
f 1698/10/3 1697/10/3 1696/10/3
f 1699/10/3 1697/10/3 1698/10/3
f 1700/10/3 1697/10/3 1699/10/3
f 1701/10/3 1697/10/3 1700/10/3
f 1702/10/3 1698/10/3 1696/10/3
f 1702/13/3 1699/13/3 1698/13/3
f 1703/14/3 1700/14/3 1699/14/3
f 1703/13/3 1699/13/3 1702/13/3
f 1704/13/3 1701/13/3 1700/13/3
f 1704/14/3 1700/14/3 1703/14/3
f 1705/10/3 1697/10/3 1701/10/3
f 1705/13/3 1701/13/3 1704/13/3
f 1706/14/3 1703/14/3 1702/14/3
f 1706/10/3 1702/10/3 1696/10/3
f 1707/13/3 1704/13/3 1703/13/3
f 1707/14/3 1703/14/3 1706/14/3
f 1708/14/3 1705/14/3 1704/14/3
f 1708/13/3 1704/13/3 1707/13/3
f 1709/10/3 1697/10/3 1705/10/3
f 1709/14/3 1705/14/3 1708/14/3
f 1710/10/3 1706/10/3 1696/10/3
f 1710/13/3 1707/13/3 1706/13/3
f 1711/14/3 1708/14/3 1707/14/3
f 1711/13/3 1707/13/3 1710/13/3
f 1712/13/3 1709/13/3 1708/13/3
f 1712/14/3 1708/14/3 1711/14/3
f 1713/10/3 1697/10/3 1709/10/3
f 1713/13/3 1709/13/3 1712/13/3
f 1714/10/3 1712/10/3 1711/10/3
f 1714/10/3 1710/10/3 1696/10/3
f 1714/10/3 1713/10/3 1712/10/3
f 1714/10/3 1711/10/3 1710/10/3
f 1715/10/3 1697/10/3 1713/10/3
f 1715/10/3 1713/10/3 1714/10/3
f 1718/17/3 1717/17/3 1716/17/3
f 1719/17/3 1717/17/3 1718/17/3
f 1722/17/3 1721/17/3 1720/17/3
f 1723/17/3 1721/17/3 1722/17/3
f 1724/17/3 1722/17/3 1720/17/3
f 1725/17/3 1722/17/3 1724/17/3
f 1728/17/3 1727/17/3 1726/17/3
f 1729/17/3 1727/17/3 1728/17/3
f 1732/1/3 1731/1/3 1730/1/3
f 1733/1/3 1731/1/3 1732/1/3
f 1735/1/3 1734/1/3 1733/1/3
f 1736/1/3 1734/1/3 1735/1/3
f 1738/1/3 1737/1/3 1736/1/3
f 1739/1/3 1737/1/3 1738/1/3
f 1741/1/3 1740/1/3 1739/1/3
f 1742/1/3 1740/1/3 1741/1/3
f 1746/1/3 1744/1/3 1743/1/3
f 1747/1/3 1744/1/3 1746/1/3
f 1749/1/3 1746/1/3 1745/1/3
f 1750/1/3 1746/1/3 1749/1/3
f 1752/1/3 1749/1/3 1748/1/3
f 1753/1/3 1749/1/3 1752/1/3
f 1754/1/3 1752/1/3 1751/1/3
f 1755/1/3 1752/1/3 1754/1/3
f 1758/18/3 1757/18/3 1756/18/3
f 1759/18/3 1757/18/3 1758/18/3
f 1760/18/3 1757/18/3 1759/18/3
f 1761/18/3 1757/18/3 1760/18/3
f 1764/18/3 1763/18/3 1762/18/3
f 1765/18/3 1763/18/3 1764/18/3
f 1766/18/3 1763/18/3 1765/18/3
f 1769/13/3 1768/13/3 1767/13/3
f 1770/13/3 1768/13/3 1769/13/3
f 1771/13/3 1768/13/3 1770/13/3
f 1772/13/3 1768/13/3 1771/13/3
f 1774/13/3 1771/13/3 1770/13/3
f 1775/13/3 1771/13/3 1774/13/3
f 1777/13/3 1774/13/3 1773/13/3
f 1777/13/3 1776/13/3 1775/13/3
f 1777/13/3 1775/13/3 1774/13/3
f 1778/13/3 1776/13/3 1777/13/3
f 1779/13/3 1776/13/3 1778/13/3
f 1780/13/3 1776/13/3 1779/13/3
f 1782/13/3 1779/13/3 1778/13/3
f 1783/13/3 1779/13/3 1782/13/3
f 1785/13/3 1782/13/3 1781/13/3
f 1785/13/3 1784/13/3 1783/13/3
f 1785/13/3 1783/13/3 1782/13/3
f 1786/13/3 1784/13/3 1785/13/3
f 1789/13/3 1788/13/3 1787/13/3
f 1790/13/3 1788/13/3 1789/13/3
f 1791/13/3 1788/13/3 1790/13/3
f 1792/13/3 1788/13/3 1791/13/3
f 1794/13/3 1791/13/3 1790/13/3
f 1795/13/3 1791/13/3 1794/13/3
f 1797/13/3 1794/13/3 1793/13/3
f 1797/13/3 1796/13/3 1795/13/3
f 1797/13/3 1795/13/3 1794/13/3
f 1798/13/3 1796/13/3 1797/13/3
f 1799/13/3 1796/13/3 1798/13/3
f 1800/13/3 1796/13/3 1799/13/3
f 1802/13/3 1799/13/3 1798/13/3
f 1803/13/3 1799/13/3 1802/13/3
f 1805/13/3 1802/13/3 1801/13/3
f 1805/13/3 1804/13/3 1803/13/3
f 1805/13/3 1803/13/3 1802/13/3
f 1806/13/3 1804/13/3 1805/13/3
f 1812/13/3 1808/13/3 1807/13/3
f 1813/13/3 1808/13/3 1812/13/3
f 1814/16/3 1810/16/3 1809/16/3
f 1815/16/3 1810/16/3 1814/16/3
f 1816/16/3 1812/16/3 1811/16/3
f 1817/16/3 1812/16/3 1816/16/3
f 1822/13/3 1818/13/3 1817/13/3
f 1823/13/3 1818/13/3 1822/13/3
f 1824/16/3 1820/16/3 1819/16/3
f 1825/16/3 1820/16/3 1824/16/3
f 1826/16/3 1822/16/3 1821/16/3
f 1827/16/3 1822/16/3 1826/16/3
f 1833/13/3 1829/13/3 1828/13/3
f 1834/13/3 1829/13/3 1833/13/3
f 1835/16/3 1831/16/3 1830/16/3
f 1836/16/3 1831/16/3 1835/16/3
f 1837/16/3 1833/16/3 1832/16/3
f 1838/16/3 1833/16/3 1837/16/3
f 1843/13/3 1839/13/3 1838/13/3
f 1844/13/3 1839/13/3 1843/13/3
f 1845/16/3 1841/16/3 1840/16/3
f 1846/16/3 1841/16/3 1845/16/3
f 1847/16/3 1843/16/3 1842/16/3
f 1848/16/3 1843/16/3 1847/16/3
f 1850/13/3 1849/13/3 1848/13/3
f 1851/13/3 1849/13/3 1850/13/3
f 1855/13/3 1853/13/3 1852/13/3
f 1856/13/3 1853/13/3 1855/13/3
f 1857/16/3 1855/16/3 1854/16/3
f 1858/16/3 1855/16/3 1857/16/3
f 1861/16/3 1860/16/3 1859/16/3
f 1862/16/3 1860/16/3 1861/16/3
f 1865/13/3 1864/13/3 1863/13/3
f 1866/13/3 1864/13/3 1865/13/3
f 1870/13/3 1868/13/3 1867/13/3
f 1871/13/3 1868/13/3 1870/13/3
f 1872/16/3 1870/16/3 1869/16/3
f 1873/16/3 1870/16/3 1872/16/3
f 1876/13/3 1874/13/3 1873/13/3
f 1877/13/3 1874/13/3 1876/13/3
f 1878/16/3 1876/16/3 1875/16/3
f 1879/16/3 1876/16/3 1878/16/3
f 1881/13/3 1880/13/3 1879/13/3
f 1882/13/3 1880/13/3 1881/13/3
f 1885/13/3 1884/13/3 1883/13/3
f 1886/13/3 1884/13/3 1885/13/3
f 1889/13/3 1888/13/3 1887/13/3
f 1890/13/3 1888/13/3 1889/13/3
f 1892/13/3 1891/13/3 1890/13/3
f 1893/13/3 1891/13/3 1892/13/3
f 1896/13/3 1895/13/3 1894/13/3
f 1897/13/3 1895/13/3 1896/13/3
f 1900/13/3 1899/13/3 1898/13/3
f 1901/13/3 1899/13/3 1900/13/3
f 1904/17/3 1903/17/3 1902/17/3
f 1905/17/3 1903/17/3 1904/17/3
f 1908/17/3 1907/17/3 1906/17/3
f 1909/17/3 1907/17/3 1908/17/3
f 1913/13/3 1912/13/3 1911/13/3
f 1915/13/3 1913/13/3 1911/13/3
f 1915/13/3 1914/13/3 1913/13/3
f 1916/13/3 1914/13/3 1915/13/3
f 1918/13/3 1910/13/3 1909/13/3
f 1919/15/3 1911/15/3 1910/15/3
f 1919/13/3 1910/13/3 1918/13/3
f 1920/13/3 1915/13/3 1911/13/3
f 1920/15/3 1911/15/3 1919/15/3
f 1921/13/3 1915/13/3 1920/13/3
f 1922/17/3 1918/17/3 1917/17/3
f 1923/17/3 1918/17/3 1922/17/3
f 1926/13/3 1925/13/3 1924/13/3
f 1927/13/3 1925/13/3 1926/13/3
f 1930/13/3 1929/13/3 1928/13/3
f 1931/13/3 1929/13/3 1930/13/3
f 1934/13/3 1933/13/3 1932/13/3
f 1935/13/3 1933/13/3 1934/13/3
f 1938/13/3 1937/13/3 1936/13/3
f 1939/13/3 1937/13/3 1938/13/3
f 1942/17/3 1941/17/3 1940/17/3
f 1943/17/3 1941/17/3 1942/17/3
f 1947/13/3 1944/13/3 1943/13/3
f 1948/15/3 1945/15/3 1944/15/3
f 1948/13/3 1944/13/3 1947/13/3
f 1949/13/3 1946/13/3 1945/13/3
f 1949/15/3 1945/15/3 1948/15/3
f 1950/13/3 1946/13/3 1949/13/3
f 1952/13/3 1951/13/3 1950/13/3
f 1953/13/3 1951/13/3 1952/13/3
f 1959/13/3 1955/13/3 1954/13/3
f 1960/13/3 1955/13/3 1959/13/3
f 1962/13/3 1957/13/3 1956/13/3
f 1963/15/3 1958/15/3 1957/15/3
f 1963/13/3 1957/13/3 1962/13/3
f 1964/13/3 1959/13/3 1958/13/3
f 1964/15/3 1958/15/3 1963/15/3
f 1965/13/3 1959/13/3 1964/13/3
f 1966/17/3 1962/17/3 1961/17/3
f 1967/17/3 1962/17/3 1966/17/3
f 1972/13/3 1969/13/3 1968/13/3
f 1973/13/3 1969/13/3 1972/13/3
f 1974/13/3 1971/13/3 1970/13/3
f 1975/13/3 1971/13/3 1974/13/3
f 1980/13/3 1977/13/3 1976/13/3
f 1981/13/3 1977/13/3 1980/13/3
f 1982/13/3 1979/13/3 1978/13/3
f 1983/13/3 1979/13/3 1982/13/3
f 1988/13/3 1985/13/3 1984/13/3
f 1989/13/3 1985/13/3 1988/13/3
f 1990/13/3 1987/13/3 1986/13/3
f 1991/13/3 1987/13/3 1990/13/3
f 1996/13/3 1993/13/3 1992/13/3
f 1997/13/3 1993/13/3 1996/13/3
f 1998/13/3 1995/13/3 1994/13/3
f 1999/13/3 1995/13/3 1998/13/3
f 2002/13/3 2001/13/3 2000/13/3
f 2003/13/3 2001/13/3 2002/13/3
f 2007/13/3 2005/13/3 2004/13/3
f 2008/13/3 2005/13/3 2007/13/3
f 2009/13/3 2007/13/3 2006/13/3
f 2010/13/3 2007/13/3 2009/13/3
f 2013/13/3 2012/13/3 2011/13/3
f 2014/13/3 2012/13/3 2013/13/3
f 2015/13/3 2012/13/3 2014/13/3
f 2016/13/3 2012/13/3 2015/13/3
f 2018/13/3 2015/13/3 2014/13/3
f 2019/13/3 2015/13/3 2018/13/3
f 2021/13/3 2018/13/3 2017/13/3
f 2021/13/3 2020/13/3 2019/13/3
f 2021/13/3 2019/13/3 2018/13/3
f 2022/13/3 2020/13/3 2021/13/3
f 2023/13/3 2020/13/3 2022/13/3
f 2024/13/3 2020/13/3 2023/13/3
f 2026/13/3 2023/13/3 2022/13/3
f 2027/13/3 2023/13/3 2026/13/3
f 2029/13/3 2026/13/3 2025/13/3
f 2029/13/3 2028/13/3 2027/13/3
f 2029/13/3 2027/13/3 2026/13/3
f 2030/13/3 2028/13/3 2029/13/3
f 2033/13/3 2032/13/3 2031/13/3
f 2034/13/3 2032/13/3 2033/13/3
f 2035/13/3 2032/13/3 2034/13/3
f 2036/13/3 2032/13/3 2035/13/3
f 2038/13/3 2035/13/3 2034/13/3
f 2039/13/3 2035/13/3 2038/13/3
f 2041/13/3 2038/13/3 2037/13/3
f 2041/13/3 2040/13/3 2039/13/3
f 2041/13/3 2039/13/3 2038/13/3
f 2042/13/3 2040/13/3 2041/13/3
f 2043/13/3 2040/13/3 2042/13/3
f 2044/13/3 2040/13/3 2043/13/3
f 2046/13/3 2043/13/3 2042/13/3
f 2047/13/3 2043/13/3 2046/13/3
f 2049/13/3 2046/13/3 2045/13/3
f 2049/13/3 2048/13/3 2047/13/3
f 2049/13/3 2047/13/3 2046/13/3
f 2050/13/3 2048/13/3 2049/13/3
f 2056/13/3 2052/13/3 2051/13/3
f 2057/13/3 2052/13/3 2056/13/3
f 2058/16/3 2054/16/3 2053/16/3
f 2059/16/3 2054/16/3 2058/16/3
f 2060/16/3 2056/16/3 2055/16/3
f 2061/16/3 2056/16/3 2060/16/3
f 2064/16/3 2063/16/3 2062/16/3
f 2065/16/3 2063/16/3 2064/16/3
f 2068/13/3 2067/13/3 2066/13/3
f 2069/13/3 2067/13/3 2068/13/3
f 2075/13/3 2071/13/3 2070/13/3
f 2076/13/3 2071/13/3 2075/13/3
f 2077/16/3 2073/16/3 2072/16/3
f 2078/16/3 2073/16/3 2077/16/3
f 2079/16/3 2075/16/3 2074/16/3
f 2080/16/3 2075/16/3 2079/16/3
f 2085/13/3 2081/13/3 2080/13/3
f 2086/13/3 2081/13/3 2085/13/3
f 2087/16/3 2083/16/3 2082/16/3
f 2088/16/3 2083/16/3 2087/16/3
f 2089/16/3 2085/16/3 2084/16/3
f 2090/16/3 2085/16/3 2089/16/3
f 2092/13/3 2091/13/3 2090/13/3
f 2093/13/3 2091/13/3 2092/13/3
f 2097/13/3 2095/13/3 2094/13/3
f 2098/13/3 2095/13/3 2097/13/3
f 2099/16/3 2097/16/3 2096/16/3
f 2100/16/3 2097/16/3 2099/16/3
f 2104/13/3 2102/13/3 2101/13/3
f 2105/13/3 2102/13/3 2104/13/3
f 2106/16/3 2104/16/3 2103/16/3
f 2107/16/3 2104/16/3 2106/16/3
f 2109/16/3 2108/16/3 2107/16/3
f 2110/16/3 2108/16/3 2109/16/3
f 2112/13/3 2111/13/3 2110/13/3
f 2113/13/3 2111/13/3 2112/13/3
f 2117/13/3 2115/13/3 2114/13/3
f 2118/13/3 2115/13/3 2117/13/3
f 2119/16/3 2117/16/3 2116/16/3
f 2120/16/3 2117/16/3 2119/16/3
f 2123/13/3 2121/13/3 2120/13/3
f 2124/13/3 2121/13/3 2123/13/3
f 2125/16/3 2123/16/3 2122/16/3
f 2126/16/3 2123/16/3 2125/16/3
f 2128/13/3 2127/13/3 2126/13/3
f 2129/13/3 2127/13/3 2128/13/3
f 2132/17/3 2131/17/3 2130/17/3
f 2133/17/3 2131/17/3 2132/17/3
f 2137/13/3 2135/13/3 2134/13/3
f 2138/13/3 2135/13/3 2137/13/3
f 2139/13/3 2137/13/3 2136/13/3
f 2140/13/3 2137/13/3 2139/13/3
f 2143/13/3 2142/13/3 2141/13/3
f 2144/13/3 2142/13/3 2143/13/3
f 2146/13/3 2145/13/3 2144/13/3
f 2147/13/3 2145/13/3 2146/13/3
f 2150/13/3 2149/13/3 2148/13/3
f 2151/13/3 2149/13/3 2150/13/3
f 2154/13/3 2153/13/3 2152/13/3
f 2155/13/3 2153/13/3 2154/13/3
f 2158/17/3 2157/17/3 2156/17/3
f 2159/17/3 2157/17/3 2158/17/3
f 2163/13/3 2162/13/3 2161/13/3
f 2165/13/3 2163/13/3 2161/13/3
f 2165/13/3 2164/13/3 2163/13/3
f 2166/13/3 2164/13/3 2165/13/3
f 2168/13/3 2160/13/3 2159/13/3
f 2169/15/3 2161/15/3 2160/15/3
f 2169/13/3 2160/13/3 2168/13/3
f 2170/13/3 2165/13/3 2161/13/3
f 2170/15/3 2161/15/3 2169/15/3
f 2171/13/3 2165/13/3 2170/13/3
f 2172/17/3 2168/17/3 2167/17/3
f 2173/17/3 2168/17/3 2172/17/3
f 2176/13/3 2175/13/3 2174/13/3
f 2177/13/3 2175/13/3 2176/13/3
f 2180/16/3 2179/16/3 2178/16/3
f 2181/16/3 2179/16/3 2180/16/3
f 2184/17/3 2183/17/3 2182/17/3
f 2185/17/3 2183/17/3 2184/17/3
f 2189/13/3 2186/13/3 2185/13/3
f 2190/15/3 2187/15/3 2186/15/3
f 2190/13/3 2186/13/3 2189/13/3
f 2191/13/3 2188/13/3 2187/13/3
f 2191/15/3 2187/15/3 2190/15/3
f 2192/13/3 2188/13/3 2191/13/3
f 2194/13/3 2193/13/3 2192/13/3
f 2195/13/3 2193/13/3 2194/13/3
f 2198/13/3 2196/13/3 2195/13/3
f 2199/13/3 2196/13/3 2198/13/3
f 2203/13/3 2198/13/3 2197/13/3
f 2204/13/3 2198/13/3 2203/13/3
f 2206/13/3 2201/13/3 2200/13/3
f 2207/15/3 2202/15/3 2201/15/3
f 2207/13/3 2201/13/3 2206/13/3
f 2208/13/3 2203/13/3 2202/13/3
f 2208/15/3 2202/15/3 2207/15/3
f 2209/13/3 2203/13/3 2208/13/3
f 2210/17/3 2206/17/3 2205/17/3
f 2211/17/3 2206/17/3 2210/17/3
f 2214/13/3 2213/13/3 2212/13/3
f 2215/13/3 2213/13/3 2214/13/3
f 2218/13/3 2217/13/3 2216/13/3
f 2219/13/3 2217/13/3 2218/13/3
f 2222/13/3 2221/13/3 2220/13/3
f 2223/13/3 2221/13/3 2222/13/3
f 2226/13/3 2225/13/3 2224/13/3
f 2227/13/3 2225/13/3 2226/13/3
f 2230/13/3 2229/13/3 2228/13/3
f 2231/13/3 2229/13/3 2230/13/3
f 2233/13/3 2232/13/3 2231/13/3
f 2234/13/3 2232/13/3 2233/13/3
f 2238/13/3 2236/13/3 2235/13/3
f 2239/13/3 2236/13/3 2238/13/3
f 2241/13/3 2238/13/3 2237/13/3
f 2242/13/3 2238/13/3 2241/13/3
f 2243/13/3 2241/13/3 2240/13/3
f 2244/13/3 2241/13/3 2243/13/3
f 2249/13/3 2246/13/3 2245/13/3
f 2250/13/3 2246/13/3 2249/13/3
f 2251/13/3 2248/13/3 2247/13/3
f 2252/13/3 2248/13/3 2251/13/3
f 2257/13/3 2254/13/3 2253/13/3
f 2258/13/3 2254/13/3 2257/13/3
f 2259/13/3 2256/13/3 2255/13/3
f 2260/13/3 2256/13/3 2259/13/3
f 2265/13/3 2262/13/3 2261/13/3
f 2266/13/3 2262/13/3 2265/13/3
f 2267/13/3 2264/13/3 2263/13/3
f 2268/13/3 2264/13/3 2267/13/3
f 2273/13/3 2270/13/3 2269/13/3
f 2274/13/3 2270/13/3 2273/13/3
f 2275/13/3 2272/13/3 2271/13/3
f 2276/13/3 2272/13/3 2275/13/3
f 2279/18/3 2278/18/3 2277/18/3
f 2280/18/3 2278/18/3 2279/18/3
f 2281/1/4 2282/1/4 2283/1/4
f 2283/1/4 2282/1/4 2284/1/4
f 2284/1/4 2285/1/4 2286/1/4
f 2286/1/4 2285/1/4 2287/1/4
f 2287/1/4 2288/1/4 2289/1/4
f 2289/1/4 2288/1/4 2290/1/4
f 2290/1/4 2291/1/4 2292/1/4
f 2292/1/4 2291/1/4 2293/1/4
f 2294/1/4 2295/1/4 2297/1/4
f 2297/1/4 2295/1/4 2298/1/4
f 2296/1/4 2297/1/4 2300/1/4
f 2300/1/4 2297/1/4 2301/1/4
f 2299/1/4 2300/1/4 2303/1/4
f 2303/1/4 2300/1/4 2304/1/4
f 2302/1/4 2303/1/4 2305/1/4
f 2305/1/4 2303/1/4 2306/1/4
f 2307/17/4 2308/17/4 2309/17/4
f 2309/17/4 2308/17/4 2310/17/4
f 2311/17/4 2312/17/4 2313/17/4
f 2313/17/4 2312/17/4 2314/17/4
f 2311/17/4 2313/17/4 2315/17/4
f 2315/17/4 2313/17/4 2316/17/4
f 2317/17/4 2318/17/4 2319/17/4
f 2319/17/4 2318/17/4 2320/17/4
f 2320/17/4 2321/17/4 2322/17/4
f 2322/17/4 2321/17/4 2323/17/4
f 2323/17/4 2321/17/4 2324/17/4
f 2324/17/4 2321/17/4 2325/17/4
f 2325/17/4 2321/17/4 2326/17/4
f 2322/2/4 2323/2/4 2328/2/4
f 2323/1/4 2324/1/4 2329/1/4
f 2328/2/4 2323/2/4 2329/2/4
f 2329/1/4 2324/1/4 2330/1/4
f 2330/1/4 2324/1/4 2331/1/4
f 2324/2/4 2325/2/4 2332/2/4
f 2331/1/4 2324/1/4 2332/1/4
f 2326/17/4 2327/17/4 2333/17/4
f 2332/2/4 2325/2/4 2333/2/4
f 2325/17/4 2326/17/4 2333/17/4
f 2333/17/4 2327/17/4 2334/17/4
f 2334/17/4 2327/17/4 2335/17/4
f 2334/1/4 2335/1/4 2337/1/4
f 2335/17/4 2336/17/4 2337/17/4
f 2337/17/4 2336/17/4 2338/17/4
f 2329/2/4 2330/2/4 2340/2/4
f 2328/1/4 2329/1/4 2340/1/4
f 2330/1/4 2331/1/4 2341/1/4
f 2340/2/4 2330/2/4 2341/2/4
f 2331/2/4 2332/2/4 2342/2/4
f 2341/1/4 2331/1/4 2342/1/4
f 2332/1/4 2333/1/4 2343/1/4
f 2342/2/4 2332/2/4 2343/2/4
f 2340/1/4 2341/1/4 2344/1/4
f 2328/1/4 2340/1/4 2344/1/4
f 2341/2/4 2342/2/4 2345/2/4
f 2344/1/4 2341/1/4 2345/1/4
f 2342/1/4 2343/1/4 2346/1/4
f 2345/2/4 2342/2/4 2346/2/4
f 2343/1/4 2333/1/4 2347/1/4
f 2346/1/4 2343/1/4 2347/1/4
f 2337/1/4 2338/1/4 2348/1/4
f 2334/1/4 2337/1/4 2348/1/4
f 2338/17/4 2339/17/4 2349/17/4
f 2348/1/4 2338/1/4 2349/1/4
f 2349/17/4 2339/17/4 2350/17/4
f 2328/1/4 2344/1/4 2351/1/4
f 2344/2/4 2345/2/4 2352/2/4
f 2351/1/4 2344/1/4 2352/1/4
f 2345/1/4 2346/1/4 2353/1/4
f 2352/2/4 2345/2/4 2353/2/4
f 2346/2/4 2347/2/4 2354/2/4
f 2353/1/4 2346/1/4 2354/1/4
f 2347/1/4 2333/1/4 2355/1/4
f 2354/2/4 2347/2/4 2355/2/4
f 2333/17/4 2334/17/4 2356/17/4
f 2355/1/4 2333/1/4 2356/1/4
f 2334/1/4 2348/1/4 2357/1/4
f 2356/17/4 2334/17/4 2357/17/4
f 2348/17/4 2349/17/4 2358/17/4
f 2357/1/4 2348/1/4 2358/1/4
f 2358/17/4 2349/17/4 2359/17/4
f 2351/2/4 2352/2/4 2360/2/4
f 2353/1/4 2354/1/4 2361/1/4
f 2360/2/4 2352/2/4 2361/2/4
f 2354/1/4 2355/1/4 2361/1/4
f 2352/1/4 2353/1/4 2361/1/4
f 2355/2/4 2356/2/4 2362/2/4
f 2361/1/4 2355/1/4 2362/1/4
f 2357/17/4 2358/17/4 2363/17/4
f 2362/2/4 2356/2/4 2363/2/4
f 2356/17/4 2357/17/4 2363/17/4
f 2363/17/4 2358/17/4 2364/17/4
f 2364/17/4 2358/17/4 2365/17/4
f 2360/17/4 2361/17/4 2367/17/4
f 2361/17/4 2362/17/4 2367/17/4
f 2363/17/4 2364/17/4 2367/17/4
f 2362/17/4 2363/17/4 2367/17/4
f 2367/17/4 2364/17/4 2368/17/4
f 2366/17/4 2367/17/4 2369/17/4
f 2369/17/4 2367/17/4 2370/17/4
f 2371/10/4 2372/10/4 2373/10/4
f 2373/10/4 2372/10/4 2374/10/4
f 2374/10/4 2372/10/4 2375/10/4
f 2375/10/4 2372/10/4 2376/10/4
f 2371/10/4 2373/10/4 2377/10/4
f 2373/13/4 2374/13/4 2377/13/4
f 2374/14/4 2375/14/4 2378/14/4
f 2377/13/4 2374/13/4 2378/13/4
f 2375/13/4 2376/13/4 2379/13/4
f 2378/14/4 2375/14/4 2379/14/4
f 2376/10/4 2372/10/4 2380/10/4
f 2379/13/4 2376/13/4 2380/13/4
f 2377/14/4 2378/14/4 2381/14/4
f 2371/10/4 2377/10/4 2381/10/4
f 2378/13/4 2379/13/4 2382/13/4
f 2381/14/4 2378/14/4 2382/14/4
f 2379/14/4 2380/14/4 2383/14/4
f 2382/13/4 2379/13/4 2383/13/4
f 2380/10/4 2372/10/4 2384/10/4
f 2383/14/4 2380/14/4 2384/14/4
f 2371/10/4 2381/10/4 2385/10/4
f 2381/13/4 2382/13/4 2385/13/4
f 2382/14/4 2383/14/4 2386/14/4
f 2385/13/4 2382/13/4 2386/13/4
f 2383/13/4 2384/13/4 2387/13/4
f 2386/14/4 2383/14/4 2387/14/4
f 2384/10/4 2372/10/4 2388/10/4
f 2387/13/4 2384/13/4 2388/13/4
f 2386/10/4 2387/10/4 2389/10/4
f 2371/10/4 2385/10/4 2389/10/4
f 2387/10/4 2388/10/4 2389/10/4
f 2385/10/4 2386/10/4 2389/10/4
f 2388/10/4 2372/10/4 2390/10/4
f 2389/10/4 2388/10/4 2390/10/4
f 2391/1/4 2392/1/4 2395/1/4
f 2391/1/4 2395/1/4 2397/1/4
f 2395/1/4 2396/1/4 2397/1/4
f 2397/1/4 2396/1/4 2398/1/4
f 2398/1/4 2396/1/4 2399/1/4
f 2399/1/4 2400/1/4 2401/1/4
f 2398/1/4 2399/1/4 2401/1/4
f 2401/1/4 2400/1/4 2402/1/4
f 2402/1/4 2400/1/4 2403/1/4
f 2403/1/4 2404/1/4 2405/1/4
f 2402/1/4 2403/1/4 2405/1/4
f 2405/1/4 2404/1/4 2406/1/4
f 2393/17/4 2394/17/4 2407/17/4
f 2406/1/4 2404/1/4 2409/1/4
f 2408/1/4 2409/1/4 2411/1/4
f 2409/1/4 2404/1/4 2412/1/4
f 2411/1/4 2409/1/4 2412/1/4
f 2412/1/4 2404/1/4 2413/1/4
f 2410/1/4 2411/1/4 2415/1/4
f 2411/1/4 2412/1/4 2415/1/4
f 2415/1/4 2412/1/4 2416/1/4
f 2416/1/4 2412/1/4 2417/1/4
f 2407/17/4 2394/17/4 2418/17/4
f 2418/17/4 2394/17/4 2419/17/4
f 2414/1/4 2415/1/4 2420/1/4
f 2415/1/4 2416/1/4 2420/1/4
f 2420/1/4 2416/1/4 2421/1/4
f 2414/1/4 2420/1/4 2422/1/4
f 2422/1/4 2420/1/4 2423/1/4
f 2424/18/4 2425/18/4 2426/18/4
f 2426/18/4 2425/18/4 2427/18/4
f 2428/18/4 2429/18/4 2430/18/4
f 2430/18/4 2429/18/4 2431/18/4
f 2432/13/4 2433/13/4 2436/13/4
f 2436/13/4 2433/13/4 2437/13/4
f 2434/13/4 2435/13/4 2438/13/4
f 2438/13/4 2435/13/4 2439/13/4
f 2440/13/4 2441/13/4 2442/13/4
f 2442/13/4 2441/13/4 2443/13/4
f 2444/13/4 2445/13/4 2448/13/4
f 2448/13/4 2445/13/4 2449/13/4
f 2446/13/4 2447/13/4 2450/13/4
f 2450/13/4 2447/13/4 2451/13/4
f 2452/13/4 2453/13/4 2456/13/4
f 2456/13/4 2453/13/4 2457/13/4
f 2454/13/4 2455/13/4 2458/13/4
f 2458/13/4 2455/13/4 2459/13/4
f 2460/13/4 2461/13/4 2462/13/4
f 2462/13/4 2461/13/4 2463/13/4
f 2464/13/4 2465/13/4 2466/13/4
f 2466/13/4 2465/13/4 2467/13/4
f 2468/13/4 2469/13/4 2470/13/4
f 2470/13/4 2469/13/4 2471/13/4
f 2472/13/4 2473/13/4 2474/13/4
f 2474/13/4 2473/13/4 2475/13/4
f 2476/13/4 2477/13/4 2478/13/4
f 2478/13/4 2477/13/4 2479/13/4
f 2480/13/4 2481/13/4 2482/13/4
f 2482/13/4 2481/13/4 2483/13/4
f 2483/13/4 2484/13/4 2485/13/4
f 2485/13/4 2484/13/4 2486/13/4
f 2487/13/4 2488/13/4 2489/13/4
f 2489/13/4 2488/13/4 2490/13/4
f 2491/13/4 2492/13/4 2493/13/4
f 2493/13/4 2492/13/4 2494/13/4
f 2495/13/4 2496/13/4 2498/13/4
f 2498/13/4 2496/13/4 2499/13/4
f 2497/16/4 2498/16/4 2500/16/4
f 2500/16/4 2498/16/4 2501/16/4
f 2502/16/4 2503/16/4 2505/16/4
f 2505/16/4 2503/16/4 2506/16/4
f 2504/16/4 2505/16/4 2507/16/4
f 2507/16/4 2505/16/4 2508/16/4
f 2509/13/4 2510/13/4 2511/13/4
f 2511/13/4 2510/13/4 2512/13/4
f 2513/13/4 2514/13/4 2516/13/4
f 2516/13/4 2514/13/4 2517/13/4
f 2515/16/4 2516/16/4 2518/16/4
f 2518/16/4 2516/16/4 2519/16/4
f 2519/13/4 2520/13/4 2522/13/4
f 2522/13/4 2520/13/4 2523/13/4
f 2521/16/4 2522/16/4 2524/16/4
f 2524/16/4 2522/16/4 2525/16/4
f 2525/13/4 2526/13/4 2527/13/4
f 2527/13/4 2526/13/4 2528/13/4
f 2529/13/4 2530/13/4 2534/13/4
f 2534/13/4 2530/13/4 2535/13/4
f 2531/16/4 2532/16/4 2536/16/4
f 2536/16/4 2532/16/4 2537/16/4
f 2533/16/4 2534/16/4 2538/16/4
f 2538/16/4 2534/16/4 2539/16/4
f 2539/13/4 2540/13/4 2544/13/4
f 2544/13/4 2540/13/4 2545/13/4
f 2543/16/4 2544/16/4 2546/16/4
f 2546/16/4 2544/16/4 2547/16/4
f 2541/16/4 2542/16/4 2548/16/4
f 2548/16/4 2542/16/4 2549/16/4
f 2550/13/4 2551/13/4 2552/13/4
f 2552/13/4 2551/13/4 2553/13/4
f 2554/13/4 2555/13/4 2559/13/4
f 2559/13/4 2555/13/4 2560/13/4
f 2556/16/4 2557/16/4 2561/16/4
f 2561/16/4 2557/16/4 2562/16/4
f 2558/16/4 2559/16/4 2563/16/4
f 2563/16/4 2559/16/4 2564/16/4
f 2564/13/4 2565/13/4 2569/13/4
f 2569/13/4 2565/13/4 2570/13/4
f 2566/16/4 2567/16/4 2571/16/4
f 2571/16/4 2567/16/4 2572/16/4
f 2568/16/4 2569/16/4 2573/16/4
f 2573/16/4 2569/16/4 2574/16/4
f 2574/13/4 2575/13/4 2576/13/4
f 2576/13/4 2575/13/4 2577/13/4
f 2578/13/4 2579/13/4 2580/13/4
f 2580/13/4 2579/13/4 2581/13/4
f 2581/13/4 2579/13/4 2582/13/4
f 2582/13/4 2579/13/4 2583/13/4
f 2581/13/4 2582/13/4 2585/13/4
f 2585/13/4 2582/13/4 2586/13/4
f 2584/13/4 2585/13/4 2588/13/4
f 2586/13/4 2587/13/4 2588/13/4
f 2585/13/4 2586/13/4 2588/13/4
f 2588/13/4 2587/13/4 2589/13/4
f 2589/13/4 2587/13/4 2590/13/4
f 2590/13/4 2587/13/4 2591/13/4
f 2589/13/4 2590/13/4 2593/13/4
f 2593/13/4 2590/13/4 2594/13/4
f 2592/13/4 2593/13/4 2596/13/4
f 2594/13/4 2595/13/4 2596/13/4
f 2593/13/4 2594/13/4 2596/13/4
f 2596/13/4 2595/13/4 2597/13/4
f 2598/13/4 2599/13/4 2600/13/4
f 2600/13/4 2599/13/4 2601/13/4
f 2601/13/4 2599/13/4 2602/13/4
f 2602/13/4 2599/13/4 2603/13/4
f 2601/13/4 2602/13/4 2605/13/4
f 2605/13/4 2602/13/4 2606/13/4
f 2604/13/4 2605/13/4 2608/13/4
f 2606/13/4 2607/13/4 2608/13/4
f 2605/13/4 2606/13/4 2608/13/4
f 2608/13/4 2607/13/4 2609/13/4
f 2609/13/4 2607/13/4 2610/13/4
f 2610/13/4 2607/13/4 2611/13/4
f 2609/13/4 2610/13/4 2613/13/4
f 2613/13/4 2610/13/4 2614/13/4
f 2612/13/4 2613/13/4 2616/13/4
f 2614/13/4 2615/13/4 2616/13/4
f 2613/13/4 2614/13/4 2616/13/4
f 2616/13/4 2615/13/4 2617/13/4
f 2618/13/4 2619/13/4 2620/13/4
f 2620/13/4 2619/13/4 2621/13/4
f 2622/13/4 2623/13/4 2625/13/4
f 2625/13/4 2623/13/4 2626/13/4
f 2624/13/4 2625/13/4 2627/13/4
f 2627/13/4 2625/13/4 2628/13/4
f 2629/17/4 2630/17/4 2631/17/4
f 2631/17/4 2630/17/4 2632/17/4
f 2632/13/4 2633/13/4 2636/13/4
f 2633/15/4 2634/15/4 2637/15/4
f 2636/13/4 2633/13/4 2637/13/4
f 2634/13/4 2635/13/4 2638/13/4
f 2637/15/4 2634/15/4 2638/15/4
f 2638/13/4 2635/13/4 2639/13/4
f 2639/13/4 2640/13/4 2641/13/4
f 2641/13/4 2640/13/4 2642/13/4
f 2643/13/4 2644/13/4 2648/13/4
f 2648/13/4 2644/13/4 2649/13/4
f 2645/13/4 2646/13/4 2651/13/4
f 2646/15/4 2647/15/4 2652/15/4
f 2651/13/4 2646/13/4 2652/13/4
f 2647/13/4 2648/13/4 2653/13/4
f 2652/15/4 2647/15/4 2653/15/4
f 2653/13/4 2648/13/4 2654/13/4
f 2650/17/4 2651/17/4 2655/17/4
f 2655/17/4 2651/17/4 2656/17/4
f 2657/17/4 2658/17/4 2659/17/4
f 2659/17/4 2658/17/4 2660/17/4
f 2662/13/4 2663/13/4 2664/13/4
f 2662/13/4 2664/13/4 2666/13/4
f 2664/13/4 2665/13/4 2666/13/4
f 2666/13/4 2665/13/4 2667/13/4
f 2660/13/4 2661/13/4 2669/13/4
f 2661/15/4 2662/15/4 2670/15/4
f 2669/13/4 2661/13/4 2670/13/4
f 2662/13/4 2666/13/4 2671/13/4
f 2670/15/4 2662/15/4 2671/15/4
f 2671/13/4 2666/13/4 2672/13/4
f 2668/17/4 2669/17/4 2673/17/4
f 2673/17/4 2669/17/4 2674/17/4
f 2675/13/4 2676/13/4 2679/13/4
f 2679/13/4 2676/13/4 2680/13/4
f 2677/13/4 2678/13/4 2681/13/4
f 2681/13/4 2678/13/4 2682/13/4
f 2683/13/4 2684/13/4 2687/13/4
f 2687/13/4 2684/13/4 2688/13/4
f 2685/13/4 2686/13/4 2689/13/4
f 2689/13/4 2686/13/4 2690/13/4
f 2691/13/4 2692/13/4 2695/13/4
f 2695/13/4 2692/13/4 2696/13/4
f 2693/13/4 2694/13/4 2697/13/4
f 2697/13/4 2694/13/4 2698/13/4
f 2699/13/4 2700/13/4 2703/13/4
f 2703/13/4 2700/13/4 2704/13/4
f 2701/13/4 2702/13/4 2705/13/4
f 2705/13/4 2702/13/4 2706/13/4
f 2707/17/4 2708/17/4 2709/17/4
f 2709/17/4 2708/17/4 2710/17/4
f 2711/13/4 2712/13/4 2713/13/4
f 2713/13/4 2712/13/4 2714/13/4
f 2715/13/4 2716/13/4 2717/13/4
f 2717/13/4 2716/13/4 2718/13/4
f 2719/13/4 2720/13/4 2721/13/4
f 2721/13/4 2720/13/4 2722/13/4
f 2723/13/4 2724/13/4 2725/13/4
f 2725/13/4 2724/13/4 2726/13/4
f 2727/13/4 2728/13/4 2730/13/4
f 2730/13/4 2728/13/4 2731/13/4
f 2729/13/4 2730/13/4 2732/13/4
f 2729/13/4 2732/13/4 2735/13/4
f 2729/13/4 2735/13/4 2736/13/4
f 2736/13/4 2735/13/4 2737/13/4
f 2733/16/4 2734/16/4 2739/16/4
f 2739/16/4 2734/16/4 2740/16/4
f 2737/13/4 2738/13/4 2741/13/4
f 2741/13/4 2738/13/4 2742/13/4
f 2743/13/4 2744/13/4 2745/13/4
f 2745/13/4 2744/13/4 2746/13/4
f 2747/13/4 2748/13/4 2749/13/4
f 2749/13/4 2748/13/4 2750/13/4
f 2751/13/4 2752/13/4 2754/13/4
f 2754/13/4 2752/13/4 2755/13/4
f 2753/16/4 2754/16/4 2756/16/4
f 2756/16/4 2754/16/4 2757/16/4
f 2758/13/4 2759/13/4 2760/13/4
f 2760/13/4 2759/13/4 2761/13/4
f 2762/16/4 2763/16/4 2764/16/4
f 2764/16/4 2763/16/4 2765/16/4
f 2765/13/4 2766/13/4 2767/13/4
f 2767/13/4 2766/13/4 2768/13/4
f 2769/13/4 2770/13/4 2772/13/4
f 2772/13/4 2770/13/4 2773/13/4
f 2771/16/4 2772/16/4 2774/16/4
f 2774/16/4 2772/16/4 2775/16/4
f 2775/13/4 2776/13/4 2778/13/4
f 2778/13/4 2776/13/4 2779/13/4
f 2777/16/4 2778/16/4 2780/16/4
f 2780/16/4 2778/16/4 2781/16/4
f 2781/13/4 2782/13/4 2783/13/4
f 2783/13/4 2782/13/4 2784/13/4
f 2785/13/4 2786/13/4 2790/13/4
f 2790/13/4 2786/13/4 2791/13/4
f 2787/16/4 2788/16/4 2792/16/4
f 2792/16/4 2788/16/4 2793/16/4
f 2789/16/4 2790/16/4 2794/16/4
f 2794/16/4 2790/16/4 2795/16/4
f 2796/16/4 2797/16/4 2800/16/4
f 2800/16/4 2797/16/4 2801/16/4
f 2798/16/4 2799/16/4 2802/16/4
f 2802/16/4 2799/16/4 2803/16/4
f 2803/13/4 2804/13/4 2805/13/4
f 2805/13/4 2804/13/4 2806/13/4
f 2807/13/4 2808/13/4 2812/13/4
f 2812/13/4 2808/13/4 2813/13/4
f 2809/16/4 2810/16/4 2814/16/4
f 2814/16/4 2810/16/4 2815/16/4
f 2811/16/4 2812/16/4 2816/16/4
f 2816/16/4 2812/16/4 2817/16/4
f 2817/13/4 2818/13/4 2822/13/4
f 2822/13/4 2818/13/4 2823/13/4
f 2819/16/4 2820/16/4 2824/16/4
f 2824/16/4 2820/16/4 2825/16/4
f 2821/16/4 2822/16/4 2826/16/4
f 2826/16/4 2822/16/4 2827/16/4
f 2827/13/4 2828/13/4 2829/13/4
f 2829/13/4 2828/13/4 2830/13/4
f 2831/13/4 2832/13/4 2833/13/4
f 2833/13/4 2832/13/4 2834/13/4
f 2834/13/4 2835/13/4 2836/13/4
f 2836/13/4 2835/13/4 2837/13/4
f 2838/13/4 2839/13/4 2841/13/4
f 2841/13/4 2839/13/4 2842/13/4
f 2840/13/4 2841/13/4 2844/13/4
f 2844/13/4 2841/13/4 2845/13/4
f 2843/13/4 2844/13/4 2846/13/4
f 2846/13/4 2844/13/4 2847/13/4
f 2848/13/4 2849/13/4 2850/13/4
f 2850/13/4 2849/13/4 2851/13/4
f 2851/13/4 2849/13/4 2852/13/4
f 2852/13/4 2849/13/4 2853/13/4
f 2851/13/4 2852/13/4 2855/13/4
f 2855/13/4 2852/13/4 2856/13/4
f 2854/13/4 2855/13/4 2858/13/4
f 2856/13/4 2857/13/4 2858/13/4
f 2855/13/4 2856/13/4 2858/13/4
f 2858/13/4 2857/13/4 2859/13/4
f 2859/13/4 2857/13/4 2860/13/4
f 2860/13/4 2857/13/4 2861/13/4
f 2859/13/4 2860/13/4 2863/13/4
f 2863/13/4 2860/13/4 2864/13/4
f 2862/13/4 2863/13/4 2866/13/4
f 2864/13/4 2865/13/4 2866/13/4
f 2863/13/4 2864/13/4 2866/13/4
f 2866/13/4 2865/13/4 2867/13/4
f 2868/13/4 2869/13/4 2870/13/4
f 2870/13/4 2869/13/4 2871/13/4
f 2871/13/4 2869/13/4 2872/13/4
f 2872/13/4 2869/13/4 2873/13/4
f 2871/13/4 2872/13/4 2875/13/4
f 2875/13/4 2872/13/4 2876/13/4
f 2874/13/4 2875/13/4 2878/13/4
f 2876/13/4 2877/13/4 2878/13/4
f 2875/13/4 2876/13/4 2878/13/4
f 2878/13/4 2877/13/4 2879/13/4
f 2879/13/4 2877/13/4 2880/13/4
f 2880/13/4 2877/13/4 2881/13/4
f 2879/13/4 2880/13/4 2883/13/4
f 2883/13/4 2880/13/4 2884/13/4
f 2882/13/4 2883/13/4 2886/13/4
f 2884/13/4 2885/13/4 2886/13/4
f 2883/13/4 2884/13/4 2886/13/4
f 2886/13/4 2885/13/4 2887/13/4
f 2888/17/4 2889/17/4 2890/17/4
f 2890/17/4 2889/17/4 2891/17/4
f 2891/13/4 2892/13/4 2895/13/4
f 2892/15/4 2893/15/4 2896/15/4
f 2895/13/4 2892/13/4 2896/13/4
f 2893/13/4 2894/13/4 2897/13/4
f 2896/15/4 2893/15/4 2897/15/4
f 2897/13/4 2894/13/4 2898/13/4
f 2898/13/4 2899/13/4 2900/13/4
f 2900/13/4 2899/13/4 2901/13/4
f 2901/13/4 2902/13/4 2904/13/4
f 2904/13/4 2902/13/4 2905/13/4
f 2903/13/4 2904/13/4 2909/13/4
f 2909/13/4 2904/13/4 2910/13/4
f 2906/13/4 2907/13/4 2912/13/4
f 2907/15/4 2908/15/4 2913/15/4
f 2912/13/4 2907/13/4 2913/13/4
f 2908/13/4 2909/13/4 2914/13/4
f 2913/15/4 2908/15/4 2914/15/4
f 2914/13/4 2909/13/4 2915/13/4
f 2911/17/4 2912/17/4 2916/17/4
f 2916/17/4 2912/17/4 2917/17/4
f 2918/17/4 2919/17/4 2920/17/4
f 2920/17/4 2919/17/4 2921/17/4
f 2923/13/4 2924/13/4 2925/13/4
f 2923/13/4 2925/13/4 2927/13/4
f 2925/13/4 2926/13/4 2927/13/4
f 2927/13/4 2926/13/4 2928/13/4
f 2921/13/4 2922/13/4 2930/13/4
f 2922/15/4 2923/15/4 2931/15/4
f 2930/13/4 2922/13/4 2931/13/4
f 2923/13/4 2927/13/4 2932/13/4
f 2931/15/4 2923/15/4 2932/15/4
f 2932/13/4 2927/13/4 2933/13/4
f 2929/17/4 2930/17/4 2934/17/4
f 2934/17/4 2930/17/4 2935/17/4
f 2936/18/4 2937/18/4 2938/18/4
f 2938/18/4 2937/18/4 2939/18/4
f 2939/18/4 2937/18/4 2940/18/4
f 2941/17/4 2942/17/4 2943/17/4
f 2943/17/4 2942/17/4 2944/17/4
f 2944/17/4 2942/17/4 2945/17/4
f 2946/17/4 2947/17/4 2948/17/4
f 2948/17/4 2947/17/4 2949/17/4
f 2948/18/4 2949/18/4 2950/18/4
f 2950/18/4 2949/18/4 2951/18/4
f 2950/19/4 2951/19/4 2952/19/4
f 2952/19/4 2951/19/4 2953/19/4
f 2952/18/4 2953/18/4 2954/18/4
f 2954/18/4 2953/18/4 2955/18/4
f 2954/17/4 2955/17/4 2956/17/4
f 2956/17/4 2955/17/4 2957/17/4
f 2958/17/4 2959/17/4 2960/17/4
f 2960/17/4 2959/17/4 2961/17/4
f 2958/17/4 2960/17/4 2962/17/4
f 2960/18/4 2961/18/4 2962/18/4
f 2962/18/4 2961/18/4 2963/18/4
f 2958/17/4 2962/17/4 2964/17/4
f 2962/17/4 2963/17/4 2964/17/4
f 2964/17/4 2963/17/4 2965/17/4
f 2968/17/5 2967/17/5 2966/17/5
f 2969/17/5 2967/17/5 2968/17/5
f 2972/13/5 2971/13/5 2970/13/5
f 2973/13/5 2971/13/5 2972/13/5
f 2976/17/5 2975/17/5 2974/17/5
f 2977/17/5 2975/17/5 2976/17/5
f 2978/17/5 2975/17/5 2977/17/5
f 2979/17/5 2975/17/5 2978/17/5
f 2989/13/5 2981/13/5 2980/13/5
f 2990/13/5 2981/13/5 2989/13/5
f 2991/13/5 2983/13/5 2982/13/5
f 2992/13/5 2983/13/5 2991/13/5
f 2995/13/5 2985/13/5 2984/13/5
f 2996/13/5 2985/13/5 2995/13/5
f 2997/13/5 2987/13/5 2986/13/5
f 2998/13/5 2987/13/5 2997/13/5
f 3000/13/5 2989/13/5 2988/13/5
f 3001/13/5 2989/13/5 3000/13/5
f 3004/13/5 2993/13/5 2992/13/5
f 3005/13/5 2993/13/5 3004/13/5
f 3006/13/5 2995/13/5 2994/13/5
f 3007/13/5 2995/13/5 3006/13/5
f 3010/13/5 2999/13/5 2998/13/5
f 3011/13/5 2999/13/5 3010/13/5
f 3012/13/5 3002/13/5 3001/13/5
f 3013/13/5 3002/13/5 3012/13/5
f 3014/13/5 3004/13/5 3003/13/5
f 3015/13/5 3004/13/5 3014/13/5
f 3016/13/5 3008/13/5 3007/13/5
f 3017/13/5 3008/13/5 3016/13/5
f 3018/13/5 3010/13/5 3009/13/5
f 3019/13/5 3010/13/5 3018/13/5
f 3029/13/5 3021/13/5 3020/13/5
f 3030/13/5 3021/13/5 3029/13/5
f 3031/13/5 3023/13/5 3022/13/5
f 3032/13/5 3023/13/5 3031/13/5
f 3035/13/5 3025/13/5 3024/13/5
f 3036/13/5 3025/13/5 3035/13/5
f 3037/13/5 3027/13/5 3026/13/5
f 3038/13/5 3027/13/5 3037/13/5
f 3040/13/5 3029/13/5 3028/13/5
f 3041/13/5 3029/13/5 3040/13/5
f 3043/13/5 3033/13/5 3032/13/5
f 3044/13/5 3033/13/5 3043/13/5
f 3045/13/5 3035/13/5 3034/13/5
f 3046/13/5 3035/13/5 3045/13/5
f 3049/13/5 3039/13/5 3038/13/5
f 3050/13/5 3039/13/5 3049/13/5
f 3051/13/5 3042/13/5 3041/13/5
f 3052/13/5 3042/13/5 3051/13/5
f 3053/13/5 3047/13/5 3046/13/5
f 3054/13/5 3047/13/5 3053/13/5
f 3055/13/5 3049/13/5 3048/13/5
f 3056/13/5 3049/13/5 3055/13/5
f 3059/16/5 3058/16/5 3057/16/5
f 3060/16/5 3058/16/5 3059/16/5
f 3067/13/5 3062/13/5 3061/13/5
f 3068/13/5 3062/13/5 3067/13/5
f 3069/13/5 3064/13/5 3063/13/5
f 3070/13/5 3064/13/5 3069/13/5
f 3071/13/5 3066/13/5 3065/13/5
f 3072/13/5 3066/13/5 3071/13/5
f 3081/13/5 3074/13/5 3073/13/5
f 3082/13/5 3074/13/5 3081/13/5
f 3083/13/5 3076/13/5 3075/13/5
f 3084/13/5 3076/13/5 3083/13/5
f 3085/13/5 3078/13/5 3077/13/5
f 3086/13/5 3078/13/5 3085/13/5
f 3087/13/5 3080/13/5 3079/13/5
f 3088/13/5 3080/13/5 3087/13/5
f 3097/13/5 3090/13/5 3089/13/5
f 3098/13/5 3090/13/5 3097/13/5
f 3100/13/5 3092/13/5 3091/13/5
f 3101/13/5 3092/13/5 3100/13/5
f 3102/13/5 3094/13/5 3093/13/5
f 3103/13/5 3094/13/5 3102/13/5
f 3104/13/5 3096/13/5 3095/13/5
f 3105/13/5 3096/13/5 3104/13/5
f 3106/16/5 3100/16/5 3099/16/5
f 3107/16/5 3100/16/5 3106/16/5
f 3116/13/5 3109/13/5 3108/13/5
f 3117/13/5 3109/13/5 3116/13/5
f 3118/13/5 3111/13/5 3110/13/5
f 3119/13/5 3111/13/5 3118/13/5
f 3120/13/5 3113/13/5 3112/13/5
f 3121/13/5 3113/13/5 3120/13/5
f 3122/13/5 3115/13/5 3114/13/5
f 3123/13/5 3115/13/5 3122/13/5
f 3128/1/5 3125/1/5 3124/1/5
f 3129/1/5 3125/1/5 3128/1/5
f 3130/1/5 3125/1/5 3129/1/5
f 3131/1/5 3127/1/5 3126/1/5
f 3132/1/5 3127/1/5 3131/1/5
f 3133/1/5 3127/1/5 3132/1/5
f 3134/8/5 3129/8/5 3128/8/5
f 3135/8/5 3129/8/5 3134/8/5
f 3136/8/5 3133/8/5 3132/8/5
f 3137/8/5 3133/8/5 3136/8/5
f 3138/9/5 3135/9/5 3134/9/5
f 3139/9/5 3135/9/5 3138/9/5
f 3140/9/5 3137/9/5 3136/9/5
f 3141/9/5 3137/9/5 3140/9/5
f 3142/8/5 3139/8/5 3138/8/5
f 3143/8/5 3139/8/5 3142/8/5
f 3144/8/5 3141/8/5 3140/8/5
f 3145/8/5 3141/8/5 3144/8/5
f 3146/9/5 3143/9/5 3142/9/5
f 3147/9/5 3143/9/5 3146/9/5
f 3148/9/5 3145/9/5 3144/9/5
f 3149/9/5 3145/9/5 3148/9/5
f 3150/8/5 3147/8/5 3146/8/5
f 3151/8/5 3147/8/5 3150/8/5
f 3152/8/5 3149/8/5 3148/8/5
f 3153/8/5 3149/8/5 3152/8/5
f 3154/9/5 3151/9/5 3150/9/5
f 3155/9/5 3151/9/5 3154/9/5
f 3156/9/5 3153/9/5 3152/9/5
f 3157/9/5 3153/9/5 3156/9/5
f 3158/8/5 3155/8/5 3154/8/5
f 3159/8/5 3155/8/5 3158/8/5
f 3160/8/5 3157/8/5 3156/8/5
f 3161/8/5 3157/8/5 3160/8/5
f 3162/9/5 3159/9/5 3158/9/5
f 3163/9/5 3159/9/5 3162/9/5
f 3164/9/5 3161/9/5 3160/9/5
f 3165/9/5 3161/9/5 3164/9/5
f 3166/8/5 3163/8/5 3162/8/5
f 3167/8/5 3163/8/5 3166/8/5
f 3170/8/5 3165/8/5 3164/8/5
f 3171/8/5 3165/8/5 3170/8/5
f 3172/1/5 3168/1/5 3167/1/5
f 3172/1/5 3167/1/5 3166/1/5
f 3173/1/5 3168/1/5 3172/1/5
f 3174/1/5 3171/1/5 3170/1/5
f 3174/1/5 3170/1/5 3169/1/5
f 3175/1/5 3171/1/5 3174/1/5
f 3185/13/5 3179/13/5 3178/13/5
f 3186/13/5 3185/13/5 3184/13/5
f 3187/13/5 3179/13/5 3185/13/5
f 3187/13/5 3185/13/5 3186/13/5
f 3188/13/5 3177/13/5 3176/13/5
f 3189/13/5 3177/13/5 3188/13/5
f 3190/13/5 3179/13/5 3187/13/5
f 3191/13/5 3179/13/5 3190/13/5
f 3192/13/5 3181/13/5 3180/13/5
f 3193/13/5 3181/13/5 3192/13/5
f 3194/13/5 3183/13/5 3182/13/5
f 3195/13/5 3183/13/5 3194/13/5
f 3206/13/5 3197/13/5 3196/13/5
f 3207/13/5 3197/13/5 3206/13/5
f 3208/13/5 3205/13/5 3204/13/5
f 3209/13/5 3205/13/5 3208/13/5
f 3210/13/5 3199/13/5 3198/13/5
f 3211/13/5 3199/13/5 3210/13/5
f 3212/13/5 3201/13/5 3200/13/5
f 3213/13/5 3201/13/5 3212/13/5
f 3214/13/5 3203/13/5 3202/13/5
f 3215/13/5 3203/13/5 3214/13/5
f 3220/1/5 3217/1/5 3216/1/5
f 3221/1/5 3217/1/5 3220/1/5
f 3222/1/5 3219/1/5 3218/1/5
f 3223/1/5 3219/1/5 3222/1/5
f 3228/1/5 3225/1/5 3224/1/5
f 3229/1/5 3225/1/5 3228/1/5
f 3230/1/5 3227/1/5 3226/1/5
f 3231/1/5 3227/1/5 3230/1/5
f 3236/1/5 3233/1/5 3232/1/5
f 3237/1/5 3233/1/5 3236/1/5
f 3238/1/5 3235/1/5 3234/1/5
f 3239/1/5 3235/1/5 3238/1/5
f 3244/1/5 3241/1/5 3240/1/5
f 3245/1/5 3241/1/5 3244/1/5
f 3246/1/5 3243/1/5 3242/1/5
f 3247/1/5 3243/1/5 3246/1/5
f 3250/1/5 3249/1/5 3248/1/5
f 3251/1/5 3249/1/5 3250/1/5
f 3254/1/5 3253/1/5 3252/1/5
f 3255/1/5 3253/1/5 3254/1/5
f 3258/13/5 3257/13/5 3256/13/5
f 3259/13/5 3257/13/5 3258/13/5
f 3262/13/5 3261/13/5 3260/13/5
f 3263/13/5 3261/13/5 3262/13/5
f 3264/17/6 3265/17/6 3268/17/6
f 3268/17/6 3265/17/6 3269/17/6
f 3269/17/6 3265/17/6 3270/17/6
f 3265/18/6 3266/18/6 3271/18/6
f 3270/17/6 3265/17/6 3271/17/6
f 3266/17/6 3267/17/6 3272/17/6
f 3271/18/6 3266/18/6 3272/18/6
f 3272/17/6 3267/17/6 3273/17/6
f 3273/17/6 3267/17/6 3274/17/6
f 3273/18/6 3274/18/6 3275/18/6
f 3264/17/6 3268/17/6 3276/17/6
f 3276/17/6 3268/17/6 3277/17/6
f 3276/18/6 3277/18/6 3278/18/6
f 3278/18/6 3277/18/6 3279/18/6
f 3278/19/6 3279/19/6 3280/19/6
f 3280/19/6 3279/19/6 3281/19/6
f 3280/18/6 3281/18/6 3282/18/6
f 3282/18/6 3281/18/6 3283/18/6
f 3275/18/6 3274/18/6 3284/18/6
f 3282/17/6 3283/17/6 3285/17/6
f 3285/17/6 3283/17/6 3286/17/6
f 3284/18/6 3274/18/6 3287/18/6
f 3287/18/6 3274/18/6 3288/18/6
f 3287/17/6 3288/17/6 3289/17/6
f 3289/17/6 3288/17/6 3290/17/6
f 3285/18/6 3286/18/6 3291/18/6
f 3291/18/6 3286/18/6 3292/18/6
f 3289/18/6 3290/18/6 3293/18/6
f 3291/17/6 3292/17/6 3294/17/6
f 3294/17/6 3292/17/6 3295/17/6
f 3293/18/6 3290/18/6 3296/18/6
f 3296/18/6 3290/18/6 3297/18/6
f 3296/19/6 3297/19/6 3298/19/6
f 3298/19/6 3297/19/6 3299/19/6
f 3294/18/6 3295/18/6 3300/18/6
f 3300/18/6 3295/18/6 3301/18/6
f 3298/18/6 3299/18/6 3302/18/6
f 3302/18/6 3299/18/6 3303/18/6
f 3300/17/6 3301/17/6 3304/17/6
f 3302/17/6 3303/17/6 3309/17/6
f 3300/17/6 3304/17/6 3310/17/6
f 3304/17/6 3305/17/6 3310/17/6
f 3307/18/6 3308/18/6 3311/18/6
f 3310/17/6 3305/17/6 3311/17/6
f 3305/18/6 3306/18/6 3311/18/6
f 3306/18/6 3307/18/6 3311/18/6
f 3308/17/6 3309/17/6 3312/17/6
f 3311/18/6 3308/18/6 3312/18/6
f 3309/17/6 3303/17/6 3313/17/6
f 3312/17/6 3309/17/6 3313/17/6
f 3314/17/6 3315/17/6 3319/17/6
f 3315/18/6 3316/18/6 3320/18/6
f 3319/17/6 3315/17/6 3320/17/6
f 3316/17/6 3317/17/6 3321/17/6
f 3320/18/6 3316/18/6 3321/18/6
f 3321/17/6 3317/17/6 3322/17/6
f 3317/18/6 3318/18/6 3323/18/6
f 3322/17/6 3317/17/6 3323/17/6
f 3321/19/6 3322/19/6 3324/19/6
f 3324/19/6 3322/19/6 3325/19/6
f 3322/18/6 3323/18/6 3326/18/6
f 3323/18/6 3318/18/6 3327/18/6
f 3326/18/6 3323/18/6 3327/18/6
f 3314/17/6 3319/17/6 3328/17/6
f 3328/17/6 3319/17/6 3329/17/6
f 3327/18/6 3318/18/6 3330/18/6
f 3330/18/6 3318/18/6 3331/18/6
f 3322/18/6 3326/18/6 3332/18/6
f 3332/18/6 3326/18/6 3333/18/6
f 3331/18/6 3318/18/6 3334/18/6
f 3330/20/6 3331/20/6 3334/20/6
f 3334/18/6 3318/18/6 3335/18/6
f 3314/17/6 3328/17/6 3336/17/6
f 3336/17/6 3328/17/6 3337/17/6
f 3325/19/6 3322/19/6 3338/19/6
f 3338/19/6 3322/19/6 3339/19/6
f 3322/18/6 3332/18/6 3340/18/6
f 3339/19/6 3322/19/6 3340/19/6
f 3338/17/6 3339/17/6 3341/17/6
f 3339/18/6 3340/18/6 3342/18/6
f 3341/17/6 3339/17/6 3342/17/6
f 3340/18/6 3332/18/6 3343/18/6
f 3342/18/6 3340/18/6 3343/18/6
f 3343/18/6 3332/18/6 3344/18/6
f 3332/19/6 3333/19/6 3345/19/6
f 3344/18/6 3332/18/6 3345/18/6
f 3345/19/6 3333/19/6 3346/19/6
f 3341/18/6 3342/18/6 3347/18/6
f 3342/18/6 3343/18/6 3347/18/6
f 3347/18/6 3343/18/6 3348/18/6
f 3336/18/6 3337/18/6 3349/18/6
f 3349/18/6 3337/18/6 3350/18/6
f 3348/18/6 3343/18/6 3352/18/6
f 3351/18/6 3352/18/6 3353/18/6
f 3343/19/6 3344/19/6 3354/19/6
f 3353/18/6 3352/18/6 3354/18/6
f 3352/18/6 3343/18/6 3354/18/6
f 3330/20/6 3334/20/6 3355/20/6
f 3334/19/6 3335/19/6 3355/19/6
f 3355/19/6 3335/19/6 3356/19/6
f 3349/17/6 3350/17/6 3357/17/6
f 3357/17/6 3350/17/6 3358/17/6
f 3353/19/6 3354/19/6 3361/19/6
f 3345/20/6 3346/20/6 3362/20/6
f 3344/20/6 3345/20/6 3362/20/6
f 3330/20/6 3355/20/6 3363/20/6
f 3358/19/6 3359/19/6 3364/19/6
f 3357/19/6 3358/19/6 3364/19/6
f 3360/19/6 3361/19/6 3366/19/6
f 3357/19/6 3364/19/6 3367/19/6
f 3364/20/6 3365/20/6 3368/20/6
f 3367/19/6 3364/19/6 3368/19/6
f 3365/19/6 3366/19/6 3369/19/6
f 3368/20/6 3365/20/6 3369/20/6
f 3361/19/6 3354/19/6 3370/19/6
f 3369/19/6 3366/19/6 3370/19/6
f 3366/19/6 3361/19/6 3370/19/6
f 3370/19/6 3354/19/6 3371/19/6
f 3354/19/6 3344/19/6 3372/19/6
f 3371/19/6 3354/19/6 3372/19/6
f 3362/20/6 3363/20/6 3372/20/6
f 3344/20/6 3362/20/6 3372/20/6
f 3372/20/6 3363/20/6 3373/20/6
f 3373/20/6 3363/20/6 3374/20/6
f 3363/20/6 3355/20/6 3375/20/6
f 3374/20/6 3363/20/6 3375/20/6
f 3355/18/6 3356/18/6 3376/18/6
f 3375/20/6 3355/20/6 3376/20/6
f 3370/19/6 3371/19/6 3378/19/6
f 3378/19/6 3371/19/6 3379/19/6
f 3373/20/6 3374/20/6 3381/20/6
f 3374/19/6 3375/19/6 3382/19/6
f 3381/20/6 3374/20/6 3382/20/6
f 3375/18/6 3376/18/6 3383/18/6
f 3382/19/6 3375/19/6 3383/19/6
f 3376/18/6 3356/18/6 3384/18/6
f 3383/18/6 3376/18/6 3384/18/6
f 3377/3/6 3378/3/6 3385/3/6
f 3385/3/6 3378/3/6 3386/3/6
f 3386/3/6 3378/3/6 3387/3/6
f 3387/3/6 3378/3/6 3388/3/6
f 3388/3/6 3378/3/6 3389/3/6
f 3389/3/6 3378/3/6 3390/3/6
f 3379/3/6 3380/3/6 3391/3/6
f 3391/3/6 3380/3/6 3392/3/6
f 3392/3/6 3380/3/6 3393/3/6
f 3393/3/6 3380/3/6 3394/3/6
f 3394/3/6 3380/3/6 3395/3/6
f 3395/3/6 3380/3/6 3396/3/6
f 3382/19/6 3383/19/6 3397/19/6
f 3381/19/6 3382/19/6 3397/19/6
f 3373/20/6 3381/20/6 3397/20/6
f 3397/19/6 3383/19/6 3398/19/6
f 3377/3/6 3385/3/6 3399/3/6
f 3386/3/6 3387/3/6 3400/3/6
f 3400/3/6 3387/3/6 3401/3/6
f 3388/3/6 3389/3/6 3402/3/6
f 3402/3/6 3389/3/6 3403/3/6
f 3390/3/6 3378/3/6 3404/3/6
f 3378/19/6 3379/19/6 3405/19/6
f 3404/3/6 3378/3/6 3405/3/6
f 3405/19/6 3379/19/6 3406/19/6
f 3379/3/6 3391/3/6 3407/3/6
f 3392/3/6 3393/3/6 3408/3/6
f 3408/3/6 3393/3/6 3409/3/6
f 3394/3/6 3395/3/6 3410/3/6
f 3410/3/6 3395/3/6 3411/3/6
f 3396/3/6 3380/3/6 3412/3/6
f 3398/19/6 3383/19/6 3413/19/6
f 3397/20/6 3398/20/6 3413/20/6
f 3383/17/6 3384/17/6 3414/17/6
f 3413/19/6 3383/19/6 3414/19/6
f 3414/17/6 3384/17/6 3415/17/6
f 3403/3/6 3404/3/6 3416/3/6
f 3404/3/6 3405/3/6 3416/3/6
f 3405/18/6 3406/18/6 3417/18/6
f 3416/3/6 3405/3/6 3417/3/6
f 3406/19/6 3379/19/6 3418/19/6
f 3417/18/6 3406/18/6 3418/18/6
f 3418/19/6 3379/19/6 3419/19/6
f 3379/3/6 3407/3/6 3420/3/6
f 3419/19/6 3379/19/6 3420/19/6
f 3407/3/6 3408/3/6 3420/3/6
f 3420/3/6 3408/3/6 3421/3/6
f 3421/3/6 3408/3/6 3422/3/6
f 3414/18/6 3415/18/6 3423/18/6
f 3413/18/6 3414/18/6 3423/18/6
f 3397/20/6 3413/20/6 3423/20/6
f 3423/18/6 3415/18/6 3424/18/6
f 3420/19/6 3421/19/6 3425/19/6
f 3419/19/6 3420/19/6 3425/19/6
f 3418/17/6 3419/17/6 3425/17/6
f 3416/17/6 3417/17/6 3425/17/6
f 3417/17/6 3418/17/6 3425/17/6
f 3421/17/6 3422/17/6 3426/17/6
f 3425/19/6 3421/19/6 3426/19/6
f 3397/20/6 3423/20/6 3427/20/6
f 3373/20/6 3397/20/6 3427/20/6
f 3427/20/6 3423/20/6 3428/20/6
f 3428/20/6 3423/20/6 3429/20/6
f 3424/18/6 3415/18/6 3430/18/6
f 3430/18/6 3415/18/6 3431/18/6
f 3416/17/6 3425/17/6 3432/17/6
f 3425/17/6 3426/17/6 3432/17/6
f 3432/17/6 3426/17/6 3433/17/6
f 3433/17/6 3426/17/6 3434/17/6
f 3426/17/6 3422/17/6 3435/17/6
f 3434/17/6 3426/17/6 3435/17/6
f 3427/19/6 3428/19/6 3436/19/6
f 3436/19/6 3428/19/6 3437/19/6
f 3431/18/6 3415/18/6 3438/18/6
f 3438/18/6 3415/18/6 3439/18/6
f 3357/19/6 3367/19/6 3440/19/6
f 3440/19/6 3367/19/6 3441/19/6
f 3377/3/6 3399/3/6 3442/3/6
f 3399/3/6 3400/3/6 3442/3/6
f 3442/3/6 3400/3/6 3443/3/6
f 3432/3/6 3433/3/6 3446/3/6
f 3446/3/6 3433/3/6 3447/3/6
f 3434/3/6 3435/3/6 3448/3/6
f 3448/3/6 3435/3/6 3449/3/6
f 3411/3/6 3412/3/6 3452/3/6
f 3412/3/6 3380/3/6 3453/3/6
f 3452/3/6 3412/3/6 3453/3/6
f 3377/3/6 3442/3/6 3454/3/6
f 3443/3/6 3444/3/6 3455/3/6
f 3455/3/6 3444/3/6 3456/3/6
f 3445/3/6 3446/3/6 3457/3/6
f 3457/3/6 3446/3/6 3458/3/6
f 3447/3/6 3433/3/6 3459/3/6
f 3434/3/6 3448/3/6 3460/3/6
f 3449/3/6 3450/3/6 3461/3/6
f 3461/3/6 3450/3/6 3462/3/6
f 3451/3/6 3452/3/6 3463/3/6
f 3463/3/6 3452/3/6 3464/3/6
f 3453/3/6 3380/3/6 3465/3/6
f 3427/19/6 3436/19/6 3466/19/6
f 3439/18/6 3415/18/6 3469/18/6
f 3457/3/6 3458/3/6 3470/3/6
f 3377/3/6 3454/3/6 3470/3/6
f 3455/3/6 3456/3/6 3470/3/6
f 3458/3/6 3459/3/6 3470/3/6
f 3454/3/6 3455/3/6 3470/3/6
f 3456/3/6 3457/3/6 3470/3/6
f 3470/3/6 3459/3/6 3471/3/6
f 3471/3/6 3459/3/6 3472/3/6
f 3472/3/6 3459/3/6 3473/3/6
f 3473/3/6 3459/3/6 3474/3/6
f 3459/3/6 3433/3/6 3475/3/6
f 3474/3/6 3459/3/6 3475/3/6
f 3434/3/6 3460/3/6 3476/3/6
f 3461/3/6 3462/3/6 3476/3/6
f 3464/3/6 3465/3/6 3476/3/6
f 3463/3/6 3464/3/6 3476/3/6
f 3460/3/6 3461/3/6 3476/3/6
f 3462/3/6 3463/3/6 3476/3/6
f 3476/3/6 3465/3/6 3477/3/6
f 3477/3/6 3465/3/6 3478/3/6
f 3478/3/6 3465/3/6 3479/3/6
f 3479/3/6 3465/3/6 3480/3/6
f 3465/3/6 3380/3/6 3481/3/6
f 3480/3/6 3465/3/6 3481/3/6
f 3427/19/6 3466/19/6 3482/19/6
f 3466/20/6 3467/20/6 3483/20/6
f 3482/19/6 3466/19/6 3483/19/6
f 3483/20/6 3467/20/6 3484/20/6
f 3468/20/6 3469/20/6 3487/20/6
f 3377/3/6 3470/3/6 3488/3/6
f 3471/3/6 3472/3/6 3489/3/6
f 3489/3/6 3472/3/6 3490/3/6
f 3473/3/6 3474/3/6 3491/3/6
f 3491/3/6 3474/3/6 3492/3/6
f 3475/3/6 3433/3/6 3493/3/6
f 3434/3/6 3476/3/6 3494/3/6
f 3477/3/6 3478/3/6 3495/3/6
f 3495/3/6 3478/3/6 3496/3/6
f 3479/3/6 3480/3/6 3497/3/6
f 3497/3/6 3480/3/6 3498/3/6
f 3481/3/6 3380/3/6 3499/3/6
f 3484/20/6 3485/20/6 3500/20/6
f 3483/20/6 3484/20/6 3500/20/6
f 3486/20/6 3487/20/6 3501/20/6
f 3492/3/6 3493/3/6 3502/3/6
f 3433/17/6 3434/17/6 3503/17/6
f 3502/3/6 3493/3/6 3503/3/6
f 3493/3/6 3433/3/6 3503/3/6
f 3434/3/6 3494/3/6 3504/3/6
f 3503/17/6 3434/17/6 3504/17/6
f 3494/3/6 3495/3/6 3504/3/6
f 3504/3/6 3495/3/6 3505/3/6
f 3500/20/6 3501/20/6 3506/20/6
f 3483/20/6 3500/20/6 3506/20/6
f 3482/18/6 3483/18/6 3506/18/6
f 3506/20/6 3501/20/6 3507/20/6
f 3507/20/6 3501/20/6 3508/20/6
f 3501/20/6 3487/20/6 3509/20/6
f 3508/20/6 3501/20/6 3509/20/6
f 3469/18/6 3415/18/6 3510/18/6
f 3509/20/6 3487/20/6 3510/20/6
f 3487/20/6 3469/20/6 3510/20/6
f 3506/18/6 3507/18/6 3511/18/6
f 3507/19/6 3508/19/6 3511/19/6
f 3511/19/6 3508/19/6 3512/19/6
f 3509/18/6 3510/18/6 3513/18/6
f 3513/18/6 3510/18/6 3514/18/6
f 3482/18/6 3506/18/6 3515/18/6
f 3506/18/6 3511/18/6 3515/18/6
f 3515/18/6 3511/18/6 3516/18/6
f 3514/18/6 3510/18/6 3517/18/6
f 3510/18/6 3415/18/6 3518/18/6
f 3517/18/6 3510/18/6 3518/18/6
f 3518/18/6 3415/18/6 3519/18/6
f 3440/17/6 3441/17/6 3520/17/6
f 3520/17/6 3441/17/6 3521/17/6
f 3504/17/6 3505/17/6 3522/17/6
f 3503/17/6 3504/17/6 3522/17/6
f 3502/17/6 3503/17/6 3522/17/6
f 3522/17/6 3505/17/6 3523/17/6
f 3377/3/6 3488/3/6 3524/3/6
f 3488/3/6 3489/3/6 3524/3/6
f 3524/3/6 3489/3/6 3525/3/6
f 3522/3/6 3523/3/6 3528/3/6
f 3528/3/6 3523/3/6 3529/3/6
f 3529/3/6 3523/3/6 3530/3/6
f 3530/3/6 3523/3/6 3531/3/6
f 3498/3/6 3499/3/6 3534/3/6
f 3499/3/6 3380/3/6 3535/3/6
f 3534/3/6 3499/3/6 3535/3/6
f 3520/18/6 3521/18/6 3536/18/6
f 3536/18/6 3521/18/6 3537/18/6
f 3377/3/6 3524/3/6 3538/3/6
f 3525/3/6 3526/3/6 3539/3/6
f 3539/3/6 3526/3/6 3540/3/6
f 3527/3/6 3528/3/6 3541/3/6
f 3541/3/6 3528/3/6 3542/3/6
f 3529/3/6 3530/3/6 3543/3/6
f 3543/3/6 3530/3/6 3544/3/6
f 3531/3/6 3532/3/6 3545/3/6
f 3545/3/6 3532/3/6 3546/3/6
f 3533/3/6 3534/3/6 3547/3/6
f 3547/3/6 3534/3/6 3548/3/6
f 3535/3/6 3380/3/6 3549/3/6
f 3482/18/6 3515/18/6 3550/18/6
f 3518/19/6 3519/19/6 3553/19/6
f 3553/19/6 3519/19/6 3554/19/6
f 3547/3/6 3548/3/6 3555/3/6
f 3543/3/6 3544/3/6 3555/3/6
f 3545/3/6 3546/3/6 3555/3/6
f 3548/3/6 3549/3/6 3555/3/6
f 3377/3/6 3538/3/6 3555/3/6
f 3541/3/6 3542/3/6 3555/3/6
f 3539/3/6 3540/3/6 3555/3/6
f 3538/3/6 3539/3/6 3555/3/6
f 3546/3/6 3547/3/6 3555/3/6
f 3540/3/6 3541/3/6 3555/3/6
f 3544/3/6 3545/3/6 3555/3/6
f 3542/3/6 3543/3/6 3555/3/6
f 3549/3/6 3380/3/6 3556/3/6
f 3555/3/6 3549/3/6 3556/3/6
f 3550/18/6 3551/18/6 3557/18/6
f 3482/18/6 3550/18/6 3557/18/6
f 3557/18/6 3551/18/6 3558/18/6
f 3553/17/6 3554/17/6 3561/17/6
f 3552/17/6 3553/17/6 3561/17/6
f 3536/17/6 3537/17/6 3562/17/6
f 3482/18/6 3557/18/6 3564/18/6
f 3558/18/6 3559/18/6 3565/18/6
f 3560/17/6 3561/17/6 3567/17/6
f 3562/17/6 3563/17/6 3568/17/6
f 3536/17/6 3562/17/6 3568/17/6
f 3563/18/6 3564/18/6 3569/18/6
f 3568/17/6 3563/17/6 3569/17/6
f 3557/19/6 3558/19/6 3570/19/6
f 3569/18/6 3564/18/6 3570/18/6
f 3564/18/6 3557/18/6 3570/18/6
f 3565/18/6 3566/18/6 3571/18/6
f 3570/19/6 3558/19/6 3571/19/6
f 3558/18/6 3565/18/6 3571/18/6
f 3566/17/6 3567/17/6 3572/17/6
f 3571/18/6 3566/18/6 3572/18/6
f 3561/17/6 3554/17/6 3573/17/6
f 3572/17/6 3567/17/6 3573/17/6
f 3567/17/6 3561/17/6 3573/17/6
f 3574/17/6 3575/17/6 3576/17/6
f 3576/17/6 3575/17/6 3577/17/6
f 3577/17/6 3575/17/6 3578/17/6
f 3578/17/6 3575/17/6 3579/17/6
f 3579/17/6 3575/17/6 3580/17/6
f 3580/17/6 3575/17/6 3581/17/6
f 3581/17/6 3582/17/6 3585/17/6
f 3583/17/6 3584/17/6 3586/17/6
f 3585/17/6 3582/17/6 3587/17/6
f 3587/17/6 3582/17/6 3588/17/6
f 3588/17/6 3582/17/6 3589/17/6
f 3589/17/6 3582/17/6 3590/17/6
f 3590/17/6 3582/17/6 3591/17/6
f 3591/17/6 3582/17/6 3592/17/6
f 3583/17/6 3586/17/6 3594/17/6
f 3592/17/6 3593/17/6 3595/17/6
f 3591/17/6 3592/17/6 3595/17/6
f 3595/17/6 3593/17/6 3596/17/6
f 3596/17/6 3593/17/6 3597/17/6
f 3583/17/6 3594/17/6 3598/17/6
f 3595/17/6 3596/17/6 3599/17/6
f 3583/17/6 3598/17/6 3600/17/6
f 3600/17/6 3598/17/6 3601/17/6
f 3599/17/6 3596/17/6 3606/17/6
f 3606/17/6 3596/17/6 3607/17/6
f 3604/17/6 3605/17/6 3608/17/6
f 3605/17/6 3606/17/6 3608/17/6
f 3601/17/6 3602/17/6 3608/17/6
f 3603/17/6 3604/17/6 3608/17/6
f 3602/17/6 3603/17/6 3608/17/6
f 3608/17/6 3606/17/6 3609/17/6
f 3610/18/6 3611/18/6 3614/18/6
f 3614/18/6 3611/18/6 3615/18/6
f 3612/18/6 3613/18/6 3616/18/6
f 3616/18/6 3613/18/6 3617/18/6
f 3610/18/6 3614/18/6 3618/18/6
f 3617/18/6 3613/18/6 3619/18/6
f 3610/18/6 3618/18/6 3620/18/6
f 3618/18/6 3619/18/6 3620/18/6
f 3619/18/6 3613/18/6 3621/18/6
f 3620/18/6 3619/18/6 3621/18/6
f 3622/17/6 3623/17/6 3625/17/6
f 3625/17/6 3623/17/6 3626/17/6
f 3624/17/6 3625/17/6 3629/17/6
f 3629/17/6 3625/17/6 3630/17/6
f 3626/17/6 3627/17/6 3631/17/6
f 3631/17/6 3627/17/6 3632/17/6
f 3628/17/6 3629/17/6 3634/17/6
f 3634/17/6 3629/17/6 3635/17/6
f 3632/17/6 3633/17/6 3638/17/6
f 3638/17/6 3633/17/6 3639/17/6
f 3635/17/6 3636/17/6 3640/17/6
f 3640/17/6 3636/17/6 3641/17/6
f 3637/17/6 3638/17/6 3642/17/6
f 3642/17/6 3638/17/6 3643/17/6
f 3641/17/6 3642/17/6 3644/17/6
f 3644/17/6 3642/17/6 3645/17/6
f 3646/17/6 3647/17/6 3649/17/6
f 3649/17/6 3647/17/6 3650/17/6
f 3648/17/6 3649/17/6 3655/17/6
f 3655/17/6 3649/17/6 3656/17/6
f 3650/17/6 3651/17/6 3657/17/6
f 3657/17/6 3651/17/6 3658/17/6
f 3652/16/6 3653/16/6 3660/16/6
f 3660/16/6 3653/16/6 3661/16/6
f 3660/13/6 3661/13/6 3662/13/6
f 3662/13/6 3661/13/6 3663/13/6
f 3654/17/6 3655/17/6 3664/17/6
f 3664/17/6 3655/17/6 3665/17/6
f 3658/17/6 3659/17/6 3668/17/6
f 3668/17/6 3659/17/6 3669/17/6
f 3665/17/6 3666/17/6 3670/17/6
f 3670/17/6 3666/17/6 3671/17/6
f 3667/17/6 3668/17/6 3672/17/6
f 3672/17/6 3668/17/6 3673/17/6
f 3671/17/6 3672/17/6 3674/17/6
f 3674/17/6 3672/17/6 3675/17/6
f 3676/10/6 3677/10/6 3678/10/6
f 3678/10/6 3677/10/6 3679/10/6
f 3676/10/6 3678/10/6 3680/10/6
f 3678/12/6 3679/12/6 3680/12/6
f 3679/10/6 3677/10/6 3681/10/6
f 3680/12/6 3679/12/6 3681/12/6
f 3676/10/6 3680/10/6 3682/10/6
f 3680/11/6 3681/11/6 3682/11/6
f 3681/10/6 3677/10/6 3683/10/6
f 3682/11/6 3681/11/6 3683/11/6
f 3676/10/6 3682/10/6 3684/10/6
f 3682/12/6 3683/12/6 3684/12/6
f 3683/10/6 3677/10/6 3685/10/6
f 3684/12/6 3683/12/6 3685/12/6
f 3676/10/6 3684/10/6 3686/10/6
f 3684/11/6 3685/11/6 3686/11/6
f 3685/10/6 3677/10/6 3687/10/6
f 3686/11/6 3685/11/6 3687/11/6
f 3676/10/6 3686/10/6 3688/10/6
f 3686/12/6 3687/12/6 3688/12/6
f 3687/10/6 3677/10/6 3689/10/6
f 3688/12/6 3687/12/6 3689/12/6
f 3676/10/6 3688/10/6 3690/10/6
f 3688/11/6 3689/11/6 3690/11/6
f 3689/10/6 3677/10/6 3691/10/6
f 3690/11/6 3689/11/6 3691/11/6
f 3676/10/6 3690/10/6 3694/10/6
f 3690/12/6 3691/12/6 3694/12/6
f 3691/10/6 3677/10/6 3695/10/6
f 3694/12/6 3691/12/6 3695/12/6
f 3676/10/6 3694/10/6 3696/10/6
f 3694/11/6 3695/11/6 3696/11/6
f 3695/10/6 3677/10/6 3697/10/6
f 3696/11/6 3695/11/6 3697/11/6
f 3676/10/6 3696/10/6 3698/10/6
f 3696/12/6 3697/12/6 3698/12/6
f 3697/10/6 3677/10/6 3699/10/6
f 3698/12/6 3697/12/6 3699/12/6
f 3676/10/6 3698/10/6 3700/10/6
f 3698/11/6 3699/11/6 3700/11/6
f 3699/10/6 3677/10/6 3701/10/6
f 3700/11/6 3699/11/6 3701/11/6
f 3692/17/6 3693/17/6 3702/17/6
f 3702/17/6 3693/17/6 3703/17/6
f 3676/10/6 3700/10/6 3704/10/6
f 3700/12/6 3701/12/6 3704/12/6
f 3701/10/6 3677/10/6 3705/10/6
f 3704/12/6 3701/12/6 3705/12/6
f 3676/10/6 3704/10/6 3706/10/6
f 3704/10/6 3705/10/6 3706/10/6
f 3705/10/6 3677/10/6 3707/10/6
f 3706/10/6 3705/10/6 3707/10/6
f 3708/13/6 3709/13/6 3717/13/6
f 3717/13/6 3709/13/6 3718/13/6
f 3710/13/6 3711/13/6 3719/13/6
f 3719/13/6 3711/13/6 3720/13/6
f 3712/13/6 3713/13/6 3722/13/6
f 3722/13/6 3713/13/6 3723/13/6
f 3714/13/6 3715/13/6 3724/13/6
f 3724/13/6 3715/13/6 3725/13/6
f 3727/13/6 3728/13/6 3730/13/6
f 3716/13/6 3717/13/6 3731/13/6
f 3731/13/6 3717/13/6 3732/13/6
f 3729/16/6 3730/16/6 3735/16/6
f 3730/13/6 3728/13/6 3736/13/6
f 3735/16/6 3730/16/6 3736/16/6
f 3736/13/6 3728/13/6 3737/13/6
f 3721/13/6 3722/13/6 3738/13/6
f 3738/13/6 3722/13/6 3739/13/6
f 3725/13/6 3726/13/6 3742/13/6
f 3742/13/6 3726/13/6 3743/13/6
f 3732/13/6 3733/13/6 3744/13/6
f 3744/13/6 3733/13/6 3745/13/6
f 3734/13/6 3735/13/6 3746/13/6
f 3735/13/6 3736/13/6 3746/13/6
f 3746/13/6 3736/13/6 3747/13/6
f 3739/13/6 3740/13/6 3748/13/6
f 3748/13/6 3740/13/6 3749/13/6
f 3741/13/6 3742/13/6 3750/13/6
f 3750/13/6 3742/13/6 3751/13/6
f 3752/13/6 3753/13/6 3761/13/6
f 3761/13/6 3753/13/6 3762/13/6
f 3754/13/6 3755/13/6 3763/13/6
f 3763/13/6 3755/13/6 3764/13/6
f 3756/13/6 3757/13/6 3767/13/6
f 3767/13/6 3757/13/6 3768/13/6
f 3758/13/6 3759/13/6 3769/13/6
f 3769/13/6 3759/13/6 3770/13/6
f 3763/16/6 3764/16/6 3772/16/6
f 3772/16/6 3764/16/6 3773/16/6
f 3773/16/6 3764/16/6 3774/16/6
f 3764/13/6 3765/13/6 3775/13/6
f 3774/16/6 3764/16/6 3775/16/6
f 3760/13/6 3761/13/6 3776/13/6
f 3776/13/6 3761/13/6 3777/13/6
f 3775/13/6 3765/13/6 3779/13/6
f 3779/13/6 3765/13/6 3780/13/6
f 3766/13/6 3767/13/6 3781/13/6
f 3781/13/6 3767/13/6 3782/13/6
f 3770/13/6 3771/13/6 3785/13/6
f 3785/13/6 3771/13/6 3786/13/6
f 3777/13/6 3778/13/6 3787/13/6
f 3787/13/6 3778/13/6 3788/13/6
f 3782/13/6 3783/13/6 3789/13/6
f 3789/13/6 3783/13/6 3790/13/6
f 3784/13/6 3785/13/6 3791/13/6
f 3791/13/6 3785/13/6 3792/13/6
f 3793/17/6 3794/17/6 3795/17/6
f 3795/17/6 3794/17/6 3796/17/6
f 3797/13/6 3798/13/6 3809/13/6
f 3809/13/6 3798/13/6 3810/13/6
f 3799/13/6 3800/13/6 3811/13/6
f 3811/13/6 3800/13/6 3812/13/6
f 3801/13/6 3802/13/6 3813/13/6
f 3803/13/6 3804/13/6 3814/13/6
f 3814/13/6 3804/13/6 3815/13/6
f 3805/13/6 3806/13/6 3816/13/6
f 3816/13/6 3806/13/6 3817/13/6
f 3807/13/6 3808/13/6 3818/13/6
f 3818/13/6 3808/13/6 3819/13/6
f 3810/16/6 3811/16/6 3820/16/6
f 3820/16/6 3811/16/6 3821/16/6
f 3812/16/6 3813/16/6 3822/16/6
f 3822/16/6 3813/16/6 3823/16/6
f 3813/13/6 3802/13/6 3824/13/6
f 3823/16/6 3813/16/6 3824/16/6
f 3824/13/6 3802/13/6 3825/13/6
f 3815/16/6 3816/16/6 3826/16/6
f 3826/16/6 3816/16/6 3827/16/6
f 3817/16/6 3818/16/6 3828/16/6
f 3828/16/6 3818/16/6 3829/16/6
f 3823/16/6 3824/16/6 3830/16/6
f 3830/16/6 3824/16/6 3831/16/6
f 3831/16/6 3824/16/6 3833/16/6
f 3832/16/6 3833/16/6 3837/16/6
f 3833/16/6 3824/16/6 3838/16/6
f 3837/16/6 3833/16/6 3838/16/6
f 3834/16/6 3835/16/6 3844/16/6
f 3844/16/6 3835/16/6 3845/16/6
f 3836/16/6 3837/16/6 3846/16/6
f 3846/16/6 3837/16/6 3847/16/6
f 3839/16/6 3840/16/6 3851/16/6
f 3851/16/6 3840/16/6 3852/16/6
f 3841/16/6 3842/16/6 3853/16/6
f 3853/16/6 3842/16/6 3854/16/6
f 3843/13/6 3844/13/6 3856/13/6
f 3856/13/6 3844/13/6 3857/13/6
f 3845/13/6 3846/13/6 3858/13/6
f 3858/13/6 3846/13/6 3859/13/6
f 3848/13/6 3849/13/6 3860/13/6
f 3860/13/6 3849/13/6 3861/13/6
f 3850/13/6 3851/13/6 3862/13/6
f 3862/13/6 3851/13/6 3863/13/6
f 3852/13/6 3853/13/6 3864/13/6
f 3864/13/6 3853/13/6 3865/13/6
f 3854/13/6 3855/13/6 3866/13/6
f 3866/13/6 3855/13/6 3867/13/6
f 3868/13/6 3869/13/6 3880/13/6
f 3880/13/6 3869/13/6 3881/13/6
f 3870/13/6 3871/13/6 3882/13/6
f 3872/13/6 3873/13/6 3883/13/6
f 3883/13/6 3873/13/6 3884/13/6
f 3874/13/6 3875/13/6 3885/13/6
f 3885/13/6 3875/13/6 3886/13/6
f 3876/13/6 3877/13/6 3887/13/6
f 3887/13/6 3877/13/6 3888/13/6
f 3878/13/6 3879/13/6 3889/13/6
f 3889/13/6 3879/13/6 3890/13/6
f 3881/16/6 3882/16/6 3891/16/6
f 3891/16/6 3882/16/6 3892/16/6
f 3882/13/6 3871/13/6 3893/13/6
f 3892/16/6 3882/16/6 3893/16/6
f 3893/13/6 3871/13/6 3894/13/6
f 3886/16/6 3887/16/6 3896/16/6
f 3896/16/6 3887/16/6 3897/16/6
f 3888/16/6 3889/16/6 3898/16/6
f 3898/16/6 3889/16/6 3899/16/6
f 3892/16/6 3893/16/6 3900/16/6
f 3900/16/6 3893/16/6 3901/16/6
f 3894/16/6 3895/16/6 3902/16/6
f 3902/16/6 3895/16/6 3903/16/6
f 3904/16/6 3905/16/6 3907/16/6
f 3907/16/6 3905/16/6 3908/16/6
f 3908/16/6 3905/16/6 3909/16/6
f 3909/16/6 3905/16/6 3910/16/6
f 3906/16/6 3907/16/6 3917/16/6
f 3907/16/6 3908/16/6 3917/16/6
f 3908/13/6 3909/13/6 3918/13/6
f 3917/16/6 3908/16/6 3918/16/6
f 3909/16/6 3910/16/6 3919/16/6
f 3918/13/6 3909/13/6 3919/13/6
f 3910/16/6 3911/16/6 3919/16/6
f 3919/16/6 3911/16/6 3920/16/6
f 3912/16/6 3913/16/6 3923/16/6
f 3923/16/6 3913/16/6 3924/16/6
f 3914/16/6 3915/16/6 3925/16/6
f 3925/16/6 3915/16/6 3926/16/6
f 3916/13/6 3917/13/6 3928/13/6
f 3928/13/6 3917/13/6 3929/13/6
f 3918/13/6 3919/13/6 3930/13/6
f 3930/13/6 3919/13/6 3931/13/6
f 3920/13/6 3921/13/6 3932/13/6
f 3932/13/6 3921/13/6 3933/13/6
f 3922/13/6 3923/13/6 3934/13/6
f 3934/13/6 3923/13/6 3935/13/6
f 3924/13/6 3925/13/6 3936/13/6
f 3936/13/6 3925/13/6 3937/13/6
f 3926/13/6 3927/13/6 3938/13/6
f 3938/13/6 3927/13/6 3939/13/6
f 3940/13/6 3941/13/6 3950/13/6
f 3950/13/6 3941/13/6 3951/13/6
f 3942/13/6 3943/13/6 3952/13/6
f 3952/13/6 3943/13/6 3953/13/6
f 3944/13/6 3945/13/6 3955/13/6
f 3955/13/6 3945/13/6 3956/13/6
f 3946/13/6 3947/13/6 3957/13/6
f 3957/13/6 3947/13/6 3958/13/6
f 3948/13/6 3949/13/6 3959/13/6
f 3959/13/6 3949/13/6 3960/13/6
f 3951/16/6 3952/16/6 3961/16/6
f 3952/13/6 3953/13/6 3962/13/6
f 3961/16/6 3952/16/6 3962/16/6
f 3953/16/6 3954/16/6 3963/16/6
f 3962/13/6 3953/13/6 3963/13/6
f 3963/16/6 3954/16/6 3964/16/6
f 3956/16/6 3957/16/6 3966/16/6
f 3966/16/6 3957/16/6 3967/16/6
f 3958/16/6 3959/16/6 3968/16/6
f 3968/16/6 3959/16/6 3969/16/6
f 3964/13/6 3965/13/6 3971/13/6
f 3962/13/6 3963/13/6 3971/13/6
f 3963/13/6 3964/13/6 3971/13/6
f 3971/13/6 3965/13/6 3972/13/6
f 3972/13/6 3965/13/6 3973/13/6
f 3973/13/6 3965/13/6 3974/13/6
f 3970/16/6 3971/16/6 3980/16/6
f 3971/13/6 3972/13/6 3981/13/6
f 3980/16/6 3971/16/6 3981/16/6
f 3972/16/6 3973/16/6 3982/16/6
f 3981/13/6 3972/13/6 3982/13/6
f 3982/16/6 3973/16/6 3983/16/6
f 3975/16/6 3976/16/6 3987/16/6
f 3987/16/6 3976/16/6 3988/16/6
f 3977/16/6 3978/16/6 3989/16/6
f 3989/16/6 3978/16/6 3990/16/6
f 3979/13/6 3980/13/6 3992/13/6
f 3992/13/6 3980/13/6 3993/13/6
f 3981/13/6 3982/13/6 3994/13/6
f 3994/13/6 3982/13/6 3995/13/6
f 3984/13/6 3985/13/6 3996/13/6
f 3996/13/6 3985/13/6 3997/13/6
f 3986/13/6 3987/13/6 3998/13/6
f 3998/13/6 3987/13/6 3999/13/6
f 3988/13/6 3989/13/6 4000/13/6
f 4000/13/6 3989/13/6 4001/13/6
f 3990/13/6 3991/13/6 4002/13/6
f 4002/13/6 3991/13/6 4003/13/6
f 4004/13/6 4005/13/6 4014/13/6
f 4014/13/6 4005/13/6 4015/13/6
f 4006/13/6 4007/13/6 4020/13/6
f 4020/13/6 4007/13/6 4021/13/6
f 4008/13/6 4009/13/6 4022/13/6
f 4022/13/6 4009/13/6 4023/13/6
f 4010/13/6 4011/13/6 4024/13/6
f 4024/13/6 4011/13/6 4025/13/6
f 4012/13/6 4013/13/6 4026/13/6
f 4026/13/6 4013/13/6 4027/13/6
f 4015/16/6 4016/16/6 4028/16/6
f 4028/16/6 4016/16/6 4029/16/6
f 4017/13/6 4018/13/6 4030/13/6
f 4030/13/6 4018/13/6 4031/13/6
f 4019/16/6 4020/16/6 4032/16/6
f 4032/16/6 4020/16/6 4033/16/6
f 4023/16/6 4024/16/6 4034/16/6
f 4034/16/6 4024/16/6 4035/16/6
f 4025/16/6 4026/16/6 4036/16/6
f 4036/16/6 4026/16/6 4037/16/6
f 4030/13/6 4031/13/6 4039/13/6
f 4031/13/6 4032/13/6 4039/13/6
f 4029/13/6 4030/13/6 4039/13/6
f 4039/13/6 4032/13/6 4040/13/6
f 4040/13/6 4032/13/6 4041/13/6
f 4041/13/6 4032/13/6 4042/13/6
f 4038/16/6 4039/16/6 4049/16/6
f 4049/16/6 4039/16/6 4050/16/6
f 4042/16/6 4043/16/6 4051/16/6
f 4051/16/6 4043/16/6 4052/16/6
f 4044/16/6 4045/16/6 4055/16/6
f 4055/16/6 4045/16/6 4056/16/6
f 4046/16/6 4047/16/6 4057/16/6
f 4057/16/6 4047/16/6 4058/16/6
f 4048/13/6 4049/13/6 4060/13/6
f 4060/13/6 4049/13/6 4061/13/6
f 4052/13/6 4053/13/6 4062/13/6
f 4062/13/6 4053/13/6 4063/13/6
f 4054/13/6 4055/13/6 4064/13/6
f 4064/13/6 4055/13/6 4065/13/6
f 4056/13/6 4057/13/6 4066/13/6
f 4066/13/6 4057/13/6 4067/13/6
f 4058/13/6 4059/13/6 4068/13/6
f 4068/13/6 4059/13/6 4069/13/6
f 4070/8/6 4071/8/6 4074/8/6
f 4074/8/6 4071/8/6 4075/8/6
f 4072/8/6 4073/8/6 4076/8/6
f 4076/8/6 4073/8/6 4077/8/6
f 4074/9/6 4075/9/6 4078/9/6
f 4078/9/6 4075/9/6 4079/9/6
f 4076/9/6 4077/9/6 4080/9/6
f 4080/9/6 4077/9/6 4081/9/6
f 4078/8/6 4079/8/6 4082/8/6
f 4082/8/6 4079/8/6 4083/8/6
f 4080/8/6 4081/8/6 4084/8/6
f 4084/8/6 4081/8/6 4085/8/6
f 4082/9/6 4083/9/6 4086/9/6
f 4086/9/6 4083/9/6 4087/9/6
f 4084/9/6 4085/9/6 4088/9/6
f 4088/9/6 4085/9/6 4089/9/6
f 4086/8/6 4087/8/6 4090/8/6
f 4090/8/6 4087/8/6 4091/8/6
f 4088/8/6 4089/8/6 4092/8/6
f 4092/8/6 4089/8/6 4093/8/6
f 4090/9/6 4091/9/6 4094/9/6
f 4094/9/6 4091/9/6 4095/9/6
f 4092/9/6 4093/9/6 4096/9/6
f 4096/9/6 4093/9/6 4097/9/6
f 4094/8/6 4095/8/6 4098/8/6
f 4098/8/6 4095/8/6 4099/8/6
f 4096/8/6 4097/8/6 4100/8/6
f 4100/8/6 4097/8/6 4101/8/6
f 4098/9/6 4099/9/6 4102/9/6
f 4102/9/6 4099/9/6 4103/9/6
f 4100/9/6 4101/9/6 4104/9/6
f 4104/9/6 4101/9/6 4105/9/6
f 4102/8/6 4103/8/6 4106/8/6
f 4106/8/6 4103/8/6 4107/8/6
f 4104/8/6 4105/8/6 4108/8/6
f 4108/8/6 4105/8/6 4109/8/6
f 4110/13/6 4111/13/6 4120/13/6
f 4112/13/6 4113/13/6 4123/13/6
f 4114/13/6 4115/13/6 4124/13/6
f 4116/13/6 4117/13/6 4125/13/6
f 4125/13/6 4117/13/6 4126/13/6
f 4118/13/6 4119/13/6 4127/13/6
f 4120/13/6 4121/13/6 4128/13/6
f 4110/13/6 4120/13/6 4128/13/6
f 4128/13/6 4121/13/6 4129/13/6
f 4122/13/6 4123/13/6 4130/13/6
f 4123/13/6 4113/13/6 4131/13/6
f 4130/13/6 4123/13/6 4131/13/6
f 4126/13/6 4127/13/6 4132/13/6
f 4125/13/6 4126/13/6 4132/13/6
f 4114/13/6 4124/13/6 4132/13/6
f 4124/13/6 4125/13/6 4132/13/6
f 4132/13/6 4127/13/6 4133/13/6
f 4133/13/6 4127/13/6 4134/13/6
f 4127/13/6 4119/13/6 4135/13/6
f 4134/13/6 4127/13/6 4135/13/6
f 4110/13/6 4128/13/6 4136/13/6
f 4136/13/6 4128/13/6 4137/13/6
f 4131/13/6 4113/13/6 4138/13/6
f 4138/13/6 4113/13/6 4139/13/6
f 4114/13/6 4132/13/6 4140/13/6
f 4140/13/6 4132/13/6 4141/13/6
f 4133/13/6 4134/13/6 4142/13/6
f 4142/13/6 4134/13/6 4143/13/6
f 4135/13/6 4119/13/6 4144/13/6
f 4144/13/6 4119/13/6 4145/13/6
f 4146/13/6 4147/13/6 4156/13/6
f 4148/13/6 4149/13/6 4159/13/6
f 4150/13/6 4151/13/6 4160/13/6
f 4152/13/6 4153/13/6 4161/13/6
f 4161/13/6 4153/13/6 4162/13/6
f 4154/13/6 4155/13/6 4163/13/6
f 4156/13/6 4157/13/6 4164/13/6
f 4146/13/6 4156/13/6 4164/13/6
f 4164/13/6 4157/13/6 4165/13/6
f 4158/13/6 4159/13/6 4168/13/6
f 4159/13/6 4149/13/6 4169/13/6
f 4168/13/6 4159/13/6 4169/13/6
f 4161/13/6 4162/13/6 4170/13/6
f 4162/13/6 4163/13/6 4170/13/6
f 4150/13/6 4160/13/6 4170/13/6
f 4160/13/6 4161/13/6 4170/13/6
f 4170/13/6 4163/13/6 4171/13/6
f 4171/13/6 4163/13/6 4172/13/6
f 4163/13/6 4155/13/6 4173/13/6
f 4172/13/6 4163/13/6 4173/13/6
f 4146/13/6 4164/13/6 4174/13/6
f 4174/13/6 4164/13/6 4175/13/6
f 4166/13/6 4167/13/6 4176/13/6
f 4176/13/6 4167/13/6 4177/13/6
f 4169/13/6 4149/13/6 4178/13/6
f 4178/13/6 4149/13/6 4179/13/6
f 4150/13/6 4170/13/6 4180/13/6
f 4180/13/6 4170/13/6 4181/13/6
f 4171/13/6 4172/13/6 4182/13/6
f 4182/13/6 4172/13/6 4183/13/6
f 4173/13/6 4155/13/6 4184/13/6
f 4184/13/6 4155/13/6 4185/13/6
f 4186/1/6 4187/1/6 4190/1/6
f 4190/1/6 4187/1/6 4191/1/6
f 4188/1/6 4189/1/6 4194/1/6
f 4194/1/6 4189/1/6 4195/1/6
f 4191/8/6 4192/8/6 4196/8/6
f 4196/8/6 4192/8/6 4197/8/6
f 4193/8/6 4194/8/6 4198/8/6
f 4198/8/6 4194/8/6 4199/8/6
f 4196/9/6 4197/9/6 4200/9/6
f 4200/9/6 4197/9/6 4201/9/6
f 4198/9/6 4199/9/6 4202/9/6
f 4202/9/6 4199/9/6 4203/9/6
f 4200/8/6 4201/8/6 4204/8/6
f 4204/8/6 4201/8/6 4205/8/6
f 4202/8/6 4203/8/6 4206/8/6
f 4206/8/6 4203/8/6 4207/8/6
f 4204/9/6 4205/9/6 4208/9/6
f 4208/9/6 4205/9/6 4209/9/6
f 4206/9/6 4207/9/6 4210/9/6
f 4210/9/6 4207/9/6 4211/9/6
f 4208/8/6 4209/8/6 4212/8/6
f 4212/8/6 4209/8/6 4213/8/6
f 4210/8/6 4211/8/6 4214/8/6
f 4214/8/6 4211/8/6 4215/8/6
f 4212/9/6 4213/9/6 4216/9/6
f 4216/9/6 4213/9/6 4217/9/6
f 4214/9/6 4215/9/6 4218/9/6
f 4218/9/6 4215/9/6 4219/9/6
f 4216/8/6 4217/8/6 4220/8/6
f 4220/8/6 4217/8/6 4221/8/6
f 4218/8/6 4219/8/6 4222/8/6
f 4222/8/6 4219/8/6 4223/8/6
f 4220/9/6 4221/9/6 4224/9/6
f 4224/9/6 4221/9/6 4225/9/6
f 4222/9/6 4223/9/6 4226/9/6
f 4226/9/6 4223/9/6 4227/9/6
f 4224/8/6 4225/8/6 4229/8/6
f 4229/8/6 4225/8/6 4230/8/6
f 4226/8/6 4227/8/6 4231/8/6
f 4231/8/6 4227/8/6 4232/8/6
f 4228/1/6 4229/1/6 4234/1/6
f 4234/1/6 4229/1/6 4235/1/6
f 4232/1/6 4233/1/6 4236/1/6
f 4236/1/6 4233/1/6 4237/1/6
f 4238/1/6 4239/1/6 4242/1/6
f 4242/1/6 4239/1/6 4243/1/6
f 4240/1/6 4241/1/6 4246/1/6
f 4246/1/6 4241/1/6 4247/1/6
f 4243/8/6 4244/8/6 4248/8/6
f 4248/8/6 4244/8/6 4249/8/6
f 4245/8/6 4246/8/6 4250/8/6
f 4250/8/6 4246/8/6 4251/8/6
f 4248/9/6 4249/9/6 4252/9/6
f 4252/9/6 4249/9/6 4253/9/6
f 4250/9/6 4251/9/6 4254/9/6
f 4254/9/6 4251/9/6 4255/9/6
f 4252/8/6 4253/8/6 4256/8/6
f 4256/8/6 4253/8/6 4257/8/6
f 4254/8/6 4255/8/6 4258/8/6
f 4258/8/6 4255/8/6 4259/8/6
f 4256/9/6 4257/9/6 4260/9/6
f 4260/9/6 4257/9/6 4261/9/6
f 4258/9/6 4259/9/6 4262/9/6
f 4262/9/6 4259/9/6 4263/9/6
f 4260/8/6 4261/8/6 4264/8/6
f 4264/8/6 4261/8/6 4265/8/6
f 4262/8/6 4263/8/6 4266/8/6
f 4266/8/6 4263/8/6 4267/8/6
f 4264/9/6 4265/9/6 4268/9/6
f 4268/9/6 4265/9/6 4269/9/6
f 4266/9/6 4267/9/6 4270/9/6
f 4270/9/6 4267/9/6 4271/9/6
f 4268/8/6 4269/8/6 4272/8/6
f 4272/8/6 4269/8/6 4273/8/6
f 4270/8/6 4271/8/6 4274/8/6
f 4274/8/6 4271/8/6 4275/8/6
f 4272/9/6 4273/9/6 4276/9/6
f 4276/9/6 4273/9/6 4277/9/6
f 4274/9/6 4275/9/6 4278/9/6
f 4278/9/6 4275/9/6 4279/9/6
f 4276/8/6 4277/8/6 4281/8/6
f 4281/8/6 4277/8/6 4282/8/6
f 4278/8/6 4279/8/6 4283/8/6
f 4283/8/6 4279/8/6 4284/8/6
f 4280/1/6 4281/1/6 4286/1/6
f 4286/1/6 4281/1/6 4287/1/6
f 4284/1/6 4285/1/6 4288/1/6
f 4288/1/6 4285/1/6 4289/1/6
f 4290/1/6 4291/1/6 4294/1/6
f 4294/1/6 4291/1/6 4295/1/6
f 4292/1/6 4293/1/6 4298/1/6
f 4298/1/6 4293/1/6 4299/1/6
f 4295/8/6 4296/8/6 4300/8/6
f 4300/8/6 4296/8/6 4301/8/6
f 4297/8/6 4298/8/6 4302/8/6
f 4302/8/6 4298/8/6 4303/8/6
f 4300/9/6 4301/9/6 4304/9/6
f 4304/9/6 4301/9/6 4305/9/6
f 4302/9/6 4303/9/6 4306/9/6
f 4306/9/6 4303/9/6 4307/9/6
f 4304/8/6 4305/8/6 4308/8/6
f 4308/8/6 4305/8/6 4309/8/6
f 4306/8/6 4307/8/6 4310/8/6
f 4310/8/6 4307/8/6 4311/8/6
f 4308/9/6 4309/9/6 4312/9/6
f 4312/9/6 4309/9/6 4313/9/6
f 4310/9/6 4311/9/6 4314/9/6
f 4314/9/6 4311/9/6 4315/9/6
f 4312/8/6 4313/8/6 4316/8/6
f 4316/8/6 4313/8/6 4317/8/6
f 4314/8/6 4315/8/6 4318/8/6
f 4318/8/6 4315/8/6 4319/8/6
f 4316/9/6 4317/9/6 4320/9/6
f 4320/9/6 4317/9/6 4321/9/6
f 4318/9/6 4319/9/6 4322/9/6
f 4322/9/6 4319/9/6 4323/9/6
f 4320/8/6 4321/8/6 4324/8/6
f 4324/8/6 4321/8/6 4325/8/6
f 4322/8/6 4323/8/6 4326/8/6
f 4326/8/6 4323/8/6 4327/8/6
f 4324/9/6 4325/9/6 4328/9/6
f 4328/9/6 4325/9/6 4329/9/6
f 4326/9/6 4327/9/6 4330/9/6
f 4330/9/6 4327/9/6 4331/9/6
f 4328/8/6 4329/8/6 4333/8/6
f 4333/8/6 4329/8/6 4334/8/6
f 4330/8/6 4331/8/6 4335/8/6
f 4335/8/6 4331/8/6 4336/8/6
f 4332/1/6 4333/1/6 4338/1/6
f 4338/1/6 4333/1/6 4339/1/6
f 4336/1/6 4337/1/6 4340/1/6
f 4340/1/6 4337/1/6 4341/1/6
f 4342/1/6 4343/1/6 4344/1/6
f 4344/1/6 4343/1/6 4345/1/6
f 4345/1/6 4343/1/6 4346/1/6
f 4346/1/6 4343/1/6 4347/1/6
f 4345/1/6 4346/1/6 4349/1/6
f 4349/1/6 4346/1/6 4350/1/6
f 4348/1/6 4349/1/6 4352/1/6
f 4350/1/6 4351/1/6 4352/1/6
f 4349/1/6 4350/1/6 4352/1/6
f 4352/1/6 4351/1/6 4353/1/6
f 4354/13/6 4355/13/6 4359/13/6
f 4359/13/6 4355/13/6 4360/13/6
f 4356/13/6 4357/13/6 4361/13/6
f 4361/13/6 4357/13/6 4362/13/6
f 4358/13/6 4359/13/6 4364/13/6
f 4364/13/6 4359/13/6 4365/13/6
f 4362/13/6 4363/13/6 4366/13/6
f 4366/13/6 4363/13/6 4367/13/6
f 4367/13/6 4368/13/6 4372/13/6
f 4372/13/6 4368/13/6 4373/13/6
f 4369/13/6 4370/13/6 4374/13/6
f 4374/13/6 4370/13/6 4375/13/6
f 4371/13/6 4372/13/6 4378/13/6
f 4378/13/6 4372/13/6 4379/13/6
f 4375/13/6 4376/13/6 4380/13/6
f 4380/13/6 4376/13/6 4381/13/6
f 4377/13/6 4378/13/6 4382/13/6
f 4382/13/6 4378/13/6 4383/13/6
f 4384/13/6 4385/13/6 4389/13/6
f 4389/13/6 4385/13/6 4390/13/6
f 4386/13/6 4387/13/6 4391/13/6
f 4391/13/6 4387/13/6 4392/13/6
f 4388/13/6 4389/13/6 4394/13/6
f 4394/13/6 4389/13/6 4395/13/6
f 4392/13/6 4393/13/6 4396/13/6
f 4396/13/6 4393/13/6 4397/13/6
f 4397/13/6 4398/13/6 4402/13/6
f 4402/13/6 4398/13/6 4403/13/6
f 4399/13/6 4400/13/6 4404/13/6
f 4404/13/6 4400/13/6 4405/13/6
f 4401/13/6 4402/13/6 4408/13/6
f 4408/13/6 4402/13/6 4409/13/6
f 4405/13/6 4406/13/6 4410/13/6
f 4410/13/6 4406/13/6 4411/13/6
f 4407/13/6 4408/13/6 4412/13/6
f 4412/13/6 4408/13/6 4413/13/6
f 4414/13/6 4415/13/6 4417/13/6
f 4417/13/6 4415/13/6 4418/13/6
f 4416/13/6 4417/13/6 4421/13/6
f 4418/13/6 4419/13/6 4421/13/6
f 4417/13/6 4418/13/6 4421/13/6
f 4421/13/6 4419/13/6 4422/13/6
f 4420/13/6 4421/13/6 4424/13/6
f 4422/13/6 4423/13/6 4424/13/6
f 4421/13/6 4422/13/6 4424/13/6
f 4424/13/6 4423/13/6 4425/13/6
f 4425/13/6 4423/13/6 4426/13/6
f 4426/13/6 4423/13/6 4427/13/6
f 4425/13/6 4426/13/6 4428/13/6
f 4428/13/6 4426/13/6 4429/13/6
f 4429/13/6 4426/13/6 4430/13/6
f 4430/13/6 4426/13/6 4431/13/6
f 4429/13/6 4430/13/6 4432/13/6
f 4432/13/6 4430/13/6 4433/13/6
f 4434/13/6 4435/13/6 4437/13/6
f 4437/13/6 4435/13/6 4438/13/6
f 4436/13/6 4437/13/6 4441/13/6
f 4441/13/6 4437/13/6 4442/13/6
f 4438/13/6 4439/13/6 4443/13/6
f 4443/13/6 4439/13/6 4444/13/6
f 4440/13/6 4441/13/6 4446/13/6
f 4446/13/6 4441/13/6 4447/13/6
f 4444/13/6 4445/13/6 4450/13/6
f 4450/13/6 4445/13/6 4451/13/6
f 4447/13/6 4448/13/6 4452/13/6
f 4452/13/6 4448/13/6 4453/13/6
f 4449/13/6 4450/13/6 4454/13/6
f 4454/13/6 4450/13/6 4455/13/6
f 4453/13/6 4454/13/6 4456/13/6
f 4456/13/6 4454/13/6 4457/13/6
f 4458/13/6 4459/13/6 4461/13/6
f 4461/13/6 4459/13/6 4462/13/6
f 4460/13/6 4461/13/6 4464/13/6
f 4462/13/6 4463/13/6 4464/13/6
f 4461/13/6 4462/13/6 4464/13/6
f 4464/13/6 4463/13/6 4465/13/6
f 4465/13/6 4463/13/6 4466/13/6
f 4466/13/6 4463/13/6 4467/13/6
f 4465/13/6 4466/13/6 4468/13/6
f 4468/13/6 4466/13/6 4469/13/6
