# MagicaVoxel @ Ephtracy

# group
o 

# material
mtllib Map-8.mtl
usemtl palette

# normals
vn -1 0 0
vn 1 0 0
vn 0 0 -1
vn 0 0 1
vn 0 -1 0
vn 0 1 0

# texcoords
vt 0.0957031 0.5
vt 0.158203 0.5
vt 0.162109 0.5
vt 0.166016 0.5
vt 0.169922 0.5

# verts
v -12 0 2.5
v -12 0 25.6
v -12 0.1 5.4
v -12 0.1 6.3
v -12 0.1 11
v -12 0.1 11.3
v -12 0.1 11.5
v -12 0.1 12.5
v -12 0.1 13.5
v -12 0.1 13.9
v -12 0.1 14.1
v -12 0.1 16.3
v -12 0.1 17.7
v -12 0.1 18.3
v -12 0.1 24.9
v -12 0.2 2.5
v -12 0.2 5.4
v -12 0.2 6.3
v -12 0.2 11
v -12 0.2 11.3
v -12 0.2 11.5
v -12 0.2 12.5
v -12 0.2 13.5
v -12 0.2 13.9
v -12 0.2 14.1
v -12 0.2 16.3
v -12 0.2 17.7
v -12 0.2 18.3
v -12 0.2 24.9
v -12 0.2 25.6
v -12 0.6 2.7
v -12 0.6 2.8
v -12 0.7 2.7
v -12 0.7 2.8
v -12 1.1 2.7
v -12 1.1 2.8
v -12 1.2 2.7
v -12 1.2 2.8
v -11.8 0.2 2.6
v -11.8 0.2 2.9
v -11.8 0.4 2.6
v -11.8 0.4 2.9
v -11.7 0.4 2.7
v -11.7 0.4 2.8
v -11.7 0.6 2.7
v -11.7 0.6 2.8
v -11.7 0.7 2.7
v -11.7 0.7 2.8
v -11.7 1.1 2.7
v -11.7 1.1 2.8
v -10.7 0.2 2.6
v -10.7 0.2 2.9
v -10.7 0.4 2.6
v -10.7 0.4 2.9
v -10.6 0.4 2.7
v -10.6 0.4 2.8
v -10.6 0.6 2.7
v -10.6 0.6 2.8
v -10.6 0.7 2.7
v -10.6 0.7 2.8
v -10.6 1.1 2.7
v -10.6 1.1 2.8
v -9.1 0.2 5.7
v -9.1 0.2 5.8
v -9.1 0.2 7.1
v -9.1 0.2 8
v -9.1 0.2 10.1
v -9.1 0.2 11.6
v -9.1 0.2 11.9
v -9.1 0.2 12.4
v -9.1 0.2 13.5
v -9.1 0.2 16
v -9.1 0.3 5.7
v -9.1 0.3 10.1
v -9.1 0.3 11.6
v -9.1 0.3 16
v -8.9 0.3 5.9
v -8.9 0.3 9.9
v -8.9 0.3 11.8
v -8.9 0.3 15.8
v -8.9 0.4 5.9
v -8.9 0.4 9.9
v -8.9 0.4 11.8
v -8.9 0.4 15.8
v -5.6 0.2 2.6
v -5.6 0.2 2.9
v -5.6 0.4 2.6
v -5.6 0.4 2.9
v -5.5 0.4 2.7
v -5.5 0.4 2.8
v -5.5 1.2 2.7
v -5.5 1.2 2.8
v -4.5 0.2 2.6
v -4.5 0.2 2.9
v -4.5 0.4 2.6
v -4.5 0.4 2.9
v -4.4 0.4 2.7
v -4.4 0.4 2.8
v -4.4 0.6 2.7
v -4.4 0.6 2.8
v -4.4 0.7 2.7
v -4.4 0.7 2.8
v -4.4 1.1 2.7
v -4.4 1.1 2.8
v -4 0.2 17.1
v -4 0.2 17.6
v -4 0.2 18
v -4 0.2 18.4
v -4 0.2 18.5
v -4 0.2 19.4
v -4 0.2 19.5
v -4 0.2 19.7
v -4 0.2 20.1
v -4 0.2 22.4
v -4 0.2 23.1
v -4 0.3 17.1
v -4 0.3 23.1
v -3.6 0.3 17.5
v -3.6 0.3 22.7
v -3.6 0.5 17.5
v -3.6 0.5 22.7
v -3.4 0.2 2.6
v -3.4 0.2 2.9
v -3.4 0.4 2.6
v -3.4 0.4 2.9
v -3.3 0.4 2.7
v -3.3 0.4 2.8
v -3.3 0.6 2.7
v -3.3 0.6 2.8
v -3.3 0.7 2.7
v -3.3 0.7 2.8
v -3.3 1.1 2.7
v -3.3 1.1 2.8
v -3.2 0.2 5.7
v -3.2 0.2 6.5
v -3.2 0.2 7.8
v -3.2 0.2 9.6
v -3.2 0.2 9.9
v -3.2 0.2 10.1
v -3.2 0.2 11.6
v -3.2 0.2 12.6
v -3.2 0.2 12.8
v -3.2 0.2 14.3
v -3.2 0.2 14.6
v -3.2 0.2 16
v -3.2 0.3 5.7
v -3.2 0.3 10.1
v -3.2 0.3 11.6
v -3.2 0.3 16
v -3 0.3 5.9
v -3 0.3 9.9
v -3 0.3 11.8
v -3 0.3 15.8
v -3 0.4 5.9
v -3 0.4 9.9
v -3 0.4 11.8
v -3 0.4 15.8
v 1.2 0.2 2.6
v 1.2 0.2 2.9
v 1.2 0.4 2.6
v 1.2 0.4 2.9
v 1.3 0.4 2.7
v 1.3 0.4 2.8
v 1.3 1.2 2.7
v 1.3 1.2 2.8
v 2.3 0.2 2.6
v 2.3 0.2 2.9
v 2.3 0.4 2.6
v 2.3 0.4 2.9
v 2.4 0.4 2.7
v 2.4 0.4 2.8
v 2.4 0.6 2.7
v 2.4 0.6 2.8
v 2.4 0.7 2.7
v 2.4 0.7 2.8
v 2.4 1.1 2.7
v 2.4 1.1 2.8
v 2.8 0.2 5.7
v 2.8 0.2 7.9
v 2.8 0.2 8.7
v 2.8 0.2 10
v 2.8 0.2 10.1
v 2.8 0.2 11.6
v 2.8 0.2 14.9
v 2.8 0.2 15.9
v 2.8 0.2 16
v 2.8 0.3 5.7
v 2.8 0.3 10.1
v 2.8 0.3 11.6
v 2.8 0.3 16
v 3 0.3 5.9
v 3 0.3 9.9
v 3 0.3 11.8
v 3 0.3 15.8
v 3 0.4 5.9
v 3 0.4 9.9
v 3 0.4 11.8
v 3 0.4 15.8
v 3.4 0.2 2.6
v 3.4 0.2 2.9
v 3.4 0.4 2.6
v 3.4 0.4 2.9
v 3.5 0.4 2.7
v 3.5 0.4 2.8
v 3.5 0.6 2.7
v 3.5 0.6 2.8
v 3.5 0.7 2.7
v 3.5 0.7 2.8
v 3.5 1.1 2.7
v 3.5 1.1 2.8
v 8.4 0.2 2.6
v 8.4 0.2 2.9
v 8.4 0.4 2.6
v 8.4 0.4 2.9
v 8.5 0.4 2.7
v 8.5 0.4 2.8
v 8.5 1.2 2.7
v 8.5 1.2 2.8
v 9.5 0.2 2.6
v 9.5 0.2 2.9
v 9.5 0.4 2.6
v 9.5 0.4 2.9
v 9.6 0.4 2.7
v 9.6 0.4 2.8
v 9.6 0.6 2.7
v 9.6 0.6 2.8
v 9.6 0.7 2.7
v 9.6 0.7 2.8
v 9.6 1.1 2.7
v 9.6 1.1 2.8
v 10.6 0.2 2.6
v 10.6 0.2 2.9
v 10.6 0.2 3.7
v 10.6 0.2 4
v 10.6 0.4 2.6
v 10.6 0.4 2.9
v 10.6 0.4 3.7
v 10.6 0.4 4
v 10.7 0.4 2.7
v 10.7 0.4 2.8
v 10.7 0.4 3.8
v 10.7 0.4 3.9
v 10.7 0.6 2.7
v 10.7 0.6 2.8
v 10.7 0.6 3.8
v 10.7 0.7 2.7
v 10.7 0.7 2.8
v 10.7 0.7 3.8
v 10.7 1.1 2.7
v 10.7 1.1 2.8
v 10.7 1.1 3.8
v 10.7 1.2 2.8
v 10.7 1.2 3.9
v 11.1 0.2 2.6
v 11.1 0.2 2.9
v 11.1 0.2 3.7
v 11.1 0.2 4
v 11.1 0.4 2.6
v 11.1 0.4 2.9
v 11.1 0.4 3.7
v 11.1 0.4 4
v 11.2 0.4 2.7
v 11.2 0.4 2.8
v 11.2 0.4 3.8
v 11.2 0.4 3.9
v 11.2 0.6 2.8
v 11.2 0.6 3.8
v 11.2 0.7 2.8
v 11.2 0.7 3.8
v 11.2 1.1 2.8
v 11.2 1.1 3.8
v 11.2 1.2 2.7
v 11.2 1.2 3.9
v -11.6 0.4 2.7
v -11.6 0.4 2.8
v -11.6 0.6 2.7
v -11.6 0.6 2.8
v -11.6 0.7 2.7
v -11.6 0.7 2.8
v -11.6 1.1 2.7
v -11.6 1.1 2.8
v -11.5 0.2 2.6
v -11.5 0.2 2.9
v -11.5 0.4 2.6
v -11.5 0.4 2.9
v -10.5 0.4 2.7
v -10.5 0.4 2.8
v -10.5 1.2 2.7
v -10.5 1.2 2.8
v -10.4 0.2 2.6
v -10.4 0.2 2.9
v -10.4 0.4 2.6
v -10.4 0.4 2.9
v -5.4 0.4 2.7
v -5.4 0.4 2.8
v -5.4 0.6 2.7
v -5.4 0.6 2.8
v -5.4 0.7 2.7
v -5.4 0.7 2.8
v -5.4 1.1 2.7
v -5.4 1.1 2.8
v -5.3 0.2 2.6
v -5.3 0.2 2.9
v -5.3 0.4 2.6
v -5.3 0.4 2.9
v -4.9 0.3 5.9
v -4.9 0.3 9.9
v -4.9 0.3 11.8
v -4.9 0.3 15.8
v -4.9 0.4 5.9
v -4.9 0.4 9.9
v -4.9 0.4 11.8
v -4.9 0.4 15.8
v -4.7 0.2 5.7
v -4.7 0.2 6
v -4.7 0.2 6.8
v -4.7 0.2 7.3
v -4.7 0.2 8.5
v -4.7 0.2 9.5
v -4.7 0.2 10.1
v -4.7 0.2 11.6
v -4.7 0.2 12.1
v -4.7 0.2 16
v -4.7 0.3 5.7
v -4.7 0.3 10.1
v -4.7 0.3 11.6
v -4.7 0.3 16
v -4.3 0.4 2.7
v -4.3 0.4 2.8
v -4.3 0.6 2.7
v -4.3 0.6 2.8
v -4.3 0.7 2.7
v -4.3 0.7 2.8
v -4.3 1.1 2.7
v -4.3 1.1 2.8
v -4.2 0.2 2.6
v -4.2 0.2 2.9
v -4.2 0.4 2.6
v -4.2 0.4 2.9
v -3.2 0.4 2.7
v -3.2 0.4 2.8
v -3.2 1.2 2.7
v -3.2 1.2 2.8
v -3.1 0.2 2.6
v -3.1 0.2 2.9
v -3.1 0.4 2.6
v -3.1 0.4 2.9
v 1 0.3 5.9
v 1 0.3 9.9
v 1 0.3 11.8
v 1 0.3 15.8
v 1 0.4 5.9
v 1 0.4 9.9
v 1 0.4 11.8
v 1 0.4 15.8
v 1.2 0.2 5.7
v 1.2 0.2 6.1
v 1.2 0.2 6.7
v 1.2 0.2 6.8
v 1.2 0.2 7.4
v 1.2 0.2 8
v 1.2 0.2 8.4
v 1.2 0.2 10.1
v 1.2 0.2 11.6
v 1.2 0.2 12.1
v 1.2 0.2 16
v 1.2 0.3 5.7
v 1.2 0.3 10.1
v 1.2 0.3 11.6
v 1.2 0.3 16
v 1.4 0.4 2.7
v 1.4 0.4 2.8
v 1.4 0.6 2.7
v 1.4 0.6 2.8
v 1.4 0.7 2.7
v 1.4 0.7 2.8
v 1.4 1.1 2.7
v 1.4 1.1 2.8
v 1.5 0.2 2.6
v 1.5 0.2 2.9
v 1.5 0.4 2.6
v 1.5 0.4 2.9
v 1.6 0.3 17.5
v 1.6 0.3 22.7
v 1.6 0.5 17.5
v 1.6 0.5 22.7
v 2 0.2 17.1
v 2 0.2 17.9
v 2 0.2 19.7
v 2 0.2 21.1
v 2 0.2 21.6
v 2 0.2 22.6
v 2 0.2 23.1
v 2 0.3 17.1
v 2 0.3 23.1
v 2.5 0.4 2.7
v 2.5 0.4 2.8
v 2.5 0.6 2.7
v 2.5 0.6 2.8
v 2.5 0.7 2.7
v 2.5 0.7 2.8
v 2.5 1.1 2.7
v 2.5 1.1 2.8
v 2.6 0.2 2.6
v 2.6 0.2 2.9
v 2.6 0.4 2.6
v 2.6 0.4 2.9
v 3.6 0.4 2.7
v 3.6 0.4 2.8
v 3.6 1.2 2.7
v 3.6 1.2 2.8
v 3.7 0.2 2.6
v 3.7 0.2 2.9
v 3.7 0.4 2.6
v 3.7 0.4 2.9
v 7 0.3 5.9
v 7 0.3 9.9
v 7 0.3 11.8
v 7 0.3 15.8
v 7 0.4 5.9
v 7 0.4 9.9
v 7 0.4 11.8
v 7 0.4 15.8
v 7.2 0.2 5.7
v 7.2 0.2 7.8
v 7.2 0.2 9.2
v 7.2 0.2 10.1
v 7.2 0.2 11.6
v 7.2 0.2 12.4
v 7.2 0.2 13.1
v 7.2 0.2 13.2
v 7.2 0.2 13.4
v 7.2 0.2 13.9
v 7.2 0.2 14
v 7.2 0.2 14.4
v 7.2 0.2 14.6
v 7.2 0.2 15.2
v 7.2 0.2 16
v 7.2 0.3 5.7
v 7.2 0.3 10.1
v 7.2 0.3 11.6
v 7.2 0.3 16
v 8.6 0.4 2.7
v 8.6 0.4 2.8
v 8.6 0.6 2.7
v 8.6 0.6 2.8
v 8.6 0.7 2.7
v 8.6 0.7 2.8
v 8.6 1.1 2.7
v 8.6 1.1 2.8
v 8.7 0.2 2.6
v 8.7 0.2 2.9
v 8.7 0.4 2.6
v 8.7 0.4 2.9
v 9.7 0.4 2.7
v 9.7 0.4 2.8
v 9.7 0.6 2.7
v 9.7 0.6 2.8
v 9.7 0.7 2.7
v 9.7 0.7 2.8
v 9.7 1.1 2.7
v 9.7 1.1 2.8
v 9.8 0.2 2.6
v 9.8 0.2 2.9
v 9.8 0.4 2.6
v 9.8 0.4 2.9
v 10.8 0.4 2.7
v 10.8 0.4 2.8
v 10.8 0.4 3.8
v 10.8 0.4 3.9
v 10.8 0.6 2.8
v 10.8 0.6 3.8
v 10.8 0.7 2.8
v 10.8 0.7 3.8
v 10.8 1.1 2.8
v 10.8 1.1 3.8
v 10.8 1.2 2.7
v 10.8 1.2 3.9
v 10.9 0.2 2.6
v 10.9 0.2 2.9
v 10.9 0.2 3.7
v 10.9 0.2 4
v 10.9 0.4 2.6
v 10.9 0.4 2.9
v 10.9 0.4 3.7
v 10.9 0.4 4
v 11.3 0.4 2.7
v 11.3 0.4 2.8
v 11.3 0.4 3.8
v 11.3 0.4 3.9
v 11.3 0.6 2.7
v 11.3 0.6 2.8
v 11.3 0.6 3.8
v 11.3 0.7 2.7
v 11.3 0.7 2.8
v 11.3 0.7 3.8
v 11.3 1.1 2.7
v 11.3 1.1 2.8
v 11.3 1.1 3.8
v 11.3 1.2 2.8
v 11.3 1.2 3.9
v 11.4 0.2 2.6
v 11.4 0.2 2.9
v 11.4 0.2 3.7
v 11.4 0.2 4
v 11.4 0.4 2.6
v 11.4 0.4 2.9
v 11.4 0.4 3.7
v 11.4 0.4 4
v 12 0 2.5
v 12 0 25.6
v 12 0.1 6.4
v 12 0.1 7.7
v 12 0.1 11
v 12 0.1 11.3
v 12 0.1 11.7
v 12 0.1 12.5
v 12 0.1 13.5
v 12 0.1 13.9
v 12 0.1 14.1
v 12 0.1 16
v 12 0.1 16.3
v 12 0.1 17.7
v 12 0.1 19.2
v 12 0.1 24.9
v 12 0.2 2.5
v 12 0.2 6.4
v 12 0.2 7.7
v 12 0.2 11
v 12 0.2 11.3
v 12 0.2 11.7
v 12 0.2 12.5
v 12 0.2 13.5
v 12 0.2 13.9
v 12 0.2 14.1
v 12 0.2 16
v 12 0.2 16.3
v 12 0.2 17.7
v 12 0.2 19.2
v 12 0.2 24.9
v 12 0.2 25.6
v 12 0.6 2.7
v 12 0.6 2.8
v 12 0.7 2.7
v 12 0.7 2.8
v 12 1.1 2.7
v 12 1.1 2.8
v 12 1.2 2.7
v 12 1.2 2.8
v -12 0 2.5
v -12 0.2 2.5
v -1.6 0.1 2.5
v -1.6 0.2 2.5
v -0.6 0.1 2.5
v -0.6 0.2 2.5
v -0.5 0.1 2.5
v -0.5 0.2 2.5
v 0.9 0.1 2.5
v 0.9 0.2 2.5
v 12 0 2.5
v 12 0.2 2.5
v -11.8 0.2 2.6
v -11.8 0.4 2.6
v -11.5 0.2 2.6
v -11.5 0.4 2.6
v -10.7 0.2 2.6
v -10.7 0.4 2.6
v -10.4 0.2 2.6
v -10.4 0.4 2.6
v -5.6 0.2 2.6
v -5.6 0.4 2.6
v -5.3 0.2 2.6
v -5.3 0.4 2.6
v -4.5 0.2 2.6
v -4.5 0.4 2.6
v -4.2 0.2 2.6
v -4.2 0.4 2.6
v -3.4 0.2 2.6
v -3.4 0.4 2.6
v -3.1 0.2 2.6
v -3.1 0.4 2.6
v 1.2 0.2 2.6
v 1.2 0.4 2.6
v 1.5 0.2 2.6
v 1.5 0.4 2.6
v 2.3 0.2 2.6
v 2.3 0.4 2.6
v 2.6 0.2 2.6
v 2.6 0.4 2.6
v 3.4 0.2 2.6
v 3.4 0.4 2.6
v 3.7 0.2 2.6
v 3.7 0.4 2.6
v 8.4 0.2 2.6
v 8.4 0.4 2.6
v 8.7 0.2 2.6
v 8.7 0.4 2.6
v 9.5 0.2 2.6
v 9.5 0.4 2.6
v 9.8 0.2 2.6
v 9.8 0.4 2.6
v 10.6 0.2 2.6
v 10.6 0.4 2.6
v 10.9 0.2 2.6
v 10.9 0.4 2.6
v 11.1 0.2 2.6
v 11.1 0.4 2.6
v 11.4 0.2 2.6
v 11.4 0.4 2.6
v -12 0.6 2.7
v -12 0.7 2.7
v -12 1.1 2.7
v -12 1.2 2.7
v -11.7 0.4 2.7
v -11.7 0.6 2.7
v -11.7 0.7 2.7
v -11.7 1.1 2.7
v -11.6 0.4 2.7
v -11.6 0.6 2.7
v -11.6 0.7 2.7
v -11.6 1.1 2.7
v -10.6 0.4 2.7
v -10.6 0.6 2.7
v -10.6 0.7 2.7
v -10.6 1.1 2.7
v -10.5 0.4 2.7
v -10.5 1.2 2.7
v -5.5 0.4 2.7
v -5.5 1.2 2.7
v -5.4 0.4 2.7
v -5.4 0.6 2.7
v -5.4 0.7 2.7
v -5.4 1.1 2.7
v -4.4 0.4 2.7
v -4.4 0.6 2.7
v -4.4 0.7 2.7
v -4.4 1.1 2.7
v -4.3 0.4 2.7
v -4.3 0.6 2.7
v -4.3 0.7 2.7
v -4.3 1.1 2.7
v -3.3 0.4 2.7
v -3.3 0.6 2.7
v -3.3 0.7 2.7
v -3.3 1.1 2.7
v -3.2 0.4 2.7
v -3.2 1.2 2.7
v 1.3 0.4 2.7
v 1.3 1.2 2.7
v 1.4 0.4 2.7
v 1.4 0.6 2.7
v 1.4 0.7 2.7
v 1.4 1.1 2.7
v 2.4 0.4 2.7
v 2.4 0.6 2.7
v 2.4 0.7 2.7
v 2.4 1.1 2.7
v 2.5 0.4 2.7
v 2.5 0.6 2.7
v 2.5 0.7 2.7
v 2.5 1.1 2.7
v 3.5 0.4 2.7
v 3.5 0.6 2.7
v 3.5 0.7 2.7
v 3.5 1.1 2.7
v 3.6 0.4 2.7
v 3.6 1.2 2.7
v 8.5 0.4 2.7
v 8.5 1.2 2.7
v 8.6 0.4 2.7
v 8.6 0.6 2.7
v 8.6 0.7 2.7
v 8.6 1.1 2.7
v 9.6 0.4 2.7
v 9.6 0.6 2.7
v 9.6 0.7 2.7
v 9.6 1.1 2.7
v 9.7 0.4 2.7
v 9.7 0.6 2.7
v 9.7 0.7 2.7
v 9.7 1.1 2.7
v 10.7 0.4 2.7
v 10.7 0.6 2.7
v 10.7 0.7 2.7
v 10.7 1.1 2.7
v 10.8 0.4 2.7
v 10.8 1.2 2.7
v 11.2 0.4 2.7
v 11.2 1.2 2.7
v 11.3 0.4 2.7
v 11.3 0.6 2.7
v 11.3 0.7 2.7
v 11.3 1.1 2.7
v 12 0.6 2.7
v 12 0.7 2.7
v 12 1.1 2.7
v 12 1.2 2.7
v 10.6 0.2 3.7
v 10.6 0.4 3.7
v 10.9 0.2 3.7
v 10.9 0.4 3.7
v 11.1 0.2 3.7
v 11.1 0.4 3.7
v 11.4 0.2 3.7
v 11.4 0.4 3.7
v 10.7 0.4 3.8
v 10.7 0.6 3.8
v 10.7 0.7 3.8
v 10.7 1.1 3.8
v 10.8 0.4 3.8
v 10.8 0.6 3.8
v 10.8 0.7 3.8
v 10.8 1.1 3.8
v 11.2 0.4 3.8
v 11.2 0.6 3.8
v 11.2 0.7 3.8
v 11.2 1.1 3.8
v 11.3 0.4 3.8
v 11.3 0.6 3.8
v 11.3 0.7 3.8
v 11.3 1.1 3.8
v -9.1 0.2 5.7
v -9.1 0.3 5.7
v -8.2 0.2 5.7
v -6.1 0.2 5.7
v -5.3 0.2 5.7
v -4.7 0.2 5.7
v -4.7 0.3 5.7
v -3.2 0.2 5.7
v -3.2 0.3 5.7
v -2.5 0.2 5.7
v -1.6 0.2 5.7
v -0.900001 0.2 5.7
v -0.400001 0.2 5.7
v -0.3 0.2 5.7
v 0 0.2 5.7
v 0.2 0.2 5.7
v 0.599999 0.2 5.7
v 1.2 0.2 5.7
v 1.2 0.3 5.7
v 2.8 0.2 5.7
v 2.8 0.3 5.7
v 5.2 0.2 5.7
v 7.2 0.2 5.7
v 7.2 0.3 5.7
v -8.9 0.3 5.9
v -8.9 0.4 5.9
v -4.9 0.3 5.9
v -4.9 0.4 5.9
v -3 0.3 5.9
v -3 0.4 5.9
v 1 0.3 5.9
v 1 0.4 5.9
v 3 0.3 5.9
v 3 0.4 5.9
v 7 0.3 5.9
v 7 0.4 5.9
v -9.1 0.2 11.6
v -9.1 0.3 11.6
v -8.7 0.2 11.6
v -7.6 0.2 11.6
v -7.5 0.2 11.6
v -7.3 0.2 11.6
v -7 0.2 11.6
v -6.9 0.2 11.6
v -4.7 0.2 11.6
v -4.7 0.3 11.6
v -3.2 0.2 11.6
v -3.2 0.3 11.6
v -2 0.2 11.6
v -0.6 0.2 11.6
v 1.2 0.2 11.6
v 1.2 0.3 11.6
v 2.8 0.2 11.6
v 2.8 0.3 11.6
v 2.9 0.2 11.6
v 3.2 0.2 11.6
v 3.3 0.2 11.6
v 3.5 0.2 11.6
v 4.1 0.2 11.6
v 4.8 0.2 11.6
v 4.9 0.2 11.6
v 5.5 0.2 11.6
v 5.9 0.2 11.6
v 7 0.2 11.6
v 7.2 0.2 11.6
v 7.2 0.3 11.6
v -8.9 0.3 11.8
v -8.9 0.4 11.8
v -4.9 0.3 11.8
v -4.9 0.4 11.8
v -3 0.3 11.8
v -3 0.4 11.8
v 1 0.3 11.8
v 1 0.4 11.8
v 3 0.3 11.8
v 3 0.4 11.8
v 7 0.3 11.8
v 7 0.4 11.8
v -4 0.2 17.1
v -4 0.3 17.1
v -3.3 0.2 17.1
v -2.6 0.2 17.1
v -0.900001 0.2 17.1
v 0.5 0.2 17.1
v 1.5 0.2 17.1
v 2 0.2 17.1
v 2 0.3 17.1
v -3.6 0.3 17.5
v -3.6 0.5 17.5
v 1.6 0.3 17.5
v 1.6 0.5 17.5
v -12 0.6 2.8
v -12 0.7 2.8
v -12 1.1 2.8
v -12 1.2 2.8
v -11.7 0.4 2.8
v -11.7 0.6 2.8
v -11.7 0.7 2.8
v -11.7 1.1 2.8
v -11.6 0.4 2.8
v -11.6 0.6 2.8
v -11.6 0.7 2.8
v -11.6 1.1 2.8
v -10.6 0.4 2.8
v -10.6 0.6 2.8
v -10.6 0.7 2.8
v -10.6 1.1 2.8
v -10.5 0.4 2.8
v -10.5 1.2 2.8
v -5.5 0.4 2.8
v -5.5 1.2 2.8
v -5.4 0.4 2.8
v -5.4 0.6 2.8
v -5.4 0.7 2.8
v -5.4 1.1 2.8
v -4.4 0.4 2.8
v -4.4 0.6 2.8
v -4.4 0.7 2.8
v -4.4 1.1 2.8
v -4.3 0.4 2.8
v -4.3 0.6 2.8
v -4.3 0.7 2.8
v -4.3 1.1 2.8
v -3.3 0.4 2.8
v -3.3 0.6 2.8
v -3.3 0.7 2.8
v -3.3 1.1 2.8
v -3.2 0.4 2.8
v -3.2 1.2 2.8
v 1.3 0.4 2.8
v 1.3 1.2 2.8
v 1.4 0.4 2.8
v 1.4 0.6 2.8
v 1.4 0.7 2.8
v 1.4 1.1 2.8
v 2.4 0.4 2.8
v 2.4 0.6 2.8
v 2.4 0.7 2.8
v 2.4 1.1 2.8
v 2.5 0.4 2.8
v 2.5 0.6 2.8
v 2.5 0.7 2.8
v 2.5 1.1 2.8
v 3.5 0.4 2.8
v 3.5 0.6 2.8
v 3.5 0.7 2.8
v 3.5 1.1 2.8
v 3.6 0.4 2.8
v 3.6 1.2 2.8
v 8.5 0.4 2.8
v 8.5 1.2 2.8
v 8.6 0.4 2.8
v 8.6 0.6 2.8
v 8.6 0.7 2.8
v 8.6 1.1 2.8
v 9.6 0.4 2.8
v 9.6 0.6 2.8
v 9.6 0.7 2.8
v 9.6 1.1 2.8
v 9.7 0.4 2.8
v 9.7 0.6 2.8
v 9.7 0.7 2.8
v 9.7 1.1 2.8
v 10.7 0.4 2.8
v 10.7 0.6 2.8
v 10.7 0.7 2.8
v 10.7 1.1 2.8
v 10.7 1.2 2.8
v 10.8 0.4 2.8
v 10.8 0.6 2.8
v 10.8 0.7 2.8
v 10.8 1.1 2.8
v 11.2 0.4 2.8
v 11.2 0.6 2.8
v 11.2 0.7 2.8
v 11.2 1.1 2.8
v 11.3 0.4 2.8
v 11.3 0.6 2.8
v 11.3 0.7 2.8
v 11.3 1.1 2.8
v 11.3 1.2 2.8
v 12 0.6 2.8
v 12 0.7 2.8
v 12 1.1 2.8
v 12 1.2 2.8
v -11.8 0.2 2.9
v -11.8 0.4 2.9
v -11.5 0.2 2.9
v -11.5 0.4 2.9
v -10.7 0.2 2.9
v -10.7 0.4 2.9
v -10.4 0.2 2.9
v -10.4 0.4 2.9
v -5.6 0.2 2.9
v -5.6 0.4 2.9
v -5.3 0.2 2.9
v -5.3 0.4 2.9
v -4.5 0.2 2.9
v -4.5 0.4 2.9
v -4.2 0.2 2.9
v -4.2 0.4 2.9
v -3.4 0.2 2.9
v -3.4 0.4 2.9
v -3.1 0.2 2.9
v -3.1 0.4 2.9
v 1.2 0.2 2.9
v 1.2 0.4 2.9
v 1.5 0.2 2.9
v 1.5 0.4 2.9
v 2.3 0.2 2.9
v 2.3 0.4 2.9
v 2.6 0.2 2.9
v 2.6 0.4 2.9
v 3.4 0.2 2.9
v 3.4 0.4 2.9
v 3.7 0.2 2.9
v 3.7 0.4 2.9
v 8.4 0.2 2.9
v 8.4 0.4 2.9
v 8.7 0.2 2.9
v 8.7 0.4 2.9
v 9.5 0.2 2.9
v 9.5 0.4 2.9
v 9.8 0.2 2.9
v 9.8 0.4 2.9
v 10.6 0.2 2.9
v 10.6 0.4 2.9
v 10.9 0.2 2.9
v 10.9 0.4 2.9
v 11.1 0.2 2.9
v 11.1 0.4 2.9
v 11.4 0.2 2.9
v 11.4 0.4 2.9
v 10.7 0.4 3.9
v 10.7 1.2 3.9
v 10.8 0.4 3.9
v 10.8 1.2 3.9
v 11.2 0.4 3.9
v 11.2 1.2 3.9
v 11.3 0.4 3.9
v 11.3 1.2 3.9
v 10.6 0.2 4
v 10.6 0.4 4
v 10.9 0.2 4
v 10.9 0.4 4
v 11.1 0.2 4
v 11.1 0.4 4
v 11.4 0.2 4
v 11.4 0.4 4
v -8.9 0.3 9.9
v -8.9 0.4 9.9
v -4.9 0.3 9.9
v -4.9 0.4 9.9
v -3 0.3 9.9
v -3 0.4 9.9
v 1 0.3 9.9
v 1 0.4 9.9
v 3 0.3 9.9
v 3 0.4 9.9
v 7 0.3 9.9
v 7 0.4 9.9
v -9.1 0.2 10.1
v -9.1 0.3 10.1
v -9 0.2 10.1
v -8.1 0.2 10.1
v -6.7 0.2 10.1
v -5.6 0.2 10.1
v -4.8 0.2 10.1
v -4.7 0.2 10.1
v -4.7 0.3 10.1
v -3.2 0.2 10.1
v -3.2 0.3 10.1
v -3 0.2 10.1
v -2.4 0.2 10.1
v -1.5 0.2 10.1
v -0.900001 0.2 10.1
v -0.6 0.2 10.1
v 0.8 0.2 10.1
v 1.2 0.2 10.1
v 1.2 0.3 10.1
v 2.8 0.2 10.1
v 2.8 0.3 10.1
v 5.8 0.2 10.1
v 7.2 0.2 10.1
v 7.2 0.3 10.1
v -8.9 0.3 15.8
v -8.9 0.4 15.8
v -4.9 0.3 15.8
v -4.9 0.4 15.8
v -3 0.3 15.8
v -3 0.4 15.8
v 1 0.3 15.8
v 1 0.4 15.8
v 3 0.3 15.8
v 3 0.4 15.8
v 7 0.3 15.8
v 7 0.4 15.8
v -9.1 0.2 16
v -9.1 0.3 16
v -4.7 0.2 16
v -4.7 0.3 16
v -3.2 0.2 16
v -3.2 0.3 16
v -1.2 0.2 16
v 1.2 0.2 16
v 1.2 0.3 16
v 2.8 0.2 16
v 2.8 0.3 16
v 4.3 0.2 16
v 5.1 0.2 16
v 6.1 0.2 16
v 6.5 0.2 16
v 7.2 0.2 16
v 7.2 0.3 16
v -3.6 0.3 22.7
v -3.6 0.5 22.7
v 1.6 0.3 22.7
v 1.6 0.5 22.7
v -4 0.2 23.1
v -4 0.3 23.1
v 0.9 0.2 23.1
v 1.5 0.2 23.1
v 2 0.2 23.1
v 2 0.3 23.1
v -12 0 25.6
v -12 0.2 25.6
v -10.2 0.1 25.6
v -10.2 0.2 25.6
v -8.8 0.1 25.6
v -8.8 0.2 25.6
v -5.6 0.1 25.6
v -5.6 0.2 25.6
v -5.5 0.1 25.6
v -5.5 0.2 25.6
v 1.5 0.1 25.6
v 1.5 0.2 25.6
v 5.9 0.1 25.6
v 5.9 0.2 25.6
v 12 0 25.6
v 12 0.2 25.6
v -12 0 2.5
v 12 0 2.5
v -12 0 25.6
v 12 0 25.6
v -12 0.6 2.7
v -11.7 0.6 2.7
v -11.6 0.6 2.7
v -10.6 0.6 2.7
v -5.4 0.6 2.7
v -4.4 0.6 2.7
v -4.3 0.6 2.7
v -3.3 0.6 2.7
v 1.4 0.6 2.7
v 2.4 0.6 2.7
v 2.5 0.6 2.7
v 3.5 0.6 2.7
v 8.6 0.6 2.7
v 9.6 0.6 2.7
v 9.7 0.6 2.7
v 10.7 0.6 2.7
v 11.3 0.6 2.7
v 12 0.6 2.7
v -12 0.6 2.8
v -11.7 0.6 2.8
v -11.6 0.6 2.8
v -10.6 0.6 2.8
v -5.4 0.6 2.8
v -4.4 0.6 2.8
v -4.3 0.6 2.8
v -3.3 0.6 2.8
v 1.4 0.6 2.8
v 2.4 0.6 2.8
v 2.5 0.6 2.8
v 3.5 0.6 2.8
v 8.6 0.6 2.8
v 9.6 0.6 2.8
v 9.7 0.6 2.8
v 10.7 0.6 2.8
v 10.8 0.6 2.8
v 11.2 0.6 2.8
v 11.3 0.6 2.8
v 12 0.6 2.8
v 10.7 0.6 3.8
v 10.8 0.6 3.8
v 11.2 0.6 3.8
v 11.3 0.6 3.8
v -12 1.1 2.7
v -11.7 1.1 2.7
v -11.6 1.1 2.7
v -10.6 1.1 2.7
v -5.4 1.1 2.7
v -4.4 1.1 2.7
v -4.3 1.1 2.7
v -3.3 1.1 2.7
v 1.4 1.1 2.7
v 2.4 1.1 2.7
v 2.5 1.1 2.7
v 3.5 1.1 2.7
v 8.6 1.1 2.7
v 9.6 1.1 2.7
v 9.7 1.1 2.7
v 10.7 1.1 2.7
v 11.3 1.1 2.7
v 12 1.1 2.7
v -12 1.1 2.8
v -11.7 1.1 2.8
v -11.6 1.1 2.8
v -10.6 1.1 2.8
v -5.4 1.1 2.8
v -4.4 1.1 2.8
v -4.3 1.1 2.8
v -3.3 1.1 2.8
v 1.4 1.1 2.8
v 2.4 1.1 2.8
v 2.5 1.1 2.8
v 3.5 1.1 2.8
v 8.6 1.1 2.8
v 9.6 1.1 2.8
v 9.7 1.1 2.8
v 10.7 1.1 2.8
v 10.8 1.1 2.8
v 11.2 1.1 2.8
v 11.3 1.1 2.8
v 12 1.1 2.8
v 10.7 1.1 3.8
v 10.8 1.1 3.8
v 11.2 1.1 3.8
v 11.3 1.1 3.8
v -12 0.2 2.5
v -1.6 0.2 2.5
v -0.6 0.2 2.5
v -0.5 0.2 2.5
v 0.9 0.2 2.5
v 12 0.2 2.5
v -11.8 0.2 2.6
v -11.5 0.2 2.6
v -10.7 0.2 2.6
v -10.4 0.2 2.6
v -5.6 0.2 2.6
v -5.3 0.2 2.6
v -4.5 0.2 2.6
v -4.2 0.2 2.6
v -3.4 0.2 2.6
v -3.1 0.2 2.6
v -0.2 0.2 2.6
v 0.599999 0.2 2.6
v 1.2 0.2 2.6
v 1.5 0.2 2.6
v 2.3 0.2 2.6
v 2.6 0.2 2.6
v 3.4 0.2 2.6
v 3.7 0.2 2.6
v 8.4 0.2 2.6
v 8.7 0.2 2.6
v 9.5 0.2 2.6
v 9.8 0.2 2.6
v 10.6 0.2 2.6
v 10.9 0.2 2.6
v 11.1 0.2 2.6
v 11.4 0.2 2.6
v -7.3 0.2 2.7
v -6.5 0.2 2.7
v -8.9 0.2 2.8
v -7.6 0.2 2.8
v -2.3 0.2 2.8
v -1.6 0.2 2.8
v -11.8 0.2 2.9
v -11.5 0.2 2.9
v -10.7 0.2 2.9
v -10.4 0.2 2.9
v -8.7 0.2 2.9
v -8.2 0.2 2.9
v -6.5 0.2 2.9
v -6 0.2 2.9
v -5.6 0.2 2.9
v -5.3 0.2 2.9
v -4.5 0.2 2.9
v -4.2 0.2 2.9
v -3.4 0.2 2.9
v -3.1 0.2 2.9
v 1.2 0.2 2.9
v 1.5 0.2 2.9
v 2.3 0.2 2.9
v 2.6 0.2 2.9
v 3.4 0.2 2.9
v 3.7 0.2 2.9
v 8.4 0.2 2.9
v 8.7 0.2 2.9
v 9.5 0.2 2.9
v 9.8 0.2 2.9
v 10.6 0.2 2.9
v 10.9 0.2 2.9
v 11.1 0.2 2.9
v 11.4 0.2 2.9
v -8.7 0.2 3
v -8.5 0.2 3
v -8.2 0.2 3
v -7.6 0.2 3
v -7.3 0.2 3
v 0.599999 0.2 3
v 0.9 0.2 3
v 1 0.2 3
v -4.6 0.2 3.1
v -2.3 0.2 3.1
v -0.6 0.2 3.1
v -0.5 0.2 3.1
v -0.2 0.2 3.1
v 0.2 0.2 3.1
v 5.2 0.2 3.1
v 7.4 0.2 3.1
v -10.7 0.2 3.2
v -9.7 0.2 3.2
v -8.9 0.2 3.2
v -8.5 0.2 3.2
v -8.1 0.2 3.2
v -7.3 0.2 3.2
v -1.1 0.2 3.2
v -0.6 0.2 3.2
v 0.599999 0.2 3.2
v 0.9 0.2 3.2
v 1 0.2 3.2
v 7.4 0.2 3.3
v 8.4 0.2 3.3
v -10.7 0.2 3.4
v -9.7 0.2 3.4
v -9.4 0.2 3.4
v -8.1 0.2 3.4
v -7.8 0.2 3.4
v -6.4 0.2 3.4
v -6 0.2 3.4
v 5.7 0.2 3.4
v 6.5 0.2 3.4
v 8.6 0.2 3.4
v 9.5 0.2 3.4
v -11.1 0.2 3.5
v -9.4 0.2 3.5
v -7.8 0.2 3.5
v -7.3 0.2 3.5
v -6.9 0.2 3.5
v -4.6 0.2 3.5
v -4.3 0.2 3.5
v 0.3 0.2 3.5
v 0.599999 0.2 3.5
v 0.9 0.2 3.5
v 8.4 0.2 3.5
v 8.6 0.2 3.5
v -8.5 0.2 3.6
v -7.8 0.2 3.6
v -3 0.2 3.6
v -1.9 0.2 3.6
v -1.8 0.2 3.6
v -1.1 0.2 3.6
v -6.4 0.2 3.7
v -6.1 0.2 3.7
v -4.5 0.2 3.7
v -4.3 0.2 3.7
v -3.5 0.2 3.7
v -3 0.2 3.7
v 1.1 0.2 3.7
v 1.2 0.2 3.7
v 5.1 0.2 3.7
v 5.2 0.2 3.7
v 5.6 0.2 3.7
v 5.7 0.2 3.7
v 6.5 0.2 3.7
v 6.8 0.2 3.7
v 9.5 0.2 3.7
v 9.8 0.2 3.7
v 10.6 0.2 3.7
v 10.9 0.2 3.7
v 11.1 0.2 3.7
v 11.4 0.2 3.7
v -6.8 0.2 3.8
v -6.5 0.2 3.8
v -4.7 0.2 3.8
v -4.5 0.2 3.8
v -2.4 0.2 3.8
v -2.2 0.2 3.8
v -1.9 0.2 3.8
v -1.8 0.2 3.8
v -0.6 0.2 3.8
v 0.2 0.2 3.8
v 0.4 0.2 3.8
v 1.1 0.2 3.8
v 1.2 0.2 3.8
v 1.4 0.2 3.8
v 6.8 0.2 3.8
v 7.4 0.2 3.8
v 7.6 0.2 3.8
v 7.9 0.2 3.8
v 9.8 0.2 3.8
v 10.1 0.2 3.8
v -4.7 0.2 3.9
v -4.5 0.2 3.9
v -4.1 0.2 3.9
v -3.5 0.2 3.9
v -0.8 0.2 3.9
v -0.6 0.2 3.9
v 0 0.2 3.9
v 0.3 0.2 3.9
v 0.4 0.2 3.9
v 5 0.2 3.9
v 5.1 0.2 3.9
v 6.6 0.2 3.9
v 7.3 0.2 3.9
v -11.5 0.2 4
v -11.1 0.2 4
v -11 0.2 4
v -10 0.2 4
v -9.2 0.2 4
v -8.5 0.2 4
v -6.8 0.2 4
v -6.7 0.2 4
v -3 0.2 4
v -2.4 0.2 4
v -2.2 0.2 4
v -1.4 0.2 4
v 4.5 0.2 4
v 4.7 0.2 4
v 4.8 0.2 4
v 5 0.2 4
v 5.5 0.2 4
v 5.6 0.2 4
v 7.4 0.2 4
v 7.6 0.2 4
v 7.8 0.2 4
v 7.9 0.2 4
v 10.1 0.2 4
v 10.2 0.2 4
v 10.6 0.2 4
v 10.9 0.2 4
v 11.1 0.2 4
v 11.4 0.2 4
v -4.8 0.2 4.1
v -4.5 0.2 4.1
v -1.4 0.2 4.1
v -0.900001 0.2 4.1
v 4.5 0.2 4.1
v 4.7 0.2 4.1
v 4.8 0.2 4.1
v 4.9 0.2 4.1
v 5.8 0.2 4.1
v 6.4 0.2 4.1
v 6.5 0.2 4.1
v 6.6 0.2 4.1
v 7.3 0.2 4.1
v 7.6 0.2 4.1
v 7.8 0.2 4.1
v 8 0.2 4.1
v -10 0.2 4.2
v -9.5 0.2 4.2
v -8.6 0.2 4.2
v -8.5 0.2 4.2
v -4.4 0.2 4.2
v -4.1 0.2 4.2
v -0.8 0.2 4.2
v -0.6 0.2 4.2
v -0.3 0.2 4.2
v 0 0.2 4.2
v 0.4 0.2 4.2
v 1 0.2 4.2
v 4.4 0.2 4.2
v 4.5 0.2 4.2
v 4.7 0.2 4.2
v 4.9 0.2 4.2
v 5.8 0.2 4.2
v 6.4 0.2 4.2
v 7.6 0.2 4.2
v 8 0.2 4.2
v 8.8 0.2 4.2
v 10.2 0.2 4.2
v 10.3 0.2 4.2
v -6.4 0.2 4.3
v -6.1 0.2 4.3
v -3.7 0.2 4.3
v -3.5 0.2 4.3
v -1.4 0.2 4.3
v -0.900001 0.2 4.3
v 0.2 0.2 4.3
v 0.4 0.2 4.3
v 4.1 0.2 4.3
v 4.4 0.2 4.3
v 5 0.2 4.3
v 5.1 0.2 4.3
v 6.1 0.2 4.3
v 6.4 0.2 4.3
v 8.8 0.2 4.3
v 9.5 0.2 4.3
v -8.6 0.2 4.4
v -8.5 0.2 4.4
v -6.7 0.2 4.4
v -6.4 0.2 4.4
v 4.6 0.2 4.4
v 4.7 0.2 4.4
v 5 0.2 4.4
v 5.1 0.2 4.4
v 6 0.2 4.4
v 6.1 0.2 4.4
v 6.4 0.2 4.4
v 6.5 0.2 4.4
v -9.5 0.2 4.5
v -9.4 0.2 4.5
v -8.5 0.2 4.5
v -7.8 0.2 4.5
v -6.7 0.2 4.5
v -6.6 0.2 4.5
v -3.4 0.2 4.5
v -3.1 0.2 4.5
v 0 0.2 4.5
v 0.2 0.2 4.5
v 0.4 0.2 4.5
v 4.6 0.2 4.5
v 4.7 0.2 4.5
v 5 0.2 4.5
v 5.1 0.2 4.5
v 5.3 0.2 4.5
v 5.5 0.2 4.5
v -11.6 0.2 4.6
v -11.5 0.2 4.6
v -8.5 0.2 4.6
v -7.8 0.2 4.6
v -6.9 0.2 4.6
v -6.7 0.2 4.6
v -1.2 0.2 4.6
v -0.3 0.2 4.6
v 5 0.2 4.6
v 5.1 0.2 4.6
v 5.3 0.2 4.6
v -4.8 0.2 4.7
v -4.6 0.2 4.7
v -4.4 0.2 4.7
v -3.7 0.2 4.7
v 0 0.2 4.7
v 0.2 0.2 4.7
v 0.4 0.2 4.7
v 1 0.2 4.7
v 1.1 0.2 4.7
v 1.4 0.2 4.7
v 1.7 0.2 4.7
v 4.5 0.2 4.7
v 4.6 0.2 4.7
v 8.8 0.2 4.7
v 9.1 0.2 4.7
v 9.5 0.2 4.7
v 9.9 0.2 4.7
v 10.3 0.2 4.7
v 10.6 0.2 4.7
v -11.3 0.2 4.8
v -11 0.2 4.8
v -9.2 0.2 4.8
v -9.1 0.2 4.8
v -6.9 0.2 4.8
v -6.6 0.2 4.8
v -6.1 0.2 4.8
v -3.6 0.2 4.8
v -3.5 0.2 4.8
v -1.2 0.2 4.8
v -1 0.2 4.8
v 0.4 0.2 4.8
v 0.599999 0.2 4.8
v 4.6 0.2 4.8
v 4.7 0.2 4.8
v 6 0.2 4.8
v 6.1 0.2 4.8
v 9.9 0.2 4.8
v 10 0.2 4.8
v -9.6 0.2 4.9
v -9.1 0.2 4.9
v -6.1 0.2 4.9
v -5.8 0.2 4.9
v -3.4 0.2 4.9
v -3.1 0.2 4.9
v -3 0.2 4.9
v -2.7 0.2 4.9
v -2.3 0.2 4.9
v -1.4 0.2 4.9
v -1 0.2 4.9
v -0.900001 0.2 4.9
v -0.8 0.2 4.9
v -0.400001 0.2 4.9
v 4.7 0.2 4.9
v 4.8 0.2 4.9
v 10.6 0.2 4.9
v 10.7 0.2 4.9
v -10.4 0.2 5
v -9.6 0.2 5
v -1 0.2 5
v -0.900001 0.2 5
v -0.8 0.2 5
v -0.400001 0.2 5
v 0.2 0.2 5
v 0.4 0.2 5
v 0.7 0.2 5
v 1 0.2 5
v 1.1 0.2 5
v 1.4 0.2 5
v 4.7 0.2 5
v 4.8 0.2 5
v 6.1 0.2 5
v 6.5 0.2 5
v -8.2 0.2 5.1
v -7.8 0.2 5.1
v -2.7 0.2 5.1
v -2.3 0.2 5.1
v 4.1 0.2 5.1
v 4.6 0.2 5.1
v 6.5 0.2 5.1
v 7.4 0.2 5.1
v 10.7 0.2 5.1
v 11 0.2 5.1
v -11.7 0.2 5.2
v -11.6 0.2 5.2
v -10.7 0.2 5.2
v -10.4 0.2 5.2
v -1 0.2 5.2
v -0.900001 0.2 5.2
v 5 0.2 5.2
v 5.7 0.2 5.2
v 8.1 0.2 5.2
v 8.2 0.2 5.2
v 8.6 0.2 5.2
v 8.7 0.2 5.2
v -4.6 0.2 5.3
v -4.3 0.2 5.3
v -3.6 0.2 5.3
v -2.8 0.2 5.3
v -2.5 0.2 5.3
v -1.6 0.2 5.3
v -0.400001 0.2 5.3
v 0.4 0.2 5.3
v 4.6 0.2 5.3
v 4.7 0.2 5.3
v -12 0.2 5.4
v -11.7 0.2 5.4
v -5.8 0.2 5.4
v -5.3 0.2 5.4
v -2.8 0.2 5.4
v -2.5 0.2 5.4
v 0.3 0.2 5.4
v 0.4 0.2 5.4
v 0.7 0.2 5.4
v 0.9 0.2 5.4
v 1.2 0.2 5.4
v 1.4 0.2 5.4
v 4.7 0.2 5.4
v 4.8 0.2 5.4
v 5.7 0.2 5.4
v 6 0.2 5.4
v 9.9 0.2 5.4
v 10 0.2 5.4
v -11.6 0.2 5.5
v -11.3 0.2 5.5
v -7.8 0.2 5.5
v -6.9 0.2 5.5
v 4.8 0.2 5.5
v 5.2 0.2 5.5
v 8.6 0.2 5.5
v 8.7 0.2 5.5
v 9.5 0.2 5.5
v 9.9 0.2 5.5
v 10.3 0.2 5.5
v -3.8 0.2 5.6
v -2.5 0.2 5.6
v -0.3 0.2 5.6
v 0 0.2 5.6
v 0.2 0.2 5.6
v 0.3 0.2 5.6
v 0.9 0.2 5.6
v 1.2 0.2 5.6
v 6 0.2 5.6
v 7.4 0.2 5.6
v 7.8 0.2 5.6
v 8 0.2 5.6
v 8.1 0.2 5.6
v 8.2 0.2 5.6
v 8.9 0.2 5.6
v 9.1 0.2 5.6
v -11.8 0.2 5.7
v -11.6 0.2 5.7
v -9.1 0.2 5.7
v -8.2 0.2 5.7
v -6.1 0.2 5.7
v -5.3 0.2 5.7
v -4.7 0.2 5.7
v -4.3 0.2 5.7
v -4.2 0.2 5.7
v -3.2 0.2 5.7
v -2.5 0.2 5.7
v -1.6 0.2 5.7
v -0.900001 0.2 5.7
v -0.400001 0.2 5.7
v -0.3 0.2 5.7
v 0 0.2 5.7
v 0.2 0.2 5.7
v 0.599999 0.2 5.7
v 1.2 0.2 5.7
v 2.8 0.2 5.7
v 5.2 0.2 5.7
v 7.2 0.2 5.7
v 8 0.2 5.7
v 8.1 0.2 5.7
v 9.5 0.2 5.7
v 9.9 0.2 5.7
v -9.4 0.2 5.8
v -9.1 0.2 5.8
v -4.2 0.2 5.8
v -3.8 0.2 5.8
v 8.1 0.2 5.8
v 8.5 0.2 5.8
v 8.9 0.2 5.9
v 9.3 0.2 5.9
v 9.8 0.2 5.9
v 10.3 0.2 5.9
v -4.7 0.2 6
v -4.5 0.2 6
v 9.8 0.2 6
v 10.1 0.2 6
v -10.7 0.2 6.1
v -10.6 0.2 6.1
v 1.2 0.2 6.1
v 1.6 0.2 6.1
v 1.7 0.2 6.1
v 2.3 0.2 6.1
v 2.7 0.2 6.1
v 10.1 0.2 6.1
v 10.3 0.2 6.1
v -11.8 0.2 6.2
v -11.6 0.2 6.2
v -12 0.2 6.3
v -11.6 0.2 6.3
v -10 0.2 6.3
v -9.9 0.2 6.3
v -9.4 0.2 6.3
v -4.5 0.2 6.3
v -4.3 0.2 6.3
v 2.3 0.2 6.3
v 2.7 0.2 6.3
v -11.1 0.2 6.4
v -10.6 0.2 6.4
v 7.8 0.2 6.4
v 8 0.2 6.4
v 9.1 0.2 6.4
v 9.2 0.2 6.4
v 11.6 0.2 6.4
v 12 0.2 6.4
v -3.9 0.2 6.5
v -3.2 0.2 6.5
v 1.6 0.2 6.5
v 1.7 0.2 6.5
v 9.1 0.2 6.5
v 9.2 0.2 6.5
v 9.3 0.2 6.5
v 9.5 0.2 6.5
v -9.6 0.2 6.6
v -9.5 0.2 6.6
v 1.7 0.2 6.6
v 2.3 0.2 6.6
v 2.5 0.2 6.6
v 2.7 0.2 6.6
v -9.6 0.2 6.7
v -9.5 0.2 6.7
v 1.2 0.2 6.7
v 2.3 0.2 6.7
v -10.5 0.2 6.8
v -10.2 0.2 6.8
v -10 0.2 6.8
v -4.7 0.2 6.8
v -4.5 0.2 6.8
v 1.2 0.2 6.8
v 2.1 0.2 6.8
v 2.3 0.2 6.8
v 2.5 0.2 6.8
v 2.7 0.2 6.8
v 10.1 0.2 6.8
v 10.3 0.2 6.8
v 10.6 0.2 6.8
v 10.7 0.2 6.8
v 10.9 0.2 6.8
v 11 0.2 6.8
v 1.6 0.2 6.9
v 2.1 0.2 6.9
v -11.2 0.2 7
v -11.1 0.2 7
v -4.5 0.2 7
v -4.3 0.2 7
v -3.9 0.2 7
v 2.1 0.2 7
v 2.7 0.2 7
v 7.5 0.2 7
v 7.6 0.2 7
v -9.7 0.2 7.1
v -9.1 0.2 7.1
v 11.5 0.2 7.1
v 11.6 0.2 7.1
v -11.2 0.2 7.2
v -11.1 0.2 7.2
v 1.6 0.2 7.2
v 2.1 0.2 7.2
v 10.6 0.2 7.2
v 10.7 0.2 7.2
v 10.8 0.2 7.2
v 10.9 0.2 7.2
v -10.2 0.2 7.3
v -9.9 0.2 7.3
v -4.7 0.2 7.3
v -3.9 0.2 7.3
v -3.6 0.2 7.3
v 2.2 0.2 7.3
v 2.5 0.2 7.3
v 1.2 0.2 7.4
v 1.8 0.2 7.4
v 2.2 0.2 7.4
v 2.5 0.2 7.4
v -10.5 0.2 7.5
v -10.4 0.2 7.5
v 8.5 0.2 7.5
v 8.8 0.2 7.5
v 9.3 0.2 7.5
v 9.5 0.2 7.5
v 9.8 0.2 7.5
v 1.7 0.2 7.6
v 1.8 0.2 7.6
v 2.2 0.2 7.6
v 2.3 0.2 7.6
v 10.6 0.2 7.6
v 10.8 0.2 7.6
v 2.3 0.2 7.7
v 2.5 0.2 7.7
v 11.9 0.2 7.7
v 12 0.2 7.7
v -10.2 0.2 7.8
v -9.9 0.2 7.8
v -9.7 0.2 7.8
v -9.3 0.2 7.8
v -3.6 0.2 7.8
v -3.2 0.2 7.8
v 7.2 0.2 7.8
v 7.5 0.2 7.8
v -11.6 0.2 7.9
v -11.1 0.2 7.9
v 2.5 0.2 7.9
v 2.7 0.2 7.9
v 2.8 0.2 7.9
v 9.8 0.2 7.9
v 10 0.2 7.9
v -10.2 0.2 8
v -10.1 0.2 8
v -9.3 0.2 8
v -9.1 0.2 8
v 1.2 0.2 8
v 1.7 0.2 8
v 2.2 0.2 8
v 2.4 0.2 8
v 8 0.2 8
v 8.2 0.2 8
v 9.8 0.2 8
v 10 0.2 8
v 10.1 0.2 8
v 10.3 0.2 8
v 11.3 0.2 8
v 11.5 0.2 8
v -9.9 0.2 8.1
v -9.4 0.2 8.1
v 1.7 0.2 8.1
v 1.9 0.2 8.1
v -9.5 0.2 8.2
v -9.4 0.2 8.2
v 8.8 0.2 8.2
v 8.9 0.2 8.2
v 1.7 0.2 8.3
v 1.9 0.2 8.3
v 11.5 0.2 8.3
v 11.9 0.2 8.3
v -10.1 0.2 8.4
v -9.8 0.2 8.4
v -3.6 0.2 8.4
v -3.3 0.2 8.4
v 1.2 0.2 8.4
v 1.8 0.2 8.4
v 1.9 0.2 8.4
v 2.1 0.2 8.4
v 2.4 0.2 8.4
v -9.8 0.2 8.5
v -9.5 0.2 8.5
v -4.7 0.2 8.5
v -4.2 0.2 8.5
v 2.1 0.2 8.5
v 2.2 0.2 8.5
v 9.3 0.2 8.5
v 9.4 0.2 8.5
v 9.5 0.2 8.5
v 9.8 0.2 8.5
v 11.1 0.2 8.5
v 11.3 0.2 8.5
v -4.2 0.2 8.6
v -3.3 0.2 8.6
v 2.7 0.2 8.7
v 2.8 0.2 8.7
v -9.6 0.2 8.9
v -9.5 0.2 8.9
v -10.4 0.2 9
v -10 0.2 9
v -4.4 0.2 9
v -4 0.2 9
v 9.4 0.2 9
v 9.6 0.2 9
v 7.3 0.2 9.1
v 7.6 0.2 9.1
v 7.9 0.2 9.1
v 7.2 0.2 9.2
v 7.3 0.2 9.2
v -4.4 0.2 9.4
v -4 0.2 9.4
v -10.6 0.2 9.5
v -10.4 0.2 9.5
v -4.7 0.2 9.5
v -4.2 0.2 9.5
v 8.2 0.2 9.5
v 8.9 0.2 9.5
v -11 0.2 9.6
v -10.7 0.2 9.6
v -10 0.2 9.6
v -9.8 0.2 9.6
v -9.6 0.2 9.6
v -9.5 0.2 9.6
v -9.3 0.2 9.6
v -4.2 0.2 9.6
v -3.9 0.2 9.6
v -3.2 0.2 9.6
v 2.2 0.2 9.6
v 2.4 0.2 9.6
v -11.6 0.2 9.7
v -11 0.2 9.7
v 11.5 0.2 9.7
v 11.9 0.2 9.7
v -10.4 0.2 9.8
v -9.3 0.2 9.8
v 2.6 0.2 9.8
v 2.7 0.2 9.8
v 10.6 0.2 9.8
v 10.8 0.2 9.8
v -10.7 0.2 9.9
v -10.6 0.2 9.9
v -3.6 0.2 9.9
v -3.2 0.2 9.9
v 7.3 0.2 9.9
v 7.9 0.2 9.9
v 11.1 0.2 9.9
v 11.4 0.2 9.9
v 1.5 0.2 10
v 1.8 0.2 10
v 2.7 0.2 10
v 2.8 0.2 10
v 9.6 0.2 10
v 9.7 0.2 10
v 10.2 0.2 10
v 10.3 0.2 10
v -9.5 0.2 10.1
v -9.1 0.2 10.1
v -9 0.2 10.1
v -8.1 0.2 10.1
v -6.7 0.2 10.1
v -5.6 0.2 10.1
v -4.8 0.2 10.1
v -4.7 0.2 10.1
v -3.2 0.2 10.1
v -3 0.2 10.1
v -2.4 0.2 10.1
v -1.5 0.2 10.1
v -0.900001 0.2 10.1
v -0.6 0.2 10.1
v 0.8 0.2 10.1
v 1.2 0.2 10.1
v 1.4 0.2 10.1
v 2.8 0.2 10.1
v 5.8 0.2 10.1
v 7.2 0.2 10.1
v 7.6 0.2 10.1
v 11.4 0.2 10.1
v 11.6 0.2 10.1
v 2.2 0.2 10.2
v 2.4 0.2 10.2
v 2.6 0.2 10.2
v 3.2 0.2 10.2
v 4.9 0.2 10.2
v 5.5 0.2 10.2
v 3.3 0.2 10.3
v 3.5 0.2 10.3
v -6.8 0.2 10.4
v -6.7 0.2 10.4
v -0.6 0.2 10.4
v -0.3 0.2 10.4
v 7 0.2 10.4
v 7.6 0.2 10.4
v 11.6 0.2 10.4
v 11.9 0.2 10.4
v -7 0.2 10.5
v -6.8 0.2 10.5
v 4.4 0.2 10.5
v 4.6 0.2 10.5
v 5.8 0.2 10.5
v 5.9 0.2 10.5
v 7.7 0.2 10.5
v 8.2 0.2 10.5
v -8.1 0.2 10.6
v -8 0.2 10.6
v -5.8 0.2 10.6
v -5.6 0.2 10.6
v -2.4 0.2 10.6
v -1.5 0.2 10.6
v 2 0.2 10.6
v 2.2 0.2 10.6
v 2.3 0.2 10.6
v 2.9 0.2 10.6
v -10.5 0.2 10.7
v -10.1 0.2 10.7
v 1.4 0.2 10.7
v 1.5 0.2 10.7
v -11.7 0.2 10.8
v -11.3 0.2 10.8
v -10.4 0.2 10.8
v -10.1 0.2 10.8
v -9 0.2 10.8
v -8.7 0.2 10.8
v -6.3 0.2 10.9
v -5.8 0.2 10.9
v -3.2 0.2 10.9
v -3 0.2 10.9
v -2 0.2 10.9
v -0.900001 0.2 10.9
v 1.4 0.2 10.9
v 1.5 0.2 10.9
v 9.5 0.2 10.9
v 9.6 0.2 10.9
v -12 0.2 11
v -11.7 0.2 11
v -4.8 0.2 11
v -4.7 0.2 11
v -0.6 0.2 11
v -0.3 0.2 11
v 11.9 0.2 11
v 12 0.2 11
v -10.4 0.2 11.1
v -10.1 0.2 11.1
v -4.7 0.2 11.1
v -3.9 0.2 11.1
v -2.7 0.2 11.1
v -2.5 0.2 11.1
v 2.3 0.2 11.1
v 2.6 0.2 11.1
v 10.6 0.2 11.1
v 10.7 0.2 11.1
v -8 0.2 11.2
v -7.3 0.2 11.2
v 0.8 0.2 11.2
v 1.4 0.2 11.2
v 4.1 0.2 11.2
v 4.4 0.2 11.2
v 4.6 0.2 11.2
v 4.8 0.2 11.2
v 9.6 0.2 11.2
v 9.7 0.2 11.2
v 10.2 0.2 11.2
v 10.3 0.2 11.2
v -12 0.2 11.3
v -11.3 0.2 11.3
v -11.1 0.2 11.3
v -10.7 0.2 11.3
v -10.5 0.2 11.3
v -9.5 0.2 11.3
v -9.3 0.2 11.3
v -6.9 0.2 11.3
v -6.3 0.2 11.3
v -5.6 0.2 11.3
v -4.5 0.2 11.3
v -4.3 0.2 11.3
v -3.9 0.2 11.3
v 8.1 0.2 11.3
v 8.2 0.2 11.3
v 10.6 0.2 11.3
v 10.7 0.2 11.3
v 11.9 0.2 11.3
v 12 0.2 11.3
v -11.1 0.2 11.4
v -10.7 0.2 11.4
v -10.5 0.2 11.4
v -10.4 0.2 11.4
v -10.2 0.2 11.4
v -7.6 0.2 11.4
v -7.5 0.2 11.4
v -6.9 0.2 11.4
v -6.8 0.2 11.4
v -2.7 0.2 11.4
v -2.5 0.2 11.4
v 2.1 0.2 11.4
v 2.6 0.2 11.4
v 9.4 0.2 11.4
v 9.5 0.2 11.4
v 10.6 0.2 11.4
v 10.7 0.2 11.4
v -12 0.2 11.5
v -11.7 0.2 11.5
v -6.9 0.2 11.5
v -6.8 0.2 11.5
v -9.1 0.2 11.6
v -8.7 0.2 11.6
v -7.6 0.2 11.6
v -7.5 0.2 11.6
v -7.3 0.2 11.6
v -7 0.2 11.6
v -6.9 0.2 11.6
v -4.7 0.2 11.6
v -3.2 0.2 11.6
v -2 0.2 11.6
v -0.6 0.2 11.6
v 1.2 0.2 11.6
v 1.5 0.2 11.6
v 2.8 0.2 11.6
v 2.9 0.2 11.6
v 3.2 0.2 11.6
v 3.3 0.2 11.6
v 3.5 0.2 11.6
v 4.1 0.2 11.6
v 4.8 0.2 11.6
v 4.9 0.2 11.6
v 5.5 0.2 11.6
v 5.9 0.2 11.6
v 7 0.2 11.6
v 7.2 0.2 11.6
v 7.7 0.2 11.6
v 8.4 0.2 11.6
v 8.9 0.2 11.6
v 10.6 0.2 11.6
v 10.7 0.2 11.6
v -11.2 0.2 11.7
v -10.7 0.2 11.7
v -4.3 0.2 11.7
v -3.6 0.2 11.7
v 8.6 0.2 11.7
v 8.8 0.2 11.7
v 9.1 0.2 11.7
v 9.4 0.2 11.7
v 11.7 0.2 11.7
v 12 0.2 11.7
v -10.5 0.2 11.8
v -10.4 0.2 11.8
v -11.8 0.2 11.9
v -11.7 0.2 11.9
v -11.2 0.2 11.9
v -10.9 0.2 11.9
v -9.3 0.2 11.9
v -9.1 0.2 11.9
v -10.9 0.2 12.1
v -10.7 0.2 12.1
v -10.5 0.2 12.1
v -10.3 0.2 12.1
v -10.2 0.2 12.1
v -4.7 0.2 12.1
v -4.5 0.2 12.1
v -4.1 0.2 12.1
v -3.6 0.2 12.1
v 1.2 0.2 12.1
v 2 0.2 12.1
v 8.9 0.2 12.1
v 9.1 0.2 12.1
v -9.7 0.2 12.2
v -9.2 0.2 12.2
v -4.5 0.2 12.2
v -4.4 0.2 12.2
v -10.9 0.2 12.3
v -10.7 0.2 12.3
v -10.4 0.2 12.3
v -10.3 0.2 12.3
v -10.1 0.2 12.3
v -9.7 0.2 12.3
v 8.1 0.2 12.3
v 8.4 0.2 12.3
v 10.6 0.2 12.3
v 10.8 0.2 12.3
v -11.4 0.2 12.4
v -10.9 0.2 12.4
v -9.2 0.2 12.4
v -9.1 0.2 12.4
v 7.2 0.2 12.4
v 7.5 0.2 12.4
v -12 0.2 12.5
v -11.8 0.2 12.5
v 7.5 0.2 12.5
v 8 0.2 12.5
v 9.4 0.2 12.5
v 10.3 0.2 12.5
v 11.7 0.2 12.5
v 12 0.2 12.5
v -11.3 0.2 12.6
v -10.7 0.2 12.6
v -10.4 0.2 12.6
v -10.1 0.2 12.6
v -3.6 0.2 12.6
v -3.2 0.2 12.6
v 9.3 0.2 12.6
v 9.4 0.2 12.6
v 10.3 0.2 12.6
v 10.6 0.2 12.6
v -11.4 0.2 12.7
v -11.3 0.2 12.7
v -4.4 0.2 12.8
v -4.1 0.2 12.8
v -3.5 0.2 12.8
v -3.2 0.2 12.8
v 8.6 0.2 12.8
v 8.8 0.2 12.8
v 10.1 0.2 12.8
v 10.3 0.2 12.8
v -10.5 0.2 12.9
v -10.1 0.2 12.9
v 8 0.2 12.9
v 8.1 0.2 12.9
v 8.4 0.2 12.9
v 8.8 0.2 12.9
v 2 0.2 13
v 2.1 0.2 13
v 7.5 0.2 13
v 7.7 0.2 13
v 10 0.2 13
v 10.1 0.2 13
v -4.4 0.2 13.1
v -3.5 0.2 13.1
v 7.2 0.2 13.1
v 7.5 0.2 13.1
v 8.8 0.2 13.1
v 9.1 0.2 13.1
v 9.7 0.2 13.1
v 10 0.2 13.1
v -10.7 0.2 13.2
v -10.5 0.2 13.2
v -10.2 0.2 13.2
v -10.1 0.2 13.2
v 7.2 0.2 13.2
v 7.7 0.2 13.2
v 8.1 0.2 13.2
v 8.3 0.2 13.2
v 9.4 0.2 13.2
v 9.7 0.2 13.2
v -11.6 0.2 13.3
v -11.5 0.2 13.3
v -11.5 0.2 13.4
v -11.3 0.2 13.4
v 7.2 0.2 13.4
v 8.1 0.2 13.4
v -12 0.2 13.5
v -11.8 0.2 13.5
v -11.6 0.2 13.5
v -11.3 0.2 13.5
v -10.1 0.2 13.5
v -9.1 0.2 13.5
v 8.1 0.2 13.5
v 8.3 0.2 13.5
v 11.7 0.2 13.5
v 12 0.2 13.5
v -10.7 0.2 13.6
v -10.4 0.2 13.6
v -10.3 0.2 13.6
v -10.2 0.2 13.6
v 9.3 0.2 13.6
v 9.4 0.2 13.6
v -10.7 0.2 13.7
v -10.4 0.2 13.7
v -10.3 0.2 13.7
v -9.7 0.2 13.7
v -9.4 0.2 13.7
v -9.3 0.2 13.7
v 9.3 0.2 13.8
v 9.5 0.2 13.8
v -12 0.2 13.9
v -11.8 0.2 13.9
v -9.4 0.2 13.9
v -9.3 0.2 13.9
v -4.4 0.2 13.9
v -3.5 0.2 13.9
v 7.2 0.2 13.9
v 7.6 0.2 13.9
v 11.7 0.2 13.9
v 12 0.2 13.9
v 1.9 0.2 14
v 2 0.2 14
v 7.2 0.2 14
v 7.6 0.2 14
v 8.4 0.2 14
v 8.5 0.2 14
v 9.3 0.2 14
v 9.5 0.2 14
v 10.1 0.2 14
v -12 0.2 14.1
v -11.9 0.2 14.1
v 11.9 0.2 14.1
v 12 0.2 14.1
v -11.1 0.2 14.3
v -11 0.2 14.3
v -4.4 0.2 14.3
v -3.5 0.2 14.3
v -3.2 0.2 14.3
v 7.2 0.2 14.4
v 7.6 0.2 14.4
v -11 0.2 14.5
v -10.9 0.2 14.5
v -10.8 0.2 14.5
v -10.7 0.2 14.5
v -10.5 0.2 14.5
v -10.4 0.2 14.5
v -4.3 0.2 14.5
v -3.5 0.2 14.5
v -11.9 0.2 14.6
v -11.8 0.2 14.6
v -11 0.2 14.6
v -10.9 0.2 14.6
v -10.8 0.2 14.6
v -10.5 0.2 14.6
v -10.4 0.2 14.6
v -3.4 0.2 14.6
v -3.2 0.2 14.6
v 7.2 0.2 14.6
v 7.6 0.2 14.6
v -11.1 0.2 14.7
v -11 0.2 14.7
v -10.2 0.2 14.8
v -9.7 0.2 14.8
v -4.3 0.2 14.8
v -3.4 0.2 14.8
v 1.9 0.2 14.9
v 2 0.2 14.9
v 2.3 0.2 14.9
v 2.4 0.2 14.9
v 2.7 0.2 14.9
v 2.8 0.2 14.9
v 8.5 0.2 14.9
v 9.1 0.2 14.9
v 10.1 0.2 14.9
v 10.2 0.2 14.9
v -10.4 0.2 15
v -10.2 0.2 15
v 2 0.2 15
v 2.3 0.2 15
v 2.4 0.2 15
v 2.7 0.2 15
v -10.2 0.2 15.1
v -10.1 0.2 15.1
v -9.8 0.2 15.1
v 7.6 0.2 15.1
v 9 0.2 15.1
v 10.1 0.2 15.1
v -10.2 0.2 15.2
v -10.1 0.2 15.2
v -10 0.2 15.2
v -9.9 0.2 15.2
v -4.3 0.2 15.2
v -3.5 0.2 15.2
v 7.2 0.2 15.2
v 7.8 0.2 15.2
v 9.9 0.2 15.2
v 10.2 0.2 15.2
v 10.3 0.2 15.2
v -10.7 0.2 15.3
v -10.5 0.2 15.3
v -9.6 0.2 15.3
v -9.4 0.2 15.3
v 8.3 0.2 15.3
v 8.7 0.2 15.3
v -9.6 0.2 15.5
v -9.4 0.2 15.5
v -11.9 0.2 15.6
v -11.5 0.2 15.6
v -10.5 0.2 15.6
v -10.3 0.2 15.6
v -10 0.2 15.6
v 1.8 0.2 15.6
v 2.4 0.2 15.6
v 9.6 0.2 15.6
v 9.8 0.2 15.6
v 11.5 0.2 15.6
v 11.9 0.2 15.6
v -9.8 0.2 15.7
v -9.7 0.2 15.7
v 11.5 0.2 15.7
v 11.9 0.2 15.7
v -11.6 0.2 15.8
v -11.5 0.2 15.8
v -10.3 0.2 15.8
v -9.9 0.2 15.8
v 1.8 0.2 15.8
v 2.4 0.2 15.8
v -10.7 0.2 15.9
v -10.1 0.2 15.9
v 2.7 0.2 15.9
v 2.8 0.2 15.9
v 9 0.2 15.9
v 9.2 0.2 15.9
v -11.6 0.2 16
v -11.5 0.2 16
v -9.1 0.2 16
v -4.7 0.2 16
v -4.1 0.2 16
v -3.5 0.2 16
v -3.2 0.2 16
v -1.2 0.2 16
v 1.2 0.2 16
v 2.8 0.2 16
v 4.3 0.2 16
v 5.1 0.2 16
v 6.1 0.2 16
v 6.5 0.2 16
v 7.2 0.2 16
v 9.9 0.2 16
v 10.1 0.2 16
v 10.3 0.2 16
v 11.9 0.2 16
v 12 0.2 16
v -11.8 0.2 16.1
v -11.7 0.2 16.1
v -11.5 0.2 16.1
v -11.3 0.2 16.1
v -9.8 0.2 16.1
v -9.7 0.2 16.1
v -7.8 0.2 16.1
v -6.2 0.2 16.1
v -1.2 0.2 16.1
v -0.6 0.2 16.1
v -11.3 0.2 16.2
v -11.1 0.2 16.2
v -10.1 0.2 16.2
v -9.8 0.2 16.2
v -7.8 0.2 16.2
v -7.1 0.2 16.2
v 4.5 0.2 16.2
v 5.1 0.2 16.2
v -12 0.2 16.3
v -11.8 0.2 16.3
v -9.9 0.2 16.3
v -9.8 0.2 16.3
v -7.1 0.2 16.3
v -6.2 0.2 16.3
v -4.1 0.2 16.3
v -3.4 0.2 16.3
v 1.2 0.2 16.3
v 1.9 0.2 16.3
v 7 0.2 16.3
v 7.8 0.2 16.3
v 8.7 0.2 16.3
v 8.8 0.2 16.3
v 10.1 0.2 16.3
v 10.2 0.2 16.3
v 11.9 0.2 16.3
v 12 0.2 16.3
v -8.6 0.2 16.4
v -8.3 0.2 16.4
v -4.7 0.2 16.4
v -4.3 0.2 16.4
v -3.4 0.2 16.4
v -3.1 0.2 16.4
v 4.5 0.2 16.4
v 5.5 0.2 16.4
v 9.2 0.2 16.4
v 9.4 0.2 16.4
v 11.3 0.2 16.4
v 11.8 0.2 16.4
v 11.9 0.2 16.4
v -11.7 0.2 16.5
v -11.4 0.2 16.5
v -9.4 0.2 16.5
v -9.1 0.2 16.5
v -8.5 0.2 16.5
v -8.3 0.2 16.5
v 2.4 0.2 16.5
v 2.7 0.2 16.5
v 3.7 0.2 16.5
v 4.3 0.2 16.5
v 9.6 0.2 16.5
v 9.8 0.2 16.5
v 10.2 0.2 16.5
v 10.4 0.2 16.5
v 11.5 0.2 16.5
v 11.8 0.2 16.5
v -11.4 0.2 16.6
v -11.1 0.2 16.6
v -8.6 0.2 16.6
v -8.5 0.2 16.6
v -8.4 0.2 16.6
v -7.1 0.2 16.6
v -6.7 0.2 16.6
v -0.6 0.2 16.6
v 0.7 0.2 16.6
v 9.1 0.2 16.6
v 9.2 0.2 16.6
v -8.1 0.2 16.7
v -7.8 0.2 16.7
v -4 0.2 16.7
v -3.8 0.2 16.7
v -2.1 0.2 16.7
v -1.5 0.2 16.7
v 3.5 0.2 16.7
v 3.7 0.2 16.7
v 4.5 0.2 16.7
v 5.5 0.2 16.7
v 7.7 0.2 16.7
v 8.3 0.2 16.7
v 8.8 0.2 16.7
v 9.1 0.2 16.7
v 9.2 0.2 16.7
v 9.4 0.2 16.7
v -10.9 0.2 16.8
v -9.9 0.2 16.8
v -9.8 0.2 16.8
v -9.7 0.2 16.8
v -9.4 0.2 16.8
v -9.1 0.2 16.8
v -8.4 0.2 16.8
v -8.3 0.2 16.8
v -7.1 0.2 16.8
v -6.7 0.2 16.8
v -4 0.2 16.8
v -3.8 0.2 16.8
v -1.5 0.2 16.8
v -1.2 0.2 16.8
v 1.1 0.2 16.8
v 1.9 0.2 16.8
v 6.1 0.2 16.8
v 6.5 0.2 16.8
v 7 0.2 16.8
v 7.7 0.2 16.8
v -9 0.2 16.9
v -8.8 0.2 16.9
v -8.7 0.2 16.9
v -7 0.2 16.9
v -6.1 0.2 16.9
v -2.6 0.2 16.9
v -2.1 0.2 16.9
v -1.2 0.2 16.9
v -0.900001 0.2 16.9
v 0.7 0.2 16.9
v 1.1 0.2 16.9
v 2.7 0.2 16.9
v 3.5 0.2 16.9
v 7.5 0.2 16.9
v 8.7 0.2 16.9
v 9 0.2 16.9
v 9.1 0.2 16.9
v 9.2 0.2 16.9
v 9.5 0.2 16.9
v -9 0.2 17
v -8.9 0.2 17
v -5.3 0.2 17
v -4.7 0.2 17
v -3.3 0.2 17
v -3.1 0.2 17
v 0.5 0.2 17
v 1.5 0.2 17
v 8.7 0.2 17
v 9 0.2 17
v -8.9 0.2 17.1
v -8.8 0.2 17.1
v -8.7 0.2 17.1
v -4 0.2 17.1
v -3.3 0.2 17.1
v -2.6 0.2 17.1
v -0.900001 0.2 17.1
v 0.5 0.2 17.1
v 1.5 0.2 17.1
v 2 0.2 17.1
v 2.4 0.2 17.1
v 4.5 0.2 17.1
v 5 0.2 17.1
v 8.7 0.2 17.1
v 8.8 0.2 17.1
v -7.8 0.2 17.2
v -7 0.2 17.2
v -6.9 0.2 17.2
v -6.1 0.2 17.2
v 3 0.2 17.2
v 3.4 0.2 17.2
v 5.2 0.2 17.2
v 7.5 0.2 17.2
v -9.7 0.2 17.3
v -8.4 0.2 17.3
v 4.5 0.2 17.3
v 5 0.2 17.3
v 10.4 0.2 17.3
v 10.5 0.2 17.3
v -10.9 0.2 17.4
v -10.3 0.2 17.4
v -6.9 0.2 17.4
v -6.3 0.2 17.4
v 9.4 0.2 17.4
v 9.5 0.2 17.4
v 10.3 0.2 17.4
v 10.5 0.2 17.4
v 11.5 0.2 17.4
v 11.6 0.2 17.4
v 5.1 0.2 17.5
v 5.2 0.2 17.5
v 5.5 0.2 17.5
v 6.7 0.2 17.5
v -5.3 0.2 17.6
v -4 0.2 17.6
v 2.2 0.2 17.6
v 2.4 0.2 17.6
v 6.7 0.2 17.6
v 6.8 0.2 17.6
v -12 0.2 17.7
v -11.5 0.2 17.7
v -8.4 0.2 17.7
v -8.3 0.2 17.7
v -8.1 0.2 17.7
v -7.9 0.2 17.7
v -5.7 0.2 17.7
v -5.3 0.2 17.7
v 2.1 0.2 17.7
v 2.2 0.2 17.7
v 2.7 0.2 17.7
v 3 0.2 17.7
v 4.5 0.2 17.7
v 5.1 0.2 17.7
v 5.5 0.2 17.7
v 6.1 0.2 17.7
v 10.1 0.2 17.7
v 10.3 0.2 17.7
v 11.9 0.2 17.7
v 12 0.2 17.7
v -10.3 0.2 17.8
v -9.7 0.2 17.8
v -9.3 0.2 17.8
v -8.7 0.2 17.8
v -6.1 0.2 17.8
v -5.7 0.2 17.8
v 4.5 0.2 17.8
v 5 0.2 17.8
v 6.1 0.2 17.8
v 6.8 0.2 17.8
v 7.2 0.2 17.8
v 8.2 0.2 17.8
v 11.6 0.2 17.8
v 11.7 0.2 17.8
v -9.7 0.2 17.9
v -9.5 0.2 17.9
v -7.9 0.2 17.9
v -7.1 0.2 17.9
v 2 0.2 17.9
v 2.1 0.2 17.9
v 4.1 0.2 17.9
v 4.4 0.2 17.9
v 8.1 0.2 17.9
v 8.2 0.2 17.9
v 8.6 0.2 17.9
v 8.7 0.2 17.9
v 8.8 0.2 17.9
v 8.9 0.2 17.9
v 11.7 0.2 17.9
v 11.9 0.2 17.9
v -8.7 0.2 18
v -8.3 0.2 18
v -5.3 0.2 18
v -4 0.2 18
v 5.5 0.2 18
v 7.2 0.2 18
v -11.5 0.2 18.1
v -11.4 0.2 18.1
v -11.2 0.2 18.1
v -9.5 0.2 18.1
v -9.3 0.2 18.1
v -8.9 0.2 18.1
v -7.9 0.2 18.1
v 5.5 0.2 18.1
v 5.6 0.2 18.1
v 8.9 0.2 18.1
v 9.2 0.2 18.1
v -11.2 0.2 18.2
v -10.8 0.2 18.2
v 4.4 0.2 18.2
v 4.5 0.2 18.2
v 6.1 0.2 18.2
v 6.5 0.2 18.2
v 7 0.2 18.2
v 7.7 0.2 18.2
v 8.1 0.2 18.2
v 8.4 0.2 18.2
v -12 0.2 18.3
v -11.4 0.2 18.3
v -11.2 0.2 18.3
v -11 0.2 18.3
v -9 0.2 18.3
v -8.9 0.2 18.3
v -7.9 0.2 18.3
v -7.5 0.2 18.3
v 4.1 0.2 18.3
v 4.5 0.2 18.3
v 5.5 0.2 18.3
v 5.6 0.2 18.3
v 8.4 0.2 18.3
v 8.6 0.2 18.3
v 9.2 0.2 18.3
v 9.3 0.2 18.3
v 10.1 0.2 18.3
v 10.2 0.2 18.3
v -10.9 0.2 18.4
v -10.8 0.2 18.4
v -9 0.2 18.4
v -8.9 0.2 18.4
v -5.7 0.2 18.4
v -5.5 0.2 18.4
v -5.3 0.2 18.4
v -4.7 0.2 18.4
v -4.2 0.2 18.4
v -4 0.2 18.4
v 8.3 0.2 18.4
v 8.4 0.2 18.4
v 10.1 0.2 18.4
v 10.2 0.2 18.4
v -11 0.2 18.5
v -10.9 0.2 18.5
v -7.9 0.2 18.5
v -7.7 0.2 18.5
v -7.5 0.2 18.5
v -7.1 0.2 18.5
v -6.1 0.2 18.5
v -5.7 0.2 18.5
v -5.5 0.2 18.5
v -5.4 0.2 18.5
v -4.2 0.2 18.5
v -4 0.2 18.5
v 6.5 0.2 18.5
v 7 0.2 18.5
v 8.1 0.2 18.5
v 8.3 0.2 18.5
v -11.2 0.2 18.6
v -11 0.2 18.6
v 9.7 0.2 18.6
v 10.1 0.2 18.6
v 11.3 0.2 18.6
v 11.9 0.2 18.6
v -7.9 0.2 18.7
v -7.8 0.2 18.7
v 4.9 0.2 18.7
v 5 0.2 18.7
v 5.5 0.2 18.7
v 5.6 0.2 18.7
v -9.2 0.2 18.8
v -8.9 0.2 18.8
v -7.8 0.2 18.8
v -7.7 0.2 18.8
v 3.8 0.2 18.8
v 4.5 0.2 18.8
v -11 0.2 18.9
v -10.9 0.2 18.9
v -9.7 0.2 18.9
v -9.3 0.2 18.9
v 5.5 0.2 18.9
v 5.6 0.2 18.9
v 8.4 0.2 18.9
v 8.6 0.2 18.9
v 8.9 0.2 18.9
v 9.3 0.2 18.9
v -11.3 0.2 19
v -10.9 0.2 19
v -10.2 0.2 19
v -9.7 0.2 19
v -9.3 0.2 19
v -9.2 0.2 19
v -5.3 0.2 19
v -5.2 0.2 19
v 2.7 0.2 19
v 3 0.2 19
v 5.9 0.2 19
v 6.1 0.2 19
v 8.6 0.2 19
v 8.9 0.2 19
v 9.6 0.2 19
v 9.7 0.2 19
v -5.2 0.2 19.1
v -5 0.2 19.1
v 2.4 0.2 19.1
v 2.5 0.2 19.1
v 2.6 0.2 19.1
v 2.7 0.2 19.1
v 5 0.2 19.1
v 5.5 0.2 19.1
v 5.9 0.2 19.1
v 6.1 0.2 19.1
v 6.7 0.2 19.1
v 7.7 0.2 19.1
v 8.1 0.2 19.1
v 9.6 0.2 19.1
v 9.9 0.2 19.1
v -7.1 0.2 19.2
v -6.3 0.2 19.2
v 2.5 0.2 19.2
v 2.6 0.2 19.2
v 6.1 0.2 19.2
v 6.3 0.2 19.2
v 11.6 0.2 19.2
v 12 0.2 19.2
v -6.3 0.2 19.3
v -6.1 0.2 19.3
v -5.4 0.2 19.3
v -5.2 0.2 19.3
v 6.3 0.2 19.3
v 6.7 0.2 19.3
v 8.2 0.2 19.3
v 8.7 0.2 19.3
v -9.6 0.2 19.4
v -9.3 0.2 19.4
v -9.2 0.2 19.4
v -7.1 0.2 19.4
v -4.1 0.2 19.4
v -4 0.2 19.4
v 4.6 0.2 19.4
v 4.9 0.2 19.4
v 6.1 0.2 19.4
v 6.3 0.2 19.4
v 9.9 0.2 19.4
v 10 0.2 19.4
v -11.4 0.2 19.5
v -11.3 0.2 19.5
v -5 0.2 19.5
v -4.7 0.2 19.5
v -4.1 0.2 19.5
v -4 0.2 19.5
v -10.3 0.2 19.6
v -10.2 0.2 19.6
v -9.6 0.2 19.6
v -9.4 0.2 19.6
v -9.1 0.2 19.6
v -8.5 0.2 19.6
v -8.4 0.2 19.6
v -7.5 0.2 19.6
v -7.4 0.2 19.6
v -6.3 0.2 19.6
v -6.1 0.2 19.6
v 6.6 0.2 19.6
v 6.7 0.2 19.6
v -8.8 0.2 19.7
v -8.6 0.2 19.7
v -5 0.2 19.7
v -4.7 0.2 19.7
v -4.1 0.2 19.7
v -4 0.2 19.7
v 2 0.2 19.7
v 2.2 0.2 19.7
v 3 0.2 19.7
v 3.2 0.2 19.7
v 3.4 0.2 19.7
v 3.8 0.2 19.7
v 6.5 0.2 19.7
v 6.6 0.2 19.7
v 7.1 0.2 19.7
v 7.2 0.2 19.7
v 9.4 0.2 19.7
v 9.9 0.2 19.7
v 10 0.2 19.7
v 10.5 0.2 19.7
v -9.1 0.2 19.8
v -8.8 0.2 19.8
v -4.7 0.2 19.8
v -4.6 0.2 19.8
v 4.3 0.2 19.8
v 4.6 0.2 19.8
v 5.1 0.2 19.8
v 5.2 0.2 19.8
v -9.4 0.2 19.9
v -9.3 0.2 19.9
v -8.7 0.2 19.9
v -8.6 0.2 19.9
v -5.3 0.2 19.9
v -5.2 0.2 19.9
v 3 0.2 19.9
v 3.2 0.2 19.9
v 6.3 0.2 19.9
v 6.5 0.2 19.9
v 7.1 0.2 19.9
v 7.2 0.2 19.9
v -9.1 0.2 20
v -9 0.2 20
v -7.4 0.2 20
v -6.6 0.2 20
v -5.7 0.2 20
v 2.9 0.2 20
v 3 0.2 20
v -9 0.2 20.1
v -8.7 0.2 20.1
v -4.1 0.2 20.1
v -4 0.2 20.1
v 2.5 0.2 20.1
v 2.9 0.2 20.1
v 4 0.2 20.1
v 4.3 0.2 20.1
v 4.8 0.2 20.1
v 5 0.2 20.1
v 5.1 0.2 20.1
v 5.2 0.2 20.1
v 10.5 0.2 20.1
v 10.8 0.2 20.1
v -10.3 0.2 20.2
v -10.1 0.2 20.2
v -6.6 0.2 20.2
v -6.3 0.2 20.2
v 5.5 0.2 20.2
v 5.6 0.2 20.2
v 8.2 0.2 20.2
v 8.4 0.2 20.2
v -6.3 0.2 20.3
v -5.9 0.2 20.3
v -5.7 0.2 20.3
v 5.1 0.2 20.3
v 5.2 0.2 20.3
v 5.5 0.2 20.3
v 5.6 0.2 20.3
v -10.2 0.2 20.4
v -10.1 0.2 20.4
v -8.7 0.2 20.4
v -8.5 0.2 20.4
v -7.4 0.2 20.4
v -6.4 0.2 20.4
v 4.5 0.2 20.4
v 4.8 0.2 20.4
v 5.1 0.2 20.4
v 5.2 0.2 20.4
v 5.5 0.2 20.4
v 6.2 0.2 20.4
v 6.3 0.2 20.4
v 7.9 0.2 20.4
v 8.4 0.2 20.4
v 8.6 0.2 20.4
v 8.7 0.2 20.4
v -11.6 0.2 20.5
v -11.4 0.2 20.5
v -8.8 0.2 20.5
v -8.7 0.2 20.5
v -8.4 0.2 20.5
v -7.5 0.2 20.5
v -7.3 0.2 20.5
v -6.5 0.2 20.5
v -6.4 0.2 20.5
v 5 0.2 20.5
v 5.1 0.2 20.5
v 7.3 0.2 20.5
v 7.9 0.2 20.5
v 8.6 0.2 20.5
v 9.3 0.2 20.5
v 2.5 0.2 20.6
v 3.2 0.2 20.6
v 6.2 0.2 20.6
v 6.3 0.2 20.6
v 11.5 0.2 20.6
v 11.6 0.2 20.6
v 7.2 0.2 20.7
v 7.3 0.2 20.7
v -9.4 0.2 20.8
v -9.2 0.2 20.8
v -7.3 0.2 20.8
v -6.5 0.2 20.8
v -6.3 0.2 20.8
v -5.9 0.2 20.8
v 2.9 0.2 20.8
v 3.2 0.2 20.8
v -4.7 0.2 20.9
v -4.6 0.2 20.9
v -8.7 0.2 21
v -8.5 0.2 21
v -5.3 0.2 21
v -5 0.2 21
v -10.7 0.2 21.1
v -10.5 0.2 21.1
v -10.4 0.2 21.1
v -10.2 0.2 21.1
v 2 0.2 21.1
v 2.2 0.2 21.1
v 5 0.2 21.1
v 5.4 0.2 21.1
v 5.7 0.2 21.1
v 5.8 0.2 21.1
v -9.6 0.2 21.2
v -9.4 0.2 21.2
v -8.5 0.2 21.2
v -7.8 0.2 21.2
v 3.7 0.2 21.2
v 4 0.2 21.2
v -10.5 0.2 21.3
v -10.4 0.2 21.3
v -8.7 0.2 21.3
v -8.6 0.2 21.3
v -5.5 0.2 21.3
v -5.3 0.2 21.3
v 3.5 0.2 21.3
v 3.6 0.2 21.3
v 4.6 0.2 21.3
v 5.4 0.2 21.3
v 5.7 0.2 21.3
v 5.8 0.2 21.3
v 8.6 0.2 21.3
v 9.3 0.2 21.3
v -8.8 0.2 21.4
v -8.7 0.2 21.4
v -6.3 0.2 21.4
v -6.1 0.2 21.4
v -6 0.2 21.4
v -5.9 0.2 21.4
v -5.3 0.2 21.4
v -5.2 0.2 21.4
v 3.5 0.2 21.4
v 3.6 0.2 21.4
v 3.7 0.2 21.4
v 4.1 0.2 21.4
v 4.5 0.2 21.4
v 4.6 0.2 21.4
v -9.6 0.2 21.5
v -9.2 0.2 21.5
v 4.1 0.2 21.5
v 4.2 0.2 21.5
v 11.5 0.2 21.5
v 11.7 0.2 21.5
v -5.2 0.2 21.6
v -5.1 0.2 21.6
v 2 0.2 21.6
v 2.2 0.2 21.6
v 10.5 0.2 21.6
v 10.8 0.2 21.6
v 11.7 0.2 21.6
v 11.8 0.2 21.6
v -9.2 0.2 21.7
v -8.6 0.2 21.7
v -7.8 0.2 21.7
v -7 0.2 21.7
v 6.8 0.2 21.7
v 7.2 0.2 21.7
v 5.8 0.2 21.8
v 6.8 0.2 21.8
v 8.2 0.2 21.8
v 8.6 0.2 21.8
v -11.9 0.2 21.9
v -11.6 0.2 21.9
v -6.1 0.2 21.9
v -6 0.2 21.9
v -5.3 0.2 21.9
v -5.2 0.2 21.9
v 4.1 0.2 21.9
v 4.2 0.2 21.9
v 7.6 0.2 21.9
v 8.2 0.2 21.9
v 9.5 0.2 21.9
v 9.9 0.2 21.9
v 10.4 0.2 21.9
v 10.5 0.2 21.9
v -5.3 0.2 22
v -5.2 0.2 22
v 11.7 0.2 22
v 11.8 0.2 22
v 7.2 0.2 22.1
v 7.6 0.2 22.1
v -4.7 0.2 22.3
v -4.6 0.2 22.3
v -6.6 0.2 22.4
v -5.6 0.2 22.4
v -5.2 0.2 22.4
v -5.1 0.2 22.4
v -4.6 0.2 22.4
v -4 0.2 22.4
v 9.3 0.2 22.4
v 9.5 0.2 22.4
v 11.5 0.2 22.4
v 11.7 0.2 22.4
v -7 0.2 22.5
v -6.6 0.2 22.5
v 3.7 0.2 22.5
v 4.1 0.2 22.5
v 5.7 0.2 22.5
v 5.8 0.2 22.5
v 9.2 0.2 22.5
v 9.3 0.2 22.5
v -5.3 0.2 22.6
v -5.2 0.2 22.6
v 2 0.2 22.6
v 2.1 0.2 22.6
v 2.2 0.2 22.6
v 2.4 0.2 22.6
v 2.9 0.2 22.6
v 3.2 0.2 22.6
v 6.8 0.2 22.6
v 7.2 0.2 22.6
v -10.7 0.2 22.7
v -10.6 0.2 22.7
v -5.1 0.2 22.7
v -4.7 0.2 22.7
v 3.6 0.2 22.7
v 3.7 0.2 22.7
v -4.7 0.2 22.8
v -4.6 0.2 22.8
v 5.7 0.2 22.8
v 5.9 0.2 22.8
v 8.5 0.2 22.8
v 9.2 0.2 22.8
v 10 0.2 22.8
v 10.4 0.2 22.8
v -10.6 0.2 22.9
v -10.4 0.2 22.9
v -5.5 0.2 22.9
v -5.3 0.2 22.9
v -5.1 0.2 22.9
v 3.2 0.2 22.9
v 3.6 0.2 22.9
v 5.9 0.2 22.9
v 6.8 0.2 22.9
v 11.5 0.2 22.9
v 11.8 0.2 22.9
v -4.8 0.2 23
v -4.6 0.2 23
v 3.2 0.2 23
v 4 0.2 23
v 4.1 0.2 23
v 4.4 0.2 23
v 4.5 0.2 23
v 5.4 0.2 23
v 9.8 0.2 23
v 10 0.2 23
v -7.3 0.2 23.1
v -6.6 0.2 23.1
v -4.8 0.2 23.1
v -4.3 0.2 23.1
v -4 0.2 23.1
v 0.9 0.2 23.1
v 1.5 0.2 23.1
v 2 0.2 23.1
v -10.4 0.2 23.2
v -10.1 0.2 23.2
v -8.4 0.2 23.2
v -8.3 0.2 23.2
v 3.2 0.2 23.2
v 4 0.2 23.2
v 11.5 0.2 23.2
v 11.8 0.2 23.2
v -10.1 0.2 23.3
v -10 0.2 23.3
v -8.3 0.2 23.3
v -7.3 0.2 23.3
v 2.4 0.2 23.3
v 2.5 0.2 23.3
v 3.4 0.2 23.3
v 4.1 0.2 23.3
v 5.5 0.2 23.3
v 5.8 0.2 23.3
v 9.2 0.2 23.3
v 9.8 0.2 23.3
v -9.3 0.2 23.4
v -9 0.2 23.4
v 2.8 0.2 23.4
v 3.3 0.2 23.4
v -9.5 0.2 23.5
v -9.3 0.2 23.5
v 2.5 0.2 23.5
v 2.6 0.2 23.5
v 7.4 0.2 23.5
v 8.5 0.2 23.5
v -11.9 0.2 23.6
v -11.3 0.2 23.6
v -10 0.2 23.6
v -9.5 0.2 23.6
v -6.6 0.2 23.6
v -5.6 0.2 23.6
v 2.5 0.2 23.6
v 2.6 0.2 23.6
v -9 0.2 23.7
v -8.4 0.2 23.7
v -5.3 0.2 23.7
v -5.1 0.2 23.7
v 5.4 0.2 23.7
v 5.5 0.2 23.7
v 6.9 0.2 23.7
v 7.4 0.2 23.7
v -6.7 0.2 23.8
v -6.2 0.2 23.8
v 3.3 0.2 23.8
v 3.4 0.2 23.8
v 5.4 0.2 23.8
v 5.5 0.2 23.8
v 11.5 0.2 23.8
v 11.7 0.2 23.8
v -11.3 0.2 23.9
v -11.2 0.2 23.9
v -4.8 0.2 23.9
v -4.3 0.2 23.9
v 1.5 0.2 23.9
v 2.1 0.2 23.9
v 4.4 0.2 23.9
v 4.5 0.2 23.9
v 8.8 0.2 23.9
v 9.2 0.2 23.9
v -11.2 0.2 24
v -10.8 0.2 24
v -6.8 0.2 24
v -6.7 0.2 24
v 2.8 0.2 24
v 3.2 0.2 24
v 4.8 0.2 24
v 5.4 0.2 24
v 8.1 0.2 24
v 8.8 0.2 24
v 4.3 0.2 24.1
v 4.5 0.2 24.1
v 4.8 0.2 24.1
v 4.9 0.2 24.1
v 5.5 0.2 24.1
v 5.7 0.2 24.1
v 5.8 0.2 24.1
v 6.9 0.2 24.1
v 11.7 0.2 24.1
v 11.8 0.2 24.1
v -7.4 0.2 24.2
v -6.8 0.2 24.2
v 3.2 0.2 24.2
v 3.4 0.2 24.2
v 4.5 0.2 24.2
v 4.9 0.2 24.2
v -6.2 0.2 24.3
v -5.7 0.2 24.3
v 5.4 0.2 24.3
v 5.7 0.2 24.3
v 6.5 0.2 24.3
v 8.1 0.2 24.3
v 11.6 0.2 24.3
v 11.8 0.2 24.3
v -1.1 0.2 24.4
v 0.9 0.2 24.4
v -10.4 0.2 24.5
v -10.2 0.2 24.5
v -8.5 0.2 24.5
v -7.4 0.2 24.5
v -5.7 0.2 24.5
v -5.1 0.2 24.5
v 5.3 0.2 24.5
v 5.4 0.2 24.5
v 6.2 0.2 24.5
v 6.5 0.2 24.5
v 3.4 0.2 24.6
v 4.3 0.2 24.6
v 2.5 0.2 24.7
v 2.8 0.2 24.7
v 5.1 0.2 24.7
v 5.3 0.2 24.7
v -6.7 0.2 24.8
v -5.8 0.2 24.8
v 5.9 0.2 24.8
v 6.2 0.2 24.8
v -12 0.2 24.9
v -11.8 0.2 24.9
v -10.8 0.2 24.9
v -10.4 0.2 24.9
v -5.8 0.2 24.9
v -5.7 0.2 24.9
v 2.8 0.2 24.9
v 2.9 0.2 24.9
v 11.6 0.2 24.9
v 12 0.2 24.9
v -11.8 0.2 25
v -11.3 0.2 25
v -10 0.2 25
v -8.5 0.2 25
v -1.1 0.2 25
v 0.9 0.2 25
v 2.9 0.2 25
v 3.1 0.2 25
v -11.3 0.2 25.1
v -10.9 0.2 25.1
v -7.1 0.2 25.1
v -6.7 0.2 25.1
v -7.9 0.2 25.2
v -7.1 0.2 25.2
v -5.7 0.2 25.2
v -5.6 0.2 25.2
v 0.9 0.2 25.2
v 1.5 0.2 25.2
v -10.9 0.2 25.3
v -10.7 0.2 25.3
v -5.5 0.2 25.3
v -4.8 0.2 25.3
v 3.1 0.2 25.3
v 3.9 0.2 25.3
v 3.9 0.2 25.4
v 5.1 0.2 25.4
v -10.7 0.2 25.5
v -10.2 0.2 25.5
v -10 0.2 25.5
v -8.8 0.2 25.5
v -7.9 0.2 25.5
v -12 0.2 25.6
v -10.2 0.2 25.6
v -8.8 0.2 25.6
v -5.6 0.2 25.6
v -5.5 0.2 25.6
v 1.5 0.2 25.6
v 5.9 0.2 25.6
v 12 0.2 25.6
v -9.1 0.3 5.7
v -4.7 0.3 5.7
v -3.2 0.3 5.7
v 1.2 0.3 5.7
v 2.8 0.3 5.7
v 7.2 0.3 5.7
v -8.9 0.3 5.9
v -4.9 0.3 5.9
v -3 0.3 5.9
v 1 0.3 5.9
v 3 0.3 5.9
v 7 0.3 5.9
v -8.9 0.3 9.9
v -4.9 0.3 9.9
v -3 0.3 9.9
v 1 0.3 9.9
v 3 0.3 9.9
v 7 0.3 9.9
v -9.1 0.3 10.1
v -4.7 0.3 10.1
v -3.2 0.3 10.1
v 1.2 0.3 10.1
v 2.8 0.3 10.1
v 7.2 0.3 10.1
v -9.1 0.3 11.6
v -4.7 0.3 11.6
v -3.2 0.3 11.6
v 1.2 0.3 11.6
v 2.8 0.3 11.6
v 7.2 0.3 11.6
v -8.9 0.3 11.8
v -4.9 0.3 11.8
v -3 0.3 11.8
v 1 0.3 11.8
v 3 0.3 11.8
v 7 0.3 11.8
v -8.9 0.3 15.8
v -4.9 0.3 15.8
v -3 0.3 15.8
v 1 0.3 15.8
v 3 0.3 15.8
v 7 0.3 15.8
v -9.1 0.3 16
v -4.7 0.3 16
v -3.2 0.3 16
v 1.2 0.3 16
v 2.8 0.3 16
v 7.2 0.3 16
v -4 0.3 17.1
v 2 0.3 17.1
v -3.6 0.3 17.5
v 1.6 0.3 17.5
v -3.6 0.3 22.7
v 1.6 0.3 22.7
v -4 0.3 23.1
v 2 0.3 23.1
v -11.8 0.4 2.6
v -11.5 0.4 2.6
v -10.7 0.4 2.6
v -10.4 0.4 2.6
v -5.6 0.4 2.6
v -5.3 0.4 2.6
v -4.5 0.4 2.6
v -4.2 0.4 2.6
v -3.4 0.4 2.6
v -3.1 0.4 2.6
v 1.2 0.4 2.6
v 1.5 0.4 2.6
v 2.3 0.4 2.6
v 2.6 0.4 2.6
v 3.4 0.4 2.6
v 3.7 0.4 2.6
v 8.4 0.4 2.6
v 8.7 0.4 2.6
v 9.5 0.4 2.6
v 9.8 0.4 2.6
v 10.6 0.4 2.6
v 10.9 0.4 2.6
v 11.1 0.4 2.6
v 11.4 0.4 2.6
v -11.7 0.4 2.7
v -11.6 0.4 2.7
v -10.6 0.4 2.7
v -10.5 0.4 2.7
v -5.5 0.4 2.7
v -5.4 0.4 2.7
v -4.4 0.4 2.7
v -4.3 0.4 2.7
v -3.3 0.4 2.7
v -3.2 0.4 2.7
v 1.3 0.4 2.7
v 1.4 0.4 2.7
v 2.4 0.4 2.7
v 2.5 0.4 2.7
v 3.5 0.4 2.7
v 3.6 0.4 2.7
v 8.5 0.4 2.7
v 8.6 0.4 2.7
v 9.6 0.4 2.7
v 9.7 0.4 2.7
v 10.7 0.4 2.7
v 10.8 0.4 2.7
v 11.2 0.4 2.7
v 11.3 0.4 2.7
v -11.7 0.4 2.8
v -11.6 0.4 2.8
v -10.6 0.4 2.8
v -10.5 0.4 2.8
v -5.5 0.4 2.8
v -5.4 0.4 2.8
v -4.4 0.4 2.8
v -4.3 0.4 2.8
v -3.3 0.4 2.8
v -3.2 0.4 2.8
v 1.3 0.4 2.8
v 1.4 0.4 2.8
v 2.4 0.4 2.8
v 2.5 0.4 2.8
v 3.5 0.4 2.8
v 3.6 0.4 2.8
v 8.5 0.4 2.8
v 8.6 0.4 2.8
v 9.6 0.4 2.8
v 9.7 0.4 2.8
v 10.7 0.4 2.8
v 10.8 0.4 2.8
v 11.2 0.4 2.8
v 11.3 0.4 2.8
v -11.8 0.4 2.9
v -11.5 0.4 2.9
v -10.7 0.4 2.9
v -10.4 0.4 2.9
v -5.6 0.4 2.9
v -5.3 0.4 2.9
v -4.5 0.4 2.9
v -4.2 0.4 2.9
v -3.4 0.4 2.9
v -3.1 0.4 2.9
v 1.2 0.4 2.9
v 1.5 0.4 2.9
v 2.3 0.4 2.9
v 2.6 0.4 2.9
v 3.4 0.4 2.9
v 3.7 0.4 2.9
v 8.4 0.4 2.9
v 8.7 0.4 2.9
v 9.5 0.4 2.9
v 9.8 0.4 2.9
v 10.6 0.4 2.9
v 10.9 0.4 2.9
v 11.1 0.4 2.9
v 11.4 0.4 2.9
v 10.6 0.4 3.7
v 10.9 0.4 3.7
v 11.1 0.4 3.7
v 11.4 0.4 3.7
v 10.7 0.4 3.8
v 10.8 0.4 3.8
v 11.2 0.4 3.8
v 11.3 0.4 3.8
v 10.7 0.4 3.9
v 10.8 0.4 3.9
v 11.2 0.4 3.9
v 11.3 0.4 3.9
v 10.6 0.4 4
v 10.9 0.4 4
v 11.1 0.4 4
v 11.4 0.4 4
v -8.9 0.4 5.9
v -4.9 0.4 5.9
v -3 0.4 5.9
v 1 0.4 5.9
v 3 0.4 5.9
v 7 0.4 5.9
v -8.9 0.4 9.9
v -4.9 0.4 9.9
v -3 0.4 9.9
v 1 0.4 9.9
v 3 0.4 9.9
v 7 0.4 9.9
v -8.9 0.4 11.8
v -4.9 0.4 11.8
v -3 0.4 11.8
v 1 0.4 11.8
v 3 0.4 11.8
v 7 0.4 11.8
v -8.9 0.4 15.8
v -4.9 0.4 15.8
v -3 0.4 15.8
v 1 0.4 15.8
v 3 0.4 15.8
v 7 0.4 15.8
v -3.6 0.5 17.5
v 1.6 0.5 17.5
v -3.6 0.5 22.7
v 1.6 0.5 22.7
v -12 0.7 2.7
v -11.7 0.7 2.7
v -11.6 0.7 2.7
v -10.6 0.7 2.7
v -5.4 0.7 2.7
v -4.4 0.7 2.7
v -4.3 0.7 2.7
v -3.3 0.7 2.7
v 1.4 0.7 2.7
v 2.4 0.7 2.7
v 2.5 0.7 2.7
v 3.5 0.7 2.7
v 8.6 0.7 2.7
v 9.6 0.7 2.7
v 9.7 0.7 2.7
v 10.7 0.7 2.7
v 11.3 0.7 2.7
v 12 0.7 2.7
v -12 0.7 2.8
v -11.7 0.7 2.8
v -11.6 0.7 2.8
v -10.6 0.7 2.8
v -5.4 0.7 2.8
v -4.4 0.7 2.8
v -4.3 0.7 2.8
v -3.3 0.7 2.8
v 1.4 0.7 2.8
v 2.4 0.7 2.8
v 2.5 0.7 2.8
v 3.5 0.7 2.8
v 8.6 0.7 2.8
v 9.6 0.7 2.8
v 9.7 0.7 2.8
v 10.7 0.7 2.8
v 10.8 0.7 2.8
v 11.2 0.7 2.8
v 11.3 0.7 2.8
v 12 0.7 2.8
v 10.7 0.7 3.8
v 10.8 0.7 3.8
v 11.2 0.7 3.8
v 11.3 0.7 3.8
v -12 1.2 2.7
v -10.5 1.2 2.7
v -5.5 1.2 2.7
v -3.2 1.2 2.7
v 1.3 1.2 2.7
v 3.6 1.2 2.7
v 8.5 1.2 2.7
v 10.8 1.2 2.7
v 11.2 1.2 2.7
v 12 1.2 2.7
v -12 1.2 2.8
v -10.5 1.2 2.8
v -5.5 1.2 2.8
v -3.2 1.2 2.8
v 1.3 1.2 2.8
v 3.6 1.2 2.8
v 8.5 1.2 2.8
v 10.7 1.2 2.8
v 11.3 1.2 2.8
v 12 1.2 2.8
v 10.7 1.2 3.9
v 10.8 1.2 3.9
v 11.2 1.2 3.9
v 11.3 1.2 3.9

# faces
f 1/2/1 2/2/1 3/2/1
f 3/2/1 2/2/1 4/2/1
f 4/2/1 2/2/1 5/2/1
f 5/2/1 2/2/1 6/2/1
f 6/2/1 2/2/1 7/2/1
f 7/2/1 2/2/1 8/2/1
f 8/2/1 2/2/1 9/2/1
f 9/2/1 2/2/1 10/2/1
f 10/2/1 2/2/1 11/2/1
f 11/2/1 2/2/1 12/2/1
f 12/2/1 2/2/1 13/2/1
f 13/2/1 2/2/1 14/2/1
f 14/2/1 2/2/1 15/2/1
f 1/2/1 3/2/1 16/2/1
f 3/3/1 4/3/1 17/3/1
f 16/2/1 3/2/1 17/2/1
f 4/4/1 5/4/1 18/4/1
f 17/3/1 4/3/1 18/3/1
f 5/3/1 6/3/1 19/3/1
f 18/4/1 5/4/1 19/4/1
f 6/2/1 7/2/1 20/2/1
f 19/3/1 6/3/1 20/3/1
f 7/3/1 8/3/1 21/3/1
f 20/2/1 7/2/1 21/2/1
f 8/4/1 9/4/1 22/4/1
f 21/3/1 8/3/1 22/3/1
f 9/3/1 10/3/1 23/3/1
f 22/4/1 9/4/1 23/4/1
f 10/2/1 11/2/1 24/2/1
f 23/3/1 10/3/1 24/3/1
f 11/3/1 12/3/1 25/3/1
f 24/2/1 11/2/1 25/2/1
f 12/4/1 13/4/1 26/4/1
f 25/3/1 12/3/1 26/3/1
f 13/2/1 14/2/1 27/2/1
f 26/4/1 13/4/1 27/4/1
f 14/3/1 15/3/1 28/3/1
f 27/2/1 14/2/1 28/2/1
f 15/2/1 2/2/1 29/2/1
f 28/3/1 15/3/1 29/3/1
f 29/2/1 2/2/1 30/2/1
f 31/1/1 32/1/1 33/1/1
f 33/1/1 32/1/1 34/1/1
f 35/1/1 36/1/1 37/1/1
f 37/1/1 36/1/1 38/1/1
f 39/2/1 40/2/1 41/2/1
f 41/2/1 40/2/1 42/2/1
f 43/1/1 44/1/1 45/1/1
f 45/1/1 44/1/1 46/1/1
f 47/1/1 48/1/1 49/1/1
f 49/1/1 48/1/1 50/1/1
f 51/2/1 52/2/1 53/2/1
f 53/2/1 52/2/1 54/2/1
f 55/1/1 56/1/1 57/1/1
f 57/1/1 56/1/1 58/1/1
f 59/1/1 60/1/1 61/1/1
f 61/1/1 60/1/1 62/1/1
f 63/2/1 64/2/1 73/2/1
f 64/2/1 65/2/1 73/2/1
f 65/2/1 66/2/1 73/2/1
f 66/2/1 67/2/1 73/2/1
f 73/2/1 67/2/1 74/2/1
f 71/2/1 72/2/1 75/2/1
f 70/2/1 71/2/1 75/2/1
f 69/2/1 70/2/1 75/2/1
f 68/2/1 69/2/1 75/2/1
f 75/2/1 72/2/1 76/2/1
f 77/2/1 78/2/1 81/2/1
f 81/2/1 78/2/1 82/2/1
f 79/2/1 80/2/1 83/2/1
f 83/2/1 80/2/1 84/2/1
f 85/2/1 86/2/1 87/2/1
f 87/2/1 86/2/1 88/2/1
f 89/1/1 90/1/1 91/1/1
f 91/1/1 90/1/1 92/1/1
f 93/2/1 94/2/1 95/2/1
f 95/2/1 94/2/1 96/2/1
f 97/1/1 98/1/1 99/1/1
f 99/1/1 98/1/1 100/1/1
f 101/1/1 102/1/1 103/1/1
f 103/1/1 102/1/1 104/1/1
f 105/2/1 106/2/1 116/2/1
f 114/2/1 115/2/1 116/2/1
f 113/2/1 114/2/1 116/2/1
f 112/2/1 113/2/1 116/2/1
f 111/2/1 112/2/1 116/2/1
f 110/2/1 111/2/1 116/2/1
f 109/2/1 110/2/1 116/2/1
f 108/2/1 109/2/1 116/2/1
f 107/2/1 108/2/1 116/2/1
f 106/2/1 107/2/1 116/2/1
f 116/2/1 115/2/1 117/2/1
f 118/2/1 119/2/1 120/2/1
f 120/2/1 119/2/1 121/2/1
f 122/2/1 123/2/1 124/2/1
f 124/2/1 123/2/1 125/2/1
f 126/1/1 127/1/1 128/1/1
f 128/1/1 127/1/1 129/1/1
f 130/1/1 131/1/1 132/1/1
f 132/1/1 131/1/1 133/1/1
f 134/2/1 135/2/1 146/2/1
f 135/2/1 136/2/1 146/2/1
f 136/2/1 137/2/1 146/2/1
f 137/2/1 138/2/1 146/2/1
f 138/2/1 139/2/1 146/2/1
f 146/2/1 139/2/1 147/2/1
f 144/2/1 145/2/1 148/2/1
f 143/2/1 144/2/1 148/2/1
f 142/2/1 143/2/1 148/2/1
f 140/2/1 141/2/1 148/2/1
f 141/2/1 142/2/1 148/2/1
f 148/2/1 145/2/1 149/2/1
f 150/2/1 151/2/1 154/2/1
f 154/2/1 151/2/1 155/2/1
f 152/2/1 153/2/1 156/2/1
f 156/2/1 153/2/1 157/2/1
f 158/2/1 159/2/1 160/2/1
f 160/2/1 159/2/1 161/2/1
f 162/1/1 163/1/1 164/1/1
f 164/1/1 163/1/1 165/1/1
f 166/2/1 167/2/1 168/2/1
f 168/2/1 167/2/1 169/2/1
f 170/1/1 171/1/1 172/1/1
f 172/1/1 171/1/1 173/1/1
f 174/1/1 175/1/1 176/1/1
f 176/1/1 175/1/1 177/1/1
f 178/2/1 179/2/1 187/2/1
f 179/2/1 180/2/1 187/2/1
f 180/2/1 181/2/1 187/2/1
f 181/2/1 182/2/1 187/2/1
f 187/2/1 182/2/1 188/2/1
f 185/2/1 186/2/1 189/2/1
f 184/2/1 185/2/1 189/2/1
f 183/2/1 184/2/1 189/2/1
f 189/2/1 186/2/1 190/2/1
f 191/2/1 192/2/1 195/2/1
f 195/2/1 192/2/1 196/2/1
f 193/2/1 194/2/1 197/2/1
f 197/2/1 194/2/1 198/2/1
f 199/2/1 200/2/1 201/2/1
f 201/2/1 200/2/1 202/2/1
f 203/1/1 204/1/1 205/1/1
f 205/1/1 204/1/1 206/1/1
f 207/1/1 208/1/1 209/1/1
f 209/1/1 208/1/1 210/1/1
f 211/2/1 212/2/1 213/2/1
f 213/2/1 212/2/1 214/2/1
f 215/1/1 216/1/1 217/1/1
f 217/1/1 216/1/1 218/1/1
f 219/2/1 220/2/1 221/2/1
f 221/2/1 220/2/1 222/2/1
f 223/1/1 224/1/1 225/1/1
f 225/1/1 224/1/1 226/1/1
f 227/1/1 228/1/1 229/1/1
f 229/1/1 228/1/1 230/1/1
f 231/2/1 232/2/1 235/2/1
f 235/2/1 232/2/1 236/2/1
f 233/2/1 234/2/1 237/2/1
f 237/2/1 234/2/1 238/2/1
f 239/1/1 240/1/1 243/1/1
f 243/1/1 240/1/1 244/1/1
f 241/1/1 242/1/1 245/1/1
f 244/1/1 245/1/1 247/1/1
f 245/1/1 242/1/1 248/1/1
f 247/1/1 245/1/1 248/1/1
f 246/1/1 247/1/1 249/1/1
f 249/1/1 247/1/1 250/1/1
f 248/1/1 242/1/1 251/1/1
f 250/1/1 251/1/1 252/1/1
f 251/1/1 242/1/1 253/1/1
f 252/1/1 251/1/1 253/1/1
f 254/2/1 255/2/1 258/2/1
f 258/2/1 255/2/1 259/2/1
f 256/2/1 257/2/1 260/2/1
f 260/2/1 257/2/1 261/2/1
f 262/1/1 263/1/1 266/1/1
f 264/1/1 265/1/1 267/1/1
f 262/1/1 266/1/1 268/1/1
f 266/1/1 267/1/1 268/1/1
f 267/1/1 265/1/1 269/1/1
f 268/1/1 267/1/1 269/1/1
f 262/1/1 268/1/1 270/1/1
f 269/1/1 265/1/1 271/1/1
f 262/1/1 270/1/1 272/1/1
f 270/1/1 271/1/1 272/1/1
f 271/1/1 265/1/1 273/1/1
f 272/1/1 271/1/1 273/1/1
f 276/1/2 275/1/2 274/1/2
f 277/1/2 275/1/2 276/1/2
f 280/1/2 279/1/2 278/1/2
f 281/1/2 279/1/2 280/1/2
f 284/2/2 283/2/2 282/2/2
f 285/2/2 283/2/2 284/2/2
f 288/1/2 287/1/2 286/1/2
f 289/1/2 287/1/2 288/1/2
f 292/2/2 291/2/2 290/2/2
f 293/2/2 291/2/2 292/2/2
f 296/1/2 295/1/2 294/1/2
f 297/1/2 295/1/2 296/1/2
f 300/1/2 299/1/2 298/1/2
f 301/1/2 299/1/2 300/1/2
f 304/2/2 303/2/2 302/2/2
f 305/2/2 303/2/2 304/2/2
f 310/2/2 307/2/2 306/2/2
f 311/2/2 307/2/2 310/2/2
f 312/2/2 309/2/2 308/2/2
f 313/2/2 309/2/2 312/2/2
f 324/2/2 315/2/2 314/2/2
f 324/2/2 316/2/2 315/2/2
f 324/2/2 317/2/2 316/2/2
f 324/2/2 320/2/2 319/2/2
f 324/2/2 319/2/2 318/2/2
f 324/2/2 318/2/2 317/2/2
f 325/2/2 320/2/2 324/2/2
f 326/2/2 323/2/2 322/2/2
f 326/2/2 322/2/2 321/2/2
f 327/2/2 323/2/2 326/2/2
f 330/1/2 329/1/2 328/1/2
f 331/1/2 329/1/2 330/1/2
f 334/1/2 333/1/2 332/1/2
f 335/1/2 333/1/2 334/1/2
f 338/2/2 337/2/2 336/2/2
f 339/2/2 337/2/2 338/2/2
f 342/1/2 341/1/2 340/1/2
f 343/1/2 341/1/2 342/1/2
f 346/2/2 345/2/2 344/2/2
f 347/2/2 345/2/2 346/2/2
f 352/2/2 349/2/2 348/2/2
f 353/2/2 349/2/2 352/2/2
f 354/2/2 351/2/2 350/2/2
f 355/2/2 351/2/2 354/2/2
f 367/2/2 357/2/2 356/2/2
f 367/2/2 358/2/2 357/2/2
f 367/2/2 359/2/2 358/2/2
f 367/2/2 363/2/2 362/2/2
f 367/2/2 362/2/2 361/2/2
f 367/2/2 361/2/2 360/2/2
f 367/2/2 360/2/2 359/2/2
f 368/2/2 363/2/2 367/2/2
f 369/2/2 366/2/2 365/2/2
f 369/2/2 365/2/2 364/2/2
f 370/2/2 366/2/2 369/2/2
f 373/1/2 372/1/2 371/1/2
f 374/1/2 372/1/2 373/1/2
f 377/1/2 376/1/2 375/1/2
f 378/1/2 376/1/2 377/1/2
f 381/2/2 380/2/2 379/2/2
f 382/2/2 380/2/2 381/2/2
f 385/2/2 384/2/2 383/2/2
f 386/2/2 384/2/2 385/2/2
f 394/2/2 388/2/2 387/2/2
f 394/2/2 393/2/2 392/2/2
f 394/2/2 392/2/2 391/2/2
f 394/2/2 391/2/2 390/2/2
f 394/2/2 390/2/2 389/2/2
f 394/2/2 389/2/2 388/2/2
f 395/2/2 393/2/2 394/2/2
f 398/1/2 397/1/2 396/1/2
f 399/1/2 397/1/2 398/1/2
f 402/1/2 401/1/2 400/1/2
f 403/1/2 401/1/2 402/1/2
f 406/2/2 405/2/2 404/2/2
f 407/2/2 405/2/2 406/2/2
f 410/1/2 409/1/2 408/1/2
f 411/1/2 409/1/2 410/1/2
f 414/2/2 413/2/2 412/2/2
f 415/2/2 413/2/2 414/2/2
f 420/2/2 417/2/2 416/2/2
f 421/2/2 417/2/2 420/2/2
f 422/2/2 419/2/2 418/2/2
f 423/2/2 419/2/2 422/2/2
f 439/2/2 425/2/2 424/2/2
f 439/2/2 426/2/2 425/2/2
f 439/2/2 427/2/2 426/2/2
f 440/2/2 427/2/2 439/2/2
f 441/2/2 438/2/2 437/2/2
f 441/2/2 437/2/2 436/2/2
f 441/2/2 436/2/2 435/2/2
f 441/2/2 435/2/2 434/2/2
f 441/2/2 434/2/2 433/2/2
f 441/2/2 433/2/2 432/2/2
f 441/2/2 432/2/2 431/2/2
f 441/2/2 431/2/2 430/2/2
f 441/2/2 430/2/2 429/2/2
f 441/2/2 429/2/2 428/2/2
f 442/2/2 438/2/2 441/2/2
f 445/1/2 444/1/2 443/1/2
f 446/1/2 444/1/2 445/1/2
f 449/1/2 448/1/2 447/1/2
f 450/1/2 448/1/2 449/1/2
f 453/2/2 452/2/2 451/2/2
f 454/2/2 452/2/2 453/2/2
f 457/1/2 456/1/2 455/1/2
f 458/1/2 456/1/2 457/1/2
f 461/1/2 460/1/2 459/1/2
f 462/1/2 460/1/2 461/1/2
f 465/2/2 464/2/2 463/2/2
f 466/2/2 464/2/2 465/2/2
f 471/1/2 468/1/2 467/1/2
f 472/1/2 470/1/2 469/1/2
f 473/1/2 471/1/2 467/1/2
f 473/1/2 472/1/2 471/1/2
f 474/1/2 470/1/2 472/1/2
f 474/1/2 472/1/2 473/1/2
f 475/1/2 473/1/2 467/1/2
f 476/1/2 470/1/2 474/1/2
f 477/1/2 475/1/2 467/1/2
f 477/1/2 476/1/2 475/1/2
f 478/1/2 470/1/2 476/1/2
f 478/1/2 476/1/2 477/1/2
f 483/2/2 480/2/2 479/2/2
f 484/2/2 480/2/2 483/2/2
f 485/2/2 482/2/2 481/2/2
f 486/2/2 482/2/2 485/2/2
f 491/1/2 488/1/2 487/1/2
f 492/1/2 488/1/2 491/1/2
f 493/1/2 490/1/2 489/1/2
f 495/1/2 493/1/2 492/1/2
f 496/1/2 490/1/2 493/1/2
f 496/1/2 493/1/2 495/1/2
f 497/1/2 495/1/2 494/1/2
f 498/1/2 495/1/2 497/1/2
f 499/1/2 490/1/2 496/1/2
f 500/1/2 499/1/2 498/1/2
f 501/1/2 490/1/2 499/1/2
f 501/1/2 499/1/2 500/1/2
f 506/2/2 503/2/2 502/2/2
f 507/2/2 503/2/2 506/2/2
f 508/2/2 505/2/2 504/2/2
f 509/2/2 505/2/2 508/2/2
f 512/2/2 511/2/2 510/2/2
f 513/2/2 511/2/2 512/2/2
f 514/2/2 511/2/2 513/2/2
f 515/2/2 511/2/2 514/2/2
f 516/2/2 511/2/2 515/2/2
f 517/2/2 511/2/2 516/2/2
f 518/2/2 511/2/2 517/2/2
f 519/2/2 511/2/2 518/2/2
f 520/2/2 511/2/2 519/2/2
f 521/2/2 511/2/2 520/2/2
f 522/2/2 511/2/2 521/2/2
f 523/2/2 511/2/2 522/2/2
f 524/2/2 511/2/2 523/2/2
f 525/2/2 511/2/2 524/2/2
f 526/2/2 512/2/2 510/2/2
f 527/3/2 513/3/2 512/3/2
f 527/2/2 512/2/2 526/2/2
f 528/4/2 514/4/2 513/4/2
f 528/3/2 513/3/2 527/3/2
f 529/3/2 515/3/2 514/3/2
f 529/4/2 514/4/2 528/4/2
f 530/2/2 516/2/2 515/2/2
f 530/3/2 515/3/2 529/3/2
f 531/3/2 517/3/2 516/3/2
f 531/2/2 516/2/2 530/2/2
f 532/4/2 518/4/2 517/4/2
f 532/3/2 517/3/2 531/3/2
f 533/3/2 519/3/2 518/3/2
f 533/4/2 518/4/2 532/4/2
f 534/2/2 520/2/2 519/2/2
f 534/3/2 519/3/2 533/3/2
f 535/3/2 521/3/2 520/3/2
f 535/2/2 520/2/2 534/2/2
f 536/2/2 522/2/2 521/2/2
f 536/3/2 521/3/2 535/3/2
f 537/4/2 523/4/2 522/4/2
f 537/2/2 522/2/2 536/2/2
f 538/2/2 524/2/2 523/2/2
f 538/4/2 523/4/2 537/4/2
f 539/3/2 525/3/2 524/3/2
f 539/2/2 524/2/2 538/2/2
f 540/2/2 511/2/2 525/2/2
f 540/3/2 525/3/2 539/3/2
f 541/2/2 511/2/2 540/2/2
f 544/1/2 543/1/2 542/1/2
f 545/1/2 543/1/2 544/1/2
f 548/1/2 547/1/2 546/1/2
f 549/1/2 547/1/2 548/1/2
f 550/2/3 551/2/3 552/2/3
f 552/2/3 551/2/3 553/2/3
f 550/2/3 552/2/3 554/2/3
f 552/3/3 553/3/3 554/3/3
f 554/3/3 553/3/3 555/3/3
f 550/2/3 554/2/3 556/2/3
f 554/2/3 555/2/3 556/2/3
f 556/2/3 555/2/3 557/2/3
f 550/2/3 556/2/3 558/2/3
f 556/3/3 557/3/3 558/3/3
f 558/3/3 557/3/3 559/3/3
f 550/2/3 558/2/3 560/2/3
f 558/2/3 559/2/3 560/2/3
f 560/2/3 559/2/3 561/2/3
f 562/2/3 563/2/3 564/2/3
f 564/2/3 563/2/3 565/2/3
f 566/2/3 567/2/3 568/2/3
f 568/2/3 567/2/3 569/2/3
f 570/2/3 571/2/3 572/2/3
f 572/2/3 571/2/3 573/2/3
f 574/2/3 575/2/3 576/2/3
f 576/2/3 575/2/3 577/2/3
f 578/2/3 579/2/3 580/2/3
f 580/2/3 579/2/3 581/2/3
f 582/2/3 583/2/3 584/2/3
f 584/2/3 583/2/3 585/2/3
f 586/2/3 587/2/3 588/2/3
f 588/2/3 587/2/3 589/2/3
f 590/2/3 591/2/3 592/2/3
f 592/2/3 591/2/3 593/2/3
f 594/2/3 595/2/3 596/2/3
f 596/2/3 595/2/3 597/2/3
f 598/2/3 599/2/3 600/2/3
f 600/2/3 599/2/3 601/2/3
f 602/2/3 603/2/3 604/2/3
f 604/2/3 603/2/3 605/2/3
f 606/2/3 607/2/3 608/2/3
f 608/2/3 607/2/3 609/2/3
f 610/1/3 611/1/3 615/1/3
f 615/1/3 611/1/3 616/1/3
f 612/1/3 613/1/3 617/1/3
f 615/1/3 616/1/3 618/1/3
f 616/1/3 617/1/3 618/1/3
f 614/1/3 615/1/3 618/1/3
f 618/1/3 617/1/3 619/1/3
f 619/1/3 617/1/3 620/1/3
f 617/1/3 613/1/3 621/1/3
f 620/1/3 617/1/3 621/1/3
f 619/1/3 620/1/3 623/1/3
f 623/1/3 620/1/3 624/1/3
f 621/1/3 613/1/3 625/1/3
f 623/1/3 624/1/3 626/1/3
f 624/1/3 625/1/3 626/1/3
f 622/1/3 623/1/3 626/1/3
f 625/1/3 613/1/3 627/1/3
f 626/1/3 625/1/3 627/1/3
f 628/1/3 629/1/3 630/1/3
f 630/1/3 629/1/3 631/1/3
f 631/1/3 629/1/3 632/1/3
f 632/1/3 629/1/3 633/1/3
f 631/1/3 632/1/3 635/1/3
f 635/1/3 632/1/3 636/1/3
f 633/1/3 629/1/3 637/1/3
f 635/1/3 636/1/3 638/1/3
f 636/1/3 637/1/3 638/1/3
f 634/1/3 635/1/3 638/1/3
f 638/1/3 637/1/3 639/1/3
f 639/1/3 637/1/3 640/1/3
f 637/1/3 629/1/3 641/1/3
f 640/1/3 637/1/3 641/1/3
f 639/1/3 640/1/3 643/1/3
f 643/1/3 640/1/3 644/1/3
f 641/1/3 629/1/3 645/1/3
f 643/1/3 644/1/3 646/1/3
f 644/1/3 645/1/3 646/1/3
f 642/1/3 643/1/3 646/1/3
f 645/1/3 629/1/3 647/1/3
f 646/1/3 645/1/3 647/1/3
f 648/1/3 649/1/3 650/1/3
f 650/1/3 649/1/3 651/1/3
f 651/1/3 649/1/3 652/1/3
f 652/1/3 649/1/3 653/1/3
f 651/1/3 652/1/3 655/1/3
f 655/1/3 652/1/3 656/1/3
f 653/1/3 649/1/3 657/1/3
f 655/1/3 656/1/3 658/1/3
f 656/1/3 657/1/3 658/1/3
f 654/1/3 655/1/3 658/1/3
f 658/1/3 657/1/3 659/1/3
f 659/1/3 657/1/3 660/1/3
f 657/1/3 649/1/3 661/1/3
f 660/1/3 657/1/3 661/1/3
f 659/1/3 660/1/3 663/1/3
f 663/1/3 660/1/3 664/1/3
f 661/1/3 649/1/3 665/1/3
f 663/1/3 664/1/3 666/1/3
f 664/1/3 665/1/3 666/1/3
f 662/1/3 663/1/3 666/1/3
f 665/1/3 649/1/3 667/1/3
f 666/1/3 665/1/3 667/1/3
f 668/1/3 669/1/3 670/1/3
f 670/1/3 669/1/3 671/1/3
f 671/1/3 669/1/3 672/1/3
f 672/1/3 669/1/3 673/1/3
f 671/1/3 672/1/3 675/1/3
f 675/1/3 672/1/3 676/1/3
f 673/1/3 669/1/3 677/1/3
f 675/1/3 676/1/3 678/1/3
f 676/1/3 677/1/3 678/1/3
f 674/1/3 675/1/3 678/1/3
f 678/1/3 677/1/3 679/1/3
f 679/1/3 677/1/3 680/1/3
f 677/1/3 669/1/3 681/1/3
f 680/1/3 677/1/3 681/1/3
f 679/1/3 680/1/3 683/1/3
f 683/1/3 680/1/3 684/1/3
f 681/1/3 669/1/3 685/1/3
f 683/1/3 684/1/3 686/1/3
f 684/1/3 685/1/3 686/1/3
f 682/1/3 683/1/3 686/1/3
f 685/1/3 669/1/3 687/1/3
f 686/1/3 685/1/3 687/1/3
f 688/1/3 689/1/3 690/1/3
f 690/1/3 689/1/3 691/1/3
f 691/1/3 689/1/3 692/1/3
f 692/1/3 689/1/3 693/1/3
f 691/1/3 692/1/3 694/1/3
f 694/1/3 692/1/3 695/1/3
f 693/1/3 689/1/3 696/1/3
f 696/1/3 689/1/3 697/1/3
f 698/2/3 699/2/3 700/2/3
f 700/2/3 699/2/3 701/2/3
f 702/2/3 703/2/3 704/2/3
f 704/2/3 703/2/3 705/2/3
f 706/1/3 707/1/3 710/1/3
f 710/1/3 707/1/3 711/1/3
f 708/1/3 709/1/3 712/1/3
f 712/1/3 709/1/3 713/1/3
f 714/1/3 715/1/3 718/1/3
f 718/1/3 715/1/3 719/1/3
f 716/1/3 717/1/3 720/1/3
f 720/1/3 717/1/3 721/1/3
f 722/2/3 723/2/3 724/2/3
f 724/2/3 723/2/3 725/2/3
f 725/2/3 723/2/3 726/2/3
f 726/2/3 723/2/3 727/2/3
f 727/2/3 723/2/3 728/2/3
f 729/2/3 730/2/3 731/2/3
f 731/2/3 730/2/3 732/2/3
f 732/2/3 730/2/3 733/2/3
f 733/2/3 730/2/3 734/2/3
f 734/2/3 730/2/3 735/2/3
f 735/2/3 730/2/3 736/2/3
f 736/2/3 730/2/3 737/2/3
f 737/2/3 730/2/3 738/2/3
f 738/2/3 730/2/3 739/2/3
f 739/2/3 730/2/3 740/2/3
f 741/2/3 742/2/3 743/2/3
f 743/2/3 742/2/3 744/2/3
f 744/2/3 742/2/3 745/2/3
f 746/2/3 747/2/3 748/2/3
f 748/2/3 747/2/3 749/2/3
f 750/2/3 751/2/3 752/2/3
f 752/2/3 751/2/3 753/2/3
f 754/2/3 755/2/3 756/2/3
f 756/2/3 755/2/3 757/2/3
f 758/2/3 759/2/3 760/2/3
f 760/2/3 759/2/3 761/2/3
f 761/2/3 759/2/3 762/2/3
f 762/2/3 759/2/3 763/2/3
f 763/2/3 759/2/3 764/2/3
f 764/2/3 759/2/3 765/2/3
f 765/2/3 759/2/3 766/2/3
f 766/2/3 759/2/3 767/2/3
f 768/2/3 769/2/3 770/2/3
f 770/2/3 769/2/3 771/2/3
f 771/2/3 769/2/3 772/2/3
f 772/2/3 769/2/3 773/2/3
f 774/2/3 775/2/3 776/2/3
f 776/2/3 775/2/3 777/2/3
f 777/2/3 775/2/3 778/2/3
f 778/2/3 775/2/3 779/2/3
f 779/2/3 775/2/3 780/2/3
f 780/2/3 775/2/3 781/2/3
f 781/2/3 775/2/3 782/2/3
f 782/2/3 775/2/3 783/2/3
f 783/2/3 775/2/3 784/2/3
f 784/2/3 775/2/3 785/2/3
f 785/2/3 775/2/3 786/2/3
f 786/2/3 775/2/3 787/2/3
f 788/2/3 789/2/3 790/2/3
f 790/2/3 789/2/3 791/2/3
f 792/2/3 793/2/3 794/2/3
f 794/2/3 793/2/3 795/2/3
f 796/2/3 797/2/3 798/2/3
f 798/2/3 797/2/3 799/2/3
f 800/2/3 801/2/3 802/2/3
f 802/2/3 801/2/3 803/2/3
f 803/2/3 801/2/3 804/2/3
f 804/2/3 801/2/3 805/2/3
f 805/2/3 801/2/3 806/2/3
f 806/2/3 801/2/3 807/2/3
f 807/2/3 801/2/3 808/2/3
f 809/2/3 810/2/3 811/2/3
f 811/2/3 810/2/3 812/2/3
f 818/1/4 814/1/4 813/1/4
f 819/1/4 814/1/4 818/1/4
f 820/1/4 816/1/4 815/1/4
f 821/1/4 819/1/4 818/1/4
f 821/1/4 820/1/4 819/1/4
f 821/1/4 818/1/4 817/1/4
f 822/1/4 820/1/4 821/1/4
f 823/1/4 820/1/4 822/1/4
f 824/1/4 816/1/4 820/1/4
f 824/1/4 820/1/4 823/1/4
f 826/1/4 823/1/4 822/1/4
f 827/1/4 823/1/4 826/1/4
f 828/1/4 816/1/4 824/1/4
f 829/1/4 827/1/4 826/1/4
f 829/1/4 828/1/4 827/1/4
f 829/1/4 826/1/4 825/1/4
f 830/1/4 816/1/4 828/1/4
f 830/1/4 828/1/4 829/1/4
f 833/1/4 832/1/4 831/1/4
f 834/1/4 832/1/4 833/1/4
f 835/1/4 832/1/4 834/1/4
f 836/1/4 832/1/4 835/1/4
f 838/1/4 835/1/4 834/1/4
f 839/1/4 835/1/4 838/1/4
f 840/1/4 832/1/4 836/1/4
f 841/1/4 839/1/4 838/1/4
f 841/1/4 840/1/4 839/1/4
f 841/1/4 838/1/4 837/1/4
f 842/1/4 840/1/4 841/1/4
f 843/1/4 840/1/4 842/1/4
f 844/1/4 832/1/4 840/1/4
f 844/1/4 840/1/4 843/1/4
f 846/1/4 843/1/4 842/1/4
f 847/1/4 843/1/4 846/1/4
f 848/1/4 832/1/4 844/1/4
f 849/1/4 847/1/4 846/1/4
f 849/1/4 848/1/4 847/1/4
f 849/1/4 846/1/4 845/1/4
f 850/1/4 832/1/4 848/1/4
f 850/1/4 848/1/4 849/1/4
f 853/1/4 852/1/4 851/1/4
f 854/1/4 852/1/4 853/1/4
f 855/1/4 852/1/4 854/1/4
f 856/1/4 852/1/4 855/1/4
f 858/1/4 855/1/4 854/1/4
f 859/1/4 855/1/4 858/1/4
f 860/1/4 852/1/4 856/1/4
f 861/1/4 859/1/4 858/1/4
f 861/1/4 860/1/4 859/1/4
f 861/1/4 858/1/4 857/1/4
f 862/1/4 860/1/4 861/1/4
f 863/1/4 860/1/4 862/1/4
f 864/1/4 852/1/4 860/1/4
f 864/1/4 860/1/4 863/1/4
f 866/1/4 863/1/4 862/1/4
f 867/1/4 863/1/4 866/1/4
f 868/1/4 852/1/4 864/1/4
f 869/1/4 867/1/4 866/1/4
f 869/1/4 868/1/4 867/1/4
f 869/1/4 866/1/4 865/1/4
f 870/1/4 852/1/4 868/1/4
f 870/1/4 868/1/4 869/1/4
f 873/1/4 872/1/4 871/1/4
f 874/1/4 872/1/4 873/1/4
f 875/1/4 872/1/4 874/1/4
f 876/1/4 872/1/4 875/1/4
f 878/1/4 875/1/4 874/1/4
f 879/1/4 875/1/4 878/1/4
f 880/1/4 872/1/4 876/1/4
f 881/1/4 879/1/4 878/1/4
f 881/1/4 880/1/4 879/1/4
f 881/1/4 878/1/4 877/1/4
f 882/1/4 880/1/4 881/1/4
f 883/1/4 880/1/4 882/1/4
f 884/1/4 872/1/4 880/1/4
f 884/1/4 880/1/4 883/1/4
f 886/1/4 883/1/4 882/1/4
f 887/1/4 883/1/4 886/1/4
f 888/1/4 872/1/4 884/1/4
f 889/1/4 872/1/4 888/1/4
f 890/1/4 886/1/4 885/1/4
f 891/1/4 886/1/4 890/1/4
f 892/1/4 888/1/4 887/1/4
f 893/1/4 888/1/4 892/1/4
f 898/1/4 895/1/4 894/1/4
f 899/1/4 895/1/4 898/1/4
f 900/1/4 897/1/4 896/1/4
f 901/1/4 897/1/4 900/1/4
f 903/1/4 900/1/4 899/1/4
f 904/1/4 900/1/4 903/1/4
f 905/1/4 902/1/4 901/1/4
f 906/1/4 902/1/4 905/1/4
f 909/2/4 908/2/4 907/2/4
f 910/2/4 908/2/4 909/2/4
f 913/2/4 912/2/4 911/2/4
f 914/2/4 912/2/4 913/2/4
f 917/2/4 916/2/4 915/2/4
f 918/2/4 916/2/4 917/2/4
f 921/2/4 920/2/4 919/2/4
f 922/2/4 920/2/4 921/2/4
f 925/2/4 924/2/4 923/2/4
f 926/2/4 924/2/4 925/2/4
f 929/2/4 928/2/4 927/2/4
f 930/2/4 928/2/4 929/2/4
f 933/2/4 932/2/4 931/2/4
f 934/2/4 932/2/4 933/2/4
f 937/2/4 936/2/4 935/2/4
f 938/2/4 936/2/4 937/2/4
f 941/2/4 940/2/4 939/2/4
f 942/2/4 940/2/4 941/2/4
f 945/2/4 944/2/4 943/2/4
f 946/2/4 944/2/4 945/2/4
f 949/2/4 948/2/4 947/2/4
f 950/2/4 948/2/4 949/2/4
f 953/2/4 952/2/4 951/2/4
f 954/2/4 952/2/4 953/2/4
f 957/1/4 956/1/4 955/1/4
f 958/1/4 956/1/4 957/1/4
f 961/1/4 960/1/4 959/1/4
f 962/1/4 960/1/4 961/1/4
f 965/2/4 964/2/4 963/2/4
f 966/2/4 964/2/4 965/2/4
f 969/2/4 968/2/4 967/2/4
f 970/2/4 968/2/4 969/2/4
f 973/2/4 972/2/4 971/2/4
f 974/2/4 972/2/4 973/2/4
f 977/2/4 976/2/4 975/2/4
f 978/2/4 976/2/4 977/2/4
f 981/2/4 980/2/4 979/2/4
f 982/2/4 980/2/4 981/2/4
f 985/2/4 984/2/4 983/2/4
f 986/2/4 984/2/4 985/2/4
f 987/2/4 984/2/4 986/2/4
f 988/2/4 984/2/4 987/2/4
f 989/2/4 984/2/4 988/2/4
f 990/2/4 984/2/4 989/2/4
f 991/2/4 984/2/4 990/2/4
f 994/2/4 993/2/4 992/2/4
f 995/2/4 993/2/4 994/2/4
f 996/2/4 993/2/4 995/2/4
f 997/2/4 993/2/4 996/2/4
f 998/2/4 993/2/4 997/2/4
f 999/2/4 993/2/4 998/2/4
f 1000/2/4 993/2/4 999/2/4
f 1001/2/4 993/2/4 1000/2/4
f 1004/2/4 1003/2/4 1002/2/4
f 1005/2/4 1003/2/4 1004/2/4
f 1006/2/4 1003/2/4 1005/2/4
f 1009/2/4 1008/2/4 1007/2/4
f 1010/2/4 1008/2/4 1009/2/4
f 1013/2/4 1012/2/4 1011/2/4
f 1014/2/4 1012/2/4 1013/2/4
f 1017/2/4 1016/2/4 1015/2/4
f 1018/2/4 1016/2/4 1017/2/4
f 1021/2/4 1020/2/4 1019/2/4
f 1022/2/4 1020/2/4 1021/2/4
f 1025/2/4 1024/2/4 1023/2/4
f 1026/2/4 1024/2/4 1025/2/4
f 1027/2/4 1024/2/4 1026/2/4
f 1030/2/4 1029/2/4 1028/2/4
f 1031/2/4 1029/2/4 1030/2/4
f 1032/2/4 1029/2/4 1031/2/4
f 1033/2/4 1029/2/4 1032/2/4
f 1034/2/4 1029/2/4 1033/2/4
f 1035/2/4 1029/2/4 1034/2/4
f 1038/2/4 1037/2/4 1036/2/4
f 1039/2/4 1037/2/4 1038/2/4
f 1042/2/4 1041/2/4 1040/2/4
f 1043/2/4 1041/2/4 1042/2/4
f 1044/2/4 1041/2/4 1043/2/4
f 1045/2/4 1041/2/4 1044/2/4
f 1048/2/4 1047/2/4 1046/2/4
f 1049/2/4 1047/2/4 1048/2/4
f 1050/2/4 1048/2/4 1046/2/4
f 1050/3/4 1049/3/4 1048/3/4
f 1051/3/4 1049/3/4 1050/3/4
f 1052/2/4 1050/2/4 1046/2/4
f 1052/2/4 1051/2/4 1050/2/4
f 1053/2/4 1051/2/4 1052/2/4
f 1054/2/4 1052/2/4 1046/2/4
f 1054/3/4 1053/3/4 1052/3/4
f 1055/3/4 1053/3/4 1054/3/4
f 1056/2/4 1054/2/4 1046/2/4
f 1056/2/4 1055/2/4 1054/2/4
f 1057/2/4 1055/2/4 1056/2/4
f 1058/2/4 1056/2/4 1046/2/4
f 1058/3/4 1057/3/4 1056/3/4
f 1059/3/4 1057/3/4 1058/3/4
f 1060/2/4 1058/2/4 1046/2/4
f 1060/2/4 1059/2/4 1058/2/4
f 1061/2/4 1059/2/4 1060/2/4
f 1062/2/5 1063/2/5 1064/2/5
f 1064/2/5 1063/2/5 1065/2/5
f 1066/1/5 1067/1/5 1084/1/5
f 1084/1/5 1067/1/5 1085/1/5
f 1068/1/5 1069/1/5 1086/1/5
f 1086/1/5 1069/1/5 1087/1/5
f 1070/1/5 1071/1/5 1088/1/5
f 1088/1/5 1071/1/5 1089/1/5
f 1072/1/5 1073/1/5 1090/1/5
f 1090/1/5 1073/1/5 1091/1/5
f 1074/1/5 1075/1/5 1092/1/5
f 1092/1/5 1075/1/5 1093/1/5
f 1076/1/5 1077/1/5 1094/1/5
f 1094/1/5 1077/1/5 1095/1/5
f 1078/1/5 1079/1/5 1096/1/5
f 1096/1/5 1079/1/5 1097/1/5
f 1080/1/5 1081/1/5 1098/1/5
f 1098/1/5 1081/1/5 1099/1/5
f 1082/1/5 1083/1/5 1102/1/5
f 1102/1/5 1083/1/5 1103/1/5
f 1099/1/5 1100/1/5 1104/1/5
f 1104/1/5 1100/1/5 1105/1/5
f 1101/1/5 1102/1/5 1106/1/5
f 1106/1/5 1102/1/5 1107/1/5
f 1108/1/5 1109/1/5 1126/1/5
f 1126/1/5 1109/1/5 1127/1/5
f 1110/1/5 1111/1/5 1128/1/5
f 1128/1/5 1111/1/5 1129/1/5
f 1112/1/5 1113/1/5 1130/1/5
f 1130/1/5 1113/1/5 1131/1/5
f 1114/1/5 1115/1/5 1132/1/5
f 1132/1/5 1115/1/5 1133/1/5
f 1116/1/5 1117/1/5 1134/1/5
f 1134/1/5 1117/1/5 1135/1/5
f 1118/1/5 1119/1/5 1136/1/5
f 1136/1/5 1119/1/5 1137/1/5
f 1120/1/5 1121/1/5 1138/1/5
f 1138/1/5 1121/1/5 1139/1/5
f 1122/1/5 1123/1/5 1140/1/5
f 1140/1/5 1123/1/5 1141/1/5
f 1124/1/5 1125/1/5 1144/1/5
f 1144/1/5 1125/1/5 1145/1/5
f 1141/1/5 1142/1/5 1146/1/5
f 1146/1/5 1142/1/5 1147/1/5
f 1143/1/5 1144/1/5 1148/1/5
f 1148/1/5 1144/1/5 1149/1/5
f 1156/2/6 1151/2/6 1150/2/6
f 1157/2/6 1151/2/6 1156/2/6
f 1158/2/6 1151/2/6 1157/2/6
f 1159/2/6 1151/2/6 1158/2/6
f 1160/2/6 1151/2/6 1159/2/6
f 1161/2/6 1151/2/6 1160/2/6
f 1162/2/6 1151/2/6 1161/2/6
f 1163/2/6 1151/2/6 1162/2/6
f 1164/2/6 1151/2/6 1163/2/6
f 1165/2/6 1151/2/6 1164/2/6
f 1166/3/6 1154/3/6 1153/3/6
f 1167/3/6 1154/3/6 1166/3/6
f 1168/2/6 1155/2/6 1154/2/6
f 1169/2/6 1155/2/6 1168/2/6
f 1170/2/6 1155/2/6 1169/2/6
f 1171/2/6 1155/2/6 1170/2/6
f 1172/2/6 1155/2/6 1171/2/6
f 1173/2/6 1155/2/6 1172/2/6
f 1174/2/6 1155/2/6 1173/2/6
f 1175/2/6 1155/2/6 1174/2/6
f 1176/2/6 1155/2/6 1175/2/6
f 1177/2/6 1155/2/6 1176/2/6
f 1178/2/6 1155/2/6 1177/2/6
f 1179/2/6 1155/2/6 1178/2/6
f 1180/2/6 1155/2/6 1179/2/6
f 1181/2/6 1155/2/6 1180/2/6
f 1182/2/6 1160/2/6 1159/2/6
f 1183/2/6 1160/2/6 1182/2/6
f 1184/2/6 1182/2/6 1159/2/6
f 1185/2/6 1182/2/6 1184/2/6
f 1186/2/6 1151/2/6 1165/2/6
f 1187/3/6 1152/3/6 1151/3/6
f 1187/2/6 1151/2/6 1186/2/6
f 1188/2/6 1156/2/6 1150/2/6
f 1189/2/6 1158/2/6 1157/2/6
f 1190/2/6 1158/2/6 1189/2/6
f 1191/2/6 1184/2/6 1159/2/6
f 1192/3/6 1185/3/6 1184/3/6
f 1193/3/6 1185/3/6 1192/3/6
f 1194/2/6 1160/2/6 1183/2/6
f 1194/4/6 1183/4/6 1182/4/6
f 1195/2/6 1160/2/6 1194/2/6
f 1196/2/6 1160/2/6 1195/2/6
f 1197/2/6 1162/2/6 1161/2/6
f 1198/2/6 1162/2/6 1197/2/6
f 1199/2/6 1164/2/6 1163/2/6
f 1200/2/6 1164/2/6 1199/2/6
f 1201/2/6 1186/2/6 1165/2/6
f 1202/2/6 1168/2/6 1154/2/6
f 1203/2/6 1170/2/6 1169/2/6
f 1204/2/6 1170/2/6 1203/2/6
f 1205/2/6 1172/2/6 1171/2/6
f 1206/2/6 1172/2/6 1205/2/6
f 1207/2/6 1174/2/6 1173/2/6
f 1208/2/6 1174/2/6 1207/2/6
f 1209/2/6 1176/2/6 1175/2/6
f 1210/2/6 1176/2/6 1209/2/6
f 1211/2/6 1178/2/6 1177/2/6
f 1212/2/6 1178/2/6 1211/2/6
f 1213/2/6 1180/2/6 1179/2/6
f 1214/2/6 1180/2/6 1213/2/6
f 1215/2/6 1155/2/6 1181/2/6
f 1216/4/6 1193/4/6 1192/4/6
f 1216/3/6 1192/3/6 1184/3/6
f 1217/4/6 1193/4/6 1216/4/6
f 1218/3/6 1185/3/6 1193/3/6
f 1218/4/6 1193/4/6 1217/4/6
f 1219/2/6 1182/2/6 1185/2/6
f 1219/3/6 1185/3/6 1218/3/6
f 1220/4/6 1194/4/6 1182/4/6
f 1220/2/6 1182/2/6 1219/2/6
f 1221/3/6 1154/3/6 1167/3/6
f 1221/4/6 1167/4/6 1166/4/6
f 1222/2/6 1214/2/6 1213/2/6
f 1222/3/6 1154/3/6 1221/3/6
f 1222/2/6 1212/2/6 1211/2/6
f 1222/2/6 1210/2/6 1209/2/6
f 1222/2/6 1208/2/6 1207/2/6
f 1222/2/6 1213/2/6 1212/2/6
f 1222/2/6 1206/2/6 1205/2/6
f 1222/2/6 1211/2/6 1210/2/6
f 1222/2/6 1204/2/6 1203/2/6
f 1222/2/6 1209/2/6 1208/2/6
f 1222/2/6 1202/2/6 1154/2/6
f 1222/2/6 1207/2/6 1206/2/6
f 1222/2/6 1215/2/6 1214/2/6
f 1222/2/6 1205/2/6 1204/2/6
f 1222/2/6 1203/2/6 1202/2/6
f 1223/2/6 1215/2/6 1222/2/6
f 1224/2/6 1200/2/6 1199/2/6
f 1224/2/6 1196/2/6 1195/2/6
f 1224/2/6 1198/2/6 1197/2/6
f 1224/2/6 1201/2/6 1200/2/6
f 1224/2/6 1197/2/6 1196/2/6
f 1224/2/6 1199/2/6 1198/2/6
f 1225/3/6 1187/3/6 1186/3/6
f 1225/2/6 1201/2/6 1224/2/6
f 1225/2/6 1186/2/6 1201/2/6
f 1226/2/6 1153/2/6 1152/2/6
f 1226/3/6 1187/3/6 1225/3/6
f 1226/3/6 1152/3/6 1187/3/6
f 1227/3/6 1166/3/6 1153/3/6
f 1227/2/6 1153/2/6 1226/2/6
f 1228/4/6 1221/4/6 1166/4/6
f 1228/3/6 1166/3/6 1227/3/6
f 1228/4/6 1223/4/6 1222/4/6
f 1228/4/6 1222/4/6 1221/4/6
f 1229/4/6 1223/4/6 1228/4/6
f 1230/2/6 1215/2/6 1223/2/6
f 1231/2/6 1215/2/6 1230/2/6
f 1232/2/6 1190/2/6 1189/2/6
f 1232/2/6 1191/2/6 1190/2/6
f 1232/2/6 1189/2/6 1188/2/6
f 1233/2/6 1184/2/6 1191/2/6
f 1233/2/6 1191/2/6 1232/2/6
f 1234/3/6 1216/3/6 1184/3/6
f 1234/2/6 1184/2/6 1233/2/6
f 1234/3/6 1217/3/6 1216/3/6
f 1235/4/6 1218/4/6 1217/4/6
f 1235/3/6 1217/3/6 1234/3/6
f 1235/4/6 1220/4/6 1219/4/6
f 1235/4/6 1219/4/6 1218/4/6
f 1236/4/6 1220/4/6 1235/4/6
f 1237/4/6 1194/4/6 1220/4/6
f 1237/4/6 1220/4/6 1236/4/6
f 1238/3/6 1225/3/6 1224/3/6
f 1238/3/6 1226/3/6 1225/3/6
f 1239/5/6 1227/5/6 1226/5/6
f 1239/3/6 1226/3/6 1238/3/6
f 1239/5/6 1228/5/6 1227/5/6
f 1239/5/6 1229/5/6 1228/5/6
f 1240/4/6 1223/4/6 1229/4/6
f 1241/4/6 1223/4/6 1240/4/6
f 1242/2/6 1230/2/6 1223/2/6
f 1242/4/6 1223/4/6 1241/4/6
f 1243/2/6 1215/2/6 1231/2/6
f 1243/3/6 1231/3/6 1230/3/6
f 1244/2/6 1215/2/6 1243/2/6
f 1245/3/6 1233/3/6 1232/3/6
f 1245/2/6 1232/2/6 1188/2/6
f 1246/2/6 1236/2/6 1235/2/6
f 1246/3/6 1233/3/6 1245/3/6
f 1246/2/6 1234/2/6 1233/2/6
f 1246/2/6 1235/2/6 1234/2/6
f 1247/2/6 1236/2/6 1246/2/6
f 1248/3/6 1237/3/6 1236/3/6
f 1248/2/6 1236/2/6 1247/2/6
f 1249/3/6 1237/3/6 1248/3/6
f 1250/3/6 1195/3/6 1194/3/6
f 1251/2/6 1224/2/6 1195/2/6
f 1251/3/6 1195/3/6 1250/3/6
f 1252/3/6 1243/3/6 1230/3/6
f 1252/3/6 1244/3/6 1243/3/6
f 1253/3/6 1244/3/6 1252/3/6
f 1254/2/6 1215/2/6 1244/2/6
f 1255/2/6 1215/2/6 1254/2/6
f 1256/2/6 1245/2/6 1188/2/6
f 1256/2/6 1247/2/6 1246/2/6
f 1256/2/6 1246/2/6 1245/2/6
f 1257/4/6 1248/4/6 1247/4/6
f 1257/2/6 1247/2/6 1256/2/6
f 1257/4/6 1249/4/6 1248/4/6
f 1258/3/6 1237/3/6 1249/3/6
f 1258/4/6 1249/4/6 1257/4/6
f 1259/4/6 1194/4/6 1237/4/6
f 1259/3/6 1237/3/6 1258/3/6
f 1260/4/6 1194/4/6 1259/4/6
f 1261/2/6 1224/2/6 1251/2/6
f 1261/3/6 1238/3/6 1224/3/6
f 1261/2/6 1251/2/6 1250/2/6
f 1262/3/6 1238/3/6 1261/3/6
f 1263/4/6 1240/4/6 1229/4/6
f 1264/3/6 1241/3/6 1240/3/6
f 1264/4/6 1240/4/6 1263/4/6
f 1265/2/6 1242/2/6 1241/2/6
f 1265/3/6 1241/3/6 1264/3/6
f 1266/3/6 1244/3/6 1253/3/6
f 1266/2/6 1254/2/6 1244/2/6
f 1267/3/6 1255/3/6 1254/3/6
f 1267/2/6 1254/2/6 1266/2/6
f 1268/4/6 1258/4/6 1257/4/6
f 1269/5/6 1260/5/6 1259/5/6
f 1269/4/6 1258/4/6 1268/4/6
f 1269/5/6 1259/5/6 1258/5/6
f 1270/3/6 1238/3/6 1262/3/6
f 1271/3/6 1238/3/6 1270/3/6
f 1272/3/6 1238/3/6 1271/3/6
f 1273/4/6 1239/4/6 1238/4/6
f 1273/3/6 1238/3/6 1272/3/6
f 1274/3/6 1250/3/6 1194/3/6
f 1274/2/6 1261/2/6 1250/2/6
f 1274/2/6 1262/2/6 1261/2/6
f 1275/2/6 1262/2/6 1274/2/6
f 1276/2/6 1262/2/6 1275/2/6
f 1277/3/6 1270/3/6 1262/3/6
f 1277/2/6 1262/2/6 1276/2/6
f 1278/3/6 1270/3/6 1277/3/6
f 1279/4/6 1271/4/6 1270/4/6
f 1279/3/6 1270/3/6 1278/3/6
f 1280/2/6 1242/2/6 1265/2/6
f 1280/2/6 1230/2/6 1242/2/6
f 1280/2/6 1264/2/6 1263/2/6
f 1280/2/6 1265/2/6 1264/2/6
f 1281/2/6 1230/2/6 1280/2/6
f 1282/2/6 1230/2/6 1281/2/6
f 1283/3/6 1252/3/6 1230/3/6
f 1283/2/6 1230/2/6 1282/2/6
f 1284/3/6 1252/3/6 1283/3/6
f 1285/4/6 1253/4/6 1252/4/6
f 1285/3/6 1252/3/6 1284/3/6
f 1286/3/6 1266/3/6 1253/3/6
f 1286/4/6 1253/4/6 1285/4/6
f 1286/3/6 1267/3/6 1266/3/6
f 1287/3/6 1267/3/6 1286/3/6
f 1288/2/6 1215/2/6 1255/2/6
f 1288/3/6 1267/3/6 1287/3/6
f 1288/3/6 1255/3/6 1267/3/6
f 1289/2/6 1215/2/6 1288/2/6
f 1290/2/6 1215/2/6 1289/2/6
f 1291/2/6 1215/2/6 1290/2/6
f 1292/2/6 1215/2/6 1291/2/6
f 1293/2/6 1155/2/6 1215/2/6
f 1293/2/6 1215/2/6 1292/2/6
f 1294/4/6 1194/4/6 1260/4/6
f 1295/3/6 1275/3/6 1274/3/6
f 1295/4/6 1194/4/6 1294/4/6
f 1295/3/6 1274/3/6 1194/3/6
f 1296/2/6 1276/2/6 1275/2/6
f 1297/3/6 1277/3/6 1276/3/6
f 1297/2/6 1276/2/6 1296/2/6
f 1297/3/6 1278/3/6 1277/3/6
f 1298/4/6 1271/4/6 1279/4/6
f 1298/4/6 1279/4/6 1278/4/6
f 1299/4/6 1271/4/6 1298/4/6
f 1300/5/6 1272/5/6 1271/5/6
f 1300/4/6 1271/4/6 1299/4/6
f 1301/4/6 1273/4/6 1272/4/6
f 1301/5/6 1272/5/6 1300/5/6
f 1302/5/6 1229/5/6 1239/5/6
f 1302/4/6 1273/4/6 1301/4/6
f 1302/4/6 1239/4/6 1273/4/6
f 1303/4/6 1263/4/6 1229/4/6
f 1303/5/6 1229/5/6 1302/5/6
f 1304/2/6 1280/2/6 1263/2/6
f 1305/3/6 1281/3/6 1280/3/6
f 1305/2/6 1280/2/6 1304/2/6
f 1306/2/6 1282/2/6 1281/2/6
f 1306/3/6 1281/3/6 1305/3/6
f 1307/2/6 1282/2/6 1306/2/6
f 1308/4/6 1287/4/6 1286/4/6
f 1308/4/6 1286/4/6 1285/4/6
f 1308/4/6 1285/4/6 1284/4/6
f 1308/3/6 1288/3/6 1287/3/6
f 1308/3/6 1289/3/6 1288/3/6
f 1309/3/6 1289/3/6 1308/3/6
f 1310/3/6 1289/3/6 1309/3/6
f 1311/3/6 1289/3/6 1310/3/6
f 1312/2/6 1290/2/6 1289/2/6
f 1312/3/6 1289/3/6 1311/3/6
f 1313/2/6 1290/2/6 1312/2/6
f 1314/3/6 1297/3/6 1296/3/6
f 1314/2/6 1296/2/6 1275/2/6
f 1315/3/6 1278/3/6 1297/3/6
f 1315/3/6 1297/3/6 1314/3/6
f 1316/3/6 1278/3/6 1315/3/6
f 1317/4/6 1298/4/6 1278/4/6
f 1317/3/6 1278/3/6 1316/3/6
f 1318/4/6 1301/4/6 1300/4/6
f 1318/4/6 1302/4/6 1301/4/6
f 1318/4/6 1300/4/6 1299/4/6
f 1318/4/6 1303/4/6 1302/4/6
f 1319/4/6 1303/4/6 1318/4/6
f 1320/4/6 1303/4/6 1319/4/6
f 1321/4/6 1263/4/6 1303/4/6
f 1321/4/6 1303/4/6 1320/4/6
f 1321/2/6 1304/2/6 1263/2/6
f 1322/3/6 1307/3/6 1306/3/6
f 1322/2/6 1304/2/6 1321/2/6
f 1322/3/6 1306/3/6 1305/3/6
f 1322/3/6 1305/3/6 1304/3/6
f 1323/2/6 1282/2/6 1307/2/6
f 1324/3/6 1283/3/6 1282/3/6
f 1324/2/6 1282/2/6 1323/2/6
f 1324/3/6 1284/3/6 1283/3/6
f 1325/4/6 1308/4/6 1284/4/6
f 1325/4/6 1309/4/6 1308/4/6
f 1326/4/6 1309/4/6 1325/4/6
f 1327/2/6 1256/2/6 1188/2/6
f 1328/3/6 1257/3/6 1256/3/6
f 1328/2/6 1256/2/6 1327/2/6
f 1329/3/6 1257/3/6 1328/3/6
f 1330/3/6 1257/3/6 1329/3/6
f 1331/4/6 1268/4/6 1257/4/6
f 1332/5/6 1269/5/6 1268/5/6
f 1332/4/6 1268/4/6 1331/4/6
f 1333/4/6 1294/4/6 1260/4/6
f 1333/3/6 1295/3/6 1294/3/6
f 1334/3/6 1295/3/6 1333/3/6
f 1335/4/6 1298/4/6 1317/4/6
f 1335/4/6 1317/4/6 1316/4/6
f 1336/5/6 1299/5/6 1298/5/6
f 1336/4/6 1298/4/6 1335/4/6
f 1337/4/6 1318/4/6 1299/4/6
f 1337/5/6 1299/5/6 1336/5/6
f 1338/4/6 1318/4/6 1337/4/6
f 1339/2/6 1323/2/6 1307/2/6
f 1340/2/6 1323/2/6 1339/2/6
f 1341/2/6 1323/2/6 1340/2/6
f 1342/3/6 1324/3/6 1323/3/6
f 1342/2/6 1323/2/6 1341/2/6
f 1343/3/6 1284/3/6 1324/3/6
f 1343/3/6 1324/3/6 1342/3/6
f 1344/4/6 1325/4/6 1284/4/6
f 1344/3/6 1284/3/6 1343/3/6
f 1345/4/6 1309/4/6 1326/4/6
f 1345/3/6 1310/3/6 1309/3/6
f 1346/4/6 1311/4/6 1310/4/6
f 1346/3/6 1310/3/6 1345/3/6
f 1347/4/6 1311/4/6 1346/4/6
f 1348/3/6 1313/3/6 1312/3/6
f 1348/4/6 1311/4/6 1347/4/6
f 1348/3/6 1312/3/6 1311/3/6
f 1349/2/6 1290/2/6 1313/2/6
f 1349/3/6 1313/3/6 1348/3/6
f 1350/2/6 1290/2/6 1349/2/6
f 1351/2/6 1290/2/6 1350/2/6
f 1352/2/6 1292/2/6 1291/2/6
f 1353/2/6 1292/2/6 1352/2/6
f 1354/2/6 1155/2/6 1293/2/6
f 1355/2/6 1314/2/6 1275/2/6
f 1355/2/6 1315/2/6 1314/2/6
f 1356/3/6 1316/3/6 1315/3/6
f 1356/2/6 1315/2/6 1355/2/6
f 1357/5/6 1336/5/6 1335/5/6
f 1357/4/6 1318/4/6 1338/4/6
f 1357/5/6 1337/5/6 1336/5/6
f 1357/5/6 1338/5/6 1337/5/6
f 1358/4/6 1318/4/6 1357/4/6
f 1359/2/6 1339/2/6 1307/2/6
f 1359/3/6 1340/3/6 1339/3/6
f 1360/2/6 1341/2/6 1340/2/6
f 1360/3/6 1340/3/6 1359/3/6
f 1361/3/6 1342/3/6 1341/3/6
f 1361/2/6 1341/2/6 1360/2/6
f 1361/3/6 1343/3/6 1342/3/6
f 1362/3/6 1343/3/6 1361/3/6
f 1363/4/6 1325/4/6 1344/4/6
f 1363/4/6 1344/4/6 1343/4/6
f 1364/4/6 1325/4/6 1363/4/6
f 1365/4/6 1325/4/6 1364/4/6
f 1366/5/6 1326/5/6 1325/5/6
f 1366/4/6 1325/4/6 1365/4/6
f 1367/4/6 1347/4/6 1346/4/6
f 1367/5/6 1326/5/6 1366/5/6
f 1367/4/6 1345/4/6 1326/4/6
f 1367/4/6 1346/4/6 1345/4/6
f 1368/4/6 1347/4/6 1367/4/6
f 1369/3/6 1348/3/6 1347/3/6
f 1369/4/6 1347/4/6 1368/4/6
f 1369/3/6 1349/3/6 1348/3/6
f 1369/3/6 1350/3/6 1349/3/6
f 1370/3/6 1350/3/6 1369/3/6
f 1371/3/6 1257/3/6 1330/3/6
f 1371/4/6 1330/4/6 1329/4/6
f 1372/3/6 1257/3/6 1371/3/6
f 1373/5/6 1332/5/6 1331/5/6
f 1374/5/6 1269/5/6 1332/5/6
f 1374/5/6 1332/5/6 1373/5/6
f 1375/3/6 1316/3/6 1356/3/6
f 1375/3/6 1356/3/6 1355/3/6
f 1376/4/6 1335/4/6 1316/4/6
f 1376/3/6 1316/3/6 1375/3/6
f 1377/3/6 1319/3/6 1318/3/6
f 1377/4/6 1318/4/6 1358/4/6
f 1378/2/6 1320/2/6 1319/2/6
f 1378/3/6 1319/3/6 1377/3/6
f 1379/2/6 1320/2/6 1378/2/6
f 1380/3/6 1321/3/6 1320/3/6
f 1380/2/6 1320/2/6 1379/2/6
f 1380/3/6 1322/3/6 1321/3/6
f 1381/3/6 1307/3/6 1322/3/6
f 1381/3/6 1322/3/6 1380/3/6
f 1382/3/6 1307/3/6 1381/3/6
f 1383/2/6 1362/2/6 1361/2/6
f 1383/2/6 1360/2/6 1359/2/6
f 1383/2/6 1359/2/6 1307/2/6
f 1383/2/6 1361/2/6 1360/2/6
f 1384/2/6 1362/2/6 1383/2/6
f 1385/2/6 1362/2/6 1384/2/6
f 1386/3/6 1343/3/6 1362/3/6
f 1386/2/6 1362/2/6 1385/2/6
f 1387/5/6 1364/5/6 1363/5/6
f 1387/4/6 1363/4/6 1343/4/6
f 1388/4/6 1365/4/6 1364/4/6
f 1388/5/6 1364/5/6 1387/5/6
f 1389/5/6 1368/5/6 1367/5/6
f 1389/5/6 1366/5/6 1365/5/6
f 1389/4/6 1370/4/6 1369/4/6
f 1389/5/6 1367/5/6 1366/5/6
f 1389/4/6 1369/4/6 1368/4/6
f 1390/3/6 1350/3/6 1370/3/6
f 1390/4/6 1370/4/6 1389/4/6
f 1391/3/6 1350/3/6 1390/3/6
f 1392/2/6 1353/2/6 1352/2/6
f 1392/3/6 1350/3/6 1391/3/6
f 1392/2/6 1354/2/6 1353/2/6
f 1392/2/6 1351/2/6 1350/2/6
f 1392/2/6 1352/2/6 1351/2/6
f 1393/2/6 1354/2/6 1392/2/6
f 1394/3/6 1295/3/6 1334/3/6
f 1394/3/6 1275/3/6 1295/3/6
f 1395/2/6 1355/2/6 1275/2/6
f 1395/3/6 1275/3/6 1394/3/6
f 1396/4/6 1335/4/6 1376/4/6
f 1396/4/6 1376/4/6 1375/4/6
f 1397/4/6 1335/4/6 1396/4/6
f 1398/5/6 1357/5/6 1335/5/6
f 1398/5/6 1358/5/6 1357/5/6
f 1399/4/6 1379/4/6 1378/4/6
f 1399/5/6 1358/5/6 1398/5/6
f 1399/4/6 1378/4/6 1377/4/6
f 1399/4/6 1377/4/6 1358/4/6
f 1400/3/6 1380/3/6 1379/3/6
f 1400/3/6 1381/3/6 1380/3/6
f 1401/4/6 1382/4/6 1381/4/6
f 1401/3/6 1381/3/6 1400/3/6
f 1402/2/6 1383/2/6 1307/2/6
f 1403/3/6 1384/3/6 1383/3/6
f 1403/2/6 1383/2/6 1402/2/6
f 1404/3/6 1343/3/6 1386/3/6
f 1404/3/6 1386/3/6 1385/3/6
f 1405/3/6 1343/3/6 1404/3/6
f 1406/4/6 1388/4/6 1387/4/6
f 1407/4/6 1365/4/6 1388/4/6
f 1407/4/6 1388/4/6 1406/4/6
f 1408/5/6 1391/5/6 1390/5/6
f 1408/5/6 1390/5/6 1389/5/6
f 1408/3/6 1393/3/6 1392/3/6
f 1408/3/6 1392/3/6 1391/3/6
f 1409/3/6 1393/3/6 1408/3/6
f 1410/4/6 1374/4/6 1373/4/6
f 1410/5/6 1373/5/6 1331/5/6
f 1411/5/6 1269/5/6 1374/5/6
f 1411/4/6 1374/4/6 1410/4/6
f 1412/3/6 1394/3/6 1334/3/6
f 1412/4/6 1334/4/6 1333/4/6
f 1413/2/6 1395/2/6 1394/2/6
f 1413/3/6 1394/3/6 1412/3/6
f 1414/2/6 1385/2/6 1384/2/6
f 1415/3/6 1404/3/6 1385/3/6
f 1415/2/6 1385/2/6 1414/2/6
f 1416/2/6 1405/2/6 1404/2/6
f 1416/3/6 1404/3/6 1415/3/6
f 1417/3/6 1343/3/6 1405/3/6
f 1417/2/6 1405/2/6 1416/2/6
f 1418/4/6 1406/4/6 1387/4/6
f 1419/5/6 1407/5/6 1406/5/6
f 1419/4/6 1406/4/6 1418/4/6
f 1420/4/6 1365/4/6 1407/4/6
f 1420/5/6 1407/5/6 1419/5/6
f 1421/5/6 1389/5/6 1365/5/6
f 1421/4/6 1365/4/6 1420/4/6
f 1421/5/6 1408/5/6 1389/5/6
f 1422/3/6 1257/3/6 1372/3/6
f 1422/4/6 1372/4/6 1371/4/6
f 1423/4/6 1331/4/6 1257/4/6
f 1423/3/6 1257/3/6 1422/3/6
f 1424/5/6 1269/5/6 1411/5/6
f 1424/5/6 1411/5/6 1410/5/6
f 1425/5/6 1260/5/6 1269/5/6
f 1425/5/6 1269/5/6 1424/5/6
f 1426/4/6 1412/4/6 1333/4/6
f 1426/2/6 1413/2/6 1412/2/6
f 1427/2/6 1413/2/6 1426/2/6
f 1428/4/6 1335/4/6 1397/4/6
f 1429/4/6 1335/4/6 1428/4/6
f 1430/3/6 1400/3/6 1379/3/6
f 1431/2/6 1401/2/6 1400/2/6
f 1431/3/6 1400/3/6 1430/3/6
f 1432/4/6 1382/4/6 1401/4/6
f 1432/2/6 1401/2/6 1431/2/6
f 1433/3/6 1416/3/6 1415/3/6
f 1433/3/6 1415/3/6 1414/3/6
f 1433/2/6 1414/2/6 1384/2/6
f 1433/3/6 1417/3/6 1416/3/6
f 1434/3/6 1417/3/6 1433/3/6
f 1435/3/6 1417/3/6 1434/3/6
f 1436/3/6 1343/3/6 1417/3/6
f 1436/3/6 1417/3/6 1435/3/6
f 1437/3/6 1343/3/6 1436/3/6
f 1438/4/6 1418/4/6 1387/4/6
f 1438/3/6 1343/3/6 1437/3/6
f 1438/4/6 1387/4/6 1343/4/6
f 1439/2/6 1327/2/6 1188/2/6
f 1440/3/6 1328/3/6 1327/3/6
f 1440/2/6 1327/2/6 1439/2/6
f 1440/3/6 1329/3/6 1328/3/6
f 1441/5/6 1424/5/6 1410/5/6
f 1441/4/6 1425/4/6 1424/4/6
f 1442/5/6 1260/5/6 1425/5/6
f 1442/4/6 1425/4/6 1441/4/6
f 1443/4/6 1333/4/6 1260/4/6
f 1443/5/6 1260/5/6 1442/5/6
f 1443/4/6 1426/4/6 1333/4/6
f 1444/3/6 1427/3/6 1426/3/6
f 1444/4/6 1426/4/6 1443/4/6
f 1445/4/6 1399/4/6 1398/4/6
f 1446/4/6 1379/4/6 1399/4/6
f 1446/4/6 1399/4/6 1445/4/6
f 1446/3/6 1430/3/6 1379/3/6
f 1447/3/6 1435/3/6 1434/3/6
f 1447/2/6 1436/2/6 1435/2/6
f 1448/3/6 1437/3/6 1436/3/6
f 1448/2/6 1436/2/6 1447/2/6
f 1449/4/6 1438/4/6 1437/4/6
f 1449/3/6 1437/3/6 1448/3/6
f 1450/3/6 1375/3/6 1355/3/6
f 1450/2/6 1395/2/6 1413/2/6
f 1450/2/6 1355/2/6 1395/2/6
f 1450/2/6 1413/2/6 1427/2/6
f 1451/3/6 1375/3/6 1450/3/6
f 1452/4/6 1396/4/6 1375/4/6
f 1452/3/6 1375/3/6 1451/3/6
f 1453/3/6 1397/3/6 1396/3/6
f 1453/4/6 1396/4/6 1452/4/6
f 1454/3/6 1430/3/6 1446/3/6
f 1454/4/6 1432/4/6 1431/4/6
f 1454/3/6 1446/3/6 1445/3/6
f 1454/4/6 1431/4/6 1430/4/6
f 1455/4/6 1432/4/6 1454/4/6
f 1456/4/6 1382/4/6 1432/4/6
f 1456/4/6 1432/4/6 1455/4/6
f 1457/3/6 1307/3/6 1382/3/6
f 1457/4/6 1382/4/6 1456/4/6
f 1458/3/6 1307/3/6 1457/3/6
f 1459/2/6 1402/2/6 1307/2/6
f 1459/3/6 1307/3/6 1458/3/6
f 1460/2/6 1402/2/6 1459/2/6
f 1461/3/6 1384/3/6 1403/3/6
f 1461/2/6 1433/2/6 1384/2/6
f 1461/3/6 1403/3/6 1402/3/6
f 1461/2/6 1434/2/6 1433/2/6
f 1462/2/6 1434/2/6 1461/2/6
f 1463/5/6 1419/5/6 1418/5/6
f 1463/5/6 1420/5/6 1419/5/6
f 1463/4/6 1409/4/6 1408/4/6
f 1463/5/6 1408/5/6 1421/5/6
f 1463/5/6 1421/5/6 1420/5/6
f 1464/4/6 1409/4/6 1463/4/6
f 1465/3/6 1393/3/6 1409/3/6
f 1465/4/6 1409/4/6 1464/4/6
f 1466/3/6 1393/3/6 1465/3/6
f 1467/2/6 1354/2/6 1393/2/6
f 1467/3/6 1393/3/6 1466/3/6
f 1468/2/6 1354/2/6 1467/2/6
f 1469/3/6 1329/3/6 1440/3/6
f 1469/3/6 1440/3/6 1439/3/6
f 1470/4/6 1423/4/6 1422/4/6
f 1470/3/6 1329/3/6 1469/3/6
f 1470/4/6 1371/4/6 1329/4/6
f 1470/4/6 1422/4/6 1371/4/6
f 1471/5/6 1410/5/6 1331/5/6
f 1471/4/6 1423/4/6 1470/4/6
f 1471/4/6 1331/4/6 1423/4/6
f 1471/5/6 1443/5/6 1442/5/6
f 1471/5/6 1442/5/6 1441/5/6
f 1471/5/6 1441/5/6 1410/5/6
f 1472/5/6 1443/5/6 1471/5/6
f 1473/3/6 1444/3/6 1443/3/6
f 1473/5/6 1443/5/6 1472/5/6
f 1474/2/6 1451/2/6 1450/2/6
f 1474/3/6 1444/3/6 1473/3/6
f 1474/3/6 1427/3/6 1444/3/6
f 1474/2/6 1450/2/6 1427/2/6
f 1475/2/6 1451/2/6 1474/2/6
f 1476/3/6 1397/3/6 1453/3/6
f 1476/3/6 1453/3/6 1452/3/6
f 1476/3/6 1452/3/6 1451/3/6
f 1477/4/6 1428/4/6 1397/4/6
f 1477/3/6 1397/3/6 1476/3/6
f 1478/4/6 1445/4/6 1398/4/6
f 1478/3/6 1455/3/6 1454/3/6
f 1478/3/6 1454/3/6 1445/3/6
f 1479/3/6 1455/3/6 1478/3/6
f 1480/2/6 1456/2/6 1455/2/6
f 1480/4/6 1457/4/6 1456/4/6
f 1481/4/6 1457/4/6 1480/4/6
f 1482/2/6 1434/2/6 1462/2/6
f 1482/3/6 1462/3/6 1461/3/6
f 1483/3/6 1447/3/6 1434/3/6
f 1483/2/6 1434/2/6 1482/2/6
f 1484/4/6 1418/4/6 1438/4/6
f 1484/5/6 1463/5/6 1418/5/6
f 1484/5/6 1464/5/6 1463/5/6
f 1484/4/6 1438/4/6 1449/4/6
f 1484/4/6 1449/4/6 1448/4/6
f 1484/4/6 1448/4/6 1447/4/6
f 1485/5/6 1464/5/6 1484/5/6
f 1486/4/6 1466/4/6 1465/4/6
f 1486/3/6 1467/3/6 1466/3/6
f 1486/3/6 1468/3/6 1467/3/6
f 1486/4/6 1465/4/6 1464/4/6
f 1487/3/6 1468/3/6 1486/3/6
f 1488/4/6 1470/4/6 1469/4/6
f 1488/4/6 1471/4/6 1470/4/6
f 1488/4/6 1472/4/6 1471/4/6
f 1489/5/6 1473/5/6 1472/5/6
f 1489/4/6 1472/4/6 1488/4/6
f 1490/2/6 1451/2/6 1475/2/6
f 1490/4/6 1474/4/6 1473/4/6
f 1490/4/6 1475/4/6 1474/4/6
f 1491/2/6 1451/2/6 1490/2/6
f 1492/4/6 1428/4/6 1477/4/6
f 1492/4/6 1477/4/6 1476/4/6
f 1492/5/6 1429/5/6 1428/5/6
f 1493/4/6 1335/4/6 1429/4/6
f 1493/5/6 1429/5/6 1492/5/6
f 1494/5/6 1398/5/6 1335/5/6
f 1494/4/6 1335/4/6 1493/4/6
f 1495/5/6 1398/5/6 1494/5/6
f 1496/5/6 1398/5/6 1495/5/6
f 1497/4/6 1478/4/6 1398/4/6
f 1497/5/6 1398/5/6 1496/5/6
f 1497/4/6 1479/4/6 1478/4/6
f 1498/3/6 1455/3/6 1479/3/6
f 1498/4/6 1479/4/6 1497/4/6
f 1499/3/6 1455/3/6 1498/3/6
f 1500/3/6 1455/3/6 1499/3/6
f 1501/3/6 1455/3/6 1500/3/6
f 1502/3/6 1447/3/6 1483/3/6
f 1502/3/6 1483/3/6 1482/3/6
f 1503/3/6 1447/3/6 1502/3/6
f 1504/3/6 1468/3/6 1487/3/6
f 1504/2/6 1354/2/6 1468/2/6
f 1505/2/6 1354/2/6 1504/2/6
f 1506/4/6 1488/4/6 1469/4/6
f 1507/5/6 1489/5/6 1488/5/6
f 1507/4/6 1488/4/6 1506/4/6
f 1508/4/6 1497/4/6 1496/4/6
f 1508/4/6 1498/4/6 1497/4/6
f 1508/4/6 1499/4/6 1498/4/6
f 1509/3/6 1500/3/6 1499/3/6
f 1509/4/6 1499/4/6 1508/4/6
f 1510/4/6 1501/4/6 1500/4/6
f 1510/3/6 1500/3/6 1509/3/6
f 1511/3/6 1455/3/6 1501/3/6
f 1511/4/6 1501/4/6 1510/4/6
f 1512/2/6 1480/2/6 1455/2/6
f 1512/3/6 1455/3/6 1511/3/6
f 1513/3/6 1481/3/6 1480/3/6
f 1513/2/6 1480/2/6 1512/2/6
f 1514/4/6 1457/4/6 1481/4/6
f 1515/5/6 1458/5/6 1457/5/6
f 1515/4/6 1457/4/6 1514/4/6
f 1516/4/6 1460/4/6 1459/4/6
f 1516/5/6 1458/5/6 1515/5/6
f 1516/4/6 1459/4/6 1458/4/6
f 1517/4/6 1460/4/6 1516/4/6
f 1518/2/6 1503/2/6 1502/2/6
f 1518/3/6 1502/3/6 1482/3/6
f 1519/3/6 1447/3/6 1503/3/6
f 1519/2/6 1503/2/6 1518/2/6
f 1520/5/6 1464/5/6 1485/5/6
f 1520/4/6 1485/4/6 1484/4/6
f 1521/5/6 1464/5/6 1520/5/6
f 1522/5/6 1473/5/6 1489/5/6
f 1522/5/6 1489/5/6 1507/5/6
f 1522/5/6 1507/5/6 1506/5/6
f 1523/5/6 1473/5/6 1522/5/6
f 1524/4/6 1493/4/6 1492/4/6
f 1524/5/6 1496/5/6 1495/5/6
f 1524/4/6 1495/4/6 1494/4/6
f 1524/4/6 1494/4/6 1493/4/6
f 1525/4/6 1508/4/6 1496/4/6
f 1525/5/6 1496/5/6 1524/5/6
f 1526/3/6 1482/3/6 1461/3/6
f 1526/3/6 1518/3/6 1482/3/6
f 1526/3/6 1519/3/6 1518/3/6
f 1526/3/6 1461/3/6 1402/3/6
f 1526/2/6 1402/2/6 1460/2/6
f 1527/3/6 1519/3/6 1526/3/6
f 1528/5/6 1464/5/6 1521/5/6
f 1528/4/6 1521/4/6 1520/4/6
f 1529/5/6 1464/5/6 1528/5/6
f 1530/2/6 1354/2/6 1505/2/6
f 1530/3/6 1505/3/6 1504/3/6
f 1531/2/6 1354/2/6 1530/2/6
f 1532/2/6 1439/2/6 1188/2/6
f 1533/3/6 1469/3/6 1439/3/6
f 1533/2/6 1439/2/6 1532/2/6
f 1534/4/6 1506/4/6 1469/4/6
f 1535/5/6 1522/5/6 1506/5/6
f 1535/4/6 1506/4/6 1534/4/6
f 1536/3/6 1512/3/6 1511/3/6
f 1536/4/6 1508/4/6 1525/4/6
f 1536/4/6 1525/4/6 1524/4/6
f 1536/3/6 1510/3/6 1509/3/6
f 1536/3/6 1509/3/6 1508/3/6
f 1536/3/6 1511/3/6 1510/3/6
f 1536/3/6 1513/3/6 1512/3/6
f 1537/3/6 1513/3/6 1536/3/6
f 1538/3/6 1447/3/6 1519/3/6
f 1538/3/6 1519/3/6 1527/3/6
f 1538/4/6 1528/4/6 1520/4/6
f 1538/4/6 1484/4/6 1447/4/6
f 1538/4/6 1529/4/6 1528/4/6
f 1538/4/6 1520/4/6 1484/4/6
f 1539/4/6 1529/4/6 1538/4/6
f 1540/5/6 1464/5/6 1529/5/6
f 1541/5/6 1464/5/6 1540/5/6
f 1542/5/6 1464/5/6 1541/5/6
f 1543/5/6 1464/5/6 1542/5/6
f 1544/2/6 1451/2/6 1491/2/6
f 1544/3/6 1476/3/6 1451/3/6
f 1545/3/6 1476/3/6 1544/3/6
f 1546/4/6 1537/4/6 1536/4/6
f 1546/3/6 1476/3/6 1545/3/6
f 1546/4/6 1536/4/6 1524/4/6
f 1546/4/6 1524/4/6 1492/4/6
f 1546/4/6 1492/4/6 1476/4/6
f 1547/4/6 1537/4/6 1546/4/6
f 1548/4/6 1537/4/6 1547/4/6
f 1549/4/6 1537/4/6 1548/4/6
f 1550/3/6 1513/3/6 1537/3/6
f 1551/3/6 1481/3/6 1513/3/6
f 1551/3/6 1513/3/6 1550/3/6
f 1552/2/6 1527/2/6 1526/2/6
f 1552/3/6 1538/3/6 1527/3/6
f 1552/3/6 1539/3/6 1538/3/6
f 1553/3/6 1539/3/6 1552/3/6
f 1554/2/6 1188/2/6 1150/2/6
f 1554/2/6 1532/2/6 1188/2/6
f 1555/3/6 1533/3/6 1532/3/6
f 1555/2/6 1532/2/6 1554/2/6
f 1556/2/6 1545/2/6 1544/2/6
f 1556/3/6 1491/3/6 1490/3/6
f 1556/2/6 1544/2/6 1491/2/6
f 1557/2/6 1545/2/6 1556/2/6
f 1558/3/6 1546/3/6 1545/3/6
f 1558/3/6 1547/3/6 1546/3/6
f 1558/4/6 1548/4/6 1547/4/6
f 1559/3/6 1549/3/6 1548/3/6
f 1559/4/6 1548/4/6 1558/4/6
f 1560/2/6 1551/2/6 1550/2/6
f 1561/3/6 1481/3/6 1551/3/6
f 1561/2/6 1551/2/6 1560/2/6
f 1562/5/6 1517/5/6 1516/5/6
f 1562/5/6 1516/5/6 1515/5/6
f 1562/5/6 1515/5/6 1514/5/6
f 1562/4/6 1514/4/6 1481/4/6
f 1563/5/6 1517/5/6 1562/5/6
f 1564/5/6 1517/5/6 1563/5/6
f 1565/4/6 1460/4/6 1517/4/6
f 1565/5/6 1517/5/6 1564/5/6
f 1566/3/6 1539/3/6 1553/3/6
f 1566/2/6 1553/2/6 1552/2/6
f 1567/3/6 1539/3/6 1566/3/6
f 1568/4/6 1529/4/6 1539/4/6
f 1568/3/6 1539/3/6 1567/3/6
f 1569/4/6 1529/4/6 1568/4/6
f 1570/4/6 1486/4/6 1464/4/6
f 1570/4/6 1487/4/6 1486/4/6
f 1571/3/6 1531/3/6 1530/3/6
f 1571/4/6 1487/4/6 1570/4/6
f 1571/3/6 1530/3/6 1504/3/6
f 1571/3/6 1504/3/6 1487/3/6
f 1572/3/6 1533/3/6 1555/3/6
f 1572/3/6 1555/3/6 1554/3/6
f 1572/3/6 1469/3/6 1533/3/6
f 1573/4/6 1534/4/6 1469/4/6
f 1573/3/6 1469/3/6 1572/3/6
f 1574/5/6 1473/5/6 1523/5/6
f 1574/4/6 1523/4/6 1522/4/6
f 1575/4/6 1490/4/6 1473/4/6
f 1575/5/6 1473/5/6 1574/5/6
f 1576/3/6 1568/3/6 1567/3/6
f 1576/2/6 1567/2/6 1566/2/6
f 1576/3/6 1569/3/6 1568/3/6
f 1577/3/6 1569/3/6 1576/3/6
f 1578/5/6 1542/5/6 1541/5/6
f 1578/4/6 1543/4/6 1542/4/6
f 1579/5/6 1464/5/6 1543/5/6
f 1579/4/6 1543/4/6 1578/4/6
f 1580/4/6 1570/4/6 1464/4/6
f 1581/3/6 1571/3/6 1570/3/6
f 1581/4/6 1570/4/6 1580/4/6
f 1582/3/6 1531/3/6 1571/3/6
f 1582/3/6 1571/3/6 1581/3/6
f 1583/3/6 1559/3/6 1558/3/6
f 1583/3/6 1558/3/6 1545/3/6
f 1584/3/6 1549/3/6 1559/3/6
f 1584/3/6 1559/3/6 1583/3/6
f 1585/2/6 1560/2/6 1550/2/6
f 1586/2/6 1560/2/6 1585/2/6
f 1587/2/6 1560/2/6 1586/2/6
f 1588/3/6 1561/3/6 1560/3/6
f 1588/2/6 1560/2/6 1587/2/6
f 1589/5/6 1564/5/6 1563/5/6
f 1589/4/6 1563/4/6 1562/4/6
f 1590/4/6 1565/4/6 1564/4/6
f 1590/5/6 1564/5/6 1589/5/6
f 1591/4/6 1529/4/6 1569/4/6
f 1591/3/6 1569/3/6 1577/3/6
f 1592/5/6 1540/5/6 1529/5/6
f 1592/4/6 1529/4/6 1591/4/6
f 1593/5/6 1540/5/6 1592/5/6
f 1594/5/6 1540/5/6 1593/5/6
f 1595/4/6 1541/4/6 1540/4/6
f 1595/5/6 1540/5/6 1594/5/6
f 1596/5/6 1578/5/6 1541/5/6
f 1596/4/6 1541/4/6 1595/4/6
f 1596/5/6 1579/5/6 1578/5/6
f 1597/5/6 1464/5/6 1579/5/6
f 1597/5/6 1579/5/6 1596/5/6
f 1598/4/6 1580/4/6 1464/4/6
f 1598/5/6 1464/5/6 1597/5/6
f 1599/3/6 1572/3/6 1554/3/6
f 1600/4/6 1573/4/6 1572/4/6
f 1600/3/6 1572/3/6 1599/3/6
f 1601/5/6 1522/5/6 1535/5/6
f 1601/5/6 1535/5/6 1534/5/6
f 1602/4/6 1575/4/6 1574/4/6
f 1602/5/6 1522/5/6 1601/5/6
f 1602/4/6 1574/4/6 1522/4/6
f 1603/4/6 1490/4/6 1575/4/6
f 1603/4/6 1575/4/6 1602/4/6
f 1603/3/6 1556/3/6 1490/3/6
f 1603/3/6 1557/3/6 1556/3/6
f 1604/2/6 1545/2/6 1557/2/6
f 1604/3/6 1557/3/6 1603/3/6
f 1605/2/6 1545/2/6 1604/2/6
f 1606/3/6 1583/3/6 1545/3/6
f 1606/2/6 1545/2/6 1605/2/6
f 1607/3/6 1583/3/6 1606/3/6
f 1608/2/6 1584/2/6 1583/2/6
f 1609/3/6 1549/3/6 1584/3/6
f 1609/2/6 1584/2/6 1608/2/6
f 1610/4/6 1537/4/6 1549/4/6
f 1610/3/6 1549/3/6 1609/3/6
f 1611/3/6 1550/3/6 1537/3/6
f 1611/4/6 1537/4/6 1610/4/6
f 1612/2/6 1585/2/6 1550/2/6
f 1612/3/6 1550/3/6 1611/3/6
f 1613/3/6 1586/3/6 1585/3/6
f 1613/2/6 1585/2/6 1612/2/6
f 1614/2/6 1587/2/6 1586/2/6
f 1614/3/6 1586/3/6 1613/3/6
f 1615/3/6 1588/3/6 1587/3/6
f 1615/2/6 1587/2/6 1614/2/6
f 1616/3/6 1561/3/6 1588/3/6
f 1616/3/6 1588/3/6 1615/3/6
f 1616/4/6 1589/4/6 1562/4/6
f 1616/3/6 1481/3/6 1561/3/6
f 1616/4/6 1590/4/6 1589/4/6
f 1616/4/6 1562/4/6 1481/4/6
f 1617/4/6 1565/4/6 1590/4/6
f 1617/4/6 1590/4/6 1616/4/6
f 1618/2/6 1552/2/6 1526/2/6
f 1618/2/6 1566/2/6 1552/2/6
f 1618/2/6 1526/2/6 1460/2/6
f 1618/2/6 1577/2/6 1576/2/6
f 1618/2/6 1576/2/6 1566/2/6
f 1619/3/6 1593/3/6 1592/3/6
f 1619/2/6 1577/2/6 1618/2/6
f 1619/3/6 1592/3/6 1591/3/6
f 1619/3/6 1591/3/6 1577/3/6
f 1620/3/6 1593/3/6 1619/3/6
f 1621/5/6 1595/5/6 1594/5/6
f 1621/5/6 1596/5/6 1595/5/6
f 1621/5/6 1597/5/6 1596/5/6
f 1621/4/6 1594/4/6 1593/4/6
f 1622/5/6 1597/5/6 1621/5/6
f 1623/3/6 1581/3/6 1580/3/6
f 1623/4/6 1598/4/6 1597/4/6
f 1623/4/6 1580/4/6 1598/4/6
f 1624/4/6 1582/4/6 1581/4/6
f 1624/3/6 1581/3/6 1623/3/6
f 1625/5/6 1601/5/6 1534/5/6
f 1626/5/6 1601/5/6 1625/5/6
f 1627/2/6 1607/2/6 1606/2/6
f 1627/2/6 1606/2/6 1605/2/6
f 1627/3/6 1583/3/6 1607/3/6
f 1628/2/6 1608/2/6 1583/2/6
f 1628/3/6 1583/3/6 1627/3/6
f 1629/5/6 1597/5/6 1622/5/6
f 1629/4/6 1622/4/6 1621/4/6
f 1630/5/6 1597/5/6 1629/5/6
f 1631/4/6 1624/4/6 1623/4/6
f 1631/5/6 1597/5/6 1630/5/6
f 1631/4/6 1623/4/6 1597/4/6
f 1632/4/6 1624/4/6 1631/4/6
f 1633/4/6 1624/4/6 1632/4/6
f 1634/4/6 1582/4/6 1624/4/6
f 1634/4/6 1624/4/6 1633/4/6
f 1634/3/6 1531/3/6 1582/3/6
f 1635/2/6 1627/2/6 1605/2/6
f 1635/2/6 1628/2/6 1627/2/6
f 1636/2/6 1628/2/6 1635/2/6
f 1637/4/6 1633/4/6 1632/4/6
f 1637/3/6 1634/3/6 1633/3/6
f 1638/3/6 1634/3/6 1637/3/6
f 1639/4/6 1534/4/6 1573/4/6
f 1639/4/6 1573/4/6 1600/4/6
f 1639/4/6 1600/4/6 1599/4/6
f 1639/5/6 1625/5/6 1534/5/6
f 1640/5/6 1625/5/6 1639/5/6
f 1641/4/6 1565/4/6 1617/4/6
f 1642/4/6 1460/4/6 1565/4/6
f 1642/4/6 1565/4/6 1641/4/6
f 1643/2/6 1618/2/6 1460/2/6
f 1643/4/6 1460/4/6 1642/4/6
f 1644/2/6 1618/2/6 1643/2/6
f 1645/2/6 1618/2/6 1644/2/6
f 1646/3/6 1634/3/6 1638/3/6
f 1646/4/6 1638/4/6 1637/4/6
f 1647/3/6 1531/3/6 1634/3/6
f 1647/3/6 1634/3/6 1646/3/6
f 1648/3/6 1599/3/6 1554/3/6
f 1648/4/6 1639/4/6 1599/4/6
f 1648/4/6 1640/4/6 1639/4/6
f 1649/4/6 1640/4/6 1648/4/6
f 1650/3/6 1648/3/6 1554/3/6
f 1650/3/6 1649/3/6 1648/3/6
f 1651/4/6 1640/4/6 1649/4/6
f 1651/3/6 1649/3/6 1650/3/6
f 1652/5/6 1625/5/6 1640/5/6
f 1653/5/6 1625/5/6 1652/5/6
f 1654/4/6 1626/4/6 1625/4/6
f 1654/5/6 1625/5/6 1653/5/6
f 1655/2/6 1628/2/6 1636/2/6
f 1655/3/6 1636/3/6 1635/3/6
f 1656/2/6 1628/2/6 1655/2/6
f 1657/3/6 1645/3/6 1644/3/6
f 1657/4/6 1644/4/6 1643/4/6
f 1657/4/6 1643/4/6 1642/4/6
f 1658/2/6 1618/2/6 1645/2/6
f 1658/3/6 1645/3/6 1657/3/6
f 1659/4/6 1640/4/6 1651/4/6
f 1659/4/6 1651/4/6 1650/4/6
f 1660/5/6 1652/5/6 1640/5/6
f 1660/4/6 1640/4/6 1659/4/6
f 1661/3/6 1593/3/6 1620/3/6
f 1661/4/6 1630/4/6 1629/4/6
f 1661/4/6 1629/4/6 1621/4/6
f 1661/4/6 1621/4/6 1593/4/6
f 1662/4/6 1630/4/6 1661/4/6
f 1663/5/6 1632/5/6 1631/5/6
f 1664/5/6 1632/5/6 1663/5/6
f 1665/2/6 1354/2/6 1531/2/6
f 1665/2/6 1155/2/6 1354/2/6
f 1666/2/6 1155/2/6 1665/2/6
f 1667/2/6 1628/2/6 1656/2/6
f 1668/2/6 1608/2/6 1628/2/6
f 1668/2/6 1628/2/6 1667/2/6
f 1669/4/6 1657/4/6 1642/4/6
f 1669/4/6 1658/4/6 1657/4/6
f 1669/3/6 1642/3/6 1641/3/6
f 1670/4/6 1658/4/6 1669/4/6
f 1671/4/6 1664/4/6 1663/4/6
f 1671/5/6 1663/5/6 1631/5/6
f 1672/5/6 1632/5/6 1664/5/6
f 1672/4/6 1664/4/6 1671/4/6
f 1673/4/6 1637/4/6 1632/4/6
f 1673/5/6 1632/5/6 1672/5/6
f 1673/4/6 1646/4/6 1637/4/6
f 1673/4/6 1647/4/6 1646/4/6
f 1674/4/6 1647/4/6 1673/4/6
f 1675/4/6 1654/4/6 1653/4/6
f 1676/4/6 1654/4/6 1675/4/6
f 1677/4/6 1658/4/6 1670/4/6
f 1677/3/6 1670/3/6 1669/3/6
f 1678/4/6 1658/4/6 1677/4/6
f 1679/4/6 1658/4/6 1678/4/6
f 1680/2/6 1618/2/6 1658/2/6
f 1680/4/6 1658/4/6 1679/4/6
f 1681/5/6 1676/5/6 1675/5/6
f 1681/4/6 1675/4/6 1653/4/6
f 1682/4/6 1654/4/6 1676/4/6
f 1682/5/6 1676/5/6 1681/5/6
f 1683/3/6 1669/3/6 1641/3/6
f 1683/3/6 1677/3/6 1669/3/6
f 1683/3/6 1678/3/6 1677/3/6
f 1684/4/6 1679/4/6 1678/4/6
f 1684/3/6 1678/3/6 1683/3/6
f 1685/5/6 1652/5/6 1660/5/6
f 1685/5/6 1660/5/6 1659/5/6
f 1686/5/6 1652/5/6 1685/5/6
f 1687/3/6 1653/3/6 1652/3/6
f 1687/5/6 1652/5/6 1686/5/6
f 1688/3/6 1656/3/6 1655/3/6
f 1688/3/6 1655/3/6 1635/3/6
f 1689/3/6 1656/3/6 1688/3/6
f 1690/2/6 1684/2/6 1683/2/6
f 1691/2/6 1684/2/6 1690/2/6
f 1692/4/6 1679/4/6 1684/4/6
f 1692/2/6 1684/2/6 1691/2/6
f 1693/3/6 1680/3/6 1679/3/6
f 1693/4/6 1679/4/6 1692/4/6
f 1694/2/6 1618/2/6 1680/2/6
f 1694/3/6 1680/3/6 1693/3/6
f 1695/4/6 1647/4/6 1674/4/6
f 1696/3/6 1531/3/6 1647/3/6
f 1696/4/6 1647/4/6 1695/4/6
f 1697/3/6 1531/3/6 1696/3/6
f 1698/3/6 1531/3/6 1697/3/6
f 1699/3/6 1531/3/6 1698/3/6
f 1700/2/6 1665/2/6 1531/2/6
f 1700/3/6 1531/3/6 1699/3/6
f 1701/3/6 1691/3/6 1690/3/6
f 1702/2/6 1693/2/6 1692/2/6
f 1702/3/6 1691/3/6 1701/3/6
f 1702/2/6 1692/2/6 1691/2/6
f 1702/2/6 1694/2/6 1693/2/6
f 1703/4/6 1659/4/6 1650/4/6
f 1704/5/6 1685/5/6 1659/5/6
f 1704/4/6 1659/4/6 1703/4/6
f 1705/3/6 1656/3/6 1689/3/6
f 1705/4/6 1689/4/6 1688/4/6
f 1706/2/6 1667/2/6 1656/2/6
f 1706/3/6 1656/3/6 1705/3/6
f 1707/3/6 1668/3/6 1667/3/6
f 1707/2/6 1667/2/6 1706/2/6
f 1708/2/6 1694/2/6 1702/2/6
f 1708/4/6 1702/4/6 1701/4/6
f 1709/2/6 1618/2/6 1694/2/6
f 1709/2/6 1694/2/6 1708/2/6
f 1710/3/6 1661/3/6 1620/3/6
f 1710/3/6 1662/3/6 1661/3/6
f 1711/3/6 1662/3/6 1710/3/6
f 1712/4/6 1681/4/6 1653/4/6
f 1712/4/6 1682/4/6 1681/4/6
f 1713/4/6 1626/4/6 1654/4/6
f 1713/4/6 1682/4/6 1712/4/6
f 1713/4/6 1654/4/6 1682/4/6
f 1714/2/6 1665/2/6 1700/2/6
f 1714/2/6 1700/2/6 1699/2/6
f 1715/3/6 1666/3/6 1665/3/6
f 1715/2/6 1665/2/6 1714/2/6
f 1716/4/6 1703/4/6 1650/4/6
f 1716/5/6 1704/5/6 1703/5/6
f 1717/5/6 1685/5/6 1704/5/6
f 1717/5/6 1704/5/6 1716/5/6
f 1718/4/6 1708/4/6 1701/4/6
f 1718/3/6 1701/3/6 1690/3/6
f 1719/3/6 1709/3/6 1708/3/6
f 1719/4/6 1708/4/6 1718/4/6
f 1720/2/6 1698/2/6 1697/2/6
f 1720/3/6 1696/3/6 1695/3/6
f 1720/3/6 1697/3/6 1696/3/6
f 1721/3/6 1699/3/6 1698/3/6
f 1721/2/6 1698/2/6 1720/2/6
f 1722/3/6 1699/3/6 1721/3/6
f 1723/2/6 1714/2/6 1699/2/6
f 1723/3/6 1699/3/6 1722/3/6
f 1724/4/6 1686/4/6 1685/4/6
f 1724/3/6 1687/3/6 1686/3/6
f 1725/4/6 1712/4/6 1653/4/6
f 1725/3/6 1687/3/6 1724/3/6
f 1725/3/6 1653/3/6 1687/3/6
f 1726/4/6 1706/4/6 1705/4/6
f 1726/4/6 1705/4/6 1688/4/6
f 1726/4/6 1707/4/6 1706/4/6
f 1727/3/6 1668/3/6 1707/3/6
f 1727/4/6 1707/4/6 1726/4/6
f 1728/3/6 1668/3/6 1727/3/6
f 1729/3/6 1719/3/6 1718/3/6
f 1729/3/6 1709/3/6 1719/3/6
f 1730/3/6 1709/3/6 1729/3/6
f 1731/3/6 1718/3/6 1690/3/6
f 1731/3/6 1729/3/6 1718/3/6
f 1732/3/6 1729/3/6 1731/3/6
f 1733/4/6 1730/4/6 1729/4/6
f 1733/3/6 1729/3/6 1732/3/6
f 1734/3/6 1709/3/6 1730/3/6
f 1734/4/6 1730/4/6 1733/4/6
f 1735/4/6 1724/4/6 1685/4/6
f 1735/4/6 1725/4/6 1724/4/6
f 1735/5/6 1685/5/6 1717/5/6
f 1736/4/6 1725/4/6 1735/4/6
f 1737/5/6 1672/5/6 1671/5/6
f 1737/5/6 1671/5/6 1631/5/6
f 1737/4/6 1630/4/6 1662/4/6
f 1737/5/6 1631/5/6 1630/5/6
f 1737/5/6 1673/5/6 1672/5/6
f 1737/5/6 1674/5/6 1673/5/6
f 1738/5/6 1674/5/6 1737/5/6
f 1739/5/6 1674/5/6 1738/5/6
f 1740/4/6 1695/4/6 1674/4/6
f 1740/5/6 1674/5/6 1739/5/6
f 1741/4/6 1695/4/6 1740/4/6
f 1742/4/6 1732/4/6 1731/4/6
f 1743/3/6 1734/3/6 1733/3/6
f 1743/4/6 1732/4/6 1742/4/6
f 1743/3/6 1733/3/6 1732/3/6
f 1744/3/6 1734/3/6 1743/3/6
f 1745/3/6 1734/3/6 1744/3/6
f 1746/3/6 1722/3/6 1721/3/6
f 1746/3/6 1720/3/6 1695/3/6
f 1746/3/6 1721/3/6 1720/3/6
f 1747/2/6 1723/2/6 1722/2/6
f 1747/3/6 1722/3/6 1746/3/6
f 1748/3/6 1734/3/6 1745/3/6
f 1748/4/6 1745/4/6 1744/4/6
f 1749/3/6 1709/3/6 1734/3/6
f 1749/3/6 1734/3/6 1748/3/6
f 1750/3/6 1666/3/6 1715/3/6
f 1750/3/6 1715/3/6 1714/3/6
f 1751/3/6 1666/3/6 1750/3/6
f 1752/4/6 1725/4/6 1736/4/6
f 1753/4/6 1712/4/6 1725/4/6
f 1753/4/6 1725/4/6 1752/4/6
f 1754/5/6 1713/5/6 1712/5/6
f 1754/4/6 1712/4/6 1753/4/6
f 1755/5/6 1713/5/6 1754/5/6
f 1756/5/6 1727/5/6 1726/5/6
f 1756/5/6 1728/5/6 1727/5/6
f 1756/3/6 1668/3/6 1728/3/6
f 1757/3/6 1668/3/6 1756/3/6
f 1758/3/6 1710/3/6 1620/3/6
f 1759/2/6 1711/2/6 1710/2/6
f 1759/3/6 1710/3/6 1758/3/6
f 1760/4/6 1716/4/6 1650/4/6
f 1760/4/6 1717/4/6 1716/4/6
f 1761/5/6 1736/5/6 1735/5/6
f 1761/4/6 1717/4/6 1760/4/6
f 1761/5/6 1735/5/6 1717/5/6
f 1762/3/6 1709/3/6 1749/3/6
f 1762/4/6 1749/4/6 1748/4/6
f 1763/2/6 1618/2/6 1709/2/6
f 1763/3/6 1709/3/6 1762/3/6
f 1764/2/6 1618/2/6 1763/2/6
f 1765/4/6 1695/4/6 1741/4/6
f 1765/5/6 1741/5/6 1740/5/6
f 1766/4/6 1695/4/6 1765/4/6
f 1767/3/6 1753/3/6 1752/3/6
f 1767/4/6 1752/4/6 1736/4/6
f 1768/3/6 1753/3/6 1767/3/6
f 1769/5/6 1713/5/6 1755/5/6
f 1769/4/6 1755/4/6 1754/4/6
f 1769/4/6 1754/4/6 1753/4/6
f 1770/5/6 1713/5/6 1769/5/6
f 1771/4/6 1742/4/6 1731/4/6
f 1772/5/6 1744/5/6 1743/5/6
f 1772/4/6 1742/4/6 1771/4/6
f 1772/5/6 1743/5/6 1742/5/6
f 1773/4/6 1748/4/6 1744/4/6
f 1773/5/6 1744/5/6 1772/5/6
f 1773/4/6 1762/4/6 1748/4/6
f 1773/4/6 1763/4/6 1762/4/6
f 1774/4/6 1763/4/6 1773/4/6
f 1775/3/6 1662/3/6 1711/3/6
f 1775/4/6 1737/4/6 1662/4/6
f 1775/4/6 1738/4/6 1737/4/6
f 1776/4/6 1738/4/6 1775/4/6
f 1777/3/6 1766/3/6 1765/3/6
f 1777/5/6 1765/5/6 1740/5/6
f 1778/4/6 1695/4/6 1766/4/6
f 1778/3/6 1766/3/6 1777/3/6
f 1779/3/6 1746/3/6 1695/3/6
f 1779/4/6 1695/4/6 1778/4/6
f 1780/3/6 1746/3/6 1779/3/6
f 1781/2/6 1723/2/6 1747/2/6
f 1781/2/6 1714/2/6 1723/2/6
f 1781/2/6 1747/2/6 1746/2/6
f 1782/3/6 1750/3/6 1714/3/6
f 1782/2/6 1714/2/6 1781/2/6
f 1783/4/6 1770/4/6 1769/4/6
f 1783/3/6 1753/3/6 1768/3/6
f 1783/4/6 1769/4/6 1753/4/6
f 1784/4/6 1770/4/6 1783/4/6
f 1785/3/6 1772/3/6 1771/3/6
f 1785/5/6 1774/5/6 1773/5/6
f 1785/5/6 1773/5/6 1772/5/6
f 1786/5/6 1774/5/6 1785/5/6
f 1787/3/6 1784/3/6 1783/3/6
f 1788/4/6 1770/4/6 1784/4/6
f 1788/3/6 1784/3/6 1787/3/6
f 1789/4/6 1738/4/6 1776/4/6
f 1789/5/6 1739/5/6 1738/5/6
f 1790/5/6 1739/5/6 1789/5/6
f 1791/3/6 1785/3/6 1771/3/6
f 1791/4/6 1786/4/6 1785/4/6
f 1792/5/6 1774/5/6 1786/5/6
f 1792/4/6 1786/4/6 1791/4/6
f 1793/3/6 1750/3/6 1782/3/6
f 1793/3/6 1782/3/6 1781/3/6
f 1794/4/6 1751/4/6 1750/4/6
f 1794/3/6 1750/3/6 1793/3/6
f 1795/3/6 1787/3/6 1783/3/6
f 1795/4/6 1768/4/6 1767/4/6
f 1795/3/6 1783/3/6 1768/3/6
f 1796/3/6 1787/3/6 1795/3/6
f 1797/5/6 1756/5/6 1726/5/6
f 1797/4/6 1757/4/6 1756/4/6
f 1798/4/6 1757/4/6 1797/4/6
f 1799/3/6 1792/3/6 1791/3/6
f 1799/3/6 1791/3/6 1771/3/6
f 1800/3/6 1792/3/6 1799/3/6
f 1801/5/6 1774/5/6 1792/5/6
f 1801/3/6 1792/3/6 1800/3/6
f 1802/5/6 1774/5/6 1801/5/6
f 1803/4/6 1763/4/6 1774/4/6
f 1803/5/6 1774/5/6 1802/5/6
f 1804/3/6 1787/3/6 1796/3/6
f 1804/4/6 1796/4/6 1795/4/6
f 1805/4/6 1788/4/6 1787/4/6
f 1805/3/6 1787/3/6 1804/3/6
f 1806/5/6 1798/5/6 1797/5/6
f 1806/5/6 1797/5/6 1726/5/6
f 1807/5/6 1798/5/6 1806/5/6
f 1808/4/6 1803/4/6 1802/4/6
f 1808/3/6 1802/3/6 1801/3/6
f 1808/3/6 1801/3/6 1800/3/6
f 1809/4/6 1803/4/6 1808/4/6
f 1810/4/6 1740/4/6 1739/4/6
f 1810/5/6 1739/5/6 1790/5/6
f 1811/4/6 1740/4/6 1810/4/6
f 1812/5/6 1777/5/6 1740/5/6
f 1812/4/6 1740/4/6 1811/4/6
f 1813/4/6 1780/4/6 1779/4/6
f 1813/5/6 1777/5/6 1812/5/6
f 1813/4/6 1779/4/6 1778/4/6
f 1813/4/6 1778/4/6 1777/4/6
f 1814/2/6 1781/2/6 1746/2/6
f 1815/3/6 1793/3/6 1781/3/6
f 1815/2/6 1781/2/6 1814/2/6
f 1816/5/6 1798/5/6 1807/5/6
f 1816/4/6 1807/4/6 1806/4/6
f 1817/4/6 1757/4/6 1798/4/6
f 1817/5/6 1798/5/6 1816/5/6
f 1818/4/6 1763/4/6 1803/4/6
f 1818/3/6 1764/3/6 1763/3/6
f 1818/4/6 1803/4/6 1809/4/6
f 1819/3/6 1764/3/6 1818/3/6
f 1820/2/6 1805/2/6 1804/2/6
f 1821/4/6 1788/4/6 1805/4/6
f 1821/2/6 1805/2/6 1820/2/6
f 1822/4/6 1804/4/6 1795/4/6
f 1822/4/6 1767/4/6 1736/4/6
f 1822/5/6 1736/5/6 1761/5/6
f 1822/5/6 1761/5/6 1760/5/6
f 1822/4/6 1795/4/6 1767/4/6
f 1823/4/6 1804/4/6 1822/4/6
f 1824/4/6 1817/4/6 1816/4/6
f 1824/4/6 1816/4/6 1806/4/6
f 1825/4/6 1817/4/6 1824/4/6
f 1826/5/6 1811/5/6 1810/5/6
f 1826/4/6 1812/4/6 1811/4/6
f 1826/4/6 1813/4/6 1812/4/6
f 1827/4/6 1813/4/6 1826/4/6
f 1828/2/6 1759/2/6 1758/2/6
f 1829/2/6 1711/2/6 1759/2/6
f 1829/2/6 1759/2/6 1828/2/6
f 1829/3/6 1776/3/6 1775/3/6
f 1829/3/6 1775/3/6 1711/3/6
f 1830/3/6 1776/3/6 1829/3/6
f 1831/2/6 1828/2/6 1758/2/6
f 1832/4/6 1829/4/6 1828/4/6
f 1832/2/6 1828/2/6 1831/2/6
f 1832/4/6 1830/4/6 1829/4/6
f 1833/3/6 1825/3/6 1824/3/6
f 1833/4/6 1824/4/6 1806/4/6
f 1834/4/6 1817/4/6 1825/4/6
f 1834/3/6 1825/3/6 1833/3/6
f 1835/5/6 1823/5/6 1822/5/6
f 1835/5/6 1822/5/6 1760/5/6
f 1836/5/6 1823/5/6 1835/5/6
f 1837/4/6 1833/4/6 1806/4/6
f 1837/4/6 1834/4/6 1833/4/6
f 1838/4/6 1834/4/6 1837/4/6
f 1839/3/6 1776/3/6 1830/3/6
f 1839/4/6 1789/4/6 1776/4/6
f 1839/4/6 1790/4/6 1789/4/6
f 1840/5/6 1810/5/6 1790/5/6
f 1840/4/6 1790/4/6 1839/4/6
f 1840/5/6 1827/5/6 1826/5/6
f 1840/5/6 1826/5/6 1810/5/6
f 1841/5/6 1835/5/6 1760/5/6
f 1842/5/6 1835/5/6 1841/5/6
f 1843/5/6 1823/5/6 1836/5/6
f 1843/4/6 1804/4/6 1823/4/6
f 1844/2/6 1820/2/6 1804/2/6
f 1844/4/6 1804/4/6 1843/4/6
f 1845/3/6 1821/3/6 1820/3/6
f 1845/2/6 1820/2/6 1844/2/6
f 1846/4/6 1788/4/6 1821/4/6
f 1846/3/6 1821/3/6 1845/3/6
f 1847/4/6 1770/4/6 1788/4/6
f 1847/4/6 1788/4/6 1846/4/6
f 1848/4/6 1834/4/6 1838/4/6
f 1848/5/6 1838/5/6 1837/5/6
f 1849/4/6 1817/4/6 1834/4/6
f 1849/4/6 1834/4/6 1848/4/6
f 1850/4/6 1757/4/6 1817/4/6
f 1850/4/6 1817/4/6 1849/4/6
f 1851/4/6 1818/4/6 1809/4/6
f 1851/3/6 1809/3/6 1808/3/6
f 1852/4/6 1818/4/6 1851/4/6
f 1853/4/6 1760/4/6 1650/4/6
f 1853/5/6 1841/5/6 1760/5/6
f 1854/4/6 1842/4/6 1841/4/6
f 1854/5/6 1841/5/6 1853/5/6
f 1855/3/6 1793/3/6 1815/3/6
f 1855/3/6 1815/3/6 1814/3/6
f 1855/4/6 1794/4/6 1793/4/6
f 1856/4/6 1751/4/6 1794/4/6
f 1856/4/6 1794/4/6 1855/4/6
f 1857/5/6 1846/5/6 1845/5/6
f 1857/5/6 1845/5/6 1844/5/6
f 1857/5/6 1844/5/6 1843/5/6
f 1857/5/6 1843/5/6 1836/5/6
f 1857/5/6 1847/5/6 1846/5/6
f 1857/4/6 1836/4/6 1835/4/6
f 1858/4/6 1770/4/6 1847/4/6
f 1858/5/6 1847/5/6 1857/5/6
f 1859/4/6 1818/4/6 1852/4/6
f 1860/2/6 1819/2/6 1818/2/6
f 1860/4/6 1818/4/6 1859/4/6
f 1861/3/6 1746/3/6 1780/3/6
f 1861/2/6 1814/2/6 1746/2/6
f 1862/2/6 1814/2/6 1861/2/6
f 1863/5/6 1835/5/6 1842/5/6
f 1863/4/6 1842/4/6 1854/4/6
f 1863/4/6 1854/4/6 1853/4/6
f 1864/4/6 1857/4/6 1835/4/6
f 1864/5/6 1835/5/6 1863/5/6
f 1864/4/6 1858/4/6 1857/4/6
f 1865/3/6 1850/3/6 1849/3/6
f 1866/3/6 1850/3/6 1865/3/6
f 1867/4/6 1830/4/6 1832/4/6
f 1867/3/6 1832/3/6 1831/3/6
f 1868/3/6 1839/3/6 1830/3/6
f 1868/4/6 1830/4/6 1867/4/6
f 1869/2/6 1814/2/6 1862/2/6
f 1869/3/6 1855/3/6 1814/3/6
f 1869/3/6 1856/3/6 1855/3/6
f 1870/3/6 1856/3/6 1869/3/6
f 1871/2/6 1800/2/6 1799/2/6
f 1872/3/6 1808/3/6 1800/3/6
f 1872/2/6 1800/2/6 1871/2/6
f 1872/3/6 1851/3/6 1808/3/6
f 1872/3/6 1852/3/6 1851/3/6
f 1873/2/6 1819/2/6 1860/2/6
f 1873/3/6 1860/3/6 1859/3/6
f 1874/2/6 1819/2/6 1873/2/6
f 1875/4/6 1813/4/6 1827/4/6
f 1875/5/6 1827/5/6 1840/5/6
f 1875/5/6 1840/5/6 1839/5/6
f 1876/4/6 1813/4/6 1875/4/6
f 1877/4/6 1780/4/6 1813/4/6
f 1877/4/6 1813/4/6 1876/4/6
f 1878/3/6 1862/3/6 1861/3/6
f 1878/4/6 1780/4/6 1877/4/6
f 1878/3/6 1861/3/6 1780/3/6
f 1879/4/6 1864/4/6 1863/4/6
f 1879/4/6 1858/4/6 1864/4/6
f 1880/4/6 1770/4/6 1858/4/6
f 1880/4/6 1858/4/6 1879/4/6
f 1886/5/6 1849/5/6 1848/5/6
f 1886/5/6 1848/5/6 1837/5/6
f 1887/4/6 1866/4/6 1865/4/6
f 1894/2/6 1871/2/6 1799/2/6
f 1895/2/6 1871/2/6 1894/2/6
f 1896/3/6 1874/3/6 1873/3/6
f 1898/3/6 1868/3/6 1867/3/6
f 1898/3/6 1867/3/6 1831/3/6
f 1899/3/6 1868/3/6 1898/3/6
f 1900/3/6 1856/3/6 1870/3/6
f 1900/2/6 1870/2/6 1869/2/6
f 1901/3/6 1856/3/6 1900/3/6
f 1902/3/6 1852/3/6 1872/3/6
f 1902/3/6 1872/3/6 1871/3/6
f 1903/4/6 1859/4/6 1852/4/6
f 1903/3/6 1852/3/6 1902/3/6
f 1904/3/6 1897/3/6 1896/3/6
f 1904/4/6 1859/4/6 1903/4/6
f 1904/3/6 1896/3/6 1873/3/6
f 1904/3/6 1873/3/6 1859/3/6
f 1905/3/6 1897/3/6 1904/3/6
f 1906/3/6 1897/3/6 1905/3/6
f 1907/3/6 1897/3/6 1906/3/6
f 1908/3/6 1906/3/6 1905/3/6
f 1909/3/6 1906/3/6 1908/3/6
f 1910/3/6 1883/3/6 1882/3/6
f 1911/2/6 1884/2/6 1883/2/6
f 1911/3/6 1883/3/6 1910/3/6
f 1912/2/6 1893/2/6 1892/2/6
f 1912/3/6 1892/3/6 1891/3/6
f 1913/2/6 1893/2/6 1912/2/6
f 1914/2/6 1898/2/6 1897/2/6
f 1914/2/6 1899/2/6 1898/2/6
f 1915/3/6 1868/3/6 1899/3/6
f 1915/2/6 1899/2/6 1914/2/6
f 1916/3/6 1856/3/6 1901/3/6
f 1916/2/6 1901/2/6 1900/2/6
f 1917/4/6 1751/4/6 1856/4/6
f 1917/3/6 1856/3/6 1916/3/6
f 1918/3/6 1910/3/6 1882/3/6
f 1919/2/6 1911/2/6 1910/2/6
f 1919/3/6 1910/3/6 1918/3/6
f 1920/3/6 1906/3/6 1909/3/6
f 1921/3/6 1906/3/6 1920/3/6
f 1922/2/6 1914/2/6 1897/2/6
f 1922/3/6 1897/3/6 1907/3/6
f 1923/2/6 1914/2/6 1922/2/6
f 1924/3/6 1868/3/6 1915/3/6
f 1924/3/6 1915/3/6 1914/3/6
f 1925/3/6 1839/3/6 1868/3/6
f 1925/3/6 1868/3/6 1924/3/6
f 1925/5/6 1875/5/6 1839/5/6
f 1926/4/6 1882/4/6 1881/4/6
f 1926/3/6 1918/3/6 1882/3/6
f 1927/3/6 1918/3/6 1926/3/6
f 1928/2/6 1884/2/6 1911/2/6
f 1928/2/6 1911/2/6 1919/2/6
f 1928/2/6 1919/2/6 1918/2/6
f 1929/4/6 1885/4/6 1884/4/6
f 1929/2/6 1884/2/6 1928/2/6
f 1930/4/6 1889/4/6 1888/4/6
f 1930/5/6 1890/5/6 1889/5/6
f 1931/4/6 1891/4/6 1890/4/6
f 1931/5/6 1890/5/6 1930/5/6
f 1932/3/6 1902/3/6 1871/3/6
f 1933/4/6 1903/4/6 1902/4/6
f 1933/3/6 1902/3/6 1932/3/6
f 1933/4/6 1904/4/6 1903/4/6
f 1933/4/6 1905/4/6 1904/4/6
f 1934/4/6 1905/4/6 1933/4/6
f 1935/4/6 1905/4/6 1934/4/6
f 1936/4/6 1879/4/6 1863/4/6
f 1937/4/6 1879/4/6 1936/4/6
f 1938/2/6 1871/2/6 1895/2/6
f 1938/3/6 1894/3/6 1893/3/6
f 1938/3/6 1895/3/6 1894/3/6
f 1939/3/6 1932/3/6 1871/3/6
f 1939/2/6 1871/2/6 1938/2/6
f 1940/4/6 1863/4/6 1853/4/6
f 1940/4/6 1853/4/6 1650/4/6
f 1940/4/6 1936/4/6 1863/4/6
f 1941/4/6 1936/4/6 1940/4/6
f 1942/3/6 1937/3/6 1936/3/6
f 1943/4/6 1879/4/6 1937/4/6
f 1943/3/6 1937/3/6 1942/3/6
f 1944/5/6 1880/5/6 1879/5/6
f 1944/5/6 1881/5/6 1880/5/6
f 1944/4/6 1927/4/6 1926/4/6
f 1944/4/6 1926/4/6 1881/4/6
f 1945/4/6 1927/4/6 1944/4/6
f 1946/2/6 1928/2/6 1918/2/6
f 1947/3/6 1929/3/6 1928/3/6
f 1947/2/6 1928/2/6 1946/2/6
f 1948/4/6 1887/4/6 1865/4/6
f 1948/5/6 1888/5/6 1887/5/6
f 1949/4/6 1930/4/6 1888/4/6
f 1949/5/6 1888/5/6 1948/5/6
f 1949/4/6 1931/4/6 1930/4/6
f 1950/4/6 1931/4/6 1949/4/6
f 1951/3/6 1913/3/6 1912/3/6
f 1951/4/6 1931/4/6 1950/4/6
f 1951/4/6 1891/4/6 1931/4/6
f 1951/3/6 1912/3/6 1891/3/6
f 1952/3/6 1938/3/6 1893/3/6
f 1952/3/6 1939/3/6 1938/3/6
f 1953/3/6 1932/3/6 1939/3/6
f 1953/3/6 1939/3/6 1952/3/6
f 1954/5/6 1875/5/6 1925/5/6
f 1955/3/6 1876/3/6 1875/3/6
f 1955/5/6 1875/5/6 1954/5/6
f 1956/4/6 1940/4/6 1650/4/6
f 1957/3/6 1941/3/6 1940/3/6
f 1957/4/6 1940/4/6 1956/4/6
f 1958/5/6 1886/5/6 1885/5/6
f 1958/4/6 1885/4/6 1929/4/6
f 1959/5/6 1849/5/6 1886/5/6
f 1959/5/6 1886/5/6 1958/5/6
f 1960/3/6 1913/3/6 1951/3/6
f 1960/3/6 1951/3/6 1950/3/6
f 1961/2/6 1893/2/6 1913/2/6
f 1961/3/6 1913/3/6 1960/3/6
f 1962/4/6 1751/4/6 1917/4/6
f 1962/2/6 1917/2/6 1916/2/6
f 1963/4/6 1751/4/6 1962/4/6
f 1964/3/6 1942/3/6 1936/3/6
f 1964/2/6 1943/2/6 1942/2/6
f 1965/4/6 1879/4/6 1943/4/6
f 1965/2/6 1943/2/6 1964/2/6
f 1966/5/6 1849/5/6 1959/5/6
f 1966/4/6 1959/4/6 1958/4/6
f 1967/3/6 1865/3/6 1849/3/6
f 1967/5/6 1849/5/6 1966/5/6
f 1968/4/6 1950/4/6 1949/4/6
f 1968/4/6 1949/4/6 1948/4/6
f 1969/4/6 1950/4/6 1968/4/6
f 1970/5/6 1935/5/6 1934/5/6
f 1970/4/6 1933/4/6 1932/4/6
f 1970/4/6 1934/4/6 1933/4/6
f 1971/5/6 1935/5/6 1970/5/6
f 1972/3/6 1862/3/6 1878/3/6
f 1972/3/6 1878/3/6 1877/3/6
f 1973/3/6 1862/3/6 1972/3/6
f 1974/4/6 1927/4/6 1945/4/6
f 1974/3/6 1918/3/6 1927/3/6
f 1975/3/6 1918/3/6 1974/3/6
f 1976/3/6 1952/3/6 1893/3/6
f 1976/2/6 1893/2/6 1961/2/6
f 1976/2/6 1961/2/6 1960/2/6
f 1977/2/6 1953/2/6 1952/2/6
f 1977/3/6 1952/3/6 1976/3/6
f 1978/3/6 1920/3/6 1909/3/6
f 1979/4/6 1921/4/6 1920/4/6
f 1979/3/6 1920/3/6 1978/3/6
f 1980/3/6 1906/3/6 1921/3/6
f 1980/4/6 1921/4/6 1979/4/6
f 1981/3/6 1906/3/6 1980/3/6
f 1982/3/6 1876/3/6 1955/3/6
f 1982/4/6 1955/4/6 1954/4/6
f 1983/4/6 1877/4/6 1876/4/6
f 1983/3/6 1876/3/6 1982/3/6
f 1984/3/6 1972/3/6 1877/3/6
f 1984/4/6 1877/4/6 1983/4/6
f 1985/3/6 1972/3/6 1984/3/6
f 1986/3/6 1957/3/6 1956/3/6
f 1987/3/6 1941/3/6 1957/3/6
f 1987/3/6 1957/3/6 1986/3/6
f 1987/4/6 1936/4/6 1941/4/6
f 1988/4/6 1936/4/6 1987/4/6
f 1989/4/6 1936/4/6 1988/4/6
f 1990/3/6 1965/3/6 1964/3/6
f 1990/4/6 1936/4/6 1989/4/6
f 1990/3/6 1964/3/6 1936/3/6
f 1991/4/6 1879/4/6 1965/4/6
f 1991/5/6 1945/5/6 1944/5/6
f 1991/5/6 1944/5/6 1879/5/6
f 1992/5/6 1945/5/6 1991/5/6
f 1993/2/6 1946/2/6 1918/2/6
f 1994/3/6 1947/3/6 1946/3/6
f 1994/2/6 1946/2/6 1993/2/6
f 1995/4/6 1967/4/6 1966/4/6
f 1995/3/6 1947/3/6 1994/3/6
f 1995/4/6 1966/4/6 1958/4/6
f 1995/4/6 1958/4/6 1929/4/6
f 1995/3/6 1929/3/6 1947/3/6
f 1996/4/6 1967/4/6 1995/4/6
f 1997/4/6 1967/4/6 1996/4/6
f 1998/3/6 1865/3/6 1967/3/6
f 1998/4/6 1967/4/6 1997/4/6
f 1999/4/6 1925/4/6 1924/4/6
f 2000/5/6 1954/5/6 1925/5/6
f 2000/4/6 1925/4/6 1999/4/6
f 2001/2/6 1973/2/6 1972/2/6
f 2001/3/6 1972/3/6 1985/3/6
f 2002/3/6 1862/3/6 1973/3/6
f 2002/2/6 1973/2/6 2001/2/6
f 2003/3/6 1963/3/6 1962/3/6
f 2003/2/6 1962/2/6 1916/2/6
f 2004/3/6 1963/3/6 2003/3/6
f 2005/4/6 1989/4/6 1988/4/6
f 2005/2/6 1988/2/6 1987/2/6
f 2005/2/6 1987/2/6 1986/2/6
f 2006/3/6 1990/3/6 1989/3/6
f 2006/4/6 1989/4/6 2005/4/6
f 2007/3/6 1965/3/6 1990/3/6
f 2007/3/6 1990/3/6 2006/3/6
f 2008/3/6 1965/3/6 2007/3/6
f 2009/3/6 1965/3/6 2008/3/6
f 2010/4/6 1975/4/6 1974/4/6
f 2011/4/6 1975/4/6 2010/4/6
f 2012/3/6 1994/3/6 1993/3/6
f 2012/2/6 1993/2/6 1918/2/6
f 2012/3/6 1995/3/6 1994/3/6
f 2012/3/6 1996/3/6 1995/3/6
f 2013/3/6 1996/3/6 2012/3/6
f 2014/5/6 1969/5/6 1968/5/6
f 2014/4/6 1968/4/6 1948/4/6
f 2015/4/6 1950/4/6 1969/4/6
f 2015/5/6 1969/5/6 2014/5/6
f 2016/4/6 1971/4/6 1970/4/6
f 2016/4/6 1970/4/6 1932/4/6
f 2017/5/6 1935/5/6 1971/5/6
f 2017/4/6 1971/4/6 2016/4/6
f 2018/5/6 1954/5/6 2000/5/6
f 2018/5/6 2000/5/6 1999/5/6
f 2019/4/6 1982/4/6 1954/4/6
f 2019/5/6 1954/5/6 2018/5/6
f 2019/4/6 1984/4/6 1983/4/6
f 2019/4/6 1985/4/6 1984/4/6
f 2019/4/6 1983/4/6 1982/4/6
f 2020/3/6 2001/3/6 1985/3/6
f 2020/3/6 2002/3/6 2001/3/6
f 2021/3/6 1862/3/6 2002/3/6
f 2021/3/6 2002/3/6 2020/3/6
f 2022/2/6 2006/2/6 2005/2/6
f 2022/2/6 2005/2/6 1986/2/6
f 2023/2/6 2006/2/6 2022/2/6
f 2024/2/6 2012/2/6 1918/2/6
f 2024/2/6 2013/2/6 2012/2/6
f 2025/3/6 1996/3/6 2013/3/6
f 2025/2/6 2013/2/6 2024/2/6
f 2026/5/6 1945/5/6 1992/5/6
f 2027/4/6 1974/4/6 1945/4/6
f 2027/5/6 1945/5/6 2026/5/6
f 2027/4/6 2010/4/6 1974/4/6
f 2028/5/6 2011/5/6 2010/5/6
f 2028/4/6 2010/4/6 2027/4/6
f 2029/4/6 1975/4/6 2011/4/6
f 2029/5/6 2011/5/6 2028/5/6
f 2030/3/6 1918/3/6 1975/3/6
f 2030/4/6 1975/4/6 2029/4/6
f 2031/2/6 2024/2/6 1918/2/6
f 2031/3/6 1918/3/6 2030/3/6
f 2032/3/6 2025/3/6 2024/3/6
f 2032/2/6 2024/2/6 2031/2/6
f 2033/3/6 1996/3/6 2025/3/6
f 2033/3/6 2025/3/6 2032/3/6
f 2034/4/6 1948/4/6 1865/4/6
f 2034/4/6 2014/4/6 1948/4/6
f 2034/4/6 2015/4/6 2014/4/6
f 2035/3/6 1960/3/6 1950/3/6
f 2035/4/6 2015/4/6 2034/4/6
f 2035/4/6 1950/4/6 2015/4/6
f 2036/2/6 1976/2/6 1960/2/6
f 2036/3/6 1960/3/6 2035/3/6
f 2036/2/6 1977/2/6 1976/2/6
f 2037/2/6 1977/2/6 2036/2/6
f 2038/3/6 1932/3/6 1953/3/6
f 2038/2/6 1977/2/6 2037/2/6
f 2038/2/6 1953/2/6 1977/2/6
f 2039/5/6 1935/5/6 2017/5/6
f 2039/5/6 2017/5/6 2016/5/6
f 2040/4/6 1905/4/6 1935/4/6
f 2040/5/6 1935/5/6 2039/5/6
f 2041/3/6 1908/3/6 1905/3/6
f 2041/4/6 1905/4/6 2040/4/6
f 2042/4/6 1909/4/6 1908/4/6
f 2042/3/6 1908/3/6 2041/3/6
f 2043/3/6 1978/3/6 1909/3/6
f 2043/4/6 1909/4/6 2042/4/6
f 2044/4/6 1979/4/6 1978/4/6
f 2044/3/6 1978/3/6 2043/3/6
f 2044/4/6 1981/4/6 1980/4/6
f 2044/4/6 1980/4/6 1979/4/6
f 2045/3/6 1906/3/6 1981/3/6
f 2045/4/6 1981/4/6 2044/4/6
f 2046/4/6 1907/4/6 1906/4/6
f 2046/3/6 1906/3/6 2045/3/6
f 2047/3/6 1922/3/6 1907/3/6
f 2047/4/6 1907/4/6 2046/4/6
f 2047/3/6 1923/3/6 1922/3/6
f 2048/2/6 1914/2/6 1923/2/6
f 2048/3/6 1923/3/6 2047/3/6
f 2049/3/6 1924/3/6 1914/3/6
f 2049/2/6 1914/2/6 2048/2/6
f 2050/3/6 1924/3/6 2049/3/6
f 2051/4/6 1999/4/6 1924/4/6
f 2051/3/6 1924/3/6 2050/3/6
f 2052/5/6 2018/5/6 1999/5/6
f 2053/5/6 2018/5/6 2052/5/6
f 2054/3/6 2020/3/6 1985/3/6
f 2054/2/6 2021/2/6 2020/2/6
f 2055/3/6 1862/3/6 2021/3/6
f 2055/2/6 2021/2/6 2054/2/6
f 2056/2/6 2006/2/6 2023/2/6
f 2057/4/6 2007/4/6 2006/4/6
f 2057/2/6 2006/2/6 2056/2/6
f 2058/2/6 1997/2/6 1996/2/6
f 2058/3/6 1998/3/6 1997/3/6
f 2059/4/6 2034/4/6 1865/4/6
f 2059/3/6 1998/3/6 2058/3/6
f 2059/3/6 1865/3/6 1998/3/6
f 2060/4/6 2053/4/6 2052/4/6
f 2061/4/6 2053/4/6 2060/4/6
f 2062/5/6 2018/5/6 2053/5/6
f 2063/4/6 2019/4/6 2018/4/6
f 2063/5/6 2018/5/6 2062/5/6
f 2064/2/6 2004/2/6 2003/2/6
f 2064/2/6 2003/2/6 1916/2/6
f 2065/2/6 2004/2/6 2064/2/6
f 2066/4/6 2007/4/6 2057/4/6
f 2066/3/6 2008/3/6 2007/3/6
f 2067/2/6 2009/2/6 2008/2/6
f 2067/3/6 2008/3/6 2066/3/6
f 2068/3/6 2023/3/6 2022/3/6
f 2069/2/6 2056/2/6 2023/2/6
f 2069/3/6 2023/3/6 2068/3/6
f 2070/3/6 2057/3/6 2056/3/6
f 2070/2/6 2056/2/6 2069/2/6
f 2071/3/6 2057/3/6 2070/3/6
f 2072/4/6 1992/4/6 1991/4/6
f 2072/5/6 2026/5/6 1992/5/6
f 2073/5/6 2026/5/6 2072/5/6
f 2074/4/6 2069/4/6 2068/4/6
f 2074/3/6 2057/3/6 2071/3/6
f 2074/4/6 2071/4/6 2070/4/6
f 2074/4/6 2070/4/6 2069/4/6
f 2075/4/6 2066/4/6 2057/4/6
f 2075/3/6 2057/3/6 2074/3/6
f 2076/2/6 2067/2/6 2066/2/6
f 2076/4/6 2066/4/6 2075/4/6
f 2077/2/6 2009/2/6 2067/2/6
f 2077/2/6 2067/2/6 2076/2/6
f 2078/3/6 1965/3/6 2009/3/6
f 2078/2/6 2009/2/6 2077/2/6
f 2079/3/6 1996/3/6 2033/3/6
f 2080/2/6 2058/2/6 1996/2/6
f 2080/3/6 1996/3/6 2079/3/6
f 2080/2/6 2059/2/6 2058/2/6
f 2081/2/6 2059/2/6 2080/2/6
f 2082/4/6 2034/4/6 2059/4/6
f 2082/2/6 2059/2/6 2081/2/6
f 2083/3/6 2038/3/6 2037/3/6
f 2084/4/6 2016/4/6 1932/4/6
f 2084/3/6 2038/3/6 2083/3/6
f 2084/3/6 1932/3/6 2038/3/6
f 2085/5/6 2062/5/6 2053/5/6
f 2085/4/6 2053/4/6 2061/4/6
f 2086/4/6 2063/4/6 2062/4/6
f 2086/5/6 2062/5/6 2085/5/6
f 2087/4/6 2073/4/6 2072/4/6
f 2087/4/6 1991/4/6 1965/4/6
f 2087/4/6 2072/4/6 1991/4/6
f 2088/4/6 2073/4/6 2087/4/6
f 2089/4/6 2080/4/6 2079/4/6
f 2089/2/6 2081/2/6 2080/2/6
f 2090/2/6 2081/2/6 2089/2/6
f 2091/4/6 2074/4/6 2068/4/6
f 2091/4/6 2077/4/6 2076/4/6
f 2091/4/6 2076/4/6 2075/4/6
f 2091/4/6 2075/4/6 2074/4/6
f 2092/4/6 2077/4/6 2091/4/6
f 2093/4/6 2077/4/6 2092/4/6
f 2094/3/6 2078/3/6 2077/3/6
f 2094/4/6 2077/4/6 2093/4/6
f 2095/3/6 1965/3/6 2078/3/6
f 2095/3/6 2078/3/6 2094/3/6
f 2095/4/6 2087/4/6 1965/4/6
f 2096/5/6 2088/5/6 2087/5/6
f 2096/4/6 2087/4/6 2095/4/6
f 2097/5/6 2052/5/6 1999/5/6
f 2097/4/6 2051/4/6 2050/4/6
f 2097/4/6 1999/4/6 2051/4/6
f 2098/4/6 2060/4/6 2052/4/6
f 2098/5/6 2052/5/6 2097/5/6
f 2099/3/6 2054/3/6 1985/3/6
f 2099/3/6 2055/3/6 2054/3/6
f 2100/3/6 1862/3/6 2055/3/6
f 2100/3/6 2055/3/6 2099/3/6
f 2100/2/6 1916/2/6 1900/2/6
f 2100/2/6 2064/2/6 1916/2/6
f 2100/2/6 1900/2/6 1869/2/6
f 2100/2/6 1869/2/6 1862/2/6
f 2101/4/6 2091/4/6 2068/4/6
f 2102/3/6 2092/3/6 2091/3/6
f 2102/4/6 2091/4/6 2101/4/6
f 2103/5/6 2088/5/6 2096/5/6
f 2103/5/6 2096/5/6 2095/5/6
f 2103/4/6 2073/4/6 2088/4/6
f 2104/4/6 2073/4/6 2103/4/6
f 2105/4/6 2098/4/6 2097/4/6
f 2105/4/6 2097/4/6 2050/4/6
f 2106/4/6 2098/4/6 2105/4/6
f 2107/3/6 2068/3/6 2022/3/6
f 2108/4/6 2101/4/6 2068/4/6
f 2108/3/6 2068/3/6 2107/3/6
f 2109/4/6 2098/4/6 2106/4/6
f 2109/5/6 2106/5/6 2105/5/6
f 2110/4/6 2098/4/6 2109/4/6
f 2111/4/6 2063/4/6 2086/4/6
f 2111/4/6 2019/4/6 2063/4/6
f 2111/4/6 2086/4/6 2085/4/6
f 2112/3/6 2099/3/6 1985/3/6
f 2112/4/6 2019/4/6 2111/4/6
f 2112/4/6 1985/4/6 2019/4/6
f 2113/2/6 2064/2/6 2100/2/6
f 2113/2/6 2100/2/6 2099/2/6
f 2113/3/6 2065/3/6 2064/3/6
f 2114/3/6 2065/3/6 2113/3/6
f 2115/3/6 2102/3/6 2101/3/6
f 2116/3/6 2092/3/6 2102/3/6
f 2116/3/6 2102/3/6 2115/3/6
f 2116/4/6 2093/4/6 2092/4/6
f 2117/3/6 2094/3/6 2093/3/6
f 2117/4/6 2093/4/6 2116/4/6
f 2117/3/6 2095/3/6 2094/3/6
f 2118/5/6 2104/5/6 2103/5/6
f 2118/3/6 2095/3/6 2117/3/6
f 2118/5/6 2103/5/6 2095/5/6
f 2119/3/6 2082/3/6 2081/3/6
f 2119/4/6 2034/4/6 2082/4/6
f 2120/4/6 2034/4/6 2119/4/6
f 2121/4/6 2111/4/6 2085/4/6
f 2122/3/6 2112/3/6 2111/3/6
f 2122/4/6 2111/4/6 2121/4/6
f 2123/3/6 2099/3/6 2112/3/6
f 2123/3/6 2112/3/6 2122/3/6
f 2124/2/6 2113/2/6 2099/2/6
f 2124/3/6 2099/3/6 2123/3/6
f 2125/3/6 2115/3/6 2101/3/6
f 2125/4/6 2108/4/6 2107/4/6
f 2125/4/6 2101/4/6 2108/4/6
f 2126/4/6 2117/4/6 2116/4/6
f 2126/3/6 2115/3/6 2125/3/6
f 2126/4/6 2116/4/6 2115/4/6
f 2126/4/6 2118/4/6 2117/4/6
f 2127/2/6 2081/2/6 2090/2/6
f 2127/4/6 2090/4/6 2089/4/6
f 2128/3/6 2120/3/6 2119/3/6
f 2128/2/6 2081/2/6 2127/2/6
f 2128/3/6 2119/3/6 2081/3/6
f 2129/3/6 2120/3/6 2128/3/6
f 2130/3/6 2120/3/6 2129/3/6
f 2131/4/6 2060/4/6 2098/4/6
f 2131/5/6 2061/5/6 2060/5/6
f 2131/4/6 2098/4/6 2110/4/6
f 2132/4/6 2121/4/6 2085/4/6
f 2132/5/6 2061/5/6 2131/5/6
f 2132/4/6 2085/4/6 2061/4/6
f 2133/3/6 2122/3/6 2121/3/6
f 2133/3/6 2123/3/6 2122/3/6
f 2134/2/6 2124/2/6 2123/2/6
f 2134/3/6 2123/3/6 2133/3/6
f 2135/4/6 2118/4/6 2126/4/6
f 2135/4/6 2126/4/6 2125/4/6
f 2136/5/6 2104/5/6 2118/5/6
f 2136/4/6 2118/4/6 2135/4/6
f 2137/5/6 2110/5/6 2109/5/6
f 2137/4/6 2131/4/6 2110/4/6
f 2137/4/6 2132/4/6 2131/4/6
f 2138/4/6 2132/4/6 2137/4/6
f 2139/4/6 2132/4/6 2138/4/6
f 2140/4/6 2121/4/6 2132/4/6
f 2140/4/6 2132/4/6 2139/4/6
f 2141/4/6 2016/4/6 2084/4/6
f 2141/4/6 2084/4/6 2083/4/6
f 2142/5/6 2039/5/6 2016/5/6
f 2142/4/6 2016/4/6 2141/4/6
f 2143/5/6 2109/5/6 2105/5/6
f 2143/5/6 2137/5/6 2109/5/6
f 2143/5/6 2138/5/6 2137/5/6
f 2144/5/6 2138/5/6 2143/5/6
f 2145/3/6 2133/3/6 2121/3/6
f 2146/2/6 2134/2/6 2133/2/6
f 2146/3/6 2133/3/6 2145/3/6
f 2147/4/6 2127/4/6 2089/4/6
f 2147/3/6 2129/3/6 2128/3/6
f 2147/3/6 2128/3/6 2127/3/6
f 2148/4/6 2130/4/6 2129/4/6
f 2148/3/6 2129/3/6 2147/3/6
f 2149/5/6 2143/5/6 2105/5/6
f 2150/4/6 2144/4/6 2143/4/6
f 2150/5/6 2143/5/6 2149/5/6
f 2151/4/6 2121/4/6 2140/4/6
f 2151/5/6 2140/5/6 2139/5/6
f 2152/4/6 2121/4/6 2151/4/6
f 2153/3/6 2145/3/6 2121/3/6
f 2154/2/6 2146/2/6 2145/2/6
f 2154/3/6 2145/3/6 2153/3/6
f 2155/4/6 2135/4/6 2125/4/6
f 2156/5/6 2136/5/6 2135/5/6
f 2156/4/6 2135/4/6 2155/4/6
f 2157/5/6 2136/5/6 2156/5/6
f 2158/5/6 2104/5/6 2136/5/6
f 2158/5/6 2136/5/6 2157/5/6
f 2159/4/6 2150/4/6 2149/4/6
f 2160/5/6 2138/5/6 2144/5/6
f 2160/4/6 2150/4/6 2159/4/6
f 2160/4/6 2144/4/6 2150/4/6
f 2161/4/6 2139/4/6 2138/4/6
f 2161/5/6 2138/5/6 2160/5/6
f 2162/4/6 2139/4/6 2161/4/6
f 2163/3/6 2153/3/6 2121/3/6
f 2164/2/6 2154/2/6 2153/2/6
f 2164/3/6 2153/3/6 2163/3/6
f 2165/4/6 2125/4/6 2107/4/6
f 2165/4/6 2155/4/6 2125/4/6
f 2166/4/6 2155/4/6 2165/4/6
f 2167/2/6 2166/2/6 2165/2/6
f 2167/4/6 2155/4/6 2166/4/6
f 2168/4/6 2155/4/6 2167/4/6
f 2169/5/6 2160/5/6 2159/5/6
f 2169/5/6 2161/5/6 2160/5/6
f 2169/5/6 2162/5/6 2161/5/6
f 2170/5/6 2162/5/6 2169/5/6
f 2171/4/6 2165/4/6 2107/4/6
f 2172/4/6 2165/4/6 2171/4/6
f 2173/2/6 2168/2/6 2167/2/6
f 2173/4/6 2165/4/6 2172/4/6
f 2173/2/6 2167/2/6 2165/2/6
f 2174/4/6 2155/4/6 2168/4/6
f 2174/2/6 2168/2/6 2173/2/6
f 2175/4/6 2158/4/6 2157/4/6
f 2175/5/6 2104/5/6 2158/5/6
f 2176/5/6 2104/5/6 2175/5/6
f 2177/5/6 2162/5/6 2170/5/6
f 2177/4/6 2170/4/6 2169/4/6
f 2178/4/6 2139/4/6 2162/4/6
f 2178/5/6 2162/5/6 2177/5/6
f 2179/2/6 2134/2/6 2146/2/6
f 2179/2/6 2154/2/6 2164/2/6
f 2179/2/6 2113/2/6 2124/2/6
f 2179/4/6 2114/4/6 2113/4/6
f 2179/2/6 2146/2/6 2154/2/6
f 2179/2/6 2124/2/6 2134/2/6
f 2179/2/6 2164/2/6 2163/2/6
f 2180/4/6 2114/4/6 2179/4/6
f 2181/4/6 2173/4/6 2172/4/6
f 2181/4/6 2155/4/6 2174/4/6
f 2181/5/6 2157/5/6 2156/5/6
f 2181/4/6 2174/4/6 2173/4/6
f 2181/5/6 2156/5/6 2155/5/6
f 2182/5/6 2157/5/6 2181/5/6
f 2183/5/6 2157/5/6 2182/5/6
f 2184/4/6 2175/4/6 2157/4/6
f 2184/5/6 2157/5/6 2183/5/6
f 2184/4/6 2176/4/6 2175/4/6
f 2185/4/6 2121/4/6 2152/4/6
f 2185/3/6 2163/3/6 2121/3/6
f 2186/2/6 2179/2/6 2163/2/6
f 2186/3/6 2163/3/6 2185/3/6
f 2187/4/6 2182/4/6 2181/4/6
f 2187/4/6 2181/4/6 2172/4/6
f 2188/5/6 2183/5/6 2182/5/6
f 2188/4/6 2182/4/6 2187/4/6
f 2189/4/6 2184/4/6 2183/4/6
f 2189/5/6 2183/5/6 2188/5/6
f 2190/4/6 2176/4/6 2184/4/6
f 2190/4/6 2184/4/6 2189/4/6
f 2191/4/6 2176/4/6 2190/4/6
f 2192/4/6 2176/4/6 2191/4/6
f 2193/4/6 2185/4/6 2152/4/6
f 2193/2/6 2186/2/6 2185/2/6
f 2194/2/6 2179/2/6 2186/2/6
f 2194/2/6 2186/2/6 2193/2/6
f 2195/3/6 2172/3/6 2171/3/6
f 2196/4/6 2187/4/6 2172/4/6
f 2196/3/6 2172/3/6 2195/3/6
f 2197/3/6 2192/3/6 2191/3/6
f 2197/4/6 2191/4/6 2190/4/6
f 2198/4/6 2176/4/6 2192/4/6
f 2198/3/6 2192/3/6 2197/3/6
f 2199/4/6 2147/4/6 2089/4/6
f 2199/4/6 2148/4/6 2147/4/6
f 2200/4/6 2130/4/6 2148/4/6
f 2200/4/6 2148/4/6 2199/4/6
f 2201/4/6 2177/4/6 2169/4/6
f 2201/4/6 2178/4/6 2177/4/6
f 2202/4/6 2178/4/6 2201/4/6
f 2203/3/6 2180/3/6 2179/3/6
f 2203/2/6 2179/2/6 2194/2/6
f 2204/3/6 2180/3/6 2203/3/6
f 2205/4/6 2141/4/6 2083/4/6
f 2206/5/6 2142/5/6 2141/5/6
f 2206/4/6 2141/4/6 2205/4/6
f 2207/3/6 2202/3/6 2201/3/6
f 2208/4/6 2178/4/6 2202/4/6
f 2208/3/6 2202/3/6 2207/3/6
f 2209/4/6 2139/4/6 2178/4/6
f 2209/4/6 2178/4/6 2208/4/6
f 2209/5/6 2151/5/6 2139/5/6
f 2209/5/6 2152/5/6 2151/5/6
f 2210/5/6 2152/5/6 2209/5/6
f 2211/4/6 2193/4/6 2152/4/6
f 2211/3/6 2194/3/6 2193/3/6
f 2212/2/6 2204/2/6 2203/2/6
f 2212/3/6 2194/3/6 2211/3/6
f 2212/2/6 2203/2/6 2194/2/6
f 2213/2/6 2204/2/6 2212/2/6
f 2214/2/6 2196/2/6 2195/2/6
f 2215/2/6 2196/2/6 2214/2/6
f 2216/2/6 2204/2/6 2213/2/6
f 2217/2/6 2204/2/6 2216/2/6
f 2218/4/6 2187/4/6 2196/4/6
f 2219/4/6 2187/4/6 2218/4/6
f 2220/3/6 2200/3/6 2199/3/6
f 2220/4/6 2199/4/6 2089/4/6
f 2221/4/6 2130/4/6 2200/4/6
f 2221/3/6 2200/3/6 2220/3/6
f 2222/4/6 2130/4/6 2221/4/6
f 2223/2/6 2208/2/6 2207/2/6
f 2224/4/6 2210/4/6 2209/4/6
f 2224/2/6 2208/2/6 2223/2/6
f 2224/4/6 2209/4/6 2208/4/6
f 2225/4/6 2187/4/6 2219/4/6
f 2225/3/6 2219/3/6 2218/3/6
f 2226/4/6 2187/4/6 2225/4/6
f 2227/4/6 2187/4/6 2226/4/6
f 2228/5/6 2189/5/6 2188/5/6
f 2228/4/6 2187/4/6 2227/4/6
f 2228/5/6 2188/5/6 2187/5/6
f 2228/5/6 2190/5/6 2189/5/6
f 2229/5/6 2190/5/6 2228/5/6
f 2230/5/6 2190/5/6 2229/5/6
f 2231/4/6 2221/4/6 2220/4/6
f 2232/5/6 2222/5/6 2221/5/6
f 2232/4/6 2221/4/6 2231/4/6
f 2233/2/6 2196/2/6 2215/2/6
f 2233/3/6 2215/3/6 2214/3/6
f 2234/4/6 2218/4/6 2196/4/6
f 2234/2/6 2196/2/6 2233/2/6
f 2235/2/6 2226/2/6 2225/2/6
f 2235/3/6 2225/3/6 2218/3/6
f 2236/3/6 2227/3/6 2226/3/6
f 2236/2/6 2226/2/6 2235/2/6
f 2237/4/6 2228/4/6 2227/4/6
f 2237/3/6 2227/3/6 2236/3/6
f 2237/4/6 2229/4/6 2228/4/6
f 2238/3/6 2230/3/6 2229/3/6
f 2238/4/6 2229/4/6 2237/4/6
f 2239/5/6 2190/5/6 2230/5/6
f 2239/3/6 2230/3/6 2238/3/6
f 2240/5/6 2222/5/6 2232/5/6
f 2240/5/6 2232/5/6 2231/5/6
f 2241/5/6 2222/5/6 2240/5/6
f 2242/3/6 2224/3/6 2223/3/6
f 2243/4/6 2210/4/6 2224/4/6
f 2243/3/6 2224/3/6 2242/3/6
f 2244/3/6 2235/3/6 2218/3/6
f 2244/4/6 2218/4/6 2234/4/6
f 2244/4/6 2234/4/6 2233/4/6
f 2245/4/6 2238/4/6 2237/4/6
f 2245/3/6 2235/3/6 2244/3/6
f 2245/4/6 2239/4/6 2238/4/6
f 2245/4/6 2237/4/6 2236/4/6
f 2245/4/6 2236/4/6 2235/4/6
f 2246/5/6 2190/5/6 2239/5/6
f 2247/4/6 2197/4/6 2190/4/6
f 2247/5/6 2190/5/6 2246/5/6
f 2247/4/6 2198/4/6 2197/4/6
f 2248/4/6 2231/4/6 2220/4/6
f 2248/5/6 2240/5/6 2231/5/6
f 2249/4/6 2241/4/6 2240/4/6
f 2249/5/6 2240/5/6 2248/5/6
f 2250/4/6 2205/4/6 2083/4/6
f 2250/5/6 2206/5/6 2205/5/6
f 2251/5/6 2142/5/6 2206/5/6
f 2251/5/6 2206/5/6 2250/5/6
f 2252/5/6 2039/5/6 2142/5/6
f 2252/5/6 2142/5/6 2251/5/6
f 2253/5/6 2039/5/6 2252/5/6
f 2254/5/6 2039/5/6 2253/5/6
f 2255/5/6 2039/5/6 2254/5/6
f 2256/5/6 2152/5/6 2210/5/6
f 2256/4/6 2210/4/6 2243/4/6
f 2257/4/6 2211/4/6 2152/4/6
f 2257/5/6 2152/5/6 2256/5/6
f 2257/4/6 2212/4/6 2211/4/6
f 2257/4/6 2213/4/6 2212/4/6
f 2258/2/6 2216/2/6 2213/2/6
f 2258/4/6 2213/4/6 2257/4/6
f 2259/2/6 2216/2/6 2258/2/6
f 2260/5/6 2246/5/6 2239/5/6
f 2260/4/6 2245/4/6 2244/4/6
f 2260/4/6 2239/4/6 2245/4/6
f 2261/4/6 2247/4/6 2246/4/6
f 2261/5/6 2246/5/6 2260/5/6
f 2262/4/6 2251/4/6 2250/4/6
f 2262/5/6 2252/5/6 2251/5/6
f 2263/4/6 2253/4/6 2252/4/6
f 2263/5/6 2252/5/6 2262/5/6
f 2264/5/6 2254/5/6 2253/5/6
f 2264/4/6 2253/4/6 2263/4/6
f 2265/4/6 2255/4/6 2254/4/6
f 2265/5/6 2254/5/6 2264/5/6
f 2266/4/6 2247/4/6 2261/4/6
f 2266/4/6 2261/4/6 2260/4/6
f 2267/4/6 2247/4/6 2266/4/6
f 2268/4/6 2247/4/6 2267/4/6
f 2269/2/6 2243/2/6 2242/2/6
f 2269/4/6 2256/4/6 2243/4/6
f 2269/4/6 2258/4/6 2257/4/6
f 2269/4/6 2257/4/6 2256/4/6
f 2270/4/6 2258/4/6 2269/4/6
f 2271/3/6 2259/3/6 2258/3/6
f 2271/4/6 2258/4/6 2270/4/6
f 2272/2/6 2267/2/6 2266/2/6
f 2272/4/6 2266/4/6 2260/4/6
f 2273/3/6 2268/3/6 2267/3/6
f 2273/2/6 2267/2/6 2272/2/6
f 2274/3/6 2268/3/6 2273/3/6
f 2275/3/6 2268/3/6 2274/3/6
f 2276/4/6 2248/4/6 2220/4/6
f 2276/4/6 2249/4/6 2248/4/6
f 2277/4/6 2249/4/6 2276/4/6
f 2278/2/6 2270/2/6 2269/2/6
f 2278/2/6 2269/2/6 2242/2/6
f 2279/2/6 2270/2/6 2278/2/6
f 2280/3/6 2271/3/6 2270/3/6
f 2281/2/6 2216/2/6 2259/2/6
f 2281/3/6 2271/3/6 2280/3/6
f 2281/3/6 2259/3/6 2271/3/6
f 2282/2/6 2216/2/6 2281/2/6
f 2283/4/6 2272/4/6 2260/4/6
f 2283/4/6 2260/4/6 2244/4/6
f 2283/4/6 2273/4/6 2272/4/6
f 2283/4/6 2274/4/6 2273/4/6
f 2284/4/6 2274/4/6 2283/4/6
f 2285/4/6 2198/4/6 2247/4/6
f 2285/4/6 2247/4/6 2268/4/6
f 2286/4/6 2198/4/6 2285/4/6
f 2287/2/6 2270/2/6 2279/2/6
f 2288/2/6 2270/2/6 2287/2/6
f 2289/4/6 2285/4/6 2268/4/6
f 2289/3/6 2286/3/6 2285/3/6
f 2290/4/6 2198/4/6 2286/4/6
f 2290/3/6 2286/3/6 2289/3/6
f 2291/4/6 2244/4/6 2233/4/6
f 2291/3/6 2233/3/6 2214/3/6
f 2291/4/6 2283/4/6 2244/4/6
f 2292/4/6 2283/4/6 2291/4/6
f 2293/4/6 2274/4/6 2284/4/6
f 2293/3/6 2284/3/6 2283/3/6
f 2294/4/6 2274/4/6 2293/4/6
f 2295/2/6 2275/2/6 2274/2/6
f 2295/4/6 2274/4/6 2294/4/6
f 2296/4/6 2264/4/6 2263/4/6
f 2296/4/6 2263/4/6 2262/4/6
f 2296/4/6 2250/4/6 2083/4/6
f 2296/4/6 2262/4/6 2250/4/6
f 2296/4/6 2265/4/6 2264/4/6
f 2297/4/6 2265/4/6 2296/4/6
f 2298/3/6 2280/3/6 2270/3/6
f 2299/3/6 2280/3/6 2298/3/6
f 2300/2/6 2216/2/6 2282/2/6
f 2301/3/6 2217/3/6 2216/3/6
f 2301/2/6 2216/2/6 2300/2/6
f 2302/3/6 2268/3/6 2275/3/6
f 2302/4/6 2290/4/6 2289/4/6
f 2302/4/6 2289/4/6 2268/4/6
f 2303/4/6 2290/4/6 2302/4/6
f 2304/3/6 2301/3/6 2300/3/6
f 2304/2/6 2300/2/6 2282/2/6
f 2305/3/6 2217/3/6 2301/3/6
f 2305/3/6 2301/3/6 2304/3/6
f 2306/3/6 2292/3/6 2291/3/6
f 2307/4/6 2283/4/6 2292/4/6
f 2307/3/6 2292/3/6 2306/3/6
f 2308/2/6 2295/2/6 2294/2/6
f 2308/3/6 2294/3/6 2293/3/6
f 2309/2/6 2275/2/6 2295/2/6
f 2309/2/6 2295/2/6 2308/2/6
f 2309/3/6 2303/3/6 2302/3/6
f 2309/3/6 2302/3/6 2275/3/6
f 2310/4/6 2296/4/6 2083/4/6
f 2310/5/6 2297/5/6 2296/5/6
f 2311/4/6 2265/4/6 2297/4/6
f 2311/5/6 2297/5/6 2310/5/6
f 2312/3/6 2308/3/6 2293/3/6
f 2312/4/6 2283/4/6 2307/4/6
f 2312/3/6 2293/3/6 2283/3/6
f 2312/4/6 2307/4/6 2306/4/6
f 2312/3/6 2309/3/6 2308/3/6
f 2313/3/6 2309/3/6 2312/3/6
f 2314/4/6 2265/4/6 2311/4/6
f 2314/4/6 2311/4/6 2310/4/6
f 2314/4/6 2255/4/6 2265/4/6
f 2315/4/6 2255/4/6 2314/4/6
f 2316/3/6 2298/3/6 2270/3/6
f 2316/2/6 2270/2/6 2288/2/6
f 2317/3/6 2298/3/6 2316/3/6
f 2318/3/6 2306/3/6 2291/3/6
f 2318/4/6 2313/4/6 2312/4/6
f 2318/4/6 2312/4/6 2306/4/6
f 2319/4/6 2313/4/6 2318/4/6
f 2320/4/6 2176/4/6 2198/4/6
f 2320/4/6 2198/4/6 2290/4/6
f 2320/4/6 2290/4/6 2303/4/6
f 2321/4/6 2220/4/6 2089/4/6
f 2321/4/6 2089/4/6 2079/4/6
f 2321/4/6 2276/4/6 2220/4/6
f 2322/5/6 2277/5/6 2276/5/6
f 2323/4/6 2249/4/6 2277/4/6
f 2323/5/6 2277/5/6 2322/5/6
f 2324/4/6 2241/4/6 2249/4/6
f 2324/4/6 2249/4/6 2323/4/6
f 2326/4/6 2310/4/6 2083/4/6
f 2326/4/6 2314/4/6 2310/4/6
f 2327/5/6 2315/5/6 2314/5/6
f 2332/3/6 2279/3/6 2278/3/6
f 2333/3/6 2280/3/6 2299/3/6
f 2333/4/6 2282/4/6 2281/4/6
f 2333/4/6 2281/4/6 2280/4/6
f 2334/4/6 2282/4/6 2333/4/6
f 2335/2/6 2304/2/6 2282/2/6
f 2335/4/6 2282/4/6 2334/4/6
f 2335/2/6 2305/2/6 2304/2/6
f 2336/3/6 2217/3/6 2305/3/6
f 2336/2/6 2305/2/6 2335/2/6
f 2337/3/6 2217/3/6 2336/3/6
f 2338/3/6 2319/3/6 2318/3/6
f 2338/3/6 2318/3/6 2291/3/6
f 2339/3/6 2319/3/6 2338/3/6
f 2340/4/6 2313/4/6 2319/4/6
f 2340/3/6 2319/3/6 2339/3/6
f 2341/4/6 2313/4/6 2340/4/6
f 2342/3/6 2309/3/6 2313/3/6
f 2342/3/6 2303/3/6 2309/3/6
f 2343/4/6 2320/4/6 2303/4/6
f 2343/3/6 2303/3/6 2342/3/6
f 2343/4/6 2321/4/6 2320/4/6
f 2344/4/6 2321/4/6 2343/4/6
f 2345/4/6 2321/4/6 2344/4/6
f 2346/4/6 2325/4/6 2324/4/6
f 2346/4/6 2324/4/6 2323/4/6
f 2346/3/6 2326/3/6 2325/3/6
f 2346/4/6 2323/4/6 2322/4/6
f 2347/3/6 2326/3/6 2346/3/6
f 2348/4/6 2313/4/6 2341/4/6
f 2348/5/6 2341/5/6 2340/5/6
f 2348/5/6 2340/5/6 2339/5/6
f 2349/4/6 2313/4/6 2348/4/6
f 2350/3/6 2342/3/6 2313/3/6
f 2350/4/6 2313/4/6 2349/4/6
f 2351/4/6 2344/4/6 2343/4/6
f 2351/3/6 2342/3/6 2350/3/6
f 2351/4/6 2343/4/6 2342/4/6
f 2352/3/6 2345/3/6 2344/3/6
f 2352/4/6 2344/4/6 2351/4/6
f 2353/3/6 2345/3/6 2352/3/6
f 2354/4/6 2329/4/6 2328/4/6
f 2355/3/6 2330/3/6 2329/3/6
f 2355/4/6 2329/4/6 2354/4/6
f 2356/3/6 2291/3/6 2214/3/6
f 2356/3/6 2338/3/6 2291/3/6
f 2357/4/6 2339/4/6 2338/4/6
f 2357/3/6 2338/3/6 2356/3/6
f 2358/4/6 2351/4/6 2350/4/6
f 2358/4/6 2350/4/6 2349/4/6
f 2358/4/6 2352/4/6 2351/4/6
f 2358/4/6 2353/4/6 2352/4/6
f 2359/4/6 2353/4/6 2358/4/6
f 2360/3/6 2345/3/6 2353/3/6
f 2360/4/6 2353/4/6 2359/4/6
f 2361/4/6 2321/4/6 2345/4/6
f 2361/3/6 2345/3/6 2360/3/6
f 2362/5/6 2322/5/6 2276/5/6
f 2362/4/6 2347/4/6 2346/4/6
f 2362/4/6 2346/4/6 2322/4/6
f 2363/4/6 2347/4/6 2362/4/6
f 2364/3/6 2326/3/6 2347/3/6
f 2364/4/6 2314/4/6 2326/4/6
f 2365/4/6 2314/4/6 2364/4/6
f 2366/3/6 2332/3/6 2331/3/6
f 2367/3/6 2279/3/6 2332/3/6
f 2367/3/6 2332/3/6 2366/3/6
f 2367/2/6 2287/2/6 2279/2/6
f 2368/2/6 2317/2/6 2316/2/6
f 2368/2/6 2316/2/6 2288/2/6
f 2368/3/6 2288/3/6 2287/3/6
f 2369/2/6 2317/2/6 2368/2/6
f 2370/2/6 2335/2/6 2334/2/6
f 2370/3/6 2334/3/6 2333/3/6
f 2370/2/6 2337/2/6 2336/2/6
f 2370/2/6 2336/2/6 2335/2/6
f 2371/2/6 2337/2/6 2370/2/6
f 2372/2/6 2337/2/6 2371/2/6
f 2373/2/6 2337/2/6 2372/2/6
f 2374/4/6 2360/4/6 2359/4/6
f 2374/4/6 2361/4/6 2360/4/6
f 2375/4/6 2361/4/6 2374/4/6
f 2376/4/6 2321/4/6 2361/4/6
f 2376/4/6 2361/4/6 2375/4/6
f 2376/4/6 2276/4/6 2321/4/6
f 2377/5/6 2363/5/6 2362/5/6
f 2377/4/6 2276/4/6 2376/4/6
f 2377/5/6 2362/5/6 2276/5/6
f 2378/4/6 2347/4/6 2363/4/6
f 2378/5/6 2363/5/6 2377/5/6
f 2379/4/6 2347/4/6 2378/4/6
f 2380/4/6 2354/4/6 2328/4/6
f 2380/3/6 2355/3/6 2354/3/6
f 2381/3/6 2330/3/6 2355/3/6
f 2381/3/6 2355/3/6 2380/3/6
f 2382/3/6 2298/3/6 2317/3/6
f 2382/2/6 2317/2/6 2369/2/6
f 2383/3/6 2298/3/6 2382/3/6
f 2384/2/6 2372/2/6 2371/2/6
f 2385/2/6 2372/2/6 2384/2/6
f 2386/4/6 2373/4/6 2372/4/6
f 2386/2/6 2372/2/6 2385/2/6
f 2387/5/6 2349/5/6 2348/5/6
f 2387/4/6 2339/4/6 2357/4/6
f 2387/4/6 2357/4/6 2356/4/6
f 2387/5/6 2348/5/6 2339/5/6
f 2388/5/6 2349/5/6 2387/5/6
f 2389/4/6 2374/4/6 2359/4/6
f 2390/4/6 2374/4/6 2389/4/6
f 2391/3/6 2375/3/6 2374/3/6
f 2392/4/6 2376/4/6 2375/4/6
f 2392/3/6 2375/3/6 2391/3/6
f 2393/4/6 2314/4/6 2365/4/6
f 2394/5/6 2327/5/6 2314/5/6
f 2394/4/6 2314/4/6 2393/4/6
f 2394/5/6 2328/5/6 2327/5/6
f 2395/5/6 2328/5/6 2394/5/6
f 2396/4/6 2381/4/6 2380/4/6
f 2396/5/6 2328/5/6 2395/5/6
f 2396/4/6 2380/4/6 2328/4/6
f 2397/4/6 2299/4/6 2298/4/6
f 2397/3/6 2298/3/6 2383/3/6
f 2398/3/6 2333/3/6 2299/3/6
f 2398/4/6 2299/4/6 2397/4/6
f 2398/3/6 2370/3/6 2333/3/6
f 2398/3/6 2371/3/6 2370/3/6
f 2399/2/6 2384/2/6 2371/2/6
f 2399/3/6 2371/3/6 2398/3/6
f 2400/2/6 2384/2/6 2399/2/6
f 2401/3/6 2385/3/6 2384/3/6
f 2402/4/6 2386/4/6 2385/4/6
f 2402/3/6 2385/3/6 2401/3/6
f 2403/5/6 2349/5/6 2388/5/6
f 2403/4/6 2388/4/6 2387/4/6
f 2404/4/6 2358/4/6 2349/4/6
f 2404/5/6 2349/5/6 2403/5/6
f 2405/4/6 2374/4/6 2390/4/6
f 2405/3/6 2391/3/6 2374/3/6
f 2406/2/6 2392/2/6 2391/2/6
f 2406/3/6 2391/3/6 2405/3/6
f 2407/2/6 2392/2/6 2406/2/6
f 2408/4/6 2376/4/6 2392/4/6
f 2409/4/6 2376/4/6 2408/4/6
f 2410/3/6 2364/3/6 2347/3/6
f 2410/3/6 2365/3/6 2364/3/6
f 2410/4/6 2347/4/6 2379/4/6
f 2411/3/6 2365/3/6 2410/3/6
f 2412/2/6 2383/2/6 2382/2/6
f 2412/2/6 2382/2/6 2369/2/6
f 2413/2/6 2383/2/6 2412/2/6
f 2414/4/6 2408/4/6 2392/4/6
f 2415/4/6 2408/4/6 2414/4/6
f 2416/5/6 2377/5/6 2376/5/6
f 2416/5/6 2379/5/6 2378/5/6
f 2416/5/6 2378/5/6 2377/5/6
f 2417/5/6 2379/5/6 2416/5/6
f 2418/4/6 2411/4/6 2410/4/6
f 2418/4/6 2410/4/6 2379/4/6
f 2419/4/6 2411/4/6 2418/4/6
f 2420/5/6 2395/5/6 2394/5/6
f 2420/5/6 2394/5/6 2393/5/6
f 2421/4/6 2396/4/6 2395/4/6
f 2421/5/6 2395/5/6 2420/5/6
f 2422/4/6 2381/4/6 2396/4/6
f 2422/4/6 2396/4/6 2421/4/6
f 2423/3/6 2330/3/6 2381/3/6
f 2423/4/6 2381/4/6 2422/4/6
f 2424/2/6 2367/2/6 2366/2/6
f 2425/2/6 2287/2/6 2367/2/6
f 2425/2/6 2367/2/6 2424/2/6
f 2425/3/6 2369/3/6 2368/3/6
f 2425/3/6 2368/3/6 2287/3/6
f 2426/2/6 2412/2/6 2369/2/6
f 2426/3/6 2369/3/6 2425/3/6
f 2427/4/6 2413/4/6 2412/4/6
f 2427/2/6 2412/2/6 2426/2/6
f 2428/2/6 2383/2/6 2413/2/6
f 2428/4/6 2413/4/6 2427/4/6
f 2429/3/6 2398/3/6 2397/3/6
f 2429/2/6 2383/2/6 2428/2/6
f 2429/3/6 2397/3/6 2383/3/6
f 2429/3/6 2399/3/6 2398/3/6
f 2429/3/6 2400/3/6 2399/3/6
f 2430/4/6 2358/4/6 2404/4/6
f 2430/4/6 2404/4/6 2403/4/6
f 2431/5/6 2359/5/6 2358/5/6
f 2431/4/6 2358/4/6 2430/4/6
f 2432/4/6 2389/4/6 2359/4/6
f 2432/5/6 2359/5/6 2431/5/6
f 2433/4/6 2389/4/6 2432/4/6
f 2434/3/6 2390/3/6 2389/3/6
f 2434/4/6 2389/4/6 2433/4/6
f 2435/4/6 2405/4/6 2390/4/6
f 2435/3/6 2390/3/6 2434/3/6
f 2435/4/6 2406/4/6 2405/4/6
f 2435/4/6 2407/4/6 2406/4/6
f 2436/2/6 2392/2/6 2407/2/6
f 2436/4/6 2407/4/6 2435/4/6
f 2437/4/6 2414/4/6 2392/4/6
f 2437/2/6 2392/2/6 2436/2/6
f 2438/4/6 2408/4/6 2415/4/6
f 2438/3/6 2409/3/6 2408/3/6
f 2439/4/6 2376/4/6 2409/4/6
f 2439/3/6 2409/3/6 2438/3/6
f 2440/5/6 2416/5/6 2376/5/6
f 2440/4/6 2417/4/6 2416/4/6
f 2441/5/6 2379/5/6 2417/5/6
f 2441/4/6 2417/4/6 2440/4/6
f 2442/4/6 2411/4/6 2419/4/6
f 2442/5/6 2419/5/6 2418/5/6
f 2443/4/6 2411/4/6 2442/4/6
f 2444/3/6 2365/3/6 2411/3/6
f 2445/4/6 2393/4/6 2365/4/6
f 2445/3/6 2365/3/6 2444/3/6
f 2446/3/6 2330/3/6 2423/3/6
f 2446/3/6 2423/3/6 2422/3/6
f 2446/2/6 2331/2/6 2330/2/6
f 2447/3/6 2366/3/6 2331/3/6
f 2447/2/6 2331/2/6 2446/2/6
f 2448/2/6 2424/2/6 2366/2/6
f 2448/3/6 2366/3/6 2447/3/6
f 2449/3/6 2427/3/6 2426/3/6
f 2449/2/6 2424/2/6 2448/2/6
f 2449/3/6 2426/3/6 2425/3/6
f 2449/3/6 2425/3/6 2424/3/6
f 2450/4/6 2435/4/6 2434/4/6
f 2450/4/6 2437/4/6 2436/4/6
f 2450/4/6 2434/4/6 2433/4/6
f 2450/4/6 2436/4/6 2435/4/6
f 2451/4/6 2437/4/6 2450/4/6
f 2452/4/6 2437/4/6 2451/4/6
f 2453/4/6 2439/4/6 2438/4/6
f 2454/4/6 2376/4/6 2439/4/6
f 2454/4/6 2439/4/6 2453/4/6
f 2455/4/6 2418/4/6 2379/4/6
f 2456/5/6 2443/5/6 2442/5/6
f 2456/4/6 2418/4/6 2455/4/6
f 2456/5/6 2442/5/6 2418/5/6
f 2457/4/6 2411/4/6 2443/4/6
f 2457/5/6 2443/5/6 2456/5/6
f 2458/4/6 2411/4/6 2457/4/6
f 2459/3/6 2444/3/6 2411/3/6
f 2459/4/6 2411/4/6 2458/4/6
f 2460/4/6 2445/4/6 2444/4/6
f 2460/3/6 2444/3/6 2459/3/6
f 2461/5/6 2420/5/6 2393/5/6
f 2462/4/6 2422/4/6 2421/4/6
f 2462/5/6 2420/5/6 2461/5/6
f 2462/4/6 2421/4/6 2420/4/6
f 2463/3/6 2447/3/6 2446/3/6
f 2463/3/6 2449/3/6 2448/3/6
f 2463/3/6 2448/3/6 2447/3/6
f 2464/3/6 2427/3/6 2449/3/6
f 2464/3/6 2449/3/6 2463/3/6
f 2465/3/6 2427/3/6 2464/3/6
f 2466/4/6 2428/4/6 2427/4/6
f 2466/3/6 2427/3/6 2465/3/6
f 2467/3/6 2429/3/6 2428/3/6
f 2467/4/6 2428/4/6 2466/4/6
f 2468/3/6 2400/3/6 2429/3/6
f 2468/3/6 2429/3/6 2467/3/6
f 2469/4/6 2450/4/6 2433/4/6
f 2469/3/6 2451/3/6 2450/3/6
f 2470/3/6 2451/3/6 2469/3/6
f 2471/4/6 2376/4/6 2454/4/6
f 2472/5/6 2441/5/6 2440/5/6
f 2472/4/6 2376/4/6 2471/4/6
f 2472/5/6 2440/5/6 2376/5/6
f 2473/5/6 2379/5/6 2441/5/6
f 2473/5/6 2441/5/6 2472/5/6
f 2474/4/6 2455/4/6 2379/4/6
f 2474/5/6 2379/5/6 2473/5/6
f 2475/4/6 2459/4/6 2458/4/6
f 2475/4/6 2460/4/6 2459/4/6
f 2476/4/6 2445/4/6 2460/4/6
f 2476/4/6 2460/4/6 2475/4/6
f 2477/3/6 2465/3/6 2464/3/6
f 2477/4/6 2464/4/6 2463/4/6
f 2478/4/6 2467/4/6 2466/4/6
f 2478/3/6 2465/3/6 2477/3/6
f 2478/4/6 2466/4/6 2465/4/6
f 2478/4/6 2468/4/6 2467/4/6
f 2479/3/6 2451/3/6 2470/3/6
f 2479/4/6 2470/4/6 2469/4/6
f 2480/2/6 2452/2/6 2451/2/6
f 2480/3/6 2451/3/6 2479/3/6
f 2481/4/6 2437/4/6 2452/4/6
f 2481/2/6 2452/2/6 2480/2/6
f 2482/5/6 2472/5/6 2471/5/6
f 2482/5/6 2473/5/6 2472/5/6
f 2483/4/6 2474/4/6 2473/4/6
f 2483/5/6 2473/5/6 2482/5/6
f 2484/5/6 2456/5/6 2455/5/6
f 2484/4/6 2474/4/6 2483/4/6
f 2484/4/6 2455/4/6 2474/4/6
f 2484/5/6 2458/5/6 2457/5/6
f 2484/5/6 2457/5/6 2456/5/6
f 2485/4/6 2475/4/6 2458/4/6
f 2485/5/6 2458/5/6 2484/5/6
f 2486/5/6 2476/5/6 2475/5/6
f 2486/4/6 2475/4/6 2485/4/6
f 2487/4/6 2445/4/6 2476/4/6
f 2487/5/6 2476/5/6 2486/5/6
f 2488/4/6 2393/4/6 2445/4/6
f 2488/4/6 2445/4/6 2487/4/6
f 2489/5/6 2461/5/6 2393/5/6
f 2489/4/6 2393/4/6 2488/4/6
f 2490/4/6 2422/4/6 2462/4/6
f 2490/3/6 2463/3/6 2446/3/6
f 2490/3/6 2446/3/6 2422/3/6
f 2490/4/6 2462/4/6 2461/4/6
f 2491/3/6 2463/3/6 2490/3/6
f 2492/4/6 2477/4/6 2463/4/6
f 2492/4/6 2478/4/6 2477/4/6
f 2493/4/6 2478/4/6 2492/4/6
f 2494/4/6 2438/4/6 2415/4/6
f 2494/4/6 2453/4/6 2438/4/6
f 2494/5/6 2415/5/6 2414/5/6
f 2495/5/6 2454/5/6 2453/5/6
f 2495/4/6 2453/4/6 2494/4/6
f 2496/5/6 2454/5/6 2495/5/6
f 2497/4/6 2471/4/6 2454/4/6
f 2497/5/6 2454/5/6 2496/5/6
f 2498/4/6 2490/4/6 2461/4/6
f 2498/4/6 2491/4/6 2490/4/6
f 2499/4/6 2491/4/6 2498/4/6
f 2500/3/6 2463/3/6 2491/3/6
f 2501/4/6 2492/4/6 2463/4/6
f 2501/3/6 2463/3/6 2500/3/6
f 2502/4/6 2479/4/6 2469/4/6
f 2502/4/6 2481/4/6 2480/4/6
f 2502/4/6 2469/4/6 2433/4/6
f 2502/4/6 2480/4/6 2479/4/6
f 2502/5/6 2432/5/6 2431/5/6
f 2502/5/6 2431/5/6 2430/5/6
f 2502/5/6 2433/5/6 2432/5/6
f 2503/4/6 2437/4/6 2481/4/6
f 2503/4/6 2481/4/6 2502/4/6
f 2504/4/6 2491/4/6 2499/4/6
f 2505/3/6 2500/3/6 2491/3/6
f 2505/4/6 2491/4/6 2504/4/6
f 2506/2/6 2384/2/6 2400/2/6
f 2506/3/6 2400/3/6 2468/3/6
f 2507/2/6 2384/2/6 2506/2/6
f 2508/5/6 2502/5/6 2430/5/6
f 2508/4/6 2430/4/6 2403/4/6
f 2508/5/6 2503/5/6 2502/5/6
f 2509/5/6 2503/5/6 2508/5/6
f 2510/5/6 2496/5/6 2495/5/6
f 2510/4/6 2497/4/6 2496/4/6
f 2510/5/6 2495/5/6 2494/5/6
f 2511/4/6 2497/4/6 2510/4/6
f 2512/4/6 2478/4/6 2493/4/6
f 2512/4/6 2468/4/6 2478/4/6
f 2513/3/6 2507/3/6 2506/3/6
f 2513/4/6 2468/4/6 2512/4/6
f 2513/3/6 2506/3/6 2468/3/6
f 2514/3/6 2507/3/6 2513/3/6
f 2515/2/6 2384/2/6 2507/2/6
f 2515/3/6 2507/3/6 2514/3/6
f 2516/3/6 2401/3/6 2384/3/6
f 2516/4/6 2402/4/6 2401/4/6
f 2517/4/6 2402/4/6 2516/4/6
f 2518/3/6 2500/3/6 2505/3/6
f 2518/3/6 2505/3/6 2504/3/6
f 2519/4/6 2501/4/6 2500/4/6
f 2519/3/6 2500/3/6 2518/3/6
f 2520/4/6 2501/4/6 2519/4/6
f 2521/4/6 2501/4/6 2520/4/6
f 2522/4/6 2497/4/6 2511/4/6
f 2522/4/6 2471/4/6 2497/4/6
f 2522/5/6 2482/5/6 2471/5/6
f 2523/5/6 2482/5/6 2522/5/6
f 2524/5/6 2489/5/6 2488/5/6
f 2525/5/6 2461/5/6 2489/5/6
f 2525/5/6 2489/5/6 2524/5/6
f 2526/4/6 2501/4/6 2521/4/6
f 2526/5/6 2521/5/6 2520/5/6
f 2527/4/6 2501/4/6 2526/4/6
f 2528/4/6 2387/4/6 2356/4/6
f 2528/4/6 2509/4/6 2508/4/6
f 2528/4/6 2403/4/6 2387/4/6
f 2528/4/6 2508/4/6 2403/4/6
f 2529/4/6 2509/4/6 2528/4/6
f 2530/4/6 2437/4/6 2503/4/6
f 2530/5/6 2503/5/6 2509/5/6
f 2531/4/6 2414/4/6 2437/4/6
f 2531/4/6 2437/4/6 2530/4/6
f 2532/5/6 2494/5/6 2414/5/6
f 2532/4/6 2414/4/6 2531/4/6
f 2532/5/6 2511/5/6 2510/5/6
f 2532/5/6 2510/5/6 2494/5/6
f 2533/5/6 2511/5/6 2532/5/6
f 2534/4/6 2523/4/6 2522/4/6
f 2534/4/6 2522/4/6 2511/4/6
f 2535/4/6 2523/4/6 2534/4/6
f 2536/5/6 2524/5/6 2488/5/6
f 2537/4/6 2525/4/6 2524/4/6
f 2537/5/6 2524/5/6 2536/5/6
f 2538/5/6 2461/5/6 2525/5/6
f 2538/4/6 2498/4/6 2461/4/6
f 2539/5/6 2499/5/6 2498/5/6
f 2539/4/6 2498/4/6 2538/4/6
f 2540/4/6 2504/4/6 2499/4/6
f 2540/3/6 2518/3/6 2504/3/6
f 2541/4/6 2520/4/6 2519/4/6
f 2541/3/6 2518/3/6 2540/3/6
f 2541/4/6 2519/4/6 2518/4/6
f 2542/5/6 2527/5/6 2526/5/6
f 2542/4/6 2520/4/6 2541/4/6
f 2542/5/6 2526/5/6 2520/5/6
f 2543/5/6 2527/5/6 2542/5/6
f 2544/3/6 2514/3/6 2513/3/6
f 2544/3/6 2513/3/6 2512/3/6
f 2545/2/6 2515/2/6 2514/2/6
f 2545/3/6 2514/3/6 2544/3/6
f 2546/4/6 2373/4/6 2386/4/6
f 2546/4/6 2402/4/6 2517/4/6
f 2546/4/6 2386/4/6 2402/4/6
f 2547/4/6 2373/4/6 2546/4/6
f 2548/5/6 2530/5/6 2509/5/6
f 2548/4/6 2509/4/6 2529/4/6
f 2548/5/6 2531/5/6 2530/5/6
f 2549/5/6 2531/5/6 2548/5/6
f 2550/5/6 2531/5/6 2549/5/6
f 2551/5/6 2531/5/6 2550/5/6
f 2552/4/6 2534/4/6 2511/4/6
f 2553/3/6 2535/3/6 2534/3/6
f 2553/4/6 2534/4/6 2552/4/6
f 2554/4/6 2540/4/6 2499/4/6
f 2554/4/6 2541/4/6 2540/4/6
f 2554/4/6 2542/4/6 2541/4/6
f 2554/4/6 2543/4/6 2542/4/6
f 2555/4/6 2543/4/6 2554/4/6
f 2556/5/6 2527/5/6 2543/5/6
f 2556/4/6 2543/4/6 2555/4/6
f 2557/4/6 2501/4/6 2527/4/6
f 2557/5/6 2527/5/6 2556/5/6
f 2558/4/6 2501/4/6 2557/4/6
f 2559/4/6 2492/4/6 2501/4/6
f 2559/4/6 2501/4/6 2558/4/6
f 2560/4/6 2546/4/6 2517/4/6
f 2560/3/6 2517/3/6 2516/3/6
f 2561/4/6 2546/4/6 2560/4/6
f 2562/5/6 2550/5/6 2549/5/6
f 2562/4/6 2549/4/6 2548/4/6
f 2563/5/6 2550/5/6 2562/5/6
f 2564/5/6 2511/5/6 2533/5/6
f 2564/4/6 2533/4/6 2532/4/6
f 2564/4/6 2532/4/6 2531/4/6
f 2565/5/6 2511/5/6 2564/5/6
f 2566/5/6 2536/5/6 2488/5/6
f 2567/4/6 2537/4/6 2536/4/6
f 2567/5/6 2536/5/6 2566/5/6
f 2568/4/6 2554/4/6 2499/4/6
f 2569/4/6 2554/4/6 2568/4/6
f 2570/3/6 2559/3/6 2558/3/6
f 2571/4/6 2492/4/6 2559/4/6
f 2571/3/6 2559/3/6 2570/3/6
f 2572/4/6 2492/4/6 2571/4/6
f 2573/5/6 2493/5/6 2492/5/6
f 2573/4/6 2492/4/6 2572/4/6
f 2574/4/6 2512/4/6 2493/4/6
f 2574/5/6 2493/5/6 2573/5/6
f 2575/4/6 2512/4/6 2574/4/6
f 2576/4/6 2546/4/6 2561/4/6
f 2576/3/6 2561/3/6 2560/3/6
f 2577/2/6 2547/2/6 2546/2/6
f 2577/4/6 2546/4/6 2576/4/6
f 2578/5/6 2531/5/6 2551/5/6
f 2578/4/6 2551/4/6 2550/4/6
f 2579/4/6 2564/4/6 2531/4/6
f 2579/5/6 2531/5/6 2578/5/6
f 2579/4/6 2565/4/6 2564/4/6
f 2580/4/6 2523/4/6 2535/4/6
f 2580/3/6 2535/3/6 2553/3/6
f 2580/3/6 2553/3/6 2552/3/6
f 2581/4/6 2523/4/6 2580/4/6
f 2582/4/6 2558/4/6 2557/4/6
f 2582/4/6 2556/4/6 2555/4/6
f 2582/4/6 2557/4/6 2556/4/6
f 2583/3/6 2570/3/6 2558/3/6
f 2583/4/6 2558/4/6 2582/4/6
f 2584/2/6 2529/2/6 2528/2/6
f 2584/4/6 2563/4/6 2562/4/6
f 2584/4/6 2562/4/6 2548/4/6
f 2584/4/6 2548/4/6 2529/4/6
f 2585/4/6 2563/4/6 2584/4/6
f 2586/4/6 2563/4/6 2585/4/6
f 2587/5/6 2550/5/6 2563/5/6
f 2587/4/6 2563/4/6 2586/4/6
f 2588/4/6 2579/4/6 2578/4/6
f 2588/5/6 2550/5/6 2587/5/6
f 2588/4/6 2578/4/6 2550/4/6
f 2589/4/6 2579/4/6 2588/4/6
f 2590/4/6 2565/4/6 2579/4/6
f 2590/4/6 2579/4/6 2589/4/6
f 2591/4/6 2582/4/6 2555/4/6
f 2591/3/6 2583/3/6 2582/3/6
f 2592/3/6 2583/3/6 2591/3/6
f 2593/5/6 2573/5/6 2572/5/6
f 2593/4/6 2512/4/6 2575/4/6
f 2593/5/6 2575/5/6 2574/5/6
f 2593/5/6 2574/5/6 2573/5/6
f 2594/4/6 2512/4/6 2593/4/6
f 2595/4/6 2589/4/6 2588/4/6
f 2595/3/6 2586/3/6 2585/3/6
f 2595/4/6 2587/4/6 2586/4/6
f 2595/4/6 2588/4/6 2587/4/6
f 2596/4/6 2589/4/6 2595/4/6
f 2597/4/6 2554/4/6 2569/4/6
f 2597/3/6 2569/3/6 2568/3/6
f 2598/5/6 2555/5/6 2554/5/6
f 2598/4/6 2554/4/6 2597/4/6
f 2599/3/6 2583/3/6 2592/3/6
f 2600/3/6 2583/3/6 2599/3/6
f 2601/3/6 2583/3/6 2600/3/6
f 2602/3/6 2570/3/6 2583/3/6
f 2602/3/6 2583/3/6 2601/3/6
f 2603/4/6 2572/4/6 2571/4/6
f 2603/3/6 2570/3/6 2602/3/6
f 2603/4/6 2571/4/6 2570/4/6
f 2604/4/6 2572/4/6 2603/4/6
f 2605/2/6 2585/2/6 2584/2/6
f 2605/2/6 2584/2/6 2528/2/6
f 2606/3/6 2596/3/6 2595/3/6
f 2606/2/6 2585/2/6 2605/2/6
f 2606/3/6 2595/3/6 2585/3/6
f 2607/3/6 2596/3/6 2606/3/6
f 2608/3/6 2596/3/6 2607/3/6
f 2609/4/6 2589/4/6 2596/4/6
f 2610/5/6 2590/5/6 2589/5/6
f 2610/4/6 2589/4/6 2609/4/6
f 2611/4/6 2565/4/6 2590/4/6
f 2611/5/6 2590/5/6 2610/5/6
f 2612/4/6 2565/4/6 2611/4/6
f 2613/3/6 2597/3/6 2568/3/6
f 2613/4/6 2568/4/6 2499/4/6
f 2613/3/6 2598/3/6 2597/3/6
f 2614/5/6 2555/5/6 2598/5/6
f 2614/3/6 2598/3/6 2613/3/6
f 2615/4/6 2592/4/6 2591/4/6
f 2615/4/6 2591/4/6 2555/4/6
f 2616/3/6 2599/3/6 2592/3/6
f 2616/4/6 2592/4/6 2615/4/6
f 2617/4/6 2572/4/6 2604/4/6
f 2617/3/6 2604/3/6 2603/3/6
f 2617/3/6 2603/3/6 2602/3/6
f 2618/5/6 2594/5/6 2593/5/6
f 2618/4/6 2572/4/6 2617/4/6
f 2618/5/6 2593/5/6 2572/5/6
f 2619/4/6 2512/4/6 2594/4/6
f 2619/5/6 2594/5/6 2618/5/6
f 2620/4/6 2512/4/6 2619/4/6
f 2621/2/6 2545/2/6 2544/2/6
f 2621/3/6 2544/3/6 2512/3/6
f 2622/2/6 2545/2/6 2621/2/6
f 2623/3/6 2596/3/6 2608/3/6
f 2624/4/6 2609/4/6 2596/4/6
f 2624/3/6 2596/3/6 2623/3/6
f 2625/3/6 2610/3/6 2609/3/6
f 2625/4/6 2609/4/6 2624/4/6
f 2626/5/6 2612/5/6 2611/5/6
f 2626/3/6 2610/3/6 2625/3/6
f 2626/5/6 2611/5/6 2610/5/6
f 2627/3/6 2581/3/6 2580/3/6
f 2627/3/6 2580/3/6 2552/3/6
f 2628/3/6 2581/3/6 2627/3/6
f 2629/3/6 2581/3/6 2628/3/6
f 2630/3/6 2581/3/6 2629/3/6
f 2631/3/6 2581/3/6 2630/3/6
f 2632/3/6 2581/3/6 2631/3/6
f 2633/3/6 2617/3/6 2602/3/6
f 2634/5/6 2618/5/6 2617/5/6
f 2634/3/6 2617/3/6 2633/3/6
f 2634/5/6 2620/5/6 2619/5/6
f 2634/5/6 2619/5/6 2618/5/6
f 2635/3/6 2622/3/6 2621/3/6
f 2635/3/6 2621/3/6 2512/3/6
f 2636/2/6 2545/2/6 2622/2/6
f 2636/3/6 2622/3/6 2635/3/6
f 2637/3/6 2623/3/6 2608/3/6
f 2637/4/6 2608/4/6 2607/4/6
f 2638/4/6 2624/4/6 2623/4/6
f 2638/3/6 2623/3/6 2637/3/6
f 2638/4/6 2626/4/6 2625/4/6
f 2638/4/6 2625/4/6 2624/4/6
f 2639/5/6 2612/5/6 2626/5/6
f 2640/5/6 2612/5/6 2639/5/6
f 2641/4/6 2565/4/6 2612/4/6
f 2641/5/6 2612/5/6 2640/5/6
f 2642/5/6 2511/5/6 2565/5/6
f 2642/4/6 2565/4/6 2641/4/6
f 2643/4/6 2552/4/6 2511/4/6
f 2643/3/6 2627/3/6 2552/3/6
f 2644/2/6 2628/2/6 2627/2/6
f 2644/3/6 2627/3/6 2643/3/6
f 2645/3/6 2629/3/6 2628/3/6
f 2645/2/6 2628/2/6 2644/2/6
f 2646/3/6 2629/3/6 2645/3/6
f 2647/2/6 2632/2/6 2631/2/6
f 2647/3/6 2631/3/6 2630/3/6
f 2648/2/6 2632/2/6 2647/2/6
f 2649/3/6 2601/3/6 2600/3/6
f 2649/2/6 2600/2/6 2599/2/6
f 2650/2/6 2602/2/6 2601/2/6
f 2650/3/6 2601/3/6 2649/3/6
f 2651/3/6 2633/3/6 2602/3/6
f 2652/4/6 2634/4/6 2633/4/6
f 2652/3/6 2633/3/6 2651/3/6
f 2653/4/6 2637/4/6 2607/4/6
f 2653/3/6 2607/3/6 2606/3/6
f 2653/3/6 2606/3/6 2605/3/6
f 2653/4/6 2638/4/6 2637/4/6
f 2654/4/6 2638/4/6 2653/4/6
f 2655/3/6 2635/3/6 2512/3/6
f 2656/2/6 2636/2/6 2635/2/6
f 2656/3/6 2635/3/6 2655/3/6
f 2657/2/6 2515/2/6 2545/2/6
f 2657/2/6 2636/2/6 2656/2/6
f 2657/2/6 2384/2/6 2515/2/6
f 2657/3/6 2576/3/6 2560/3/6
f 2657/3/6 2577/3/6 2576/3/6
f 2657/2/6 2545/2/6 2636/2/6
f 2657/3/6 2516/3/6 2384/3/6
f 2657/3/6 2560/3/6 2516/3/6
f 2658/2/6 2547/2/6 2577/2/6
f 2658/3/6 2577/3/6 2657/3/6
f 2659/4/6 2640/4/6 2639/4/6
f 2659/5/6 2639/5/6 2626/5/6
f 2660/4/6 2640/4/6 2659/4/6
f 2661/5/6 2555/5/6 2614/5/6
f 2662/4/6 2615/4/6 2555/4/6
f 2662/5/6 2555/5/6 2661/5/6
f 2663/3/6 2616/3/6 2615/3/6
f 2663/4/6 2615/4/6 2662/4/6
f 2664/3/6 2599/3/6 2616/3/6
f 2664/3/6 2616/3/6 2663/3/6
f 2665/4/6 2626/4/6 2638/4/6
f 2665/4/6 2638/4/6 2654/4/6
f 2666/5/6 2659/5/6 2626/5/6
f 2666/4/6 2626/4/6 2665/4/6
f 2666/5/6 2660/5/6 2659/5/6
f 2667/4/6 2640/4/6 2660/4/6
f 2667/5/6 2660/5/6 2666/5/6
f 2668/5/6 2641/5/6 2640/5/6
f 2668/4/6 2640/4/6 2667/4/6
f 2668/5/6 2642/5/6 2641/5/6
f 2669/4/6 2613/4/6 2499/4/6
f 2669/4/6 2614/4/6 2613/4/6
f 2670/5/6 2661/5/6 2614/5/6
f 2670/4/6 2614/4/6 2669/4/6
f 2671/3/6 2654/3/6 2653/3/6
f 2671/4/6 2665/4/6 2654/4/6
f 2672/4/6 2665/4/6 2671/4/6
f 2673/4/6 2665/4/6 2672/4/6
f 2674/4/6 2665/4/6 2673/4/6
f 2675/4/6 2664/4/6 2663/4/6
f 2675/4/6 2663/4/6 2662/4/6
f 2675/4/6 2662/4/6 2661/4/6
f 2676/3/6 2599/3/6 2664/3/6
f 2676/4/6 2664/4/6 2675/4/6
f 2677/4/6 2634/4/6 2652/4/6
f 2677/4/6 2652/4/6 2651/4/6
f 2677/5/6 2620/5/6 2634/5/6
f 2678/5/6 2620/5/6 2677/5/6
f 2679/5/6 2620/5/6 2678/5/6
f 2680/4/6 2512/4/6 2620/4/6
f 2680/5/6 2620/5/6 2679/5/6
f 2681/3/6 2653/3/6 2605/3/6
f 2681/3/6 2672/3/6 2671/3/6
f 2681/3/6 2671/3/6 2653/3/6
f 2682/4/6 2673/4/6 2672/4/6
f 2682/3/6 2672/3/6 2681/3/6
f 2683/4/6 2673/4/6 2682/4/6
f 2684/5/6 2674/5/6 2673/5/6
f 2684/4/6 2673/4/6 2683/4/6
f 2685/4/6 2665/4/6 2674/4/6
f 2685/5/6 2674/5/6 2684/5/6
f 2686/5/6 2667/5/6 2666/5/6
f 2686/4/6 2665/4/6 2685/4/6
f 2686/5/6 2666/5/6 2665/5/6
f 2686/5/6 2668/5/6 2667/5/6
f 2687/3/6 2629/3/6 2646/3/6
f 2687/2/6 2630/2/6 2629/2/6
f 2688/2/6 2630/2/6 2687/2/6
f 2689/5/6 2539/5/6 2538/5/6
f 2689/5/6 2538/5/6 2525/5/6
f 2690/5/6 2499/5/6 2539/5/6
f 2690/5/6 2539/5/6 2689/5/6
f 2691/3/6 2599/3/6 2676/3/6
f 2691/3/6 2676/3/6 2675/3/6
f 2692/2/6 2649/2/6 2599/2/6
f 2692/3/6 2599/3/6 2691/3/6
f 2692/2/6 2650/2/6 2649/2/6
f 2693/5/6 2679/5/6 2678/5/6
f 2693/4/6 2678/4/6 2677/4/6
f 2694/4/6 2680/4/6 2679/4/6
f 2694/5/6 2679/5/6 2693/5/6
f 2695/3/6 2655/3/6 2512/3/6
f 2696/2/6 2656/2/6 2655/2/6
f 2696/3/6 2655/3/6 2695/3/6
f 2696/2/6 2657/2/6 2656/2/6
f 2696/2/6 2658/2/6 2657/2/6
f 2697/2/6 2630/2/6 2688/2/6
f 2697/3/6 2688/3/6 2687/3/6
f 2698/2/6 2630/2/6 2697/2/6
f 2699/4/6 2525/4/6 2537/4/6
f 2699/5/6 2689/5/6 2525/5/6
f 2699/4/6 2567/4/6 2566/4/6
f 2699/4/6 2537/4/6 2567/4/6
f 2700/5/6 2689/5/6 2699/5/6
f 2701/5/6 2689/5/6 2700/5/6
f 2702/4/6 2690/4/6 2689/4/6
f 2702/5/6 2689/5/6 2701/5/6
f 2703/4/6 2675/4/6 2661/4/6
f 2704/3/6 2691/3/6 2675/3/6
f 2704/4/6 2675/4/6 2703/4/6
f 2705/2/6 2692/2/6 2691/2/6
f 2705/3/6 2691/3/6 2704/3/6
f 2706/2/6 2650/2/6 2692/2/6
f 2706/2/6 2692/2/6 2705/2/6
f 2707/2/6 2650/2/6 2706/2/6
f 2708/2/6 2602/2/6 2650/2/6
f 2708/2/6 2650/2/6 2707/2/6
f 2708/3/6 2651/3/6 2602/3/6
f 2709/4/6 2694/4/6 2693/4/6
f 2709/3/6 2651/3/6 2708/3/6
f 2709/4/6 2677/4/6 2651/4/6
f 2709/4/6 2693/4/6 2677/4/6
f 2710/3/6 2695/3/6 2512/3/6
f 2710/2/6 2696/2/6 2695/2/6
f 2711/2/6 2658/2/6 2696/2/6
f 2711/2/6 2696/2/6 2710/2/6
f 2712/5/6 2685/5/6 2684/5/6
f 2712/5/6 2668/5/6 2686/5/6
f 2712/5/6 2642/5/6 2668/5/6
f 2712/5/6 2684/5/6 2683/5/6
f 2712/5/6 2511/5/6 2642/5/6
f 2712/5/6 2686/5/6 2685/5/6
f 2713/4/6 2644/4/6 2643/4/6
f 2713/5/6 2511/5/6 2712/5/6
f 2713/4/6 2646/4/6 2645/4/6
f 2713/4/6 2645/4/6 2644/4/6
f 2713/4/6 2643/4/6 2511/4/6
f 2714/5/6 2701/5/6 2700/5/6
f 2714/4/6 2700/4/6 2699/4/6
f 2715/4/6 2702/4/6 2701/4/6
f 2715/5/6 2701/5/6 2714/5/6
f 2716/2/6 2707/2/6 2706/2/6
f 2716/4/6 2705/4/6 2704/4/6
f 2716/4/6 2706/4/6 2705/4/6
f 2717/2/6 2707/2/6 2716/2/6
f 2718/2/6 2658/2/6 2711/2/6
f 2719/2/6 2547/2/6 2658/2/6
f 2719/2/6 2658/2/6 2718/2/6
f 2720/4/6 2646/4/6 2713/4/6
f 2720/4/6 2713/4/6 2712/4/6
f 2721/4/6 2646/4/6 2720/4/6
f 2722/3/6 2698/3/6 2697/3/6
f 2722/4/6 2646/4/6 2721/4/6
f 2722/3/6 2687/3/6 2646/3/6
f 2722/3/6 2697/3/6 2687/3/6
f 2723/3/6 2698/3/6 2722/3/6
f 2724/2/6 2707/2/6 2717/2/6
f 2724/3/6 2717/3/6 2716/3/6
f 2725/4/6 2708/4/6 2707/4/6
f 2725/2/6 2707/2/6 2724/2/6
f 2725/4/6 2709/4/6 2708/4/6
f 2726/4/6 2694/4/6 2709/4/6
f 2726/4/6 2709/4/6 2725/4/6
f 2727/4/6 2694/4/6 2726/4/6
f 2728/5/6 2712/5/6 2683/5/6
f 2729/5/6 2712/5/6 2728/5/6
f 2730/5/6 2712/5/6 2729/5/6
f 2731/4/6 2720/4/6 2712/4/6
f 2731/5/6 2712/5/6 2730/5/6
f 2732/3/6 2648/3/6 2647/3/6
f 2733/3/6 2648/3/6 2732/3/6
f 2734/5/6 2661/5/6 2670/5/6
f 2734/5/6 2670/5/6 2669/5/6
f 2735/4/6 2703/4/6 2661/4/6
f 2735/5/6 2661/5/6 2734/5/6
f 2736/3/6 2725/3/6 2724/3/6
f 2736/3/6 2724/3/6 2716/3/6
f 2736/4/6 2716/4/6 2704/4/6
f 2737/3/6 2725/3/6 2736/3/6
f 2738/2/6 2718/2/6 2711/2/6
f 2738/3/6 2711/3/6 2710/3/6
f 2739/2/6 2718/2/6 2738/2/6
f 2740/3/6 2681/3/6 2605/3/6
f 2741/4/6 2682/4/6 2681/4/6
f 2741/3/6 2681/3/6 2740/3/6
f 2741/4/6 2683/4/6 2682/4/6
f 2742/2/6 2630/2/6 2698/2/6
f 2742/3/6 2698/3/6 2723/3/6
f 2743/3/6 2647/3/6 2630/3/6
f 2743/2/6 2630/2/6 2742/2/6
f 2743/3/6 2732/3/6 2647/3/6
f 2744/2/6 2733/2/6 2732/2/6
f 2744/3/6 2732/3/6 2743/3/6
f 2745/2/6 2733/2/6 2744/2/6
f 2746/4/6 2683/4/6 2741/4/6
f 2746/4/6 2741/4/6 2740/4/6
f 2747/5/6 2728/5/6 2683/5/6
f 2747/4/6 2683/4/6 2746/4/6
f 2748/4/6 2729/4/6 2728/4/6
f 2748/5/6 2728/5/6 2747/5/6
f 2749/4/6 2729/4/6 2748/4/6
f 2750/4/6 2731/4/6 2730/4/6
f 2751/4/6 2731/4/6 2750/4/6
f 2752/4/6 2731/4/6 2751/4/6
f 2753/4/6 2731/4/6 2752/4/6
f 2754/4/6 2731/4/6 2753/4/6
f 2755/5/6 2721/5/6 2720/5/6
f 2755/4/6 2731/4/6 2754/4/6
f 2755/4/6 2720/4/6 2731/4/6
f 2756/4/6 2722/4/6 2721/4/6
f 2756/5/6 2721/5/6 2755/5/6
f 2756/4/6 2723/4/6 2722/4/6
f 2757/3/6 2725/3/6 2737/3/6
f 2758/4/6 2726/4/6 2725/4/6
f 2758/3/6 2725/3/6 2757/3/6
f 2759/2/6 2751/2/6 2750/2/6
f 2760/2/6 2751/2/6 2759/2/6
f 2761/3/6 2743/3/6 2742/3/6
f 2761/3/6 2745/3/6 2744/3/6
f 2761/3/6 2742/3/6 2723/3/6
f 2761/3/6 2744/3/6 2743/3/6
f 2762/3/6 2745/3/6 2761/3/6
f 2763/3/6 2745/3/6 2762/3/6
f 2764/3/6 2745/3/6 2763/3/6
f 2765/4/6 2715/4/6 2714/4/6
f 2765/4/6 2699/4/6 2566/4/6
f 2765/4/6 2714/4/6 2699/4/6
f 2766/4/6 2715/4/6 2765/4/6
f 2767/4/6 2702/4/6 2715/4/6
f 2767/4/6 2715/4/6 2766/4/6
f 2767/4/6 2690/4/6 2702/4/6
f 2767/5/6 2499/5/6 2690/5/6
f 2768/5/6 2499/5/6 2767/5/6
f 2769/4/6 2669/4/6 2499/4/6
f 2769/5/6 2499/5/6 2768/5/6
f 2770/5/6 2734/5/6 2669/5/6
f 2770/4/6 2669/4/6 2769/4/6
f 2771/3/6 2757/3/6 2737/3/6
f 2772/4/6 2758/4/6 2757/4/6
f 2772/3/6 2757/3/6 2771/3/6
f 2773/4/6 2726/4/6 2758/4/6
f 2773/4/6 2758/4/6 2772/4/6
f 2774/4/6 2726/4/6 2773/4/6
f 2775/4/6 2512/4/6 2680/4/6
f 2775/3/6 2710/3/6 2512/3/6
f 2775/4/6 2694/4/6 2727/4/6
f 2775/4/6 2680/4/6 2694/4/6
f 2775/3/6 2738/3/6 2710/3/6
f 2775/3/6 2739/3/6 2738/3/6
f 2776/3/6 2739/3/6 2775/3/6
f 2777/2/6 2718/2/6 2739/2/6
f 2777/3/6 2739/3/6 2776/3/6
f 2778/2/6 2718/2/6 2777/2/6
f 2779/2/6 2759/2/6 2750/2/6
f 2779/4/6 2750/4/6 2730/4/6
f 2780/3/6 2760/3/6 2759/3/6
f 2780/2/6 2759/2/6 2779/2/6
f 2781/3/6 2763/3/6 2762/3/6
f 2781/2/6 2762/2/6 2761/2/6
f 2782/3/6 2763/3/6 2781/3/6
f 2783/5/6 2769/5/6 2768/5/6
f 2783/5/6 2770/5/6 2769/5/6
f 2783/5/6 2734/5/6 2770/5/6
f 2784/4/6 2735/4/6 2734/4/6
f 2784/5/6 2734/5/6 2783/5/6
f 2785/3/6 2704/3/6 2703/3/6
f 2786/3/6 2704/3/6 2785/3/6
f 2787/4/6 2729/4/6 2749/4/6
f 2787/5/6 2747/5/6 2746/5/6
f 2787/5/6 2748/5/6 2747/5/6
f 2787/5/6 2749/5/6 2748/5/6
f 2788/5/6 2730/5/6 2729/5/6
f 2788/4/6 2729/4/6 2787/4/6
f 2789/3/6 2760/3/6 2780/3/6
f 2789/3/6 2780/3/6 2779/3/6
f 2790/2/6 2751/2/6 2760/2/6
f 2790/3/6 2760/3/6 2789/3/6
f 2791/4/6 2723/4/6 2756/4/6
f 2791/4/6 2756/4/6 2755/4/6
f 2791/4/6 2755/4/6 2754/4/6
f 2792/3/6 2761/3/6 2723/3/6
f 2792/4/6 2723/4/6 2791/4/6
f 2793/4/6 2768/4/6 2767/4/6
f 2793/4/6 2767/4/6 2766/4/6
f 2794/5/6 2783/5/6 2768/5/6
f 2794/4/6 2768/4/6 2793/4/6
f 2795/4/6 2737/4/6 2736/4/6
f 2795/3/6 2771/3/6 2737/3/6
f 2796/4/6 2773/4/6 2772/4/6
f 2796/3/6 2771/3/6 2795/3/6
f 2796/4/6 2772/4/6 2771/4/6
f 2797/3/6 2774/3/6 2773/3/6
f 2797/4/6 2773/4/6 2796/4/6
f 2798/4/6 2726/4/6 2774/4/6
f 2798/3/6 2774/3/6 2797/3/6
f 2799/3/6 2789/3/6 2779/3/6
f 2799/4/6 2779/4/6 2730/4/6
f 2800/3/6 2789/3/6 2799/3/6
f 2801/3/6 2754/3/6 2753/3/6
f 2801/4/6 2791/4/6 2754/4/6
f 2802/4/6 2791/4/6 2801/4/6
f 2803/4/6 2791/4/6 2802/4/6
f 2804/4/6 2793/4/6 2766/4/6
f 2805/5/6 2794/5/6 2793/5/6
f 2805/4/6 2793/4/6 2804/4/6
f 2806/3/6 2789/3/6 2800/3/6
f 2806/4/6 2800/4/6 2799/4/6
f 2807/2/6 2790/2/6 2789/2/6
f 2807/3/6 2789/3/6 2806/3/6
f 2808/3/6 2763/3/6 2782/3/6
f 2808/2/6 2764/2/6 2763/2/6
f 2809/2/6 2764/2/6 2808/2/6
f 2810/4/6 2804/4/6 2766/4/6
f 2811/5/6 2805/5/6 2804/5/6
f 2811/4/6 2804/4/6 2810/4/6
f 2812/5/6 2794/5/6 2805/5/6
f 2812/5/6 2805/5/6 2811/5/6
f 2812/5/6 2783/5/6 2794/5/6
f 2813/4/6 2784/4/6 2783/4/6
f 2813/5/6 2783/5/6 2812/5/6
f 2814/4/6 2735/4/6 2784/4/6
f 2814/4/6 2784/4/6 2813/4/6
f 2815/4/6 2703/4/6 2735/4/6
f 2815/4/6 2735/4/6 2814/4/6
f 2815/3/6 2785/3/6 2703/3/6
f 2816/2/6 2786/2/6 2785/2/6
f 2816/3/6 2785/3/6 2815/3/6
f 2817/3/6 2704/3/6 2786/3/6
f 2817/2/6 2786/2/6 2816/2/6
f 2818/2/6 2718/2/6 2778/2/6
f 2818/3/6 2777/3/6 2776/3/6
f 2818/3/6 2778/3/6 2777/3/6
f 2819/2/6 2718/2/6 2818/2/6
f 2820/5/6 2787/5/6 2746/5/6
f 2820/5/6 2788/5/6 2787/5/6
f 2820/4/6 2746/4/6 2740/4/6
f 2821/5/6 2788/5/6 2820/5/6
f 2822/3/6 2803/3/6 2802/3/6
f 2822/2/6 2802/2/6 2801/2/6
f 2823/3/6 2803/3/6 2822/3/6
f 2824/4/6 2798/4/6 2797/4/6
f 2824/4/6 2797/4/6 2796/4/6
f 2824/4/6 2796/4/6 2795/4/6
f 2824/4/6 2795/4/6 2736/4/6
f 2824/3/6 2704/3/6 2817/3/6
f 2824/3/6 2817/3/6 2816/3/6
f 2824/3/6 2816/3/6 2815/3/6
f 2824/3/6 2815/3/6 2814/3/6
f 2824/4/6 2736/4/6 2704/4/6
f 2825/4/6 2798/4/6 2824/4/6
f 2826/4/6 2726/4/6 2798/4/6
f 2826/4/6 2798/4/6 2825/4/6
f 2826/5/6 2727/5/6 2726/5/6
f 2827/5/6 2727/5/6 2826/5/6
f 2828/3/6 2803/3/6 2823/3/6
f 2828/2/6 2823/2/6 2822/2/6
f 2829/3/6 2803/3/6 2828/3/6
f 2830/4/6 2791/4/6 2803/4/6
f 2830/3/6 2803/3/6 2829/3/6
f 2831/3/6 2825/3/6 2824/3/6
f 2831/3/6 2824/3/6 2814/3/6
f 2832/3/6 2825/3/6 2831/3/6
f 2833/3/6 2825/3/6 2832/3/6
f 2834/4/6 2827/4/6 2826/4/6
f 2834/3/6 2825/3/6 2833/3/6
f 2834/4/6 2826/4/6 2825/4/6
f 2835/4/6 2821/4/6 2820/4/6
f 2836/5/6 2788/5/6 2821/5/6
f 2836/4/6 2821/4/6 2835/4/6
f 2837/2/6 2790/2/6 2807/2/6
f 2837/4/6 2807/4/6 2806/4/6
f 2838/2/6 2751/2/6 2790/2/6
f 2838/2/6 2790/2/6 2837/2/6
f 2838/3/6 2752/3/6 2751/3/6
f 2839/2/6 2822/2/6 2801/2/6
f 2839/3/6 2801/3/6 2753/3/6
f 2839/2/6 2829/2/6 2828/2/6
f 2839/2/6 2828/2/6 2822/2/6
f 2840/2/6 2829/2/6 2839/2/6
f 2841/4/6 2814/4/6 2813/4/6
f 2841/4/6 2813/4/6 2812/4/6
f 2842/3/6 2831/3/6 2814/3/6
f 2842/4/6 2814/4/6 2841/4/6
f 2843/2/6 2832/2/6 2831/2/6
f 2843/3/6 2831/3/6 2842/3/6
f 2844/3/6 2833/3/6 2832/3/6
f 2844/2/6 2832/2/6 2843/2/6
f 2845/4/6 2834/4/6 2833/4/6
f 2845/3/6 2833/3/6 2844/3/6
f 2846/4/6 2827/4/6 2834/4/6
f 2846/4/6 2834/4/6 2845/4/6
f 2847/4/6 2827/4/6 2846/4/6
f 2848/4/6 2827/4/6 2847/4/6
f 2849/5/6 2727/5/6 2827/5/6
f 2849/4/6 2827/4/6 2848/4/6
f 2850/5/6 2727/5/6 2849/5/6
f 2851/4/6 2776/4/6 2775/4/6
f 2851/5/6 2727/5/6 2850/5/6
f 2851/4/6 2775/4/6 2727/4/6
f 2852/3/6 2740/3/6 2605/3/6
f 2853/4/6 2820/4/6 2740/4/6
f 2853/3/6 2740/3/6 2852/3/6
f 2853/4/6 2835/4/6 2820/4/6
f 2854/4/6 2837/4/6 2806/4/6
f 2855/3/6 2838/3/6 2837/3/6
f 2855/4/6 2837/4/6 2854/4/6
f 2856/3/6 2752/3/6 2838/3/6
f 2856/3/6 2838/3/6 2855/3/6
f 2856/4/6 2753/4/6 2752/4/6
f 2857/3/6 2840/3/6 2839/3/6
f 2857/4/6 2753/4/6 2856/4/6
f 2857/3/6 2839/3/6 2753/3/6
f 2858/3/6 2840/3/6 2857/3/6
f 2859/3/6 2840/3/6 2858/3/6
f 2860/2/6 2829/2/6 2840/2/6
f 2860/3/6 2840/3/6 2859/3/6
f 2861/3/6 2843/3/6 2842/3/6
f 2861/3/6 2842/3/6 2841/3/6
f 2862/4/6 2844/4/6 2843/4/6
f 2862/3/6 2843/3/6 2861/3/6
f 2862/4/6 2845/4/6 2844/4/6
f 2862/4/6 2846/4/6 2845/4/6
f 2863/4/6 2848/4/6 2847/4/6
f 2864/5/6 2850/5/6 2849/5/6
f 2864/4/6 2848/4/6 2863/4/6
f 2864/5/6 2849/5/6 2848/5/6
f 2865/4/6 2851/4/6 2850/4/6
f 2865/5/6 2850/5/6 2864/5/6
f 2866/4/6 2776/4/6 2851/4/6
f 2866/4/6 2851/4/6 2865/4/6
f 2867/5/6 2811/5/6 2810/5/6
f 2867/4/6 2810/4/6 2766/4/6
f 2867/5/6 2812/5/6 2811/5/6
f 2868/5/6 2812/5/6 2867/5/6
f 2869/4/6 2846/4/6 2862/4/6
f 2869/4/6 2862/4/6 2861/4/6
f 2869/3/6 2847/3/6 2846/3/6
f 2870/4/6 2863/4/6 2847/4/6
f 2870/3/6 2847/3/6 2869/3/6
f 2871/2/6 2718/2/6 2819/2/6
f 2872/3/6 2719/3/6 2718/3/6
f 2872/2/6 2718/2/6 2871/2/6
f 2873/4/6 2863/4/6 2870/4/6
f 2873/4/6 2870/4/6 2869/4/6
f 2874/5/6 2866/5/6 2865/5/6
f 2874/4/6 2863/4/6 2873/4/6
f 2874/5/6 2865/5/6 2864/5/6
f 2874/5/6 2864/5/6 2863/5/6
f 2875/5/6 2788/5/6 2836/5/6
f 2875/5/6 2836/5/6 2835/5/6
f 2876/4/6 2806/4/6 2799/4/6
f 2876/5/6 2788/5/6 2875/5/6
f 2876/4/6 2854/4/6 2806/4/6
f 2876/4/6 2799/4/6 2730/4/6
f 2876/5/6 2730/5/6 2788/5/6
f 2877/3/6 2859/3/6 2858/3/6
f 2877/4/6 2856/4/6 2855/4/6
f 2877/4/6 2858/4/6 2857/4/6
f 2877/4/6 2857/4/6 2856/4/6
f 2878/2/6 2860/2/6 2859/2/6
f 2878/3/6 2859/3/6 2877/3/6
f 2879/2/6 2829/2/6 2860/2/6
f 2879/2/6 2860/2/6 2878/2/6
f 2880/4/6 2830/4/6 2829/4/6
f 2880/2/6 2829/2/6 2879/2/6
f 2881/4/6 2868/4/6 2867/4/6
f 2882/5/6 2812/5/6 2868/5/6
f 2882/4/6 2868/4/6 2881/4/6
f 2883/2/6 2782/2/6 2781/2/6
f 2883/2/6 2781/2/6 2761/2/6
f 2884/3/6 2808/3/6 2782/3/6
f 2884/2/6 2782/2/6 2883/2/6
f 2884/3/6 2809/3/6 2808/3/6
f 2885/4/6 2878/4/6 2877/4/6
f 2885/5/6 2855/5/6 2854/5/6
f 2885/4/6 2877/4/6 2855/4/6
f 2885/4/6 2879/4/6 2878/4/6
f 2886/4/6 2879/4/6 2885/4/6
f 2887/4/6 2791/4/6 2830/4/6
f 2887/3/6 2792/3/6 2791/3/6
f 2887/4/6 2830/4/6 2880/4/6
f 2888/2/6 2883/2/6 2761/2/6
f 2888/3/6 2792/3/6 2887/3/6
f 2888/3/6 2761/3/6 2792/3/6
f 2889/4/6 2835/4/6 2853/4/6
f 2889/4/6 2853/4/6 2852/4/6
f 2890/4/6 2835/4/6 2889/4/6
f 2891/4/6 2835/4/6 2890/4/6
f 2892/5/6 2875/5/6 2835/5/6
f 2892/4/6 2835/4/6 2891/4/6
f 2893/5/6 2766/5/6 2765/5/6
f 2894/4/6 2881/4/6 2867/4/6
f 2894/5/6 2766/5/6 2893/5/6
f 2894/4/6 2867/4/6 2766/4/6
f 2895/4/6 2873/4/6 2869/4/6
f 2895/4/6 2869/4/6 2861/4/6
f 2895/3/6 2861/3/6 2841/3/6
f 2896/4/6 2873/4/6 2895/4/6
f 2897/4/6 2873/4/6 2896/4/6
f 2898/4/6 2873/4/6 2897/4/6
f 2899/5/6 2875/5/6 2892/5/6
f 2899/5/6 2892/5/6 2891/5/6
f 2900/4/6 2876/4/6 2875/4/6
f 2900/5/6 2875/5/6 2899/5/6
f 2901/4/6 2879/4/6 2886/4/6
f 2901/5/6 2886/5/6 2885/5/6
f 2902/4/6 2879/4/6 2901/4/6
f 2903/5/6 2882/5/6 2881/5/6
f 2903/5/6 2812/5/6 2882/5/6
f 2904/4/6 2841/4/6 2812/4/6
f 2904/5/6 2812/5/6 2903/5/6
f 2905/4/6 2891/4/6 2890/4/6
f 2905/5/6 2890/5/6 2889/5/6
f 2906/5/6 2899/5/6 2891/5/6
f 2906/4/6 2891/4/6 2905/4/6
f 2907/5/6 2902/5/6 2901/5/6
f 2907/5/6 2885/5/6 2854/5/6
f 2907/5/6 2901/5/6 2885/5/6
f 2908/5/6 2902/5/6 2907/5/6
f 2909/4/6 2887/4/6 2880/4/6
f 2910/2/6 2888/2/6 2887/2/6
f 2910/4/6 2887/4/6 2909/4/6
f 2911/5/6 2903/5/6 2881/5/6
f 2912/5/6 2903/5/6 2911/5/6
f 2913/3/6 2895/3/6 2841/3/6
f 2913/3/6 2896/3/6 2895/3/6
f 2914/4/6 2897/4/6 2896/4/6
f 2914/3/6 2896/3/6 2913/3/6
f 2915/3/6 2898/3/6 2897/3/6
f 2915/4/6 2897/4/6 2914/4/6
f 2916/4/6 2873/4/6 2898/4/6
f 2916/3/6 2898/3/6 2915/3/6
f 2917/5/6 2866/5/6 2874/5/6
f 2917/5/6 2874/5/6 2873/5/6
f 2918/4/6 2776/4/6 2866/4/6
f 2918/5/6 2866/5/6 2917/5/6
f 2919/4/6 2854/4/6 2876/4/6
f 2919/4/6 2876/4/6 2900/4/6
f 2919/4/6 2900/4/6 2899/4/6
f 2919/5/6 2907/5/6 2854/5/6
f 2920/4/6 2908/4/6 2907/4/6
f 2920/5/6 2907/5/6 2919/5/6
f 2921/4/6 2879/4/6 2902/4/6
f 2921/3/6 2880/3/6 2879/3/6
f 2922/3/6 2880/3/6 2921/3/6
f 2923/3/6 2880/3/6 2922/3/6
f 2924/4/6 2909/4/6 2880/4/6
f 2924/3/6 2880/3/6 2923/3/6
f 2925/2/6 2888/2/6 2910/2/6
f 2925/3/6 2910/3/6 2909/3/6
f 2926/2/6 2888/2/6 2925/2/6
f 2927/5/6 2911/5/6 2881/5/6
f 2927/4/6 2912/4/6 2911/4/6
f 2928/5/6 2903/5/6 2912/5/6
f 2928/4/6 2912/4/6 2927/4/6
f 2929/4/6 2904/4/6 2903/4/6
f 2929/5/6 2903/5/6 2928/5/6
f 2930/4/6 2841/4/6 2904/4/6
f 2930/4/6 2904/4/6 2929/4/6
f 2931/3/6 2913/3/6 2841/3/6
f 2931/4/6 2841/4/6 2930/4/6
f 2932/4/6 2915/4/6 2914/4/6
f 2932/3/6 2913/3/6 2931/3/6
f 2932/4/6 2916/4/6 2915/4/6
f 2932/4/6 2914/4/6 2913/4/6
f 2933/5/6 2899/5/6 2906/5/6
f 2933/4/6 2920/4/6 2919/4/6
f 2933/5/6 2906/5/6 2905/5/6
f 2933/4/6 2919/4/6 2899/4/6
f 2934/4/6 2920/4/6 2933/4/6
f 2935/4/6 2931/4/6 2930/4/6
f 2935/5/6 2929/5/6 2928/5/6
f 2935/4/6 2932/4/6 2931/4/6
f 2935/5/6 2928/5/6 2927/5/6
f 2935/5/6 2930/5/6 2929/5/6
f 2936/4/6 2932/4/6 2935/4/6
f 2937/3/6 2872/3/6 2871/3/6
f 2937/2/6 2871/2/6 2819/2/6
f 2938/3/6 2719/3/6 2872/3/6
f 2938/3/6 2872/3/6 2937/3/6
f 2939/2/6 2888/2/6 2926/2/6
f 2939/3/6 2926/3/6 2925/3/6
f 2940/2/6 2888/2/6 2939/2/6
f 2941/4/6 2894/4/6 2893/4/6
f 2942/4/6 2881/4/6 2894/4/6
f 2942/4/6 2894/4/6 2941/4/6
f 2943/3/6 2818/3/6 2776/3/6
f 2943/3/6 2819/3/6 2818/3/6
f 2944/2/6 2937/2/6 2819/2/6
f 2944/3/6 2819/3/6 2943/3/6
f 2944/2/6 2938/2/6 2937/2/6
f 2945/3/6 2719/3/6 2938/3/6
f 2945/2/6 2938/2/6 2944/2/6
f 2946/3/6 2719/3/6 2945/3/6
f 2947/4/6 2920/4/6 2934/4/6
f 2947/5/6 2934/5/6 2933/5/6
f 2948/5/6 2902/5/6 2908/5/6
f 2948/4/6 2920/4/6 2947/4/6
f 2948/4/6 2908/4/6 2920/4/6
f 2949/4/6 2922/4/6 2921/4/6
f 2949/5/6 2902/5/6 2948/5/6
f 2949/4/6 2921/4/6 2902/4/6
f 2950/4/6 2922/4/6 2949/4/6
f 2951/4/6 2873/4/6 2916/4/6
f 2951/4/6 2916/4/6 2932/4/6
f 2951/4/6 2932/4/6 2936/4/6
f 2952/5/6 2917/5/6 2873/5/6
f 2952/4/6 2873/4/6 2951/4/6
f 2953/4/6 2951/4/6 2936/4/6
f 2954/5/6 2952/5/6 2951/5/6
f 2954/4/6 2951/4/6 2953/4/6
f 2955/5/6 2917/5/6 2952/5/6
f 2955/5/6 2952/5/6 2954/5/6
f 2956/4/6 2918/4/6 2917/4/6
f 2956/5/6 2917/5/6 2955/5/6
f 2957/3/6 2852/3/6 2605/3/6
f 2958/4/6 2889/4/6 2852/4/6
f 2958/3/6 2852/3/6 2957/3/6
f 2959/4/6 2922/4/6 2950/4/6
f 2959/3/6 2923/3/6 2922/3/6
f 2960/4/6 2924/4/6 2923/4/6
f 2960/3/6 2923/3/6 2959/3/6
f 2961/3/6 2925/3/6 2909/3/6
f 2961/3/6 2939/3/6 2925/3/6
f 2961/3/6 2940/3/6 2939/3/6
f 2962/3/6 2940/3/6 2961/3/6
f 2963/3/6 2936/3/6 2935/3/6
f 2963/5/6 2935/5/6 2927/5/6
f 2964/4/6 2953/4/6 2936/4/6
f 2964/3/6 2936/3/6 2963/3/6
f 2965/5/6 2955/5/6 2954/5/6
f 2965/5/6 2954/5/6 2953/5/6
f 2966/4/6 2956/4/6 2955/4/6
f 2966/5/6 2955/5/6 2965/5/6
f 2967/4/6 2776/4/6 2918/4/6
f 2967/4/6 2956/4/6 2966/4/6
f 2967/4/6 2918/4/6 2956/4/6
f 2968/3/6 2943/3/6 2776/3/6
f 2968/4/6 2776/4/6 2967/4/6
f 2969/3/6 2943/3/6 2968/3/6
f 2970/2/6 2946/2/6 2945/2/6
f 2970/3/6 2943/3/6 2969/3/6
f 2970/2/6 2945/2/6 2944/2/6
f 2970/2/6 2944/2/6 2943/2/6
f 2971/3/6 2961/3/6 2909/3/6
f 2971/2/6 2962/2/6 2961/2/6
f 2972/3/6 2940/3/6 2962/3/6
f 2972/2/6 2962/2/6 2971/2/6
f 2973/2/6 2946/2/6 2970/2/6
f 2973/2/6 2970/2/6 2969/2/6
f 2974/3/6 2719/3/6 2946/3/6
f 2974/2/6 2946/2/6 2973/2/6
f 2975/5/6 2965/5/6 2953/5/6
f 2976/4/6 2966/4/6 2965/4/6
f 2976/5/6 2965/5/6 2975/5/6
f 2976/4/6 2967/4/6 2966/4/6
f 2977/2/6 2883/2/6 2888/2/6
f 2977/3/6 2884/3/6 2883/3/6
f 2977/2/6 2888/2/6 2940/2/6
f 2978/3/6 2809/3/6 2884/3/6
f 2978/3/6 2884/3/6 2977/3/6
f 2979/4/6 2960/4/6 2959/4/6
f 2979/4/6 2959/4/6 2950/4/6
f 2980/4/6 2924/4/6 2960/4/6
f 2980/4/6 2960/4/6 2979/4/6
f 2980/4/6 2909/4/6 2924/4/6
f 2981/3/6 2940/3/6 2972/3/6
f 2981/3/6 2972/3/6 2971/3/6
f 2982/2/6 2977/2/6 2940/2/6
f 2982/3/6 2940/3/6 2981/3/6
f 2982/2/6 2978/2/6 2977/2/6
f 2983/3/6 2809/3/6 2978/3/6
f 2983/2/6 2978/2/6 2982/2/6
f 2984/3/6 2809/3/6 2983/3/6
f 2985/4/6 2967/4/6 2976/4/6
f 2985/4/6 2976/4/6 2975/4/6
f 2986/3/6 2969/3/6 2968/3/6
f 2986/4/6 2967/4/6 2985/4/6
f 2986/3/6 2968/3/6 2967/3/6
f 2987/2/6 2973/2/6 2969/2/6
f 2988/3/6 2974/3/6 2973/3/6
f 2988/2/6 2973/2/6 2987/2/6
f 2989/4/6 2979/4/6 2950/4/6
f 2989/5/6 2950/5/6 2949/5/6
f 2989/5/6 2948/5/6 2947/5/6
f 2989/5/6 2949/5/6 2948/5/6
f 2990/5/6 2980/5/6 2979/5/6
f 2990/4/6 2979/4/6 2989/4/6
f 2991/5/6 2963/5/6 2927/5/6
f 2992/4/6 2964/4/6 2963/4/6
f 2992/5/6 2963/5/6 2991/5/6
f 2993/4/6 2953/4/6 2964/4/6
f 2993/4/6 2964/4/6 2992/4/6
f 2994/5/6 2975/5/6 2953/5/6
f 2994/4/6 2953/4/6 2993/4/6
f 2995/4/6 2985/4/6 2975/4/6
f 2996/3/6 2986/3/6 2985/3/6
f 2996/4/6 2985/4/6 2995/4/6
f 2997/3/6 2981/3/6 2971/3/6
f 2997/3/6 2971/3/6 2909/3/6
f 2998/2/6 2984/2/6 2983/2/6
f 2998/3/6 2981/3/6 2997/3/6
f 2998/2/6 2983/2/6 2982/2/6
f 2998/2/6 2982/2/6 2981/2/6
f 2999/3/6 2942/3/6 2941/3/6
f 3000/3/6 2942/3/6 2999/3/6
f 3001/4/6 2881/4/6 2942/4/6
f 3001/3/6 2942/3/6 3000/3/6
f 3002/4/6 2881/4/6 3001/4/6
f 3003/5/6 2991/5/6 2927/5/6
f 3003/4/6 2881/4/6 3002/4/6
f 3003/5/6 2927/5/6 2881/5/6
f 3004/5/6 2991/5/6 3003/5/6
f 3005/5/6 2975/5/6 2994/5/6
f 3005/5/6 2994/5/6 2993/5/6
f 3006/4/6 2995/4/6 2975/4/6
f 3006/5/6 2975/5/6 3005/5/6
f 3007/4/6 2889/4/6 2958/4/6
f 3007/5/6 2947/5/6 2933/5/6
f 3007/4/6 2958/4/6 2957/4/6
f 3007/5/6 2905/5/6 2889/5/6
f 3007/5/6 2933/5/6 2905/5/6
f 3007/5/6 2989/5/6 2947/5/6
f 3007/5/6 2990/5/6 2989/5/6
f 3008/5/6 2990/5/6 3007/5/6
f 3009/2/6 2998/2/6 2997/2/6
f 3009/2/6 2984/2/6 2998/2/6
f 3010/2/6 2984/2/6 3009/2/6
f 3011/5/6 2991/5/6 3004/5/6
f 3012/4/6 2993/4/6 2992/4/6
f 3012/5/6 2991/5/6 3011/5/6
f 3012/4/6 2992/4/6 2991/4/6
f 3013/2/6 2984/2/6 3010/2/6
f 3013/3/6 3010/3/6 3009/3/6
f 3014/2/6 2984/2/6 3013/2/6
f 3015/4/6 2993/4/6 3012/4/6
f 3015/4/6 3012/4/6 3011/4/6
f 3015/5/6 3005/5/6 2993/5/6
f 3016/5/6 3005/5/6 3015/5/6
f 3017/4/6 2995/4/6 3006/4/6
f 3017/4/6 3006/4/6 3005/4/6
f 3018/3/6 2996/3/6 2995/3/6
f 3018/4/6 2995/4/6 3017/4/6
f 3019/3/6 2969/3/6 2986/3/6
f 3019/3/6 2996/3/6 3018/3/6
f 3019/3/6 2986/3/6 2996/3/6
f 3020/2/6 2987/2/6 2969/2/6
f 3020/3/6 2969/3/6 3019/3/6
f 3021/5/6 2990/5/6 3008/5/6
f 3021/4/6 3008/4/6 3007/4/6
f 3022/5/6 2990/5/6 3021/5/6
f 3023/3/6 2997/3/6 2909/3/6
f 3023/4/6 2909/4/6 2980/4/6
f 3024/2/6 3009/2/6 2997/2/6
f 3024/3/6 2997/3/6 3023/3/6
f 3025/3/6 3014/3/6 3013/3/6
f 3025/2/6 3009/2/6 3024/2/6
f 3025/3/6 3013/3/6 3009/3/6
f 3026/5/6 3011/5/6 3004/5/6
f 3026/4/6 3004/4/6 3003/4/6
f 3026/4/6 3003/4/6 3002/4/6
f 3027/4/6 3015/4/6 3011/4/6
f 3027/5/6 3011/5/6 3026/5/6
f 3027/4/6 3016/4/6 3015/4/6
f 3028/5/6 3005/5/6 3016/5/6
f 3028/4/6 3016/4/6 3027/4/6
f 3029/4/6 3017/4/6 3005/4/6
f 3029/5/6 3005/5/6 3028/5/6
f 3030/3/6 2988/3/6 2987/3/6
f 3030/2/6 2987/2/6 3020/2/6
f 3030/2/6 3020/2/6 3019/2/6
f 3031/3/6 2974/3/6 2988/3/6
f 3031/3/6 2988/3/6 3030/3/6
f 3031/3/6 2719/3/6 2974/3/6
f 3032/3/6 3014/3/6 3025/3/6
f 3032/3/6 3025/3/6 3024/3/6
f 3033/2/6 2984/2/6 3014/2/6
f 3033/3/6 3014/3/6 3032/3/6
f 3034/4/6 3027/4/6 3026/4/6
f 3034/4/6 3026/4/6 3002/4/6
f 3034/4/6 3029/4/6 3028/4/6
f 3034/4/6 3028/4/6 3027/4/6
f 3035/4/6 3029/4/6 3034/4/6
f 3036/4/6 3029/4/6 3035/4/6
f 3037/4/6 3029/4/6 3036/4/6
f 3038/4/6 3029/4/6 3037/4/6
f 3039/4/6 3029/4/6 3038/4/6
f 3040/3/6 3018/3/6 3017/3/6
f 3040/3/6 3019/3/6 3018/3/6
f 3041/2/6 3030/2/6 3019/2/6
f 3041/3/6 3019/3/6 3040/3/6
f 3041/2/6 3031/2/6 3030/2/6
f 3042/5/6 2990/5/6 3022/5/6
f 3043/5/6 2980/5/6 2990/5/6
f 3043/5/6 2990/5/6 3042/5/6
f 3044/3/6 3032/3/6 3024/3/6
f 3044/2/6 3033/2/6 3032/2/6
f 3045/2/6 2984/2/6 3033/2/6
f 3045/2/6 3033/2/6 3044/2/6
f 3046/2/6 2984/2/6 3045/2/6
f 3049/2/6 3000/2/6 2999/2/6
f 3050/4/6 3022/4/6 3021/4/6
f 3050/5/6 3042/5/6 3022/5/6
f 3051/5/6 3042/5/6 3050/5/6
f 3052/5/6 3042/5/6 3051/5/6
f 3053/5/6 3042/5/6 3052/5/6
f 3054/4/6 3034/4/6 3002/4/6
f 3054/5/6 3035/5/6 3034/5/6
f 3055/4/6 3036/4/6 3035/4/6
f 3055/5/6 3035/5/6 3054/5/6
f 3056/2/6 3031/2/6 3041/2/6
f 3056/2/6 3041/2/6 3040/2/6
f 3057/3/6 2719/3/6 3031/3/6
f 3057/2/6 3031/2/6 3056/2/6
f 3058/4/6 3051/4/6 3050/4/6
f 3058/5/6 3052/5/6 3051/5/6
f 3059/5/6 3052/5/6 3058/5/6
f 3060/5/6 3042/5/6 3053/5/6
f 3060/4/6 3053/4/6 3052/4/6
f 3061/4/6 3043/4/6 3042/4/6
f 3061/5/6 3042/5/6 3060/5/6
f 3062/3/6 3002/3/6 3001/3/6
f 3062/3/6 3001/3/6 3000/3/6
f 3062/4/6 3054/4/6 3002/4/6
f 3062/4/6 3055/4/6 3054/4/6
f 3063/4/6 3055/4/6 3062/4/6
f 3064/4/6 3055/4/6 3063/4/6
f 3065/4/6 3036/4/6 3055/4/6
f 3065/4/6 3055/4/6 3064/4/6
f 3065/5/6 3037/5/6 3036/5/6
f 3066/4/6 3029/4/6 3039/4/6
f 3067/4/6 3029/4/6 3066/4/6
f 3068/3/6 3040/3/6 3017/3/6
f 3069/2/6 3056/2/6 3040/2/6
f 3069/3/6 3040/3/6 3068/3/6
f 3070/5/6 3052/5/6 3059/5/6
f 3071/5/6 3052/5/6 3070/5/6
f 3072/4/6 3064/4/6 3063/4/6
f 3073/4/6 3064/4/6 3072/4/6
f 3074/5/6 3070/5/6 3059/5/6
f 3075/4/6 3071/4/6 3070/4/6
f 3075/5/6 3070/5/6 3074/5/6
f 3076/3/6 3063/3/6 3062/3/6
f 3076/4/6 3072/4/6 3063/4/6
f 3077/4/6 3072/4/6 3076/4/6
f 3078/4/6 3029/4/6 3067/4/6
f 3078/4/6 3017/4/6 3029/4/6
f 3079/3/6 3068/3/6 3017/3/6
f 3079/4/6 3017/4/6 3078/4/6
f 3080/4/6 3007/4/6 2957/4/6
f 3080/3/6 2957/3/6 2605/3/6
f 3080/4/6 3021/4/6 3007/4/6
f 3080/4/6 3059/4/6 3058/4/6
f 3080/4/6 3058/4/6 3050/4/6
f 3080/4/6 3050/4/6 3021/4/6
f 3081/4/6 3059/4/6 3080/4/6
f 3082/5/6 3074/5/6 3059/5/6
f 3082/4/6 3059/4/6 3081/4/6
f 3083/4/6 3075/4/6 3074/4/6
f 3083/5/6 3074/5/6 3082/5/6
f 3084/5/6 2980/5/6 3043/5/6
f 3084/4/6 3043/4/6 3061/4/6
f 3084/4/6 3061/4/6 3060/4/6
f 3085/4/6 3024/4/6 3023/4/6
f 3085/5/6 2980/5/6 3084/5/6
f 3085/4/6 3023/4/6 2980/4/6
f 3086/3/6 3077/3/6 3076/3/6
f 3086/3/6 3076/3/6 3062/3/6
f 3087/4/6 3072/4/6 3077/4/6
f 3087/3/6 3077/3/6 3086/3/6
f 3088/5/6 3052/5/6 3071/5/6
f 3088/4/6 3075/4/6 3083/4/6
f 3088/4/6 3083/4/6 3082/4/6
f 3088/4/6 3082/4/6 3081/4/6
f 3088/4/6 3071/4/6 3075/4/6
f 3089/4/6 3084/4/6 3060/4/6
f 3089/5/6 3052/5/6 3088/5/6
f 3089/4/6 3060/4/6 3052/4/6
f 3089/4/6 3085/4/6 3084/4/6
f 3090/3/6 3044/3/6 3024/3/6
f 3090/4/6 3085/4/6 3089/4/6
f 3090/4/6 3024/4/6 3085/4/6
f 3090/3/6 3045/3/6 3044/3/6
f 3091/3/6 3045/3/6 3090/3/6
f 3092/5/6 3039/5/6 3038/5/6
f 3092/4/6 3066/4/6 3039/4/6
f 3093/5/6 3067/5/6 3066/5/6
f 3093/4/6 3066/4/6 3092/4/6
f 3094/4/6 3078/4/6 3067/4/6
f 3095/3/6 3079/3/6 3078/3/6
f 3095/4/6 3078/4/6 3094/4/6
f 3096/4/6 3089/4/6 3088/4/6
f 3096/4/6 3091/4/6 3090/4/6
f 3096/4/6 3090/4/6 3089/4/6
f 3097/4/6 3091/4/6 3096/4/6
f 3098/4/6 3064/4/6 3073/4/6
f 3098/5/6 3073/5/6 3072/5/6
f 3099/5/6 3065/5/6 3064/5/6
f 3099/4/6 3064/4/6 3098/4/6
f 3100/5/6 3092/5/6 3038/5/6
f 3100/3/6 3093/3/6 3092/3/6
f 3101/5/6 3067/5/6 3093/5/6
f 3101/3/6 3093/3/6 3100/3/6
f 3102/2/6 3069/2/6 3068/2/6
f 3102/2/6 3056/2/6 3069/2/6
f 3102/3/6 3057/3/6 3056/3/6
f 3103/3/6 3057/3/6 3102/3/6
f 3104/4/6 3088/4/6 3081/4/6
f 3104/4/6 3096/4/6 3088/4/6
f 3104/3/6 3081/3/6 3080/3/6
f 3105/4/6 3096/4/6 3104/4/6
f 3106/3/6 3045/3/6 3091/3/6
f 3107/2/6 3046/2/6 3045/2/6
f 3107/3/6 3045/3/6 3106/3/6
f 3107/2/6 3047/2/6 3046/2/6
f 3108/2/6 3049/2/6 3048/2/6
f 3108/3/6 3048/3/6 3047/3/6
f 3109/3/6 3086/3/6 3062/3/6
f 3109/2/6 3049/2/6 3108/2/6
f 3109/2/6 3000/2/6 3049/2/6
f 3109/3/6 3062/3/6 3000/3/6
f 3110/5/6 3037/5/6 3065/5/6
f 3110/4/6 3038/4/6 3037/4/6
f 3110/5/6 3099/5/6 3098/5/6
f 3110/5/6 3065/5/6 3099/5/6
f 3111/5/6 3100/5/6 3038/5/6
f 3111/4/6 3038/4/6 3110/4/6
f 3112/3/6 3079/3/6 3095/3/6
f 3112/3/6 3068/3/6 3079/3/6
f 3112/3/6 3095/3/6 3094/3/6
f 3113/2/6 3103/2/6 3102/2/6
f 3113/3/6 3068/3/6 3112/3/6
f 3113/2/6 3102/2/6 3068/2/6
f 3114/4/6 3096/4/6 3105/4/6
f 3114/3/6 3105/3/6 3104/3/6
f 3115/4/6 3096/4/6 3114/4/6
f 3116/4/6 3096/4/6 3115/4/6
f 3117/3/6 3097/3/6 3096/3/6
f 3117/4/6 3096/4/6 3116/4/6
f 3118/4/6 3072/4/6 3087/4/6
f 3118/5/6 3110/5/6 3098/5/6
f 3118/4/6 3087/4/6 3086/4/6
f 3118/5/6 3098/5/6 3072/5/6
f 3118/5/6 3111/5/6 3110/5/6
f 3119/5/6 3111/5/6 3118/5/6
f 3120/5/6 3100/5/6 3111/5/6
f 3120/5/6 3111/5/6 3119/5/6
f 3121/4/6 3101/4/6 3100/4/6
f 3121/5/6 3100/5/6 3120/5/6
f 3122/3/6 3112/3/6 3094/3/6
f 3123/2/6 3113/2/6 3112/2/6
f 3123/3/6 3112/3/6 3122/3/6
f 3124/5/6 3120/5/6 3119/5/6
f 3125/5/6 3120/5/6 3124/5/6
f 3126/4/6 3121/4/6 3120/4/6
f 3126/5/6 3120/5/6 3125/5/6
f 3127/4/6 3121/4/6 3126/4/6
f 3128/5/6 3067/5/6 3101/5/6
f 3128/4/6 3121/4/6 3127/4/6
f 3128/4/6 3101/4/6 3121/4/6
f 3129/5/6 3067/5/6 3128/5/6
f 3130/4/6 3094/4/6 3067/4/6
f 3130/5/6 3067/5/6 3129/5/6
f 3131/3/6 3122/3/6 3094/3/6
f 3131/4/6 3094/4/6 3130/4/6
f 3132/3/6 3057/3/6 3103/3/6
f 3132/2/6 3103/2/6 3113/2/6
f 3132/2/6 3113/2/6 3123/2/6
f 3132/2/6 3123/2/6 3122/2/6
f 3133/3/6 2719/3/6 3057/3/6
f 3133/3/6 3057/3/6 3132/3/6
f 3134/4/6 3116/4/6 3115/4/6
f 3135/3/6 3117/3/6 3116/3/6
f 3135/4/6 3116/4/6 3134/4/6
f 3136/4/6 3119/4/6 3118/4/6
f 3136/5/6 3124/5/6 3119/5/6
f 3137/5/6 3124/5/6 3136/5/6
f 3138/5/6 3127/5/6 3126/5/6
f 3138/5/6 3126/5/6 3125/5/6
f 3138/4/6 3125/4/6 3124/4/6
f 3139/4/6 3129/4/6 3128/4/6
f 3139/5/6 3127/5/6 3138/5/6
f 3139/4/6 3128/4/6 3127/4/6
f 3140/3/6 3097/3/6 3117/3/6
f 3140/3/6 3117/3/6 3135/3/6
f 3140/4/6 3091/4/6 3097/4/6
f 3140/3/6 3135/3/6 3134/3/6
f 3141/4/6 3091/4/6 3140/4/6
f 3142/4/6 3129/4/6 3139/4/6
f 3142/4/6 3139/4/6 3138/4/6
f 3143/3/6 3131/3/6 3130/3/6
f 3143/4/6 3129/4/6 3142/4/6
f 3143/3/6 3130/3/6 3129/3/6
f 3144/3/6 3131/3/6 3143/3/6
f 3145/3/6 3122/3/6 3131/3/6
f 3145/3/6 3131/3/6 3144/3/6
f 3145/2/6 3132/2/6 3122/2/6
f 3145/2/6 3133/2/6 3132/2/6
f 3146/2/6 3133/2/6 3145/2/6
f 3147/3/6 2719/3/6 3133/3/6
f 3147/2/6 3133/2/6 3146/2/6
f 3148/2/6 3047/2/6 3107/2/6
f 3148/2/6 3107/2/6 3106/2/6
f 3149/3/6 3108/3/6 3047/3/6
f 3149/2/6 3047/2/6 3148/2/6
f 3149/3/6 3109/3/6 3108/3/6
f 3150/4/6 3134/4/6 3115/4/6
f 3151/4/6 3134/4/6 3150/4/6
f 3152/4/6 3134/4/6 3151/4/6
f 3153/3/6 3141/3/6 3140/3/6
f 3153/4/6 3134/4/6 3152/4/6
f 3153/3/6 3140/3/6 3134/3/6
f 3154/4/6 3091/4/6 3141/4/6
f 3154/3/6 3141/3/6 3153/3/6
f 3155/3/6 3106/3/6 3091/3/6
f 3155/4/6 3091/4/6 3154/4/6
f 3156/4/6 3142/4/6 3138/4/6
f 3157/3/6 3144/3/6 3143/3/6
f 3157/4/6 3142/4/6 3156/4/6
f 3157/3/6 3143/3/6 3142/3/6
f 3158/3/6 3144/3/6 3157/3/6
f 3159/2/6 3145/2/6 3144/2/6
f 3159/3/6 3144/3/6 3158/3/6
f 3159/2/6 3146/2/6 3145/2/6
f 3160/5/6 3124/5/6 3137/5/6
f 3160/4/6 3137/4/6 3136/4/6
f 3161/4/6 3156/4/6 3138/4/6
f 3161/5/6 3124/5/6 3160/5/6
f 3161/4/6 3138/4/6 3124/4/6
f 3162/3/6 3109/3/6 3149/3/6
f 3162/3/6 3086/3/6 3109/3/6
f 3162/4/6 3161/4/6 3160/4/6
f 3162/3/6 3149/3/6 3148/3/6
f 3162/4/6 3160/4/6 3136/4/6
f 3162/4/6 3136/4/6 3118/4/6
f 3162/4/6 3118/4/6 3086/4/6
f 3163/4/6 3161/4/6 3162/4/6
f 3164/4/6 3156/4/6 3161/4/6
f 3164/4/6 3161/4/6 3163/4/6
f 3165/3/6 3158/3/6 3157/3/6
f 3165/4/6 3156/4/6 3164/4/6
f 3165/3/6 3157/3/6 3156/3/6
f 3166/3/6 3153/3/6 3152/3/6
f 3166/3/6 3154/3/6 3153/3/6
f 3166/3/6 3155/3/6 3154/3/6
f 3167/3/6 3155/3/6 3166/3/6
f 3168/3/6 3158/3/6 3165/3/6
f 3168/3/6 3165/3/6 3164/3/6
f 3169/2/6 3159/2/6 3158/2/6
f 3169/3/6 3158/3/6 3168/3/6
f 3170/3/6 3115/3/6 3114/3/6
f 3170/3/6 3114/3/6 3104/3/6
f 3170/3/6 3080/3/6 2605/3/6
f 3170/3/6 3104/3/6 3080/3/6
f 3171/3/6 3115/3/6 3170/3/6
f 3172/4/6 3150/4/6 3115/4/6
f 3172/3/6 3115/3/6 3171/3/6
f 3173/3/6 3151/3/6 3150/3/6
f 3173/4/6 3150/4/6 3172/4/6
f 3174/3/6 3155/3/6 3167/3/6
f 3174/2/6 3167/2/6 3166/2/6
f 3175/3/6 3155/3/6 3174/3/6
f 3176/3/6 3163/3/6 3162/3/6
f 3176/4/6 3164/4/6 3163/4/6
f 3177/4/6 3164/4/6 3176/4/6
f 3178/2/6 3159/2/6 3169/2/6
f 3178/2/6 3146/2/6 3159/2/6
f 3178/2/6 3169/2/6 3168/2/6
f 3178/3/6 3147/3/6 3146/3/6
f 3179/3/6 2719/3/6 3147/3/6
f 3179/3/6 3147/3/6 3178/3/6
f 3180/3/6 3173/3/6 3172/3/6
f 3180/3/6 3172/3/6 3171/3/6
f 3180/2/6 3171/2/6 3170/2/6
f 3181/3/6 3173/3/6 3180/3/6
f 3182/4/6 3152/4/6 3151/4/6
f 3183/3/6 3166/3/6 3152/3/6
f 3183/4/6 3152/4/6 3182/4/6
f 3184/3/6 3177/3/6 3176/3/6
f 3184/3/6 3176/3/6 3162/3/6
f 3184/2/6 3148/2/6 3106/2/6
f 3184/3/6 3162/3/6 3148/3/6
f 3185/3/6 3177/3/6 3184/3/6
f 3186/4/6 3164/4/6 3177/4/6
f 3186/3/6 3177/3/6 3185/3/6
f 3187/4/6 3164/4/6 3186/4/6
f 3188/3/6 3173/3/6 3181/3/6
f 3188/2/6 3181/2/6 3180/2/6
f 3189/3/6 3173/3/6 3188/3/6
f 3190/3/6 3166/3/6 3183/3/6
f 3190/3/6 3183/3/6 3182/3/6
f 3191/2/6 3175/2/6 3174/2/6
f 3191/3/6 3166/3/6 3190/3/6
f 3191/2/6 3174/2/6 3166/2/6
f 3192/3/6 3190/3/6 3182/3/6
f 3193/2/6 3191/2/6 3190/2/6
f 3193/3/6 3190/3/6 3192/3/6
f 3194/3/6 3155/3/6 3175/3/6
f 3194/2/6 3191/2/6 3193/2/6
f 3194/2/6 3175/2/6 3191/2/6
f 3195/3/6 3155/3/6 3194/3/6
f 3196/2/6 3185/2/6 3184/2/6
f 3196/3/6 3187/3/6 3186/3/6
f 3196/3/6 3186/3/6 3185/3/6
f 3197/3/6 3187/3/6 3196/3/6
f 3198/3/6 3173/3/6 3189/3/6
f 3198/2/6 3189/2/6 3188/2/6
f 3199/3/6 3173/3/6 3198/3/6
f 3200/3/6 3155/3/6 3195/3/6
f 3201/2/6 3197/2/6 3196/2/6
f 3201/3/6 3155/3/6 3200/3/6
f 3201/3/6 3106/3/6 3155/3/6
f 3201/2/6 3184/2/6 3106/2/6
f 3201/2/6 3196/2/6 3184/2/6
f 3202/4/6 3164/4/6 3187/4/6
f 3202/3/6 3187/3/6 3197/3/6
f 3203/4/6 3164/4/6 3202/4/6
f 3204/3/6 3203/3/6 3202/3/6
f 3204/4/6 3164/4/6 3203/4/6
f 3205/3/6 3168/3/6 3164/3/6
f 3205/4/6 3164/4/6 3204/4/6
f 3206/3/6 3173/3/6 3199/3/6
f 3206/2/6 3199/2/6 3198/2/6
f 3207/3/6 3151/3/6 3173/3/6
f 3207/3/6 3173/3/6 3206/3/6
f 3207/4/6 3182/4/6 3151/4/6
f 3208/3/6 3192/3/6 3182/3/6
f 3208/4/6 3182/4/6 3207/4/6
f 3209/3/6 3192/3/6 3208/3/6
f 3210/2/6 3193/2/6 3192/2/6
f 3210/3/6 3192/3/6 3209/3/6
f 3210/2/6 3195/2/6 3194/2/6
f 3210/2/6 3194/2/6 3193/2/6
f 3211/2/6 3206/2/6 3198/2/6
f 3211/2/6 3207/2/6 3206/2/6
f 3211/2/6 3180/2/6 3170/2/6
f 3211/2/6 3198/2/6 3188/2/6
f 3211/2/6 3188/2/6 3180/2/6
f 3212/3/6 3209/3/6 3208/3/6
f 3212/2/6 3207/2/6 3211/2/6
f 3212/3/6 3208/3/6 3207/3/6
f 3213/2/6 3210/2/6 3209/2/6
f 3213/3/6 3209/3/6 3212/3/6
f 3214/2/6 3195/2/6 3210/2/6
f 3214/2/6 3210/2/6 3213/2/6
f 3214/3/6 3200/3/6 3195/3/6
f 3215/2/6 3201/2/6 3200/2/6
f 3215/3/6 3200/3/6 3214/3/6
f 3216/2/6 3197/2/6 3201/2/6
f 3216/2/6 3201/2/6 3215/2/6
f 3216/3/6 3205/3/6 3204/3/6
f 3216/3/6 3204/3/6 3202/3/6
f 3216/3/6 3202/3/6 3197/3/6
f 3217/3/6 3168/3/6 3205/3/6
f 3217/3/6 3205/3/6 3216/3/6
f 3217/2/6 3179/2/6 3178/2/6
f 3217/2/6 3178/2/6 3168/2/6
f 3218/2/6 3179/2/6 3217/2/6
f 3225/2/6 3220/2/6 3219/2/6
f 3226/2/6 3220/2/6 3225/2/6
f 3227/2/6 3222/2/6 3221/2/6
f 3228/2/6 3222/2/6 3227/2/6
f 3229/2/6 3224/2/6 3223/2/6
f 3230/2/6 3224/2/6 3229/2/6
f 3231/2/6 3225/2/6 3219/2/6
f 3232/2/6 3220/2/6 3226/2/6
f 3233/2/6 3227/2/6 3221/2/6
f 3234/2/6 3222/2/6 3228/2/6
f 3235/2/6 3229/2/6 3223/2/6
f 3236/2/6 3224/2/6 3230/2/6
f 3237/2/6 3231/2/6 3219/2/6
f 3237/2/6 3232/2/6 3231/2/6
f 3238/2/6 3220/2/6 3232/2/6
f 3238/2/6 3232/2/6 3237/2/6
f 3239/2/6 3233/2/6 3221/2/6
f 3239/2/6 3234/2/6 3233/2/6
f 3240/2/6 3222/2/6 3234/2/6
f 3240/2/6 3234/2/6 3239/2/6
f 3241/2/6 3236/2/6 3235/2/6
f 3241/2/6 3235/2/6 3223/2/6
f 3242/2/6 3224/2/6 3236/2/6
f 3242/2/6 3236/2/6 3241/2/6
f 3249/2/6 3244/2/6 3243/2/6
f 3250/2/6 3244/2/6 3249/2/6
f 3251/2/6 3246/2/6 3245/2/6
f 3252/2/6 3246/2/6 3251/2/6
f 3253/2/6 3248/2/6 3247/2/6
f 3254/2/6 3248/2/6 3253/2/6
f 3255/2/6 3249/2/6 3243/2/6
f 3256/2/6 3244/2/6 3250/2/6
f 3257/2/6 3251/2/6 3245/2/6
f 3258/2/6 3246/2/6 3252/2/6
f 3259/2/6 3253/2/6 3247/2/6
f 3260/2/6 3248/2/6 3254/2/6
f 3261/2/6 3255/2/6 3243/2/6
f 3261/2/6 3256/2/6 3255/2/6
f 3262/2/6 3244/2/6 3256/2/6
f 3262/2/6 3256/2/6 3261/2/6
f 3263/2/6 3257/2/6 3245/2/6
f 3263/2/6 3258/2/6 3257/2/6
f 3264/2/6 3246/2/6 3258/2/6
f 3264/2/6 3258/2/6 3263/2/6
f 3265/2/6 3260/2/6 3259/2/6
f 3265/2/6 3259/2/6 3247/2/6
f 3266/2/6 3248/2/6 3260/2/6
f 3266/2/6 3260/2/6 3265/2/6
f 3269/2/6 3268/2/6 3267/2/6
f 3270/2/6 3268/2/6 3269/2/6
f 3271/2/6 3269/2/6 3267/2/6
f 3272/2/6 3268/2/6 3270/2/6
f 3273/2/6 3271/2/6 3267/2/6
f 3273/2/6 3272/2/6 3271/2/6
f 3274/2/6 3268/2/6 3272/2/6
f 3274/2/6 3272/2/6 3273/2/6
f 3299/2/6 3276/2/6 3275/2/6
f 3300/2/6 3276/2/6 3299/2/6
f 3301/2/6 3278/2/6 3277/2/6
f 3302/2/6 3278/2/6 3301/2/6
f 3303/2/6 3280/2/6 3279/2/6
f 3304/2/6 3280/2/6 3303/2/6
f 3305/2/6 3282/2/6 3281/2/6
f 3306/2/6 3282/2/6 3305/2/6
f 3307/2/6 3284/2/6 3283/2/6
f 3308/2/6 3284/2/6 3307/2/6
f 3309/2/6 3286/2/6 3285/2/6
f 3310/2/6 3286/2/6 3309/2/6
f 3311/2/6 3288/2/6 3287/2/6
f 3312/2/6 3288/2/6 3311/2/6
f 3313/2/6 3290/2/6 3289/2/6
f 3314/2/6 3290/2/6 3313/2/6
f 3315/2/6 3292/2/6 3291/2/6
f 3316/2/6 3292/2/6 3315/2/6
f 3317/2/6 3294/2/6 3293/2/6
f 3318/2/6 3294/2/6 3317/2/6
f 3319/2/6 3296/2/6 3295/2/6
f 3320/2/6 3296/2/6 3319/2/6
f 3321/2/6 3298/2/6 3297/2/6
f 3322/2/6 3298/2/6 3321/2/6
f 3323/2/6 3299/2/6 3275/2/6
f 3324/2/6 3276/2/6 3300/2/6
f 3325/2/6 3301/2/6 3277/2/6
f 3326/2/6 3278/2/6 3302/2/6
f 3327/2/6 3303/2/6 3279/2/6
f 3328/2/6 3280/2/6 3304/2/6
f 3329/2/6 3305/2/6 3281/2/6
f 3330/2/6 3282/2/6 3306/2/6
f 3331/2/6 3307/2/6 3283/2/6
f 3332/2/6 3284/2/6 3308/2/6
f 3333/2/6 3309/2/6 3285/2/6
f 3334/2/6 3286/2/6 3310/2/6
f 3335/2/6 3311/2/6 3287/2/6
f 3336/2/6 3288/2/6 3312/2/6
f 3337/2/6 3313/2/6 3289/2/6
f 3338/2/6 3290/2/6 3314/2/6
f 3339/2/6 3315/2/6 3291/2/6
f 3340/2/6 3292/2/6 3316/2/6
f 3341/2/6 3317/2/6 3293/2/6
f 3342/2/6 3294/2/6 3318/2/6
f 3343/2/6 3319/2/6 3295/2/6
f 3344/2/6 3296/2/6 3320/2/6
f 3345/2/6 3321/2/6 3297/2/6
f 3346/2/6 3298/2/6 3322/2/6
f 3347/2/6 3323/2/6 3275/2/6
f 3347/2/6 3324/2/6 3323/2/6
f 3348/2/6 3276/2/6 3324/2/6
f 3348/2/6 3324/2/6 3347/2/6
f 3349/2/6 3325/2/6 3277/2/6
f 3349/2/6 3326/2/6 3325/2/6
f 3350/2/6 3278/2/6 3326/2/6
f 3350/2/6 3326/2/6 3349/2/6
f 3351/2/6 3327/2/6 3279/2/6
f 3351/2/6 3328/2/6 3327/2/6
f 3352/2/6 3280/2/6 3328/2/6
f 3352/2/6 3328/2/6 3351/2/6
f 3353/2/6 3329/2/6 3281/2/6
f 3353/2/6 3330/2/6 3329/2/6
f 3354/2/6 3282/2/6 3330/2/6
f 3354/2/6 3330/2/6 3353/2/6
f 3355/2/6 3331/2/6 3283/2/6
f 3355/2/6 3332/2/6 3331/2/6
f 3356/2/6 3284/2/6 3332/2/6
f 3356/2/6 3332/2/6 3355/2/6
f 3357/2/6 3333/2/6 3285/2/6
f 3357/2/6 3334/2/6 3333/2/6
f 3358/2/6 3286/2/6 3334/2/6
f 3358/2/6 3334/2/6 3357/2/6
f 3359/2/6 3335/2/6 3287/2/6
f 3359/2/6 3336/2/6 3335/2/6
f 3360/2/6 3288/2/6 3336/2/6
f 3360/2/6 3336/2/6 3359/2/6
f 3361/2/6 3337/2/6 3289/2/6
f 3361/2/6 3338/2/6 3337/2/6
f 3362/2/6 3290/2/6 3338/2/6
f 3362/2/6 3338/2/6 3361/2/6
f 3363/2/6 3339/2/6 3291/2/6
f 3363/2/6 3340/2/6 3339/2/6
f 3364/2/6 3292/2/6 3340/2/6
f 3364/2/6 3340/2/6 3363/2/6
f 3365/2/6 3341/2/6 3293/2/6
f 3365/2/6 3342/2/6 3341/2/6
f 3366/2/6 3294/2/6 3342/2/6
f 3366/2/6 3342/2/6 3365/2/6
f 3367/2/6 3343/2/6 3295/2/6
f 3367/2/6 3344/2/6 3343/2/6
f 3368/2/6 3296/2/6 3344/2/6
f 3368/2/6 3344/2/6 3367/2/6
f 3369/2/6 3346/2/6 3345/2/6
f 3369/2/6 3345/2/6 3297/2/6
f 3370/2/6 3298/2/6 3346/2/6
f 3370/2/6 3346/2/6 3369/2/6
f 3375/2/6 3372/2/6 3371/2/6
f 3376/2/6 3372/2/6 3375/2/6
f 3377/2/6 3374/2/6 3373/2/6
f 3378/2/6 3374/2/6 3377/2/6
f 3379/2/6 3375/2/6 3371/2/6
f 3380/2/6 3372/2/6 3376/2/6
f 3381/2/6 3377/2/6 3373/2/6
f 3382/2/6 3374/2/6 3378/2/6
f 3383/2/6 3379/2/6 3371/2/6
f 3383/2/6 3380/2/6 3379/2/6
f 3384/2/6 3372/2/6 3380/2/6
f 3384/2/6 3380/2/6 3383/2/6
f 3385/2/6 3382/2/6 3381/2/6
f 3385/2/6 3381/2/6 3373/2/6
f 3386/2/6 3374/2/6 3382/2/6
f 3386/2/6 3382/2/6 3385/2/6
f 3393/2/6 3388/2/6 3387/2/6
f 3394/2/6 3388/2/6 3393/2/6
f 3395/2/6 3390/2/6 3389/2/6
f 3396/2/6 3390/2/6 3395/2/6
f 3397/2/6 3392/2/6 3391/2/6
f 3398/2/6 3392/2/6 3397/2/6
f 3405/2/6 3400/2/6 3399/2/6
f 3406/2/6 3400/2/6 3405/2/6
f 3407/2/6 3402/2/6 3401/2/6
f 3408/2/6 3402/2/6 3407/2/6
f 3409/2/6 3404/2/6 3403/2/6
f 3410/2/6 3404/2/6 3409/2/6
f 3413/2/6 3412/2/6 3411/2/6
f 3414/2/6 3412/2/6 3413/2/6
f 3433/1/6 3416/1/6 3415/1/6
f 3434/1/6 3416/1/6 3433/1/6
f 3435/1/6 3418/1/6 3417/1/6
f 3436/1/6 3418/1/6 3435/1/6
f 3437/1/6 3420/1/6 3419/1/6
f 3438/1/6 3420/1/6 3437/1/6
f 3439/1/6 3422/1/6 3421/1/6
f 3440/1/6 3422/1/6 3439/1/6
f 3441/1/6 3424/1/6 3423/1/6
f 3442/1/6 3424/1/6 3441/1/6
f 3443/1/6 3426/1/6 3425/1/6
f 3444/1/6 3426/1/6 3443/1/6
f 3445/1/6 3428/1/6 3427/1/6
f 3446/1/6 3428/1/6 3445/1/6
f 3447/1/6 3430/1/6 3429/1/6
f 3448/1/6 3430/1/6 3447/1/6
f 3451/1/6 3432/1/6 3431/1/6
f 3452/1/6 3432/1/6 3451/1/6
f 3453/1/6 3449/1/6 3448/1/6
f 3454/1/6 3449/1/6 3453/1/6
f 3455/1/6 3451/1/6 3450/1/6
f 3456/1/6 3451/1/6 3455/1/6
f 3467/1/6 3458/1/6 3457/1/6
f 3468/1/6 3458/1/6 3467/1/6
f 3469/1/6 3460/1/6 3459/1/6
f 3470/1/6 3460/1/6 3469/1/6
f 3471/1/6 3462/1/6 3461/1/6
f 3472/1/6 3462/1/6 3471/1/6
f 3473/1/6 3464/1/6 3463/1/6
f 3474/1/6 3464/1/6 3473/1/6
f 3475/1/6 3466/1/6 3465/1/6
f 3476/1/6 3466/1/6 3475/1/6
f 3477/1/6 3464/1/6 3474/1/6
f 3478/1/6 3464/1/6 3477/1/6
f 3479/1/6 3475/1/6 3465/1/6
f 3480/1/6 3475/1/6 3479/1/6
