# MagicaVoxel @ Ephtracy

# group
o 

# material
mtllib Map-21.mtl
usemtl palette

# normals
vn -1 0 0
vn 1 0 0
vn 0 0 1
vn 0 0 -1
vn 0 -1 0
vn 0 1 0

# texcoords
vt 0.0957031 0.5
vt 0.158203 0.5
vt 0.162109 0.5
vt 0.166016 0.5
vt 0.169922 0.5

# verts
v -12 0 -2.5
v -12 0 -25.6
v -12 0.2 -2.5
v -12 0.2 -25.6
v -11.9 0.2 -2.6
v -11.9 0.2 -2.9
v -11.9 0.2 -3.7
v -11.9 0.2 -4
v -11.9 0.4 -2.6
v -11.9 0.4 -2.9
v -11.9 0.4 -3.7
v -11.9 0.4 -4
v -11.8 0.4 -2.7
v -11.8 0.4 -2.8
v -11.8 0.4 -3.8
v -11.8 0.4 -3.9
v -11.8 0.6 -2.8
v -11.8 0.6 -3.8
v -11.8 0.7 -2.8
v -11.8 0.7 -3.8
v -11.8 1.1 -2.8
v -11.8 1.1 -3.8
v -11.8 1.2 -2.7
v -11.8 1.2 -3.9
v -10.8 0.2 -2.6
v -10.8 0.2 -2.9
v -10.8 0.4 -2.6
v -10.8 0.4 -2.9
v -10.7 0.4 -2.7
v -10.7 0.4 -2.8
v -10.7 0.6 -2.7
v -10.7 0.6 -2.8
v -10.7 0.7 -2.7
v -10.7 0.7 -2.8
v -10.7 1.1 -2.7
v -10.7 1.1 -2.8
v -9.7 0.2 -2.6
v -9.7 0.2 -2.9
v -9.7 0.4 -2.6
v -9.7 0.4 -2.9
v -9.6 0.4 -2.7
v -9.6 0.4 -2.8
v -9.6 0.6 -2.7
v -9.6 0.6 -2.8
v -9.6 0.7 -2.7
v -9.6 0.7 -2.8
v -9.6 1.1 -2.7
v -9.6 1.1 -2.8
v -4.6 0.2 -2.6
v -4.6 0.2 -2.9
v -4.6 0.4 -2.6
v -4.6 0.4 -2.9
v -4.5 0.4 -2.7
v -4.5 0.4 -2.8
v -4.5 1.2 -2.7
v -4.5 1.2 -2.8
v -3.5 0.2 -2.6
v -3.5 0.2 -2.9
v -3.5 0.4 -2.6
v -3.5 0.4 -2.9
v -3.4 0.4 -2.7
v -3.4 0.4 -2.8
v -3.4 0.6 -2.7
v -3.4 0.6 -2.8
v -3.4 0.7 -2.7
v -3.4 0.7 -2.8
v -3.4 1.1 -2.7
v -3.4 1.1 -2.8
v -2.4 0.2 -2.6
v -2.4 0.2 -2.9
v -2.4 0.4 -2.6
v -2.4 0.4 -2.9
v -2.3 0.4 -2.7
v -2.3 0.4 -2.8
v -2.3 0.6 -2.7
v -2.3 0.6 -2.8
v -2.3 0.7 -2.7
v -2.3 0.7 -2.8
v -2.3 1.1 -2.7
v -2.3 1.1 -2.8
v 2.2 0.2 -2.6
v 2.2 0.2 -2.9
v 2.2 0.4 -2.6
v 2.2 0.4 -2.9
v 2.3 0.4 -2.7
v 2.3 0.4 -2.8
v 2.3 1.2 -2.7
v 2.3 1.2 -2.8
v 3.3 0.2 -2.6
v 3.3 0.2 -2.9
v 3.3 0.4 -2.6
v 3.3 0.4 -2.9
v 3.4 0.4 -2.7
v 3.4 0.4 -2.8
v 3.4 0.6 -2.7
v 3.4 0.6 -2.8
v 3.4 0.7 -2.7
v 3.4 0.7 -2.8
v 3.4 1.1 -2.7
v 3.4 1.1 -2.8
v 4.4 0.2 -2.6
v 4.4 0.2 -2.9
v 4.4 0.4 -2.6
v 4.4 0.4 -2.9
v 4.5 0.4 -2.7
v 4.5 0.4 -2.8
v 4.5 0.6 -2.7
v 4.5 0.6 -2.8
v 4.5 0.7 -2.7
v 4.5 0.7 -2.8
v 4.5 1.1 -2.7
v 4.5 1.1 -2.8
v 9.4 0.2 -2.6
v 9.4 0.2 -2.9
v 9.4 0.4 -2.6
v 9.4 0.4 -2.9
v 9.5 0.4 -2.7
v 9.5 0.4 -2.8
v 9.5 1.2 -2.7
v 9.5 1.2 -2.8
v 10.5 0.2 -2.6
v 10.5 0.2 -2.9
v 10.5 0.4 -2.6
v 10.5 0.4 -2.9
v 10.6 0.4 -2.7
v 10.6 0.4 -2.8
v 10.6 0.6 -2.7
v 10.6 0.6 -2.8
v 10.6 0.7 -2.7
v 10.6 0.7 -2.8
v 10.6 1.1 -2.7
v 10.6 1.1 -2.8
v 11.6 0.2 -2.6
v 11.6 0.2 -2.9
v 11.6 0.2 -3.7
v 11.6 0.2 -4
v 11.6 0.4 -2.6
v 11.6 0.4 -2.9
v 11.6 0.4 -3.7
v 11.6 0.4 -4
v 11.7 0.4 -2.7
v 11.7 0.4 -2.8
v 11.7 0.4 -3.8
v 11.7 0.4 -3.9
v 11.7 0.6 -2.7
v 11.7 0.6 -2.8
v 11.7 0.6 -3.8
v 11.7 0.7 -2.7
v 11.7 0.7 -2.8
v 11.7 0.7 -3.8
v 11.7 1.1 -2.7
v 11.7 1.1 -2.8
v 11.7 1.1 -3.8
v 11.7 1.2 -2.8
v 11.7 1.2 -3.9
v -11.7 0.4 -2.7
v -11.7 0.4 -2.8
v -11.7 0.4 -3.8
v -11.7 0.4 -3.9
v -11.7 0.6 -2.7
v -11.7 0.6 -2.8
v -11.7 0.6 -3.8
v -11.7 0.7 -2.7
v -11.7 0.7 -2.8
v -11.7 0.7 -3.8
v -11.7 1.1 -2.7
v -11.7 1.1 -2.8
v -11.7 1.1 -3.8
v -11.7 1.2 -2.8
v -11.7 1.2 -3.9
v -11.6 0.2 -2.6
v -11.6 0.2 -2.9
v -11.6 0.2 -3.7
v -11.6 0.2 -4
v -11.6 0.4 -2.6
v -11.6 0.4 -2.9
v -11.6 0.4 -3.7
v -11.6 0.4 -4
v -10.6 0.4 -2.7
v -10.6 0.4 -2.8
v -10.6 0.6 -2.7
v -10.6 0.6 -2.8
v -10.6 0.7 -2.7
v -10.6 0.7 -2.8
v -10.6 1.1 -2.7
v -10.6 1.1 -2.8
v -10.5 0.2 -2.6
v -10.5 0.2 -2.9
v -10.5 0.4 -2.6
v -10.5 0.4 -2.9
v -9.5 0.4 -2.7
v -9.5 0.4 -2.8
v -9.5 1.2 -2.7
v -9.5 1.2 -2.8
v -9.4 0.2 -2.6
v -9.4 0.2 -2.9
v -9.4 0.4 -2.6
v -9.4 0.4 -2.9
v -4.4 0.4 -2.7
v -4.4 0.4 -2.8
v -4.4 0.6 -2.7
v -4.4 0.6 -2.8
v -4.4 0.7 -2.7
v -4.4 0.7 -2.8
v -4.4 1.1 -2.7
v -4.4 1.1 -2.8
v -4.3 0.2 -2.6
v -4.3 0.2 -2.9
v -4.3 0.4 -2.6
v -4.3 0.4 -2.9
v -3.3 0.4 -2.7
v -3.3 0.4 -2.8
v -3.3 0.6 -2.7
v -3.3 0.6 -2.8
v -3.3 0.7 -2.7
v -3.3 0.7 -2.8
v -3.3 1.1 -2.7
v -3.3 1.1 -2.8
v -3.2 0.2 -2.6
v -3.2 0.2 -2.9
v -3.2 0.4 -2.6
v -3.2 0.4 -2.9
v -2.2 0.4 -2.7
v -2.2 0.4 -2.8
v -2.2 1.2 -2.7
v -2.2 1.2 -2.8
v -2.1 0.2 -2.6
v -2.1 0.2 -2.9
v -2.1 0.4 -2.6
v -2.1 0.4 -2.9
v 2.4 0.4 -2.7
v 2.4 0.4 -2.8
v 2.4 0.6 -2.7
v 2.4 0.6 -2.8
v 2.4 0.7 -2.7
v 2.4 0.7 -2.8
v 2.4 1.1 -2.7
v 2.4 1.1 -2.8
v 2.5 0.2 -2.6
v 2.5 0.2 -2.9
v 2.5 0.4 -2.6
v 2.5 0.4 -2.9
v 3.5 0.4 -2.7
v 3.5 0.4 -2.8
v 3.5 0.6 -2.7
v 3.5 0.6 -2.8
v 3.5 0.7 -2.7
v 3.5 0.7 -2.8
v 3.5 1.1 -2.7
v 3.5 1.1 -2.8
v 3.6 0.2 -2.6
v 3.6 0.2 -2.9
v 3.6 0.4 -2.6
v 3.6 0.4 -2.9
v 4.6 0.4 -2.7
v 4.6 0.4 -2.8
v 4.6 1.2 -2.7
v 4.6 1.2 -2.8
v 4.7 0.2 -2.6
v 4.7 0.2 -2.9
v 4.7 0.4 -2.6
v 4.7 0.4 -2.9
v 9.6 0.4 -2.7
v 9.6 0.4 -2.8
v 9.6 0.6 -2.7
v 9.6 0.6 -2.8
v 9.6 0.7 -2.7
v 9.6 0.7 -2.8
v 9.6 1.1 -2.7
v 9.6 1.1 -2.8
v 9.7 0.2 -2.6
v 9.7 0.2 -2.9
v 9.7 0.4 -2.6
v 9.7 0.4 -2.9
v 10.7 0.4 -2.7
v 10.7 0.4 -2.8
v 10.7 0.6 -2.7
v 10.7 0.6 -2.8
v 10.7 0.7 -2.7
v 10.7 0.7 -2.8
v 10.7 1.1 -2.7
v 10.7 1.1 -2.8
v 10.8 0.2 -2.6
v 10.8 0.2 -2.9
v 10.8 0.4 -2.6
v 10.8 0.4 -2.9
v 11.8 0.4 -2.7
v 11.8 0.4 -2.8
v 11.8 0.4 -3.8
v 11.8 0.4 -3.9
v 11.8 0.6 -2.8
v 11.8 0.6 -3.8
v 11.8 0.7 -2.8
v 11.8 0.7 -3.8
v 11.8 1.1 -2.8
v 11.8 1.1 -3.8
v 11.8 1.2 -2.7
v 11.8 1.2 -3.9
v 11.9 0.2 -2.6
v 11.9 0.2 -2.9
v 11.9 0.2 -3.7
v 11.9 0.2 -4
v 11.9 0.4 -2.6
v 11.9 0.4 -2.9
v 11.9 0.4 -3.7
v 11.9 0.4 -4
v 12 0 -2.5
v 12 0 -25.6
v 12 0.1 -5.1
v 12 0.1 -6.8
v 12 0.2 -2.5
v 12 0.2 -5.1
v 12 0.2 -6.8
v 12 0.2 -25.6
v -12 0 -2.5
v -12 0.2 -2.5
v -0.6 0.1 -2.5
v -0.6 0.2 -2.5
v 0.4 0.1 -2.5
v 0.4 0.2 -2.5
v 0.5 0.1 -2.5
v 0.5 0.2 -2.5
v 1.9 0.1 -2.5
v 1.9 0.2 -2.5
v 12 0 -2.5
v 12 0.2 -2.5
v -11.9 0.2 -2.6
v -11.9 0.4 -2.6
v -11.6 0.2 -2.6
v -11.6 0.4 -2.6
v -10.8 0.2 -2.6
v -10.8 0.4 -2.6
v -10.5 0.2 -2.6
v -10.5 0.4 -2.6
v -9.7 0.2 -2.6
v -9.7 0.4 -2.6
v -9.4 0.2 -2.6
v -9.4 0.4 -2.6
v -4.6 0.2 -2.6
v -4.6 0.4 -2.6
v -4.3 0.2 -2.6
v -4.3 0.4 -2.6
v -3.5 0.2 -2.6
v -3.5 0.4 -2.6
v -3.2 0.2 -2.6
v -3.2 0.4 -2.6
v -2.4 0.2 -2.6
v -2.4 0.4 -2.6
v -2.1 0.2 -2.6
v -2.1 0.4 -2.6
v 2.2 0.2 -2.6
v 2.2 0.4 -2.6
v 2.5 0.2 -2.6
v 2.5 0.4 -2.6
v 3.3 0.2 -2.6
v 3.3 0.4 -2.6
v 3.6 0.2 -2.6
v 3.6 0.4 -2.6
v 4.4 0.2 -2.6
v 4.4 0.4 -2.6
v 4.7 0.2 -2.6
v 4.7 0.4 -2.6
v 9.4 0.2 -2.6
v 9.4 0.4 -2.6
v 9.7 0.2 -2.6
v 9.7 0.4 -2.6
v 10.5 0.2 -2.6
v 10.5 0.4 -2.6
v 10.8 0.2 -2.6
v 10.8 0.4 -2.6
v 11.6 0.2 -2.6
v 11.6 0.4 -2.6
v 11.9 0.2 -2.6
v 11.9 0.4 -2.6
v -11.8 0.4 -2.7
v -11.8 1.2 -2.7
v -11.7 0.4 -2.7
v -11.7 0.6 -2.7
v -11.7 0.7 -2.7
v -11.7 1.1 -2.7
v -10.7 0.4 -2.7
v -10.7 0.6 -2.7
v -10.7 0.7 -2.7
v -10.7 1.1 -2.7
v -10.6 0.4 -2.7
v -10.6 0.6 -2.7
v -10.6 0.7 -2.7
v -10.6 1.1 -2.7
v -9.6 0.4 -2.7
v -9.6 0.6 -2.7
v -9.6 0.7 -2.7
v -9.6 1.1 -2.7
v -9.5 0.4 -2.7
v -9.5 1.2 -2.7
v -4.5 0.4 -2.7
v -4.5 1.2 -2.7
v -4.4 0.4 -2.7
v -4.4 0.6 -2.7
v -4.4 0.7 -2.7
v -4.4 1.1 -2.7
v -3.4 0.4 -2.7
v -3.4 0.6 -2.7
v -3.4 0.7 -2.7
v -3.4 1.1 -2.7
v -3.3 0.4 -2.7
v -3.3 0.6 -2.7
v -3.3 0.7 -2.7
v -3.3 1.1 -2.7
v -2.3 0.4 -2.7
v -2.3 0.6 -2.7
v -2.3 0.7 -2.7
v -2.3 1.1 -2.7
v -2.2 0.4 -2.7
v -2.2 1.2 -2.7
v 2.3 0.4 -2.7
v 2.3 1.2 -2.7
v 2.4 0.4 -2.7
v 2.4 0.6 -2.7
v 2.4 0.7 -2.7
v 2.4 1.1 -2.7
v 3.4 0.4 -2.7
v 3.4 0.6 -2.7
v 3.4 0.7 -2.7
v 3.4 1.1 -2.7
v 3.5 0.4 -2.7
v 3.5 0.6 -2.7
v 3.5 0.7 -2.7
v 3.5 1.1 -2.7
v 4.5 0.4 -2.7
v 4.5 0.6 -2.7
v 4.5 0.7 -2.7
v 4.5 1.1 -2.7
v 4.6 0.4 -2.7
v 4.6 1.2 -2.7
v 9.5 0.4 -2.7
v 9.5 1.2 -2.7
v 9.6 0.4 -2.7
v 9.6 0.6 -2.7
v 9.6 0.7 -2.7
v 9.6 1.1 -2.7
v 10.6 0.4 -2.7
v 10.6 0.6 -2.7
v 10.6 0.7 -2.7
v 10.6 1.1 -2.7
v 10.7 0.4 -2.7
v 10.7 0.6 -2.7
v 10.7 0.7 -2.7
v 10.7 1.1 -2.7
v 11.7 0.4 -2.7
v 11.7 0.6 -2.7
v 11.7 0.7 -2.7
v 11.7 1.1 -2.7
v 11.8 0.4 -2.7
v 11.8 1.2 -2.7
v -11.9 0.2 -3.7
v -11.9 0.4 -3.7
v -11.6 0.2 -3.7
v -11.6 0.4 -3.7
v 11.6 0.2 -3.7
v 11.6 0.4 -3.7
v 11.9 0.2 -3.7
v 11.9 0.4 -3.7
v -11.8 0.4 -3.8
v -11.8 0.6 -3.8
v -11.8 0.7 -3.8
v -11.8 1.1 -3.8
v -11.7 0.4 -3.8
v -11.7 0.6 -3.8
v -11.7 0.7 -3.8
v -11.7 1.1 -3.8
v 11.7 0.4 -3.8
v 11.7 0.6 -3.8
v 11.7 0.7 -3.8
v 11.7 1.1 -3.8
v 11.8 0.4 -3.8
v 11.8 0.6 -3.8
v 11.8 0.7 -3.8
v 11.8 1.1 -3.8
v -11.8 0.4 -2.8
v -11.8 0.6 -2.8
v -11.8 0.7 -2.8
v -11.8 1.1 -2.8
v -11.7 0.4 -2.8
v -11.7 0.6 -2.8
v -11.7 0.7 -2.8
v -11.7 1.1 -2.8
v -11.7 1.2 -2.8
v -10.7 0.4 -2.8
v -10.7 0.6 -2.8
v -10.7 0.7 -2.8
v -10.7 1.1 -2.8
v -10.6 0.4 -2.8
v -10.6 0.6 -2.8
v -10.6 0.7 -2.8
v -10.6 1.1 -2.8
v -9.6 0.4 -2.8
v -9.6 0.6 -2.8
v -9.6 0.7 -2.8
v -9.6 1.1 -2.8
v -9.5 0.4 -2.8
v -9.5 1.2 -2.8
v -4.5 0.4 -2.8
v -4.5 1.2 -2.8
v -4.4 0.4 -2.8
v -4.4 0.6 -2.8
v -4.4 0.7 -2.8
v -4.4 1.1 -2.8
v -3.4 0.4 -2.8
v -3.4 0.6 -2.8
v -3.4 0.7 -2.8
v -3.4 1.1 -2.8
v -3.3 0.4 -2.8
v -3.3 0.6 -2.8
v -3.3 0.7 -2.8
v -3.3 1.1 -2.8
v -2.3 0.4 -2.8
v -2.3 0.6 -2.8
v -2.3 0.7 -2.8
v -2.3 1.1 -2.8
v -2.2 0.4 -2.8
v -2.2 1.2 -2.8
v 2.3 0.4 -2.8
v 2.3 1.2 -2.8
v 2.4 0.4 -2.8
v 2.4 0.6 -2.8
v 2.4 0.7 -2.8
v 2.4 1.1 -2.8
v 3.4 0.4 -2.8
v 3.4 0.6 -2.8
v 3.4 0.7 -2.8
v 3.4 1.1 -2.8
v 3.5 0.4 -2.8
v 3.5 0.6 -2.8
v 3.5 0.7 -2.8
v 3.5 1.1 -2.8
v 4.5 0.4 -2.8
v 4.5 0.6 -2.8
v 4.5 0.7 -2.8
v 4.5 1.1 -2.8
v 4.6 0.4 -2.8
v 4.6 1.2 -2.8
v 9.5 0.4 -2.8
v 9.5 1.2 -2.8
v 9.6 0.4 -2.8
v 9.6 0.6 -2.8
v 9.6 0.7 -2.8
v 9.6 1.1 -2.8
v 10.6 0.4 -2.8
v 10.6 0.6 -2.8
v 10.6 0.7 -2.8
v 10.6 1.1 -2.8
v 10.7 0.4 -2.8
v 10.7 0.6 -2.8
v 10.7 0.7 -2.8
v 10.7 1.1 -2.8
v 11.7 0.4 -2.8
v 11.7 0.6 -2.8
v 11.7 0.7 -2.8
v 11.7 1.1 -2.8
v 11.7 1.2 -2.8
v 11.8 0.4 -2.8
v 11.8 0.6 -2.8
v 11.8 0.7 -2.8
v 11.8 1.1 -2.8
v -11.9 0.2 -2.9
v -11.9 0.4 -2.9
v -11.6 0.2 -2.9
v -11.6 0.4 -2.9
v -10.8 0.2 -2.9
v -10.8 0.4 -2.9
v -10.5 0.2 -2.9
v -10.5 0.4 -2.9
v -9.7 0.2 -2.9
v -9.7 0.4 -2.9
v -9.4 0.2 -2.9
v -9.4 0.4 -2.9
v -4.6 0.2 -2.9
v -4.6 0.4 -2.9
v -4.3 0.2 -2.9
v -4.3 0.4 -2.9
v -3.5 0.2 -2.9
v -3.5 0.4 -2.9
v -3.2 0.2 -2.9
v -3.2 0.4 -2.9
v -2.4 0.2 -2.9
v -2.4 0.4 -2.9
v -2.1 0.2 -2.9
v -2.1 0.4 -2.9
v 2.2 0.2 -2.9
v 2.2 0.4 -2.9
v 2.5 0.2 -2.9
v 2.5 0.4 -2.9
v 3.3 0.2 -2.9
v 3.3 0.4 -2.9
v 3.6 0.2 -2.9
v 3.6 0.4 -2.9
v 4.4 0.2 -2.9
v 4.4 0.4 -2.9
v 4.7 0.2 -2.9
v 4.7 0.4 -2.9
v 9.4 0.2 -2.9
v 9.4 0.4 -2.9
v 9.7 0.2 -2.9
v 9.7 0.4 -2.9
v 10.5 0.2 -2.9
v 10.5 0.4 -2.9
v 10.8 0.2 -2.9
v 10.8 0.4 -2.9
v 11.6 0.2 -2.9
v 11.6 0.4 -2.9
v 11.9 0.2 -2.9
v 11.9 0.4 -2.9
v -11.8 0.4 -3.9
v -11.8 1.2 -3.9
v -11.7 0.4 -3.9
v -11.7 1.2 -3.9
v 11.7 0.4 -3.9
v 11.7 1.2 -3.9
v 11.8 0.4 -3.9
v 11.8 1.2 -3.9
v -11.9 0.2 -4
v -11.9 0.4 -4
v -11.6 0.2 -4
v -11.6 0.4 -4
v 11.6 0.2 -4
v 11.6 0.4 -4
v 11.9 0.2 -4
v 11.9 0.4 -4
v -12 0 -25.6
v -12 0.2 -25.6
v -9.2 0.1 -25.6
v -9.2 0.2 -25.6
v -7.8 0.1 -25.6
v -7.8 0.2 -25.6
v -4.6 0.1 -25.6
v -4.6 0.2 -25.6
v -4.5 0.1 -25.6
v -4.5 0.2 -25.6
v 2.5 0.1 -25.6
v 2.5 0.2 -25.6
v 6.9 0.1 -25.6
v 6.9 0.2 -25.6
v 12 0 -25.6
v 12 0.2 -25.6
v -12 0 -2.5
v 12 0 -2.5
v -12 0 -25.6
v 12 0 -25.6
v -11.7 0.6 -2.7
v -10.7 0.6 -2.7
v -10.6 0.6 -2.7
v -9.6 0.6 -2.7
v -4.4 0.6 -2.7
v -3.4 0.6 -2.7
v -3.3 0.6 -2.7
v -2.3 0.6 -2.7
v 2.4 0.6 -2.7
v 3.4 0.6 -2.7
v 3.5 0.6 -2.7
v 4.5 0.6 -2.7
v 9.6 0.6 -2.7
v 10.6 0.6 -2.7
v 10.7 0.6 -2.7
v 11.7 0.6 -2.7
v -11.8 0.6 -2.8
v -11.7 0.6 -2.8
v -10.7 0.6 -2.8
v -10.6 0.6 -2.8
v -9.6 0.6 -2.8
v -4.4 0.6 -2.8
v -3.4 0.6 -2.8
v -3.3 0.6 -2.8
v -2.3 0.6 -2.8
v 2.4 0.6 -2.8
v 3.4 0.6 -2.8
v 3.5 0.6 -2.8
v 4.5 0.6 -2.8
v 9.6 0.6 -2.8
v 10.6 0.6 -2.8
v 10.7 0.6 -2.8
v 11.7 0.6 -2.8
v 11.8 0.6 -2.8
v -11.8 0.6 -3.8
v -11.7 0.6 -3.8
v 11.7 0.6 -3.8
v 11.8 0.6 -3.8
v -11.7 1.1 -2.7
v -10.7 1.1 -2.7
v -10.6 1.1 -2.7
v -9.6 1.1 -2.7
v -4.4 1.1 -2.7
v -3.4 1.1 -2.7
v -3.3 1.1 -2.7
v -2.3 1.1 -2.7
v 2.4 1.1 -2.7
v 3.4 1.1 -2.7
v 3.5 1.1 -2.7
v 4.5 1.1 -2.7
v 9.6 1.1 -2.7
v 10.6 1.1 -2.7
v 10.7 1.1 -2.7
v 11.7 1.1 -2.7
v -11.8 1.1 -2.8
v -11.7 1.1 -2.8
v -10.7 1.1 -2.8
v -10.6 1.1 -2.8
v -9.6 1.1 -2.8
v -4.4 1.1 -2.8
v -3.4 1.1 -2.8
v -3.3 1.1 -2.8
v -2.3 1.1 -2.8
v 2.4 1.1 -2.8
v 3.4 1.1 -2.8
v 3.5 1.1 -2.8
v 4.5 1.1 -2.8
v 9.6 1.1 -2.8
v 10.6 1.1 -2.8
v 10.7 1.1 -2.8
v 11.7 1.1 -2.8
v 11.8 1.1 -2.8
v -11.8 1.1 -3.8
v -11.7 1.1 -3.8
v 11.7 1.1 -3.8
v 11.8 1.1 -3.8
v -12 0.2 -2.5
v -0.6 0.2 -2.5
v 0.4 0.2 -2.5
v 0.5 0.2 -2.5
v 1.9 0.2 -2.5
v 12 0.2 -2.5
v -11.9 0.2 -2.6
v -11.6 0.2 -2.6
v -10.8 0.2 -2.6
v -10.5 0.2 -2.6
v -9.7 0.2 -2.6
v -9.4 0.2 -2.6
v -4.6 0.2 -2.6
v -4.3 0.2 -2.6
v -3.5 0.2 -2.6
v -3.2 0.2 -2.6
v -2.4 0.2 -2.6
v -2.1 0.2 -2.6
v 0.8 0.2 -2.6
v 1.6 0.2 -2.6
v 2.2 0.2 -2.6
v 2.5 0.2 -2.6
v 3.3 0.2 -2.6
v 3.6 0.2 -2.6
v 4.4 0.2 -2.6
v 4.7 0.2 -2.6
v 9.4 0.2 -2.6
v 9.7 0.2 -2.6
v 10.5 0.2 -2.6
v 10.8 0.2 -2.6
v 11.6 0.2 -2.6
v 11.9 0.2 -2.6
v -6.3 0.2 -2.7
v -5.5 0.2 -2.7
v -7.9 0.2 -2.8
v -6.6 0.2 -2.8
v -1.3 0.2 -2.8
v -0.6 0.2 -2.8
v -11.9 0.2 -2.9
v -11.6 0.2 -2.9
v -10.8 0.2 -2.9
v -10.5 0.2 -2.9
v -9.7 0.2 -2.9
v -9.4 0.2 -2.9
v -7.7 0.2 -2.9
v -7.2 0.2 -2.9
v -5.5 0.2 -2.9
v -5 0.2 -2.9
v -4.6 0.2 -2.9
v -4.3 0.2 -2.9
v -3.5 0.2 -2.9
v -3.2 0.2 -2.9
v -2.4 0.2 -2.9
v -2.1 0.2 -2.9
v 2.2 0.2 -2.9
v 2.5 0.2 -2.9
v 3.3 0.2 -2.9
v 3.6 0.2 -2.9
v 4.4 0.2 -2.9
v 4.7 0.2 -2.9
v 9.4 0.2 -2.9
v 9.7 0.2 -2.9
v 10.5 0.2 -2.9
v 10.8 0.2 -2.9
v 11.6 0.2 -2.9
v 11.9 0.2 -2.9
v -7.7 0.2 -3
v -7.5 0.2 -3
v -7.2 0.2 -3
v -6.6 0.2 -3
v -6.3 0.2 -3
v 1.6 0.2 -3
v 1.9 0.2 -3
v 2 0.2 -3
v -3.6 0.2 -3.1
v -1.3 0.2 -3.1
v 0.4 0.2 -3.1
v 0.5 0.2 -3.1
v 0.8 0.2 -3.1
v 1.2 0.2 -3.1
v 6.2 0.2 -3.1
v 8.4 0.2 -3.1
v -9.7 0.2 -3.2
v -8.7 0.2 -3.2
v -7.9 0.2 -3.2
v -7.5 0.2 -3.2
v -7.1 0.2 -3.2
v -6.3 0.2 -3.2
v -0.1 0.2 -3.2
v 0.4 0.2 -3.2
v 1.6 0.2 -3.2
v 1.9 0.2 -3.2
v 2 0.2 -3.2
v 8.4 0.2 -3.3
v 9.4 0.2 -3.3
v -9.7 0.2 -3.4
v -8.7 0.2 -3.4
v -8.4 0.2 -3.4
v -7.1 0.2 -3.4
v -6.8 0.2 -3.4
v -5.4 0.2 -3.4
v -5 0.2 -3.4
v 6.7 0.2 -3.4
v 7.5 0.2 -3.4
v 9.6 0.2 -3.4
v 10.5 0.2 -3.4
v -10.1 0.2 -3.5
v -8.4 0.2 -3.5
v -6.8 0.2 -3.5
v -6.3 0.2 -3.5
v -5.9 0.2 -3.5
v -3.6 0.2 -3.5
v -3.3 0.2 -3.5
v 1.3 0.2 -3.5
v 1.6 0.2 -3.5
v 1.9 0.2 -3.5
v 9.4 0.2 -3.5
v 9.6 0.2 -3.5
v -7.5 0.2 -3.6
v -6.8 0.2 -3.6
v -2 0.2 -3.6
v -0.900001 0.2 -3.6
v -0.8 0.2 -3.6
v -0.1 0.2 -3.6
v -11.9 0.2 -3.7
v -11.6 0.2 -3.7
v -5.4 0.2 -3.7
v -5.1 0.2 -3.7
v -3.5 0.2 -3.7
v -3.3 0.2 -3.7
v -2.5 0.2 -3.7
v -2 0.2 -3.7
v 2.1 0.2 -3.7
v 2.2 0.2 -3.7
v 6.1 0.2 -3.7
v 6.2 0.2 -3.7
v 6.6 0.2 -3.7
v 6.7 0.2 -3.7
v 7.5 0.2 -3.7
v 7.8 0.2 -3.7
v 10.5 0.2 -3.7
v 10.8 0.2 -3.7
v 11.6 0.2 -3.7
v 11.9 0.2 -3.7
v -5.8 0.2 -3.8
v -5.5 0.2 -3.8
v -3.7 0.2 -3.8
v -3.5 0.2 -3.8
v -1.4 0.2 -3.8
v -1.2 0.2 -3.8
v -0.900001 0.2 -3.8
v -0.8 0.2 -3.8
v 0.4 0.2 -3.8
v 1.2 0.2 -3.8
v 1.4 0.2 -3.8
v 2.1 0.2 -3.8
v 2.2 0.2 -3.8
v 2.4 0.2 -3.8
v 7.8 0.2 -3.8
v 8.4 0.2 -3.8
v 8.6 0.2 -3.8
v 8.9 0.2 -3.8
v 10.8 0.2 -3.8
v 11.1 0.2 -3.8
v -3.7 0.2 -3.9
v -3.5 0.2 -3.9
v -3.1 0.2 -3.9
v -2.5 0.2 -3.9
v 0.2 0.2 -3.9
v 0.4 0.2 -3.9
v 1 0.2 -3.9
v 1.3 0.2 -3.9
v 1.4 0.2 -3.9
v 6 0.2 -3.9
v 6.1 0.2 -3.9
v 7.6 0.2 -3.9
v 8.3 0.2 -3.9
v -11.9 0.2 -4
v -11.6 0.2 -4
v -10.5 0.2 -4
v -10.1 0.2 -4
v -10 0.2 -4
v -9 0.2 -4
v -8.2 0.2 -4
v -7.5 0.2 -4
v -5.8 0.2 -4
v -5.7 0.2 -4
v -2 0.2 -4
v -1.4 0.2 -4
v -1.2 0.2 -4
v -0.400001 0.2 -4
v 5.5 0.2 -4
v 5.7 0.2 -4
v 5.8 0.2 -4
v 6 0.2 -4
v 6.5 0.2 -4
v 6.6 0.2 -4
v 8.4 0.2 -4
v 8.6 0.2 -4
v 8.8 0.2 -4
v 8.9 0.2 -4
v 11.1 0.2 -4
v 11.2 0.2 -4
v 11.6 0.2 -4
v 11.9 0.2 -4
v -3.8 0.2 -4.1
v -3.5 0.2 -4.1
v -0.400001 0.2 -4.1
v 0.0999994 0.2 -4.1
v 5.5 0.2 -4.1
v 5.7 0.2 -4.1
v 5.8 0.2 -4.1
v 5.9 0.2 -4.1
v 6.8 0.2 -4.1
v 7.4 0.2 -4.1
v 7.5 0.2 -4.1
v 7.6 0.2 -4.1
v 8.3 0.2 -4.1
v 8.6 0.2 -4.1
v 8.8 0.2 -4.1
v 9 0.2 -4.1
v -9 0.2 -4.2
v -8.5 0.2 -4.2
v -7.6 0.2 -4.2
v -7.5 0.2 -4.2
v -3.4 0.2 -4.2
v -3.1 0.2 -4.2
v 0.2 0.2 -4.2
v 0.4 0.2 -4.2
v 0.7 0.2 -4.2
v 1 0.2 -4.2
v 1.4 0.2 -4.2
v 2 0.2 -4.2
v 5.4 0.2 -4.2
v 5.5 0.2 -4.2
v 5.7 0.2 -4.2
v 5.9 0.2 -4.2
v 6.8 0.2 -4.2
v 7.4 0.2 -4.2
v 8.6 0.2 -4.2
v 9 0.2 -4.2
v 9.8 0.2 -4.2
v 11.2 0.2 -4.2
v 11.3 0.2 -4.2
v -5.4 0.2 -4.3
v -5.1 0.2 -4.3
v -2.7 0.2 -4.3
v -2.5 0.2 -4.3
v -0.400001 0.2 -4.3
v 0.0999994 0.2 -4.3
v 1.2 0.2 -4.3
v 1.4 0.2 -4.3
v 5.1 0.2 -4.3
v 5.4 0.2 -4.3
v 6 0.2 -4.3
v 6.1 0.2 -4.3
v 7.1 0.2 -4.3
v 7.4 0.2 -4.3
v 9.8 0.2 -4.3
v 10.5 0.2 -4.3
v -7.6 0.2 -4.4
v -7.5 0.2 -4.4
v -5.7 0.2 -4.4
v -5.4 0.2 -4.4
v 5.6 0.2 -4.4
v 5.7 0.2 -4.4
v 6 0.2 -4.4
v 6.1 0.2 -4.4
v 7 0.2 -4.4
v 7.1 0.2 -4.4
v 7.4 0.2 -4.4
v 7.5 0.2 -4.4
v -8.5 0.2 -4.5
v -8.4 0.2 -4.5
v -7.5 0.2 -4.5
v -6.8 0.2 -4.5
v -5.7 0.2 -4.5
v -5.6 0.2 -4.5
v -2.4 0.2 -4.5
v -2.1 0.2 -4.5
v 1 0.2 -4.5
v 1.2 0.2 -4.5
v 1.4 0.2 -4.5
v 5.6 0.2 -4.5
v 5.7 0.2 -4.5
v 6 0.2 -4.5
v 6.1 0.2 -4.5
v 6.3 0.2 -4.5
v 6.5 0.2 -4.5
v -10.6 0.2 -4.6
v -10.5 0.2 -4.6
v -7.5 0.2 -4.6
v -6.8 0.2 -4.6
v -5.9 0.2 -4.6
v -5.7 0.2 -4.6
v -0.2 0.2 -4.6
v 0.7 0.2 -4.6
v 6 0.2 -4.6
v 6.1 0.2 -4.6
v 6.3 0.2 -4.6
v -3.8 0.2 -4.7
v -3.6 0.2 -4.7
v -3.4 0.2 -4.7
v -2.7 0.2 -4.7
v 1 0.2 -4.7
v 1.2 0.2 -4.7
v 1.4 0.2 -4.7
v 2 0.2 -4.7
v 2.1 0.2 -4.7
v 2.4 0.2 -4.7
v 2.7 0.2 -4.7
v 5.5 0.2 -4.7
v 5.6 0.2 -4.7
v 9.8 0.2 -4.7
v 10.1 0.2 -4.7
v 10.5 0.2 -4.7
v 10.9 0.2 -4.7
v 11.3 0.2 -4.7
v 11.6 0.2 -4.7
v -10.3 0.2 -4.8
v -10 0.2 -4.8
v -8.2 0.2 -4.8
v -8.1 0.2 -4.8
v -5.9 0.2 -4.8
v -5.6 0.2 -4.8
v -5.1 0.2 -4.8
v -2.6 0.2 -4.8
v -2.5 0.2 -4.8
v -0.2 0.2 -4.8
v 0 0.2 -4.8
v 1.4 0.2 -4.8
v 1.6 0.2 -4.8
v 5.6 0.2 -4.8
v 5.7 0.2 -4.8
v 7 0.2 -4.8
v 7.1 0.2 -4.8
v 10.9 0.2 -4.8
v 11 0.2 -4.8
v -8.6 0.2 -4.9
v -8.1 0.2 -4.9
v -5.1 0.2 -4.9
v -4.8 0.2 -4.9
v -2.4 0.2 -4.9
v -2.1 0.2 -4.9
v -2 0.2 -4.9
v -1.7 0.2 -4.9
v -1.3 0.2 -4.9
v -0.400001 0.2 -4.9
v 0 0.2 -4.9
v 0.0999994 0.2 -4.9
v 0.2 0.2 -4.9
v 0.599999 0.2 -4.9
v 5.7 0.2 -4.9
v 5.8 0.2 -4.9
v 11.6 0.2 -4.9
v 11.7 0.2 -4.9
v -9.4 0.2 -5
v -8.6 0.2 -5
v 0 0.2 -5
v 0.0999994 0.2 -5
v 0.2 0.2 -5
v 0.599999 0.2 -5
v 1.2 0.2 -5
v 1.4 0.2 -5
v 1.7 0.2 -5
v 2 0.2 -5
v 2.1 0.2 -5
v 2.4 0.2 -5
v 5.7 0.2 -5
v 5.8 0.2 -5
v 7.1 0.2 -5
v 7.5 0.2 -5
v -7.2 0.2 -5.1
v -6.8 0.2 -5.1
v -1.7 0.2 -5.1
v -1.3 0.2 -5.1
v 5.1 0.2 -5.1
v 5.6 0.2 -5.1
v 7.5 0.2 -5.1
v 8.4 0.2 -5.1
v 11.7 0.2 -5.1
v 12 0.2 -5.1
v -10.7 0.2 -5.2
v -10.6 0.2 -5.2
v -9.7 0.2 -5.2
v -9.4 0.2 -5.2
v 0 0.2 -5.2
v 0.0999994 0.2 -5.2
v 6 0.2 -5.2
v 6.7 0.2 -5.2
v 9.1 0.2 -5.2
v 9.2 0.2 -5.2
v 9.6 0.2 -5.2
v 9.7 0.2 -5.2
v -3.6 0.2 -5.3
v -3.3 0.2 -5.3
v -2.6 0.2 -5.3
v -1.8 0.2 -5.3
v -1.5 0.2 -5.3
v -0.6 0.2 -5.3
v 0.599999 0.2 -5.3
v 1.4 0.2 -5.3
v 5.6 0.2 -5.3
v 5.7 0.2 -5.3
v -11 0.2 -5.4
v -10.7 0.2 -5.4
v -4.8 0.2 -5.4
v -4.3 0.2 -5.4
v -1.8 0.2 -5.4
v -1.5 0.2 -5.4
v 1.3 0.2 -5.4
v 1.4 0.2 -5.4
v 1.7 0.2 -5.4
v 1.9 0.2 -5.4
v 2.2 0.2 -5.4
v 2.4 0.2 -5.4
v 5.7 0.2 -5.4
v 5.8 0.2 -5.4
v 6.7 0.2 -5.4
v 7 0.2 -5.4
v 10.9 0.2 -5.4
v 11 0.2 -5.4
v -10.6 0.2 -5.5
v -10.3 0.2 -5.5
v -6.8 0.2 -5.5
v -5.9 0.2 -5.5
v 5.8 0.2 -5.5
v 6.2 0.2 -5.5
v 9.6 0.2 -5.5
v 9.7 0.2 -5.5
v 10.5 0.2 -5.5
v 10.9 0.2 -5.5
v 11.3 0.2 -5.5
v -2.8 0.2 -5.6
v -1.5 0.2 -5.6
v 0.7 0.2 -5.6
v 1 0.2 -5.6
v 1.2 0.2 -5.6
v 1.3 0.2 -5.6
v 1.9 0.2 -5.6
v 2.2 0.2 -5.6
v 7 0.2 -5.6
v 8.4 0.2 -5.6
v 8.8 0.2 -5.6
v 9 0.2 -5.6
v 9.1 0.2 -5.6
v 9.2 0.2 -5.6
v 9.9 0.2 -5.6
v 10.1 0.2 -5.6
v -10.8 0.2 -5.7
v -10.6 0.2 -5.7
v -3.3 0.2 -5.7
v -3.2 0.2 -5.7
v 9 0.2 -5.7
v 9.1 0.2 -5.7
v 10.5 0.2 -5.7
v 10.9 0.2 -5.7
v -8.4 0.2 -5.8
v -7.2 0.2 -5.8
v -3.2 0.2 -5.8
v -2.8 0.2 -5.8
v 1.2 0.2 -5.8
v 1.4 0.2 -5.8
v 6.2 0.2 -5.8
v 7.1 0.2 -5.8
v 9.1 0.2 -5.8
v 9.5 0.2 -5.8
v -1.5 0.2 -5.9
v -1.3 0.2 -5.9
v 0.7 0.2 -5.9
v 1 0.2 -5.9
v 9.9 0.2 -5.9
v 10.3 0.2 -5.9
v 10.8 0.2 -5.9
v 11.3 0.2 -5.9
v -4.3 0.2 -6
v -3.5 0.2 -6
v 10.8 0.2 -6
v 11.1 0.2 -6
v -9.7 0.2 -6.1
v -9.6 0.2 -6.1
v -0.6 0.2 -6.1
v 0.0999994 0.2 -6.1
v 1.4 0.2 -6.1
v 1.6 0.2 -6.1
v 2.1 0.2 -6.1
v 2.6 0.2 -6.1
v 2.7 0.2 -6.1
v 3.3 0.2 -6.1
v 3.7 0.2 -6.1
v 11.1 0.2 -6.1
v 11.3 0.2 -6.1
v -10.8 0.2 -6.2
v -10.6 0.2 -6.2
v -1.3 0.2 -6.2
v 0.599999 0.2 -6.2
v -11 0.2 -6.3
v -10.6 0.2 -6.3
v -9 0.2 -6.3
v -8.9 0.2 -6.3
v -8.4 0.2 -6.3
v -3.5 0.2 -6.3
v -3.3 0.2 -6.3
v 3.3 0.2 -6.3
v 3.7 0.2 -6.3
v -11.4 0.2 -6.4
v -11 0.2 -6.4
v -10.1 0.2 -6.4
v -9.6 0.2 -6.4
v 8.8 0.2 -6.4
v 9 0.2 -6.4
v 10.1 0.2 -6.4
v 10.2 0.2 -6.4
v -2.9 0.2 -6.5
v -2 0.2 -6.5
v 2.6 0.2 -6.5
v 2.7 0.2 -6.5
v 10.1 0.2 -6.5
v 10.2 0.2 -6.5
v 10.3 0.2 -6.5
v 10.5 0.2 -6.5
v -8.6 0.2 -6.6
v -8.5 0.2 -6.6
v 2.7 0.2 -6.6
v 3.3 0.2 -6.6
v 3.5 0.2 -6.6
v 3.7 0.2 -6.6
v -8.6 0.2 -6.7
v -8.5 0.2 -6.7
v -2.1 0.2 -6.7
v -2 0.2 -6.7
v 2.1 0.2 -6.7
v 3.3 0.2 -6.7
v -9.5 0.2 -6.8
v -9.2 0.2 -6.8
v -9 0.2 -6.8
v -4.9 0.2 -6.8
v -3.5 0.2 -6.8
v -2.1 0.2 -6.8
v -2 0.2 -6.8
v 1.1 0.2 -6.8
v 3.1 0.2 -6.8
v 3.3 0.2 -6.8
v 3.5 0.2 -6.8
v 3.7 0.2 -6.8
v 11.1 0.2 -6.8
v 11.3 0.2 -6.8
v 11.6 0.2 -6.8
v 11.7 0.2 -6.8
v 11.9 0.2 -6.8
v 12 0.2 -6.8
v -2 0.2 -6.9
v 1.1 0.2 -6.9
v 2.6 0.2 -6.9
v 3.1 0.2 -6.9
v -10.2 0.2 -7
v -10.1 0.2 -7
v -3.5 0.2 -7
v -3.3 0.2 -7
v -2.9 0.2 -7
v 3.1 0.2 -7
v 3.7 0.2 -7
v 8.5 0.2 -7
v 8.6 0.2 -7
v -11.5 0.2 -7.1
v -11.4 0.2 -7.1
v -8.7 0.2 -7.1
v -7.8 0.2 -7.1
v -10.2 0.2 -7.2
v -10.1 0.2 -7.2
v -5.9 0.2 -7.2
v -5.1 0.2 -7.2
v 2.6 0.2 -7.2
v 3.1 0.2 -7.2
v 11.6 0.2 -7.2
v 11.7 0.2 -7.2
v 11.8 0.2 -7.2
v 11.9 0.2 -7.2
v -9.2 0.2 -7.3
v -8.9 0.2 -7.3
v -4.7 0.2 -7.3
v -2.9 0.2 -7.3
v -2.6 0.2 -7.3
v 3.2 0.2 -7.3
v 3.5 0.2 -7.3
v 2 0.2 -7.4
v 2.8 0.2 -7.4
v 3.2 0.2 -7.4
v 3.5 0.2 -7.4
v -9.5 0.2 -7.5
v -9.4 0.2 -7.5
v 9.5 0.2 -7.5
v 9.8 0.2 -7.5
v 10.3 0.2 -7.5
v 10.5 0.2 -7.5
v 10.8 0.2 -7.5
v 2.7 0.2 -7.6
v 2.8 0.2 -7.6
v 3.2 0.2 -7.6
v 3.3 0.2 -7.6
v 11.6 0.2 -7.6
v 11.8 0.2 -7.6
v -11.1 0.2 -7.7
v -11 0.2 -7.7
v 3.3 0.2 -7.7
v 3.5 0.2 -7.7
v -9.2 0.2 -7.8
v -8.9 0.2 -7.8
v -8.7 0.2 -7.8
v -8.3 0.2 -7.8
v -7.9 0.2 -7.8
v -7.8 0.2 -7.8
v -2.6 0.2 -7.8
v -1.5 0.2 -7.8
v 7.1 0.2 -7.8
v 8.5 0.2 -7.8
v -10.6 0.2 -7.9
v -10.1 0.2 -7.9
v -1.5 0.2 -7.9
v 0.0999994 0.2 -7.9
v 3.5 0.2 -7.9
v 3.7 0.2 -7.9
v 3.8 0.2 -7.9
v 10.8 0.2 -7.9
v 11 0.2 -7.9
v -11.7 0.2 -8
v -11.5 0.2 -8
v -9.2 0.2 -8
v -9.1 0.2 -8
v -8.3 0.2 -8
v -7.9 0.2 -8
v 2 0.2 -8
v 2.7 0.2 -8
v 3.2 0.2 -8
v 3.4 0.2 -8
v 9 0.2 -8
v 9.2 0.2 -8
v 10.8 0.2 -8
v 11 0.2 -8
v 11.1 0.2 -8
v 11.3 0.2 -8
v -8.9 0.2 -8.1
v -8.4 0.2 -8.1
v -5.9 0.2 -8.1
v -5.6 0.2 -8.1
v 2.7 0.2 -8.1
v 2.9 0.2 -8.1
v -8.5 0.2 -8.2
v -8.4 0.2 -8.2
v 9.8 0.2 -8.2
v 9.9 0.2 -8.2
v -11.5 0.2 -8.3
v -11.1 0.2 -8.3
v -5.6 0.2 -8.3
v -4.9 0.2 -8.3
v 2.7 0.2 -8.3
v 2.9 0.2 -8.3
v -9.1 0.2 -8.4
v -8.8 0.2 -8.4
v -2.6 0.2 -8.4
v -2.3 0.2 -8.4
v 1.8 0.2 -8.4
v 2.8 0.2 -8.4
v 2.9 0.2 -8.4
v 3.1 0.2 -8.4
v 3.4 0.2 -8.4
v -11.9 0.2 -8.5
v -11.7 0.2 -8.5
v -8.8 0.2 -8.5
v -8.5 0.2 -8.5
v -4.7 0.2 -8.5
v -3.2 0.2 -8.5
v 3.1 0.2 -8.5
v 3.2 0.2 -8.5
v 10.3 0.2 -8.5
v 10.4 0.2 -8.5
v 10.5 0.2 -8.5
v 10.8 0.2 -8.5
v -4.9 0.2 -8.6
v -4.8 0.2 -8.6
v -3.2 0.2 -8.6
v -2.3 0.2 -8.6
v 3.7 0.2 -8.7
v 3.8 0.2 -8.7
v -2.2 0.2 -8.8
v -2 0.2 -8.8
v -8.6 0.2 -8.9
v -8.5 0.2 -8.9
v -9.4 0.2 -9
v -9 0.2 -9
v -3.4 0.2 -9
v -3 0.2 -9
v 10.4 0.2 -9
v 10.6 0.2 -9
v 8.3 0.2 -9.1
v 8.6 0.2 -9.1
v 8.9 0.2 -9.1
v -1.4 0.2 -9.2
v -0.6 0.2 -9.2
v 8.1 0.2 -9.2
v 8.3 0.2 -9.2
v -4.8 0.2 -9.3
v -4.5 0.2 -9.3
v -4.2 0.2 -9.3
v -4.6 0.2 -9.4
v -4.5 0.2 -9.4
v -4.2 0.2 -9.4
v -3.4 0.2 -9.4
v -3 0.2 -9.4
v -9.6 0.2 -9.5
v -9.4 0.2 -9.5
v -3.7 0.2 -9.5
v -3.2 0.2 -9.5
v 9.2 0.2 -9.5
v 9.9 0.2 -9.5
v -10 0.2 -9.6
v -9.7 0.2 -9.6
v -9 0.2 -9.6
v -8.8 0.2 -9.6
v -8.6 0.2 -9.6
v -8.5 0.2 -9.6
v -8.3 0.2 -9.6
v -3.2 0.2 -9.6
v -2.9 0.2 -9.6
v -2.2 0.2 -9.6
v 3.2 0.2 -9.6
v 3.4 0.2 -9.6
v -11.5 0.2 -9.7
v -11.1 0.2 -9.7
v -10.6 0.2 -9.7
v -10 0.2 -9.7
v -9.4 0.2 -9.8
v -8.3 0.2 -9.8
v -7.1 0.2 -9.8
v -6.2 0.2 -9.8
v -6.1 0.2 -9.8
v -5.7 0.2 -9.8
v -5.6 0.2 -9.8
v -3.8 0.2 -9.8
v -3.7 0.2 -9.8
v 3.6 0.2 -9.8
v 3.7 0.2 -9.8
v 11.6 0.2 -9.8
v 11.8 0.2 -9.8
v -11.9 0.2 -9.9
v -11.6 0.2 -9.9
v -9.7 0.2 -9.9
v -9.6 0.2 -9.9
v -2.6 0.2 -9.9
v -2.2 0.2 -9.9
v -0.6 0.2 -9.9
v -0.5 0.2 -9.9
v 0.4 0.2 -9.9
v 1.8 0.2 -9.9
v 8.3 0.2 -9.9
v 8.9 0.2 -9.9
v 2.5 0.2 -10
v 2.8 0.2 -10
v 3.7 0.2 -10
v 4.9 0.2 -10
v 10.6 0.2 -10
v 10.7 0.2 -10
v 11.2 0.2 -10
v 11.3 0.2 -10
v -11.6 0.2 -10.1
v -11.4 0.2 -10.1
v -8.5 0.2 -10.1
v -8 0.2 -10.1
v -6.2 0.2 -10.1
v -6.1 0.2 -10.1
v 1.8 0.2 -10.1
v 2.4 0.2 -10.1
v 4.9 0.2 -10.1
v 6.8 0.2 -10.1
v 8.1 0.2 -10.1
v 8.6 0.2 -10.1
v 3.2 0.2 -10.2
v 3.4 0.2 -10.2
v 3.6 0.2 -10.2
v 4.2 0.2 -10.2
v 5.9 0.2 -10.2
v 6.5 0.2 -10.2
v 4.3 0.2 -10.3
v 4.5 0.2 -10.3
v -11.4 0.2 -10.4
v -11.1 0.2 -10.4
v -5.8 0.2 -10.4
v -5.7 0.2 -10.4
v 0.4 0.2 -10.4
v 0.7 0.2 -10.4
v 8 0.2 -10.4
v 8.6 0.2 -10.4
v -6 0.2 -10.5
v -5.8 0.2 -10.5
v 5.4 0.2 -10.5
v 5.6 0.2 -10.5
v 6.8 0.2 -10.5
v 6.9 0.2 -10.5
v 8.7 0.2 -10.5
v 9.2 0.2 -10.5
v -7.1 0.2 -10.6
v -7 0.2 -10.6
v -4.8 0.2 -10.6
v -4.6 0.2 -10.6
v -1.4 0.2 -10.6
v -0.5 0.2 -10.6
v 3 0.2 -10.6
v 3.2 0.2 -10.6
v 3.3 0.2 -10.6
v 3.9 0.2 -10.6
v -9.5 0.2 -10.7
v -9.1 0.2 -10.7
v 2.4 0.2 -10.7
v 2.5 0.2 -10.7
v -10.7 0.2 -10.8
v -10.3 0.2 -10.8
v -9.4 0.2 -10.8
v -9.1 0.2 -10.8
v -8 0.2 -10.8
v -7.7 0.2 -10.8
v -5.3 0.2 -10.9
v -4.8 0.2 -10.9
v -2.2 0.2 -10.9
v -2 0.2 -10.9
v -1 0.2 -10.9
v 0.0999994 0.2 -10.9
v 2.4 0.2 -10.9
v 2.5 0.2 -10.9
v 10.5 0.2 -10.9
v 10.6 0.2 -10.9
v -11.1 0.2 -11
v -10.7 0.2 -11
v -3.8 0.2 -11
v -3.7 0.2 -11
v 0.4 0.2 -11
v 0.7 0.2 -11
v -9.4 0.2 -11.1
v -9.1 0.2 -11.1
v -3.7 0.2 -11.1
v -2.9 0.2 -11.1
v -1.7 0.2 -11.1
v -1.5 0.2 -11.1
v 3.3 0.2 -11.1
v 3.6 0.2 -11.1
v 11.6 0.2 -11.1
v 11.7 0.2 -11.1
v -7 0.2 -11.2
v -6.3 0.2 -11.2
v 1.8 0.2 -11.2
v 2.4 0.2 -11.2
v 5.1 0.2 -11.2
v 5.4 0.2 -11.2
v 5.6 0.2 -11.2
v 5.8 0.2 -11.2
v 10.6 0.2 -11.2
v 10.7 0.2 -11.2
v 11.2 0.2 -11.2
v 11.3 0.2 -11.2
v -11.1 0.2 -11.3
v -10.3 0.2 -11.3
v -10.1 0.2 -11.3
v -9.7 0.2 -11.3
v -9.5 0.2 -11.3
v -8.5 0.2 -11.3
v -8.3 0.2 -11.3
v -5.9 0.2 -11.3
v -5.3 0.2 -11.3
v -4.6 0.2 -11.3
v -3.5 0.2 -11.3
v -3.3 0.2 -11.3
v -2.9 0.2 -11.3
v 9.1 0.2 -11.3
v 9.2 0.2 -11.3
v 11.6 0.2 -11.3
v 11.7 0.2 -11.3
v -10.1 0.2 -11.4
v -9.7 0.2 -11.4
v -9.5 0.2 -11.4
v -9.4 0.2 -11.4
v -9.2 0.2 -11.4
v -6.6 0.2 -11.4
v -6.5 0.2 -11.4
v -5.9 0.2 -11.4
v -5.8 0.2 -11.4
v -1.7 0.2 -11.4
v -1.5 0.2 -11.4
v 3.1 0.2 -11.4
v 3.6 0.2 -11.4
v 10.4 0.2 -11.4
v 10.5 0.2 -11.4
v 11.6 0.2 -11.4
v 11.7 0.2 -11.4
v -11 0.2 -11.5
v -10.7 0.2 -11.5
v -5.9 0.2 -11.5
v -5.8 0.2 -11.5
v 1.2 0.2 -11.6
v 2.5 0.2 -11.6
v 5.9 0.2 -11.6
v 6.5 0.2 -11.6
v 8 0.2 -11.6
v 8.7 0.2 -11.6
v 9.4 0.2 -11.6
v 9.9 0.2 -11.6
v 11.6 0.2 -11.6
v 11.7 0.2 -11.6
v -11.3 0.2 -11.7
v -11 0.2 -11.7
v -10.2 0.2 -11.7
v -9.7 0.2 -11.7
v -6.2 0.2 -11.7
v -6 0.2 -11.7
v -3.3 0.2 -11.7
v -2.6 0.2 -11.7
v 9.6 0.2 -11.7
v 9.8 0.2 -11.7
v 10.1 0.2 -11.7
v 10.4 0.2 -11.7
v -9.5 0.2 -11.8
v -9.4 0.2 -11.8
v -10.8 0.2 -11.9
v -10.7 0.2 -11.9
v -10.2 0.2 -11.9
v -9.9 0.2 -11.9
v -8.3 0.2 -11.9
v -7.7 0.2 -11.9
v -5.9 0.2 -11.9
v -5.8 0.2 -11.9
v 6.6 0.2 -11.9
v 6.9 0.2 -11.9
v 8 0.2 -11.9
v 4.3 0.2 -12
v 4.5 0.2 -12
v -9.9 0.2 -12.1
v -9.7 0.2 -12.1
v -9.5 0.2 -12.1
v -9.3 0.2 -12.1
v -9.2 0.2 -12.1
v -5.8 0.2 -12.1
v -5.3 0.2 -12.1
v -3.5 0.2 -12.1
v -3.1 0.2 -12.1
v -2.6 0.2 -12.1
v 2.2 0.2 -12.1
v 3 0.2 -12.1
v 3.9 0.2 -12.1
v 4.2 0.2 -12.1
v 9.9 0.2 -12.1
v 10.1 0.2 -12.1
v -8.7 0.2 -12.2
v -8.2 0.2 -12.2
v -3.5 0.2 -12.2
v -3.4 0.2 -12.2
v 5.1 0.2 -12.2
v 5.8 0.2 -12.2
v -9.9 0.2 -12.3
v -9.7 0.2 -12.3
v -9.4 0.2 -12.3
v -9.3 0.2 -12.3
v -9.1 0.2 -12.3
v -8.7 0.2 -12.3
v 6.4 0.2 -12.3
v 6.6 0.2 -12.3
v 9.1 0.2 -12.3
v 9.4 0.2 -12.3
v 11.6 0.2 -12.3
v 11.8 0.2 -12.3
v -10.4 0.2 -12.4
v -9.9 0.2 -12.4
v -8.2 0.2 -12.4
v -8.1 0.2 -12.4
v 7.9 0.2 -12.4
v 8.5 0.2 -12.4
v -11.3 0.2 -12.5
v -10.8 0.2 -12.5
v 7.6 0.2 -12.5
v 7.9 0.2 -12.5
v 8.5 0.2 -12.5
v 9 0.2 -12.5
v 10.4 0.2 -12.5
v 11.3 0.2 -12.5
v -10.3 0.2 -12.6
v -9.7 0.2 -12.6
v -9.4 0.2 -12.6
v -9.1 0.2 -12.6
v -6.4 0.2 -12.6
v -6.3 0.2 -12.6
v -2.6 0.2 -12.6
v -1 0.2 -12.6
v 10.3 0.2 -12.6
v 10.4 0.2 -12.6
v 11.3 0.2 -12.6
v 11.6 0.2 -12.6
v -10.4 0.2 -12.7
v -10.3 0.2 -12.7
v -5.9 0.2 -12.7
v -5.3 0.2 -12.7
v -3.4 0.2 -12.8
v -3.1 0.2 -12.8
v -2.5 0.2 -12.8
v -1 0.2 -12.8
v 9.6 0.2 -12.8
v 9.8 0.2 -12.8
v 11.1 0.2 -12.8
v 11.3 0.2 -12.8
v -9.5 0.2 -12.9
v -9.1 0.2 -12.9
v -6.2 0.2 -12.9
v -5.9 0.2 -12.9
v 9 0.2 -12.9
v 9.1 0.2 -12.9
v 9.4 0.2 -12.9
v 9.8 0.2 -12.9
v 3 0.2 -13
v 3.1 0.2 -13
v 7.6 0.2 -13
v 7.9 0.2 -13
v 8.5 0.2 -13
v 8.7 0.2 -13
v 11 0.2 -13
v 11.1 0.2 -13
v -3.4 0.2 -13.1
v -2.5 0.2 -13.1
v -1 0.2 -13.1
v -0.5 0.2 -13.1
v 4.1 0.2 -13.1
v 6.1 0.2 -13.1
v 7.9 0.2 -13.1
v 8.5 0.2 -13.1
v 9.8 0.2 -13.1
v 10.1 0.2 -13.1
v 10.7 0.2 -13.1
v 11 0.2 -13.1
v -9.7 0.2 -13.2
v -9.5 0.2 -13.2
v -9.2 0.2 -13.2
v -9.1 0.2 -13.2
v -6.6 0.2 -13.2
v -6.5 0.2 -13.2
v 6.4 0.2 -13.2
v 7.3 0.2 -13.2
v 8.2 0.2 -13.2
v 8.7 0.2 -13.2
v 9.1 0.2 -13.2
v 9.3 0.2 -13.2
v 10.4 0.2 -13.2
v 10.7 0.2 -13.2
v -10.6 0.2 -13.3
v -10.5 0.2 -13.3
v -5.9 0.2 -13.3
v -5.8 0.2 -13.3
v 1.2 0.2 -13.3
v 2.2 0.2 -13.3
v -10.5 0.2 -13.4
v -10.3 0.2 -13.4
v 8.2 0.2 -13.4
v 9.1 0.2 -13.4
v -11.3 0.2 -13.5
v -10.8 0.2 -13.5
v -10.6 0.2 -13.5
v -10.3 0.2 -13.5
v -9.1 0.2 -13.5
v -8.1 0.2 -13.5
v -0.5 0.2 -13.5
v -0.400001 0.2 -13.5
v 2 0.2 -13.5
v 2.2 0.2 -13.5
v 9.1 0.2 -13.5
v 9.3 0.2 -13.5
v -9.7 0.2 -13.6
v -9.4 0.2 -13.6
v -9.3 0.2 -13.6
v -9.2 0.2 -13.6
v 10.3 0.2 -13.6
v 10.4 0.2 -13.6
v -9.7 0.2 -13.7
v -9.4 0.2 -13.7
v -9.3 0.2 -13.7
v -8.7 0.2 -13.7
v -8.4 0.2 -13.7
v -8.3 0.2 -13.7
v -6.5 0.2 -13.7
v -6.4 0.2 -13.7
v -6.8 0.2 -13.8
v -6.5 0.2 -13.8
v 10.3 0.2 -13.8
v 10.5 0.2 -13.8
v -11.3 0.2 -13.9
v -10.8 0.2 -13.9
v -8.4 0.2 -13.9
v -8.3 0.2 -13.9
v -3.4 0.2 -13.9
v -2.5 0.2 -13.9
v 7.3 0.2 -13.9
v 8.6 0.2 -13.9
v -5.8 0.2 -14
v -4.6 0.2 -14
v 2.9 0.2 -14
v 3 0.2 -14
v 3.9 0.2 -14
v 4.1 0.2 -14
v 6.1 0.2 -14
v 8.6 0.2 -14
v 9.4 0.2 -14
v 9.5 0.2 -14
v 10.3 0.2 -14
v 10.5 0.2 -14
v 11.1 0.2 -14
v -11.1 0.2 -14.1
v -10.9 0.2 -14.1
v -10.1 0.2 -14.3
v -10 0.2 -14.3
v -4.6 0.2 -14.3
v -3.9 0.2 -14.3
v -3.4 0.2 -14.3
v -2.5 0.2 -14.3
v -2.1 0.2 -14.3
v 8.1 0.2 -14.4
v 8.6 0.2 -14.4
v -10 0.2 -14.5
v -9.9 0.2 -14.5
v -9.8 0.2 -14.5
v -9.7 0.2 -14.5
v -9.5 0.2 -14.5
v -9.4 0.2 -14.5
v -3.3 0.2 -14.5
v -2.5 0.2 -14.5
v -10.9 0.2 -14.6
v -10.8 0.2 -14.6
v -10 0.2 -14.6
v -9.9 0.2 -14.6
v -9.8 0.2 -14.6
v -9.5 0.2 -14.6
v -9.4 0.2 -14.6
v -2.4 0.2 -14.6
v -2.1 0.2 -14.6
v 0.4 0.2 -14.6
v 2 0.2 -14.6
v 6.1 0.2 -14.6
v 7.1 0.2 -14.6
v 8.1 0.2 -14.6
v 8.6 0.2 -14.6
v -10.1 0.2 -14.7
v -10 0.2 -14.7
v -9.2 0.2 -14.8
v -8.7 0.2 -14.8
v -3.3 0.2 -14.8
v -2.4 0.2 -14.8
v 2.9 0.2 -14.9
v 3 0.2 -14.9
v 3.3 0.2 -14.9
v 3.4 0.2 -14.9
v 3.7 0.2 -14.9
v 3.9 0.2 -14.9
v 9.5 0.2 -14.9
v 10.1 0.2 -14.9
v 11.1 0.2 -14.9
v 11.2 0.2 -14.9
v -9.4 0.2 -15
v -9.2 0.2 -15
v -6.8 0.2 -15
v -5.1 0.2 -15
v 3 0.2 -15
v 3.3 0.2 -15
v 3.4 0.2 -15
v 3.7 0.2 -15
v -9.2 0.2 -15.1
v -9.1 0.2 -15.1
v -8.8 0.2 -15.1
v -7.9 0.2 -15.1
v -7.2 0.2 -15.1
v 7.5 0.2 -15.1
v 8 0.2 -15.1
v 8.6 0.2 -15.1
v 10 0.2 -15.1
v 11.1 0.2 -15.1
v -9.2 0.2 -15.2
v -9.1 0.2 -15.2
v -9 0.2 -15.2
v -8.9 0.2 -15.2
v -3.3 0.2 -15.2
v -2.5 0.2 -15.2
v 4.1 0.2 -15.2
v 5.3 0.2 -15.2
v 8 0.2 -15.2
v 8.8 0.2 -15.2
v 10.9 0.2 -15.2
v 11.2 0.2 -15.2
v 11.3 0.2 -15.2
v -9.7 0.2 -15.3
v -9.5 0.2 -15.3
v -8.6 0.2 -15.3
v -8.4 0.2 -15.3
v 9.3 0.2 -15.3
v 9.7 0.2 -15.3
v -8.6 0.2 -15.5
v -8.4 0.2 -15.5
v -11.5 0.2 -15.6
v -11.1 0.2 -15.6
v -10.9 0.2 -15.6
v -10.5 0.2 -15.6
v -9.5 0.2 -15.6
v -9.3 0.2 -15.6
v -9 0.2 -15.6
v 2.8 0.2 -15.6
v 3.4 0.2 -15.6
v 10.6 0.2 -15.6
v 10.8 0.2 -15.6
v -11.5 0.2 -15.7
v -11.1 0.2 -15.7
v -8.8 0.2 -15.7
v -8.7 0.2 -15.7
v -7.8 0.2 -15.7
v -7.2 0.2 -15.7
v -0.400001 0.2 -15.7
v -0.2 0.2 -15.7
v -10.6 0.2 -15.8
v -10.5 0.2 -15.8
v -9.3 0.2 -15.8
v -8.9 0.2 -15.8
v 2.8 0.2 -15.8
v 3.4 0.2 -15.8
v -9.7 0.2 -15.9
v -9.1 0.2 -15.9
v -8 0.2 -15.9
v -7.9 0.2 -15.9
v -4.8 0.2 -15.9
v -3.9 0.2 -15.9
v 3.7 0.2 -15.9
v 4.1 0.2 -15.9
v 10 0.2 -15.9
v 10.2 0.2 -15.9
v -11.1 0.2 -16
v -11 0.2 -16
v -10.6 0.2 -16
v -10.5 0.2 -16
v -8 0.2 -16
v -7.8 0.2 -16
v -5.1 0.2 -16
v -4.8 0.2 -16
v -3.1 0.2 -16
v -2.5 0.2 -16
v 10.9 0.2 -16
v 11.1 0.2 -16
v 11.3 0.2 -16
v -10.8 0.2 -16.1
v -10.7 0.2 -16.1
v -10.5 0.2 -16.1
v -10.3 0.2 -16.1
v -8.8 0.2 -16.1
v -8.7 0.2 -16.1
v -6.8 0.2 -16.1
v -5.2 0.2 -16.1
v -0.2 0.2 -16.1
v 0.4 0.2 -16.1
v -10.3 0.2 -16.2
v -10.1 0.2 -16.2
v -9.1 0.2 -16.2
v -8.8 0.2 -16.2
v -6.8 0.2 -16.2
v -6.1 0.2 -16.2
v 5.5 0.2 -16.2
v 6.1 0.2 -16.2
v -11.1 0.2 -16.3
v -11 0.2 -16.3
v -10.8 0.2 -16.3
v -8.9 0.2 -16.3
v -8.8 0.2 -16.3
v -6.1 0.2 -16.3
v -5.2 0.2 -16.3
v -3.1 0.2 -16.3
v -2.4 0.2 -16.3
v 2.2 0.2 -16.3
v 2.9 0.2 -16.3
v 8 0.2 -16.3
v 8.8 0.2 -16.3
v 9.7 0.2 -16.3
v 9.8 0.2 -16.3
v 11.1 0.2 -16.3
v 11.2 0.2 -16.3
v -11.7 0.2 -16.4
v -11.2 0.2 -16.4
v -11.1 0.2 -16.4
v -7.6 0.2 -16.4
v -7.3 0.2 -16.4
v -3.7 0.2 -16.4
v -3.3 0.2 -16.4
v -2.4 0.2 -16.4
v -2.1 0.2 -16.4
v 5.5 0.2 -16.4
v 6.5 0.2 -16.4
v 10.2 0.2 -16.4
v 10.4 0.2 -16.4
v -11.5 0.2 -16.5
v -11.2 0.2 -16.5
v -10.7 0.2 -16.5
v -10.4 0.2 -16.5
v -8.4 0.2 -16.5
v -8.1 0.2 -16.5
v -7.5 0.2 -16.5
v -7.3 0.2 -16.5
v 3.4 0.2 -16.5
v 3.7 0.2 -16.5
v 4.7 0.2 -16.5
v 5.3 0.2 -16.5
v 10.6 0.2 -16.5
v 10.8 0.2 -16.5
v 11.2 0.2 -16.5
v 11.4 0.2 -16.5
v -10.4 0.2 -16.6
v -10.1 0.2 -16.6
v -7.6 0.2 -16.6
v -7.5 0.2 -16.6
v -7.4 0.2 -16.6
v -6.1 0.2 -16.6
v -5.7 0.2 -16.6
v 0.4 0.2 -16.6
v 1.7 0.2 -16.6
v 10.1 0.2 -16.6
v 10.2 0.2 -16.6
v -7.1 0.2 -16.7
v -6.8 0.2 -16.7
v -3 0.2 -16.7
v -2.8 0.2 -16.7
v -1.1 0.2 -16.7
v -0.5 0.2 -16.7
v 4.5 0.2 -16.7
v 4.7 0.2 -16.7
v 5.5 0.2 -16.7
v 6.5 0.2 -16.7
v 8.7 0.2 -16.7
v 9.3 0.2 -16.7
v 9.8 0.2 -16.7
v 10.1 0.2 -16.7
v 10.2 0.2 -16.7
v 10.4 0.2 -16.7
v -9.9 0.2 -16.8
v -8.9 0.2 -16.8
v -8.8 0.2 -16.8
v -8.7 0.2 -16.8
v -8.4 0.2 -16.8
v -8.1 0.2 -16.8
v -7.4 0.2 -16.8
v -7.3 0.2 -16.8
v -6.1 0.2 -16.8
v -5.7 0.2 -16.8
v -3 0.2 -16.8
v -2.8 0.2 -16.8
v -0.5 0.2 -16.8
v -0.2 0.2 -16.8
v 2.1 0.2 -16.8
v 2.9 0.2 -16.8
v 7.1 0.2 -16.8
v 7.5 0.2 -16.8
v 8 0.2 -16.8
v 8.7 0.2 -16.8
v -8 0.2 -16.9
v -7.8 0.2 -16.9
v -7.7 0.2 -16.9
v -6 0.2 -16.9
v -5.1 0.2 -16.9
v -1.6 0.2 -16.9
v -1.1 0.2 -16.9
v -0.2 0.2 -16.9
v 0.0999994 0.2 -16.9
v 1.7 0.2 -16.9
v 2.1 0.2 -16.9
v 3.7 0.2 -16.9
v 4.5 0.2 -16.9
v 8.5 0.2 -16.9
v 9.7 0.2 -16.9
v 10 0.2 -16.9
v 10.1 0.2 -16.9
v 10.2 0.2 -16.9
v 10.5 0.2 -16.9
v -8 0.2 -17
v -7.9 0.2 -17
v -4.3 0.2 -17
v -3.7 0.2 -17
v -2.3 0.2 -17
v -2.1 0.2 -17
v 1.5 0.2 -17
v 2.5 0.2 -17
v 9.7 0.2 -17
v 10 0.2 -17
v -7.9 0.2 -17.1
v -7.8 0.2 -17.1
v -7.7 0.2 -17.1
v 2.5 0.2 -17.1
v 3.4 0.2 -17.1
v 5.5 0.2 -17.1
v 6 0.2 -17.1
v 9.7 0.2 -17.1
v 9.8 0.2 -17.1
v -6.8 0.2 -17.2
v -6 0.2 -17.2
v -5.9 0.2 -17.2
v -5.1 0.2 -17.2
v 4 0.2 -17.2
v 4.4 0.2 -17.2
v 6.2 0.2 -17.2
v 8.5 0.2 -17.2
v -8.7 0.2 -17.3
v -7.4 0.2 -17.3
v 1.4 0.2 -17.3
v 1.5 0.2 -17.3
v 5.5 0.2 -17.3
v 6 0.2 -17.3
v 11.4 0.2 -17.3
v 11.5 0.2 -17.3
v -11.5 0.2 -17.4
v -11.4 0.2 -17.4
v -9.9 0.2 -17.4
v -9.3 0.2 -17.4
v -5.9 0.2 -17.4
v -5.3 0.2 -17.4
v 1.2 0.2 -17.4
v 1.4 0.2 -17.4
v 10.4 0.2 -17.4
v 10.5 0.2 -17.4
v 11.3 0.2 -17.4
v 11.5 0.2 -17.4
v -2.7 0.2 -17.5
v -2.3 0.2 -17.5
v 6.1 0.2 -17.5
v 6.2 0.2 -17.5
v 6.5 0.2 -17.5
v 7.7 0.2 -17.5
v -4.3 0.2 -17.6
v -2.7 0.2 -17.6
v -0.400001 0.2 -17.6
v 0.0999994 0.2 -17.6
v 1.2 0.2 -17.6
v 1.4 0.2 -17.6
v 3.2 0.2 -17.6
v 3.4 0.2 -17.6
v 7.7 0.2 -17.6
v 7.8 0.2 -17.6
v -11.1 0.2 -17.7
v -10.5 0.2 -17.7
v -7.4 0.2 -17.7
v -7.3 0.2 -17.7
v -7.1 0.2 -17.7
v -6.9 0.2 -17.7
v -4.7 0.2 -17.7
v -4.3 0.2 -17.7
v -1.6 0.2 -17.7
v -0.400001 0.2 -17.7
v 2.5 0.2 -17.7
v 3 0.2 -17.7
v 3.1 0.2 -17.7
v 3.2 0.2 -17.7
v 3.7 0.2 -17.7
v 4 0.2 -17.7
v 5.5 0.2 -17.7
v 6.1 0.2 -17.7
v 6.5 0.2 -17.7
v 7.1 0.2 -17.7
v 11.1 0.2 -17.7
v 11.3 0.2 -17.7
v -11.4 0.2 -17.8
v -11.3 0.2 -17.8
v -9.3 0.2 -17.8
v -8.7 0.2 -17.8
v -8.3 0.2 -17.8
v -7.7 0.2 -17.8
v -5.1 0.2 -17.8
v -4.7 0.2 -17.8
v 1.4 0.2 -17.8
v 1.5 0.2 -17.8
v 2.5 0.2 -17.8
v 2.6 0.2 -17.8
v 5.5 0.2 -17.8
v 6 0.2 -17.8
v 7.1 0.2 -17.8
v 7.8 0.2 -17.8
v 8.2 0.2 -17.8
v 9.2 0.2 -17.8
v -11.3 0.2 -17.9
v -11.1 0.2 -17.9
v -8.7 0.2 -17.9
v -8.5 0.2 -17.9
v -6.9 0.2 -17.9
v -6.1 0.2 -17.9
v -2.3 0.2 -17.9
v -1.1 0.2 -17.9
v 0.3 0.2 -17.9
v 1.2 0.2 -17.9
v 2.6 0.2 -17.9
v 2.7 0.2 -17.9
v 3 0.2 -17.9
v 3.1 0.2 -17.9
v 5.1 0.2 -17.9
v 5.4 0.2 -17.9
v 9.1 0.2 -17.9
v 9.2 0.2 -17.9
v 9.6 0.2 -17.9
v 9.7 0.2 -17.9
v 9.8 0.2 -17.9
v 9.9 0.2 -17.9
v -7.7 0.2 -18
v -7.3 0.2 -18
v -4.3 0.2 -18
v -2.7 0.2 -18
v 6.5 0.2 -18
v 8.2 0.2 -18
v -10.5 0.2 -18.1
v -10.4 0.2 -18.1
v -10.2 0.2 -18.1
v -8.5 0.2 -18.1
v -8.3 0.2 -18.1
v -7.9 0.2 -18.1
v -6.9 0.2 -18.1
v 1.5 0.2 -18.1
v 2 0.2 -18.1
v 6.5 0.2 -18.1
v 6.6 0.2 -18.1
v 9.9 0.2 -18.1
v 10.2 0.2 -18.1
v -10.2 0.2 -18.2
v -9.8 0.2 -18.2
v 2 0.2 -18.2
v 2.4 0.2 -18.2
v 5.4 0.2 -18.2
v 5.5 0.2 -18.2
v 7.1 0.2 -18.2
v 7.5 0.2 -18.2
v 8 0.2 -18.2
v 8.7 0.2 -18.2
v 9.1 0.2 -18.2
v 9.4 0.2 -18.2
v -11 0.2 -18.3
v -10.4 0.2 -18.3
v -10.2 0.2 -18.3
v -10 0.2 -18.3
v -8 0.2 -18.3
v -7.9 0.2 -18.3
v -6.9 0.2 -18.3
v -6.5 0.2 -18.3
v 2.4 0.2 -18.3
v 2.7 0.2 -18.3
v 5.1 0.2 -18.3
v 5.5 0.2 -18.3
v 6.5 0.2 -18.3
v 6.6 0.2 -18.3
v 9.4 0.2 -18.3
v 9.6 0.2 -18.3
v 10.2 0.2 -18.3
v 10.3 0.2 -18.3
v 11.1 0.2 -18.3
v 11.2 0.2 -18.3
v -9.9 0.2 -18.4
v -9.8 0.2 -18.4
v -8 0.2 -18.4
v -7.9 0.2 -18.4
v -4.7 0.2 -18.4
v -4.5 0.2 -18.4
v -4.3 0.2 -18.4
v -3.7 0.2 -18.4
v -3.2 0.2 -18.4
v -2.7 0.2 -18.4
v -2.6 0.2 -18.4
v -2.3 0.2 -18.4
v -1.5 0.2 -18.4
v -1.1 0.2 -18.4
v -0.400001 0.2 -18.4
v 0.3 0.2 -18.4
v 9.3 0.2 -18.4
v 9.4 0.2 -18.4
v 11.1 0.2 -18.4
v 11.2 0.2 -18.4
v -10 0.2 -18.5
v -9.9 0.2 -18.5
v -6.9 0.2 -18.5
v -6.7 0.2 -18.5
v -6.5 0.2 -18.5
v -6.1 0.2 -18.5
v -5.1 0.2 -18.5
v -4.7 0.2 -18.5
v -4.5 0.2 -18.5
v -4.4 0.2 -18.5
v -3.2 0.2 -18.5
v -2.6 0.2 -18.5
v 7.5 0.2 -18.5
v 8 0.2 -18.5
v 9.1 0.2 -18.5
v 9.3 0.2 -18.5
v -11.7 0.2 -18.6
v -11.1 0.2 -18.6
v -10.2 0.2 -18.6
v -10 0.2 -18.6
v 10.7 0.2 -18.6
v 11.1 0.2 -18.6
v -6.9 0.2 -18.7
v -6.8 0.2 -18.7
v 5.9 0.2 -18.7
v 6 0.2 -18.7
v 6.5 0.2 -18.7
v 6.6 0.2 -18.7
v -8.2 0.2 -18.8
v -7.9 0.2 -18.8
v -6.8 0.2 -18.8
v -6.7 0.2 -18.8
v -1.9 0.2 -18.8
v -1.5 0.2 -18.8
v 1.2 0.2 -18.8
v 1.7 0.2 -18.8
v 4.8 0.2 -18.8
v 5.5 0.2 -18.8
v -10 0.2 -18.9
v -9.9 0.2 -18.9
v -8.7 0.2 -18.9
v -8.3 0.2 -18.9
v 6.5 0.2 -18.9
v 6.6 0.2 -18.9
v 9.4 0.2 -18.9
v 9.6 0.2 -18.9
v 9.9 0.2 -18.9
v 10.3 0.2 -18.9
v -10.3 0.2 -19
v -9.9 0.2 -19
v -9.2 0.2 -19
v -8.7 0.2 -19
v -8.3 0.2 -19
v -8.2 0.2 -19
v -4.3 0.2 -19
v -4.2 0.2 -19
v -1.1 0.2 -19
v -0.5 0.2 -19
v -0.400001 0.2 -19
v 3.7 0.2 -19
v 4 0.2 -19
v 6.9 0.2 -19
v 7.1 0.2 -19
v 9.6 0.2 -19
v 9.9 0.2 -19
v 10.6 0.2 -19
v 10.7 0.2 -19
v -4.2 0.2 -19.1
v -4 0.2 -19.1
v 3.4 0.2 -19.1
v 3.5 0.2 -19.1
v 3.6 0.2 -19.1
v 3.7 0.2 -19.1
v 6 0.2 -19.1
v 6.5 0.2 -19.1
v 6.9 0.2 -19.1
v 7.1 0.2 -19.1
v 7.7 0.2 -19.1
v 8.7 0.2 -19.1
v 9.1 0.2 -19.1
v 10.6 0.2 -19.1
v 10.9 0.2 -19.1
v -11.4 0.2 -19.2
v -11 0.2 -19.2
v -6.1 0.2 -19.2
v -5.3 0.2 -19.2
v 3.5 0.2 -19.2
v 3.6 0.2 -19.2
v 7.1 0.2 -19.2
v 7.3 0.2 -19.2
v -5.3 0.2 -19.3
v -5.1 0.2 -19.3
v -4.4 0.2 -19.3
v -4.2 0.2 -19.3
v 7.3 0.2 -19.3
v 7.7 0.2 -19.3
v 9.2 0.2 -19.3
v 9.7 0.2 -19.3
v -8.6 0.2 -19.4
v -8.3 0.2 -19.4
v -8.2 0.2 -19.4
v -6.1 0.2 -19.4
v -3.1 0.2 -19.4
v -1.9 0.2 -19.4
v 5.6 0.2 -19.4
v 5.9 0.2 -19.4
v 7.1 0.2 -19.4
v 7.3 0.2 -19.4
v 10.9 0.2 -19.4
v 11 0.2 -19.4
v -10.4 0.2 -19.5
v -10.3 0.2 -19.5
v -4 0.2 -19.5
v -3.7 0.2 -19.5
v -3.1 0.2 -19.5
v -1.1 0.2 -19.5
v -9.3 0.2 -19.6
v -9.2 0.2 -19.6
v -8.6 0.2 -19.6
v -8.4 0.2 -19.6
v -8.1 0.2 -19.6
v -7.5 0.2 -19.6
v -7.4 0.2 -19.6
v -6.5 0.2 -19.6
v -6.4 0.2 -19.6
v -5.3 0.2 -19.6
v -5.1 0.2 -19.6
v -0.1 0.2 -19.6
v 1.6 0.2 -19.6
v 7.6 0.2 -19.6
v 7.7 0.2 -19.6
v -7.8 0.2 -19.7
v -7.6 0.2 -19.7
v -4 0.2 -19.7
v -3.7 0.2 -19.7
v -3.1 0.2 -19.7
v -1.1 0.2 -19.7
v 2.6 0.2 -19.7
v 3.2 0.2 -19.7
v 4 0.2 -19.7
v 4.2 0.2 -19.7
v 4.4 0.2 -19.7
v 4.8 0.2 -19.7
v 7.5 0.2 -19.7
v 7.6 0.2 -19.7
v 8.1 0.2 -19.7
v 8.2 0.2 -19.7
v 10.4 0.2 -19.7
v 10.9 0.2 -19.7
v 11 0.2 -19.7
v 11.5 0.2 -19.7
v -8.1 0.2 -19.8
v -7.8 0.2 -19.8
v -3.7 0.2 -19.8
v -3.6 0.2 -19.8
v 5.3 0.2 -19.8
v 5.6 0.2 -19.8
v 6.1 0.2 -19.8
v 6.2 0.2 -19.8
v -8.4 0.2 -19.9
v -8.3 0.2 -19.9
v -7.7 0.2 -19.9
v -7.6 0.2 -19.9
v -4.3 0.2 -19.9
v -4.2 0.2 -19.9
v 4 0.2 -19.9
v 4.2 0.2 -19.9
v 7.3 0.2 -19.9
v 7.5 0.2 -19.9
v 8.1 0.2 -19.9
v 8.2 0.2 -19.9
v -8.1 0.2 -20
v -8 0.2 -20
v -6.4 0.2 -20
v -5.6 0.2 -20
v -4.7 0.2 -20
v 3.9 0.2 -20
v 4 0.2 -20
v -8 0.2 -20.1
v -7.7 0.2 -20.1
v -3.1 0.2 -20.1
v -2.5 0.2 -20.1
v 3.5 0.2 -20.1
v 3.9 0.2 -20.1
v 5 0.2 -20.1
v 5.3 0.2 -20.1
v 5.8 0.2 -20.1
v 6 0.2 -20.1
v 6.1 0.2 -20.1
v 6.2 0.2 -20.1
v 11.5 0.2 -20.1
v 11.8 0.2 -20.1
v -9.3 0.2 -20.2
v -9.1 0.2 -20.2
v -5.6 0.2 -20.2
v -5.3 0.2 -20.2
v 6.5 0.2 -20.2
v 6.6 0.2 -20.2
v 9.2 0.2 -20.2
v 9.4 0.2 -20.2
v -5.3 0.2 -20.3
v -4.9 0.2 -20.3
v -4.7 0.2 -20.3
v 6.1 0.2 -20.3
v 6.2 0.2 -20.3
v 6.5 0.2 -20.3
v 6.6 0.2 -20.3
v -9.2 0.2 -20.4
v -9.1 0.2 -20.4
v -7.7 0.2 -20.4
v -7.5 0.2 -20.4
v -6.4 0.2 -20.4
v -5.4 0.2 -20.4
v 1.7 0.2 -20.4
v 2.6 0.2 -20.4
v 5.5 0.2 -20.4
v 5.8 0.2 -20.4
v 6.1 0.2 -20.4
v 6.2 0.2 -20.4
v 6.5 0.2 -20.4
v 7.2 0.2 -20.4
v 7.3 0.2 -20.4
v 8.9 0.2 -20.4
v 9.4 0.2 -20.4
v 9.6 0.2 -20.4
v 9.7 0.2 -20.4
v -10.6 0.2 -20.5
v -10.4 0.2 -20.5
v -7.8 0.2 -20.5
v -7.7 0.2 -20.5
v -7.4 0.2 -20.5
v -6.5 0.2 -20.5
v -6.3 0.2 -20.5
v -5.5 0.2 -20.5
v -5.4 0.2 -20.5
v 1.8 0.2 -20.5
v 2.6 0.2 -20.5
v 6 0.2 -20.5
v 6.1 0.2 -20.5
v 8.3 0.2 -20.5
v 8.9 0.2 -20.5
v 9.6 0.2 -20.5
v 10.3 0.2 -20.5
v -11.5 0.2 -20.6
v -11.4 0.2 -20.6
v 3.5 0.2 -20.6
v 4.2 0.2 -20.6
v 7.2 0.2 -20.6
v 7.3 0.2 -20.6
v 8.2 0.2 -20.7
v 8.3 0.2 -20.7
v -8.4 0.2 -20.8
v -8.2 0.2 -20.8
v -6.3 0.2 -20.8
v -5.5 0.2 -20.8
v -5.3 0.2 -20.8
v -4.9 0.2 -20.8
v 3.9 0.2 -20.8
v 4.2 0.2 -20.8
v -3.7 0.2 -20.9
v -3.6 0.2 -20.9
v -7.7 0.2 -21
v -7.5 0.2 -21
v -4.3 0.2 -21
v -4 0.2 -21
v -9.7 0.2 -21.1
v -9.5 0.2 -21.1
v -9.4 0.2 -21.1
v -9.2 0.2 -21.1
v 2.6 0.2 -21.1
v 3.2 0.2 -21.1
v 6 0.2 -21.1
v 6.4 0.2 -21.1
v 6.7 0.2 -21.1
v 6.8 0.2 -21.1
v -8.6 0.2 -21.2
v -8.4 0.2 -21.2
v -7.5 0.2 -21.2
v -6.8 0.2 -21.2
v 4.7 0.2 -21.2
v 5 0.2 -21.2
v -9.5 0.2 -21.3
v -9.4 0.2 -21.3
v -7.7 0.2 -21.3
v -7.6 0.2 -21.3
v -4.5 0.2 -21.3
v -4.3 0.2 -21.3
v 4.5 0.2 -21.3
v 4.6 0.2 -21.3
v 5.6 0.2 -21.3
v 6.4 0.2 -21.3
v 6.7 0.2 -21.3
v 6.8 0.2 -21.3
v 9.6 0.2 -21.3
v 10.3 0.2 -21.3
v -7.8 0.2 -21.4
v -7.7 0.2 -21.4
v -5.3 0.2 -21.4
v -5.1 0.2 -21.4
v -5 0.2 -21.4
v -4.9 0.2 -21.4
v -4.3 0.2 -21.4
v -4.2 0.2 -21.4
v 4.5 0.2 -21.4
v 4.6 0.2 -21.4
v 4.7 0.2 -21.4
v 5.1 0.2 -21.4
v 5.5 0.2 -21.4
v 5.6 0.2 -21.4
v -11.5 0.2 -21.5
v -11.3 0.2 -21.5
v -8.6 0.2 -21.5
v -8.2 0.2 -21.5
v 5.1 0.2 -21.5
v 5.2 0.2 -21.5
v -11.3 0.2 -21.6
v -11.2 0.2 -21.6
v -4.2 0.2 -21.6
v -4.1 0.2 -21.6
v 1.8 0.2 -21.6
v 3.2 0.2 -21.6
v 11.5 0.2 -21.6
v 11.8 0.2 -21.6
v -8.2 0.2 -21.7
v -7.6 0.2 -21.7
v -6.8 0.2 -21.7
v -6 0.2 -21.7
v 7.8 0.2 -21.7
v 8.2 0.2 -21.7
v 6.8 0.2 -21.8
v 7.8 0.2 -21.8
v 9.2 0.2 -21.8
v 9.6 0.2 -21.8
v -10.9 0.2 -21.9
v -10.6 0.2 -21.9
v -5.1 0.2 -21.9
v -5 0.2 -21.9
v -4.3 0.2 -21.9
v -4.2 0.2 -21.9
v 5.1 0.2 -21.9
v 5.2 0.2 -21.9
v 8.6 0.2 -21.9
v 9.2 0.2 -21.9
v 10.5 0.2 -21.9
v 10.9 0.2 -21.9
v 11.4 0.2 -21.9
v 11.5 0.2 -21.9
v -11.3 0.2 -22
v -11.2 0.2 -22
v -4.3 0.2 -22
v -4.2 0.2 -22
v 8.2 0.2 -22.1
v 8.6 0.2 -22.1
v -3.7 0.2 -22.3
v -3.6 0.2 -22.3
v -0.5 0.2 -22.3
v -0.1 0.2 -22.3
v -11.5 0.2 -22.4
v -11.3 0.2 -22.4
v -5.6 0.2 -22.4
v -4.6 0.2 -22.4
v -4.2 0.2 -22.4
v -4.1 0.2 -22.4
v -3.6 0.2 -22.4
v -2.5 0.2 -22.4
v 10.3 0.2 -22.4
v 10.5 0.2 -22.4
v -6 0.2 -22.5
v -5.6 0.2 -22.5
v 4.7 0.2 -22.5
v 5.1 0.2 -22.5
v 6.7 0.2 -22.5
v 6.8 0.2 -22.5
v 10.2 0.2 -22.5
v 10.3 0.2 -22.5
v -4.3 0.2 -22.6
v -4.2 0.2 -22.6
v 1.6 0.2 -22.6
v 3.1 0.2 -22.6
v 3.2 0.2 -22.6
v 3.4 0.2 -22.6
v 3.9 0.2 -22.6
v 4.2 0.2 -22.6
v 7.8 0.2 -22.6
v 8.2 0.2 -22.6
v -9.7 0.2 -22.7
v -9.6 0.2 -22.7
v -4.1 0.2 -22.7
v -3.7 0.2 -22.7
v 4.6 0.2 -22.7
v 4.7 0.2 -22.7
v -3.7 0.2 -22.8
v -3.6 0.2 -22.8
v 6.7 0.2 -22.8
v 6.9 0.2 -22.8
v 9.5 0.2 -22.8
v 10.2 0.2 -22.8
v 11 0.2 -22.8
v 11.4 0.2 -22.8
v -11.5 0.2 -22.9
v -11.2 0.2 -22.9
v -9.6 0.2 -22.9
v -9.4 0.2 -22.9
v -4.5 0.2 -22.9
v -4.3 0.2 -22.9
v -4.1 0.2 -22.9
v 4.2 0.2 -22.9
v 4.6 0.2 -22.9
v 6.9 0.2 -22.9
v 7.8 0.2 -22.9
v -3.8 0.2 -23
v -3.6 0.2 -23
v 1.9 0.2 -23
v 2.5 0.2 -23
v 4.2 0.2 -23
v 5 0.2 -23
v 5.1 0.2 -23
v 5.4 0.2 -23
v 5.5 0.2 -23
v 6.4 0.2 -23
v 10.8 0.2 -23
v 11 0.2 -23
v -6.3 0.2 -23.1
v -5.6 0.2 -23.1
v -3.8 0.2 -23.1
v -3.3 0.2 -23.1
v -11.5 0.2 -23.2
v -11.2 0.2 -23.2
v -9.4 0.2 -23.2
v -9.1 0.2 -23.2
v -7.4 0.2 -23.2
v -7.3 0.2 -23.2
v 4.2 0.2 -23.2
v 5 0.2 -23.2
v -9.1 0.2 -23.3
v -9 0.2 -23.3
v -7.3 0.2 -23.3
v -6.3 0.2 -23.3
v 3.4 0.2 -23.3
v 3.5 0.2 -23.3
v 4.4 0.2 -23.3
v 5.1 0.2 -23.3
v 6.5 0.2 -23.3
v 6.8 0.2 -23.3
v 10.2 0.2 -23.3
v 10.8 0.2 -23.3
v -8.3 0.2 -23.4
v -8 0.2 -23.4
v 3.8 0.2 -23.4
v 4.3 0.2 -23.4
v -8.5 0.2 -23.5
v -8.3 0.2 -23.5
v 3.5 0.2 -23.5
v 3.6 0.2 -23.5
v 8.4 0.2 -23.5
v 9.5 0.2 -23.5
v -10.9 0.2 -23.6
v -10.3 0.2 -23.6
v -9 0.2 -23.6
v -8.5 0.2 -23.6
v -5.6 0.2 -23.6
v -4.6 0.2 -23.6
v 3.5 0.2 -23.6
v 3.6 0.2 -23.6
v -8 0.2 -23.7
v -7.4 0.2 -23.7
v -4.3 0.2 -23.7
v -4.1 0.2 -23.7
v 6.4 0.2 -23.7
v 6.5 0.2 -23.7
v 7.9 0.2 -23.7
v 8.4 0.2 -23.7
v -11.5 0.2 -23.8
v -11.3 0.2 -23.8
v -5.7 0.2 -23.8
v -5.2 0.2 -23.8
v 4.3 0.2 -23.8
v 4.4 0.2 -23.8
v 6.4 0.2 -23.8
v 6.5 0.2 -23.8
v -10.3 0.2 -23.9
v -10.2 0.2 -23.9
v -3.8 0.2 -23.9
v -3.3 0.2 -23.9
v 2.5 0.2 -23.9
v 3.1 0.2 -23.9
v 5.4 0.2 -23.9
v 5.5 0.2 -23.9
v 9.8 0.2 -23.9
v 10.2 0.2 -23.9
v -10.2 0.2 -24
v -9.8 0.2 -24
v -5.8 0.2 -24
v -5.7 0.2 -24
v 3.8 0.2 -24
v 4.2 0.2 -24
v 5.8 0.2 -24
v 6.4 0.2 -24
v 9.1 0.2 -24
v 9.8 0.2 -24
v -11.3 0.2 -24.1
v -11.2 0.2 -24.1
v 5.3 0.2 -24.1
v 5.5 0.2 -24.1
v 5.8 0.2 -24.1
v 5.9 0.2 -24.1
v 6.5 0.2 -24.1
v 6.7 0.2 -24.1
v 6.8 0.2 -24.1
v 7.9 0.2 -24.1
v -6.4 0.2 -24.2
v -5.8 0.2 -24.2
v 4.2 0.2 -24.2
v 4.4 0.2 -24.2
v 5.5 0.2 -24.2
v 5.9 0.2 -24.2
v -11.4 0.2 -24.3
v -11.2 0.2 -24.3
v -5.2 0.2 -24.3
v -4.7 0.2 -24.3
v 6.4 0.2 -24.3
v 6.7 0.2 -24.3
v 7.5 0.2 -24.3
v 9.1 0.2 -24.3
v -0.1 0.2 -24.4
v 1.9 0.2 -24.4
v -9.4 0.2 -24.5
v -9.2 0.2 -24.5
v -7.5 0.2 -24.5
v -6.4 0.2 -24.5
v -4.7 0.2 -24.5
v -4.1 0.2 -24.5
v 6.3 0.2 -24.5
v 6.4 0.2 -24.5
v 7.2 0.2 -24.5
v 7.5 0.2 -24.5
v 4.4 0.2 -24.6
v 5.3 0.2 -24.6
v 3.5 0.2 -24.7
v 3.8 0.2 -24.7
v 6.1 0.2 -24.7
v 6.3 0.2 -24.7
v -5.7 0.2 -24.8
v -4.8 0.2 -24.8
v 6.9 0.2 -24.8
v 7.2 0.2 -24.8
v -11.4 0.2 -24.9
v -10.8 0.2 -24.9
v -9.8 0.2 -24.9
v -9.4 0.2 -24.9
v -4.8 0.2 -24.9
v -4.7 0.2 -24.9
v 3.8 0.2 -24.9
v 3.9 0.2 -24.9
v -10.8 0.2 -25
v -10.3 0.2 -25
v -9 0.2 -25
v -7.5 0.2 -25
v -0.1 0.2 -25
v 1.9 0.2 -25
v 3.9 0.2 -25
v 4.1 0.2 -25
v -10.3 0.2 -25.1
v -9.9 0.2 -25.1
v -6.1 0.2 -25.1
v -5.7 0.2 -25.1
v -6.9 0.2 -25.2
v -6.1 0.2 -25.2
v -4.7 0.2 -25.2
v -4.6 0.2 -25.2
v 1.9 0.2 -25.2
v 2.5 0.2 -25.2
v -9.9 0.2 -25.3
v -9.7 0.2 -25.3
v -4.5 0.2 -25.3
v -3.8 0.2 -25.3
v 4.1 0.2 -25.3
v 4.9 0.2 -25.3
v 4.9 0.2 -25.4
v 6.1 0.2 -25.4
v -9.7 0.2 -25.5
v -9.2 0.2 -25.5
v -9 0.2 -25.5
v -7.8 0.2 -25.5
v -6.9 0.2 -25.5
v -12 0.2 -25.6
v -9.2 0.2 -25.6
v -7.8 0.2 -25.6
v -4.6 0.2 -25.6
v -4.5 0.2 -25.6
v 2.5 0.2 -25.6
v 6.9 0.2 -25.6
v 12 0.2 -25.6
v -11.9 0.4 -2.6
v -11.6 0.4 -2.6
v -10.8 0.4 -2.6
v -10.5 0.4 -2.6
v -9.7 0.4 -2.6
v -9.4 0.4 -2.6
v -4.6 0.4 -2.6
v -4.3 0.4 -2.6
v -3.5 0.4 -2.6
v -3.2 0.4 -2.6
v -2.4 0.4 -2.6
v -2.1 0.4 -2.6
v 2.2 0.4 -2.6
v 2.5 0.4 -2.6
v 3.3 0.4 -2.6
v 3.6 0.4 -2.6
v 4.4 0.4 -2.6
v 4.7 0.4 -2.6
v 9.4 0.4 -2.6
v 9.7 0.4 -2.6
v 10.5 0.4 -2.6
v 10.8 0.4 -2.6
v 11.6 0.4 -2.6
v 11.9 0.4 -2.6
v -11.8 0.4 -2.7
v -11.7 0.4 -2.7
v -10.7 0.4 -2.7
v -10.6 0.4 -2.7
v -9.6 0.4 -2.7
v -9.5 0.4 -2.7
v -4.5 0.4 -2.7
v -4.4 0.4 -2.7
v -3.4 0.4 -2.7
v -3.3 0.4 -2.7
v -2.3 0.4 -2.7
v -2.2 0.4 -2.7
v 2.3 0.4 -2.7
v 2.4 0.4 -2.7
v 3.4 0.4 -2.7
v 3.5 0.4 -2.7
v 4.5 0.4 -2.7
v 4.6 0.4 -2.7
v 9.5 0.4 -2.7
v 9.6 0.4 -2.7
v 10.6 0.4 -2.7
v 10.7 0.4 -2.7
v 11.7 0.4 -2.7
v 11.8 0.4 -2.7
v -11.8 0.4 -2.8
v -11.7 0.4 -2.8
v -10.7 0.4 -2.8
v -10.6 0.4 -2.8
v -9.6 0.4 -2.8
v -9.5 0.4 -2.8
v -4.5 0.4 -2.8
v -4.4 0.4 -2.8
v -3.4 0.4 -2.8
v -3.3 0.4 -2.8
v -2.3 0.4 -2.8
v -2.2 0.4 -2.8
v 2.3 0.4 -2.8
v 2.4 0.4 -2.8
v 3.4 0.4 -2.8
v 3.5 0.4 -2.8
v 4.5 0.4 -2.8
v 4.6 0.4 -2.8
v 9.5 0.4 -2.8
v 9.6 0.4 -2.8
v 10.6 0.4 -2.8
v 10.7 0.4 -2.8
v 11.7 0.4 -2.8
v 11.8 0.4 -2.8
v -11.9 0.4 -2.9
v -11.6 0.4 -2.9
v -10.8 0.4 -2.9
v -10.5 0.4 -2.9
v -9.7 0.4 -2.9
v -9.4 0.4 -2.9
v -4.6 0.4 -2.9
v -4.3 0.4 -2.9
v -3.5 0.4 -2.9
v -3.2 0.4 -2.9
v -2.4 0.4 -2.9
v -2.1 0.4 -2.9
v 2.2 0.4 -2.9
v 2.5 0.4 -2.9
v 3.3 0.4 -2.9
v 3.6 0.4 -2.9
v 4.4 0.4 -2.9
v 4.7 0.4 -2.9
v 9.4 0.4 -2.9
v 9.7 0.4 -2.9
v 10.5 0.4 -2.9
v 10.8 0.4 -2.9
v 11.6 0.4 -2.9
v 11.9 0.4 -2.9
v -11.9 0.4 -3.7
v -11.6 0.4 -3.7
v 11.6 0.4 -3.7
v 11.9 0.4 -3.7
v -11.8 0.4 -3.8
v -11.7 0.4 -3.8
v 11.7 0.4 -3.8
v 11.8 0.4 -3.8
v -11.8 0.4 -3.9
v -11.7 0.4 -3.9
v 11.7 0.4 -3.9
v 11.8 0.4 -3.9
v -11.9 0.4 -4
v -11.6 0.4 -4
v 11.6 0.4 -4
v 11.9 0.4 -4
v -11.7 0.7 -2.7
v -10.7 0.7 -2.7
v -10.6 0.7 -2.7
v -9.6 0.7 -2.7
v -4.4 0.7 -2.7
v -3.4 0.7 -2.7
v -3.3 0.7 -2.7
v -2.3 0.7 -2.7
v 2.4 0.7 -2.7
v 3.4 0.7 -2.7
v 3.5 0.7 -2.7
v 4.5 0.7 -2.7
v 9.6 0.7 -2.7
v 10.6 0.7 -2.7
v 10.7 0.7 -2.7
v 11.7 0.7 -2.7
v -11.8 0.7 -2.8
v -11.7 0.7 -2.8
v -10.7 0.7 -2.8
v -10.6 0.7 -2.8
v -9.6 0.7 -2.8
v -4.4 0.7 -2.8
v -3.4 0.7 -2.8
v -3.3 0.7 -2.8
v -2.3 0.7 -2.8
v 2.4 0.7 -2.8
v 3.4 0.7 -2.8
v 3.5 0.7 -2.8
v 4.5 0.7 -2.8
v 9.6 0.7 -2.8
v 10.6 0.7 -2.8
v 10.7 0.7 -2.8
v 11.7 0.7 -2.8
v 11.8 0.7 -2.8
v -11.8 0.7 -3.8
v -11.7 0.7 -3.8
v 11.7 0.7 -3.8
v 11.8 0.7 -3.8
v -11.8 1.2 -2.7
v -9.5 1.2 -2.7
v -4.5 1.2 -2.7
v -2.2 1.2 -2.7
v 2.3 1.2 -2.7
v 4.6 1.2 -2.7
v 9.5 1.2 -2.7
v 11.8 1.2 -2.7
v -11.7 1.2 -2.8
v -9.5 1.2 -2.8
v -4.5 1.2 -2.8
v -2.2 1.2 -2.8
v 2.3 1.2 -2.8
v 4.6 1.2 -2.8
v 9.5 1.2 -2.8
v 11.7 1.2 -2.8
v -11.8 1.2 -3.9
v -11.7 1.2 -3.9
v 11.7 1.2 -3.9
v 11.8 1.2 -3.9

# faces
f 3/2/1 2/2/1 1/2/1
f 4/2/1 2/2/1 3/2/1
f 9/2/1 6/2/1 5/2/1
f 10/2/1 6/2/1 9/2/1
f 11/2/1 8/2/1 7/2/1
f 12/2/1 8/2/1 11/2/1
f 17/1/1 14/1/1 13/1/1
f 18/1/1 16/1/1 15/1/1
f 19/1/1 17/1/1 13/1/1
f 19/1/1 18/1/1 17/1/1
f 20/1/1 16/1/1 18/1/1
f 20/1/1 18/1/1 19/1/1
f 21/1/1 19/1/1 13/1/1
f 22/1/1 16/1/1 20/1/1
f 23/1/1 21/1/1 13/1/1
f 23/1/1 22/1/1 21/1/1
f 24/1/1 16/1/1 22/1/1
f 24/1/1 22/1/1 23/1/1
f 27/2/1 26/2/1 25/2/1
f 28/2/1 26/2/1 27/2/1
f 31/1/1 30/1/1 29/1/1
f 32/1/1 30/1/1 31/1/1
f 35/1/1 34/1/1 33/1/1
f 36/1/1 34/1/1 35/1/1
f 39/2/1 38/2/1 37/2/1
f 40/2/1 38/2/1 39/2/1
f 43/1/1 42/1/1 41/1/1
f 44/1/1 42/1/1 43/1/1
f 47/1/1 46/1/1 45/1/1
f 48/1/1 46/1/1 47/1/1
f 51/2/1 50/2/1 49/2/1
f 52/2/1 50/2/1 51/2/1
f 55/1/1 54/1/1 53/1/1
f 56/1/1 54/1/1 55/1/1
f 59/2/1 58/2/1 57/2/1
f 60/2/1 58/2/1 59/2/1
f 63/1/1 62/1/1 61/1/1
f 64/1/1 62/1/1 63/1/1
f 67/1/1 66/1/1 65/1/1
f 68/1/1 66/1/1 67/1/1
f 71/2/1 70/2/1 69/2/1
f 72/2/1 70/2/1 71/2/1
f 75/1/1 74/1/1 73/1/1
f 76/1/1 74/1/1 75/1/1
f 79/1/1 78/1/1 77/1/1
f 80/1/1 78/1/1 79/1/1
f 83/2/1 82/2/1 81/2/1
f 84/2/1 82/2/1 83/2/1
f 87/1/1 86/1/1 85/1/1
f 88/1/1 86/1/1 87/1/1
f 91/2/1 90/2/1 89/2/1
f 92/2/1 90/2/1 91/2/1
f 95/1/1 94/1/1 93/1/1
f 96/1/1 94/1/1 95/1/1
f 99/1/1 98/1/1 97/1/1
f 100/1/1 98/1/1 99/1/1
f 103/2/1 102/2/1 101/2/1
f 104/2/1 102/2/1 103/2/1
f 107/1/1 106/1/1 105/1/1
f 108/1/1 106/1/1 107/1/1
f 111/1/1 110/1/1 109/1/1
f 112/1/1 110/1/1 111/1/1
f 115/2/1 114/2/1 113/2/1
f 116/2/1 114/2/1 115/2/1
f 119/1/1 118/1/1 117/1/1
f 120/1/1 118/1/1 119/1/1
f 123/2/1 122/2/1 121/2/1
f 124/2/1 122/2/1 123/2/1
f 127/1/1 126/1/1 125/1/1
f 128/1/1 126/1/1 127/1/1
f 131/1/1 130/1/1 129/1/1
f 132/1/1 130/1/1 131/1/1
f 137/2/1 134/2/1 133/2/1
f 138/2/1 134/2/1 137/2/1
f 139/2/1 136/2/1 135/2/1
f 140/2/1 136/2/1 139/2/1
f 145/1/1 142/1/1 141/1/1
f 146/1/1 142/1/1 145/1/1
f 147/1/1 144/1/1 143/1/1
f 149/1/1 147/1/1 146/1/1
f 150/1/1 144/1/1 147/1/1
f 150/1/1 147/1/1 149/1/1
f 151/1/1 149/1/1 148/1/1
f 152/1/1 149/1/1 151/1/1
f 153/1/1 144/1/1 150/1/1
f 154/1/1 153/1/1 152/1/1
f 155/1/1 144/1/1 153/1/1
f 155/1/1 153/1/1 154/1/1
f 156/1/2 157/1/2 160/1/2
f 160/1/2 157/1/2 161/1/2
f 158/1/2 159/1/2 162/1/2
f 161/1/2 162/1/2 164/1/2
f 162/1/2 159/1/2 165/1/2
f 164/1/2 162/1/2 165/1/2
f 163/1/2 164/1/2 166/1/2
f 166/1/2 164/1/2 167/1/2
f 165/1/2 159/1/2 168/1/2
f 167/1/2 168/1/2 169/1/2
f 168/1/2 159/1/2 170/1/2
f 169/1/2 168/1/2 170/1/2
f 171/2/2 172/2/2 175/2/2
f 175/2/2 172/2/2 176/2/2
f 173/2/2 174/2/2 177/2/2
f 177/2/2 174/2/2 178/2/2
f 179/1/2 180/1/2 181/1/2
f 181/1/2 180/1/2 182/1/2
f 183/1/2 184/1/2 185/1/2
f 185/1/2 184/1/2 186/1/2
f 187/2/2 188/2/2 189/2/2
f 189/2/2 188/2/2 190/2/2
f 191/1/2 192/1/2 193/1/2
f 193/1/2 192/1/2 194/1/2
f 195/2/2 196/2/2 197/2/2
f 197/2/2 196/2/2 198/2/2
f 199/1/2 200/1/2 201/1/2
f 201/1/2 200/1/2 202/1/2
f 203/1/2 204/1/2 205/1/2
f 205/1/2 204/1/2 206/1/2
f 207/2/2 208/2/2 209/2/2
f 209/2/2 208/2/2 210/2/2
f 211/1/2 212/1/2 213/1/2
f 213/1/2 212/1/2 214/1/2
f 215/1/2 216/1/2 217/1/2
f 217/1/2 216/1/2 218/1/2
f 219/2/2 220/2/2 221/2/2
f 221/2/2 220/2/2 222/2/2
f 223/1/2 224/1/2 225/1/2
f 225/1/2 224/1/2 226/1/2
f 227/2/2 228/2/2 229/2/2
f 229/2/2 228/2/2 230/2/2
f 231/1/2 232/1/2 233/1/2
f 233/1/2 232/1/2 234/1/2
f 235/1/2 236/1/2 237/1/2
f 237/1/2 236/1/2 238/1/2
f 239/2/2 240/2/2 241/2/2
f 241/2/2 240/2/2 242/2/2
f 243/1/2 244/1/2 245/1/2
f 245/1/2 244/1/2 246/1/2
f 247/1/2 248/1/2 249/1/2
f 249/1/2 248/1/2 250/1/2
f 251/2/2 252/2/2 253/2/2
f 253/2/2 252/2/2 254/2/2
f 255/1/2 256/1/2 257/1/2
f 257/1/2 256/1/2 258/1/2
f 259/2/2 260/2/2 261/2/2
f 261/2/2 260/2/2 262/2/2
f 263/1/2 264/1/2 265/1/2
f 265/1/2 264/1/2 266/1/2
f 267/1/2 268/1/2 269/1/2
f 269/1/2 268/1/2 270/1/2
f 271/2/2 272/2/2 273/2/2
f 273/2/2 272/2/2 274/2/2
f 275/1/2 276/1/2 277/1/2
f 277/1/2 276/1/2 278/1/2
f 279/1/2 280/1/2 281/1/2
f 281/1/2 280/1/2 282/1/2
f 283/2/2 284/2/2 285/2/2
f 285/2/2 284/2/2 286/2/2
f 287/1/2 288/1/2 291/1/2
f 289/1/2 290/1/2 292/1/2
f 287/1/2 291/1/2 293/1/2
f 291/1/2 292/1/2 293/1/2
f 292/1/2 290/1/2 294/1/2
f 293/1/2 292/1/2 294/1/2
f 287/1/2 293/1/2 295/1/2
f 294/1/2 290/1/2 296/1/2
f 287/1/2 295/1/2 297/1/2
f 295/1/2 296/1/2 297/1/2
f 296/1/2 290/1/2 298/1/2
f 297/1/2 296/1/2 298/1/2
f 299/2/2 300/2/2 303/2/2
f 303/2/2 300/2/2 304/2/2
f 301/2/2 302/2/2 305/2/2
f 305/2/2 302/2/2 306/2/2
f 307/2/2 308/2/2 309/2/2
f 309/2/2 308/2/2 310/2/2
f 307/2/2 309/2/2 311/2/2
f 309/3/2 310/3/2 312/3/2
f 311/2/2 309/2/2 312/2/2
f 310/2/2 308/2/2 313/2/2
f 312/3/2 310/3/2 313/3/2
f 313/2/2 308/2/2 314/2/2
f 317/2/3 316/2/3 315/2/3
f 318/2/3 316/2/3 317/2/3
f 319/2/3 317/2/3 315/2/3
f 319/3/3 318/3/3 317/3/3
f 320/3/3 318/3/3 319/3/3
f 321/2/3 319/2/3 315/2/3
f 321/2/3 320/2/3 319/2/3
f 322/2/3 320/2/3 321/2/3
f 323/2/3 321/2/3 315/2/3
f 323/3/3 322/3/3 321/3/3
f 324/3/3 322/3/3 323/3/3
f 325/2/3 323/2/3 315/2/3
f 325/2/3 324/2/3 323/2/3
f 326/2/3 324/2/3 325/2/3
f 329/2/3 328/2/3 327/2/3
f 330/2/3 328/2/3 329/2/3
f 333/2/3 332/2/3 331/2/3
f 334/2/3 332/2/3 333/2/3
f 337/2/3 336/2/3 335/2/3
f 338/2/3 336/2/3 337/2/3
f 341/2/3 340/2/3 339/2/3
f 342/2/3 340/2/3 341/2/3
f 345/2/3 344/2/3 343/2/3
f 346/2/3 344/2/3 345/2/3
f 349/2/3 348/2/3 347/2/3
f 350/2/3 348/2/3 349/2/3
f 353/2/3 352/2/3 351/2/3
f 354/2/3 352/2/3 353/2/3
f 357/2/3 356/2/3 355/2/3
f 358/2/3 356/2/3 357/2/3
f 361/2/3 360/2/3 359/2/3
f 362/2/3 360/2/3 361/2/3
f 365/2/3 364/2/3 363/2/3
f 366/2/3 364/2/3 365/2/3
f 369/2/3 368/2/3 367/2/3
f 370/2/3 368/2/3 369/2/3
f 373/2/3 372/2/3 371/2/3
f 374/2/3 372/2/3 373/2/3
f 377/1/3 376/1/3 375/1/3
f 378/1/3 376/1/3 377/1/3
f 379/1/3 376/1/3 378/1/3
f 380/1/3 376/1/3 379/1/3
f 382/1/3 379/1/3 378/1/3
f 383/1/3 379/1/3 382/1/3
f 384/1/3 376/1/3 380/1/3
f 385/1/3 383/1/3 382/1/3
f 385/1/3 384/1/3 383/1/3
f 385/1/3 382/1/3 381/1/3
f 386/1/3 384/1/3 385/1/3
f 387/1/3 384/1/3 386/1/3
f 388/1/3 376/1/3 384/1/3
f 388/1/3 384/1/3 387/1/3
f 390/1/3 387/1/3 386/1/3
f 391/1/3 387/1/3 390/1/3
f 392/1/3 376/1/3 388/1/3
f 393/1/3 391/1/3 390/1/3
f 393/1/3 392/1/3 391/1/3
f 393/1/3 390/1/3 389/1/3
f 394/1/3 376/1/3 392/1/3
f 394/1/3 392/1/3 393/1/3
f 397/1/3 396/1/3 395/1/3
f 398/1/3 396/1/3 397/1/3
f 399/1/3 396/1/3 398/1/3
f 400/1/3 396/1/3 399/1/3
f 402/1/3 399/1/3 398/1/3
f 403/1/3 399/1/3 402/1/3
f 404/1/3 396/1/3 400/1/3
f 405/1/3 403/1/3 402/1/3
f 405/1/3 404/1/3 403/1/3
f 405/1/3 402/1/3 401/1/3
f 406/1/3 404/1/3 405/1/3
f 407/1/3 404/1/3 406/1/3
f 408/1/3 396/1/3 404/1/3
f 408/1/3 404/1/3 407/1/3
f 410/1/3 407/1/3 406/1/3
f 411/1/3 407/1/3 410/1/3
f 412/1/3 396/1/3 408/1/3
f 413/1/3 411/1/3 410/1/3
f 413/1/3 412/1/3 411/1/3
f 413/1/3 410/1/3 409/1/3
f 414/1/3 396/1/3 412/1/3
f 414/1/3 412/1/3 413/1/3
f 417/1/3 416/1/3 415/1/3
f 418/1/3 416/1/3 417/1/3
f 419/1/3 416/1/3 418/1/3
f 420/1/3 416/1/3 419/1/3
f 422/1/3 419/1/3 418/1/3
f 423/1/3 419/1/3 422/1/3
f 424/1/3 416/1/3 420/1/3
f 425/1/3 423/1/3 422/1/3
f 425/1/3 424/1/3 423/1/3
f 425/1/3 422/1/3 421/1/3
f 426/1/3 424/1/3 425/1/3
f 427/1/3 424/1/3 426/1/3
f 428/1/3 416/1/3 424/1/3
f 428/1/3 424/1/3 427/1/3
f 430/1/3 427/1/3 426/1/3
f 431/1/3 427/1/3 430/1/3
f 432/1/3 416/1/3 428/1/3
f 433/1/3 431/1/3 430/1/3
f 433/1/3 432/1/3 431/1/3
f 433/1/3 430/1/3 429/1/3
f 434/1/3 416/1/3 432/1/3
f 434/1/3 432/1/3 433/1/3
f 437/1/3 436/1/3 435/1/3
f 438/1/3 436/1/3 437/1/3
f 439/1/3 436/1/3 438/1/3
f 440/1/3 436/1/3 439/1/3
f 442/1/3 439/1/3 438/1/3
f 443/1/3 439/1/3 442/1/3
f 444/1/3 436/1/3 440/1/3
f 445/1/3 443/1/3 442/1/3
f 445/1/3 444/1/3 443/1/3
f 445/1/3 442/1/3 441/1/3
f 446/1/3 444/1/3 445/1/3
f 447/1/3 444/1/3 446/1/3
f 448/1/3 436/1/3 444/1/3
f 448/1/3 444/1/3 447/1/3
f 450/1/3 447/1/3 446/1/3
f 451/1/3 447/1/3 450/1/3
f 452/1/3 436/1/3 448/1/3
f 453/1/3 451/1/3 450/1/3
f 453/1/3 452/1/3 451/1/3
f 453/1/3 450/1/3 449/1/3
f 454/1/3 436/1/3 452/1/3
f 454/1/3 452/1/3 453/1/3
f 457/2/3 456/2/3 455/2/3
f 458/2/3 456/2/3 457/2/3
f 461/2/3 460/2/3 459/2/3
f 462/2/3 460/2/3 461/2/3
f 467/1/3 464/1/3 463/1/3
f 468/1/3 464/1/3 467/1/3
f 469/1/3 466/1/3 465/1/3
f 470/1/3 466/1/3 469/1/3
f 475/1/3 472/1/3 471/1/3
f 476/1/3 472/1/3 475/1/3
f 477/1/3 474/1/3 473/1/3
f 478/1/3 474/1/3 477/1/3
f 479/1/4 480/1/4 483/1/4
f 483/1/4 480/1/4 484/1/4
f 481/1/4 482/1/4 485/1/4
f 485/1/4 482/1/4 486/1/4
f 484/1/4 485/1/4 489/1/4
f 489/1/4 485/1/4 490/1/4
f 486/1/4 487/1/4 491/1/4
f 489/1/4 490/1/4 492/1/4
f 490/1/4 491/1/4 492/1/4
f 488/1/4 489/1/4 492/1/4
f 492/1/4 491/1/4 493/1/4
f 493/1/4 491/1/4 494/1/4
f 491/1/4 487/1/4 495/1/4
f 494/1/4 491/1/4 495/1/4
f 493/1/4 494/1/4 497/1/4
f 497/1/4 494/1/4 498/1/4
f 495/1/4 487/1/4 499/1/4
f 497/1/4 498/1/4 500/1/4
f 498/1/4 499/1/4 500/1/4
f 496/1/4 497/1/4 500/1/4
f 499/1/4 487/1/4 501/1/4
f 500/1/4 499/1/4 501/1/4
f 502/1/4 503/1/4 504/1/4
f 504/1/4 503/1/4 505/1/4
f 505/1/4 503/1/4 506/1/4
f 506/1/4 503/1/4 507/1/4
f 505/1/4 506/1/4 509/1/4
f 509/1/4 506/1/4 510/1/4
f 507/1/4 503/1/4 511/1/4
f 509/1/4 510/1/4 512/1/4
f 510/1/4 511/1/4 512/1/4
f 508/1/4 509/1/4 512/1/4
f 512/1/4 511/1/4 513/1/4
f 513/1/4 511/1/4 514/1/4
f 511/1/4 503/1/4 515/1/4
f 514/1/4 511/1/4 515/1/4
f 513/1/4 514/1/4 517/1/4
f 517/1/4 514/1/4 518/1/4
f 515/1/4 503/1/4 519/1/4
f 517/1/4 518/1/4 520/1/4
f 518/1/4 519/1/4 520/1/4
f 516/1/4 517/1/4 520/1/4
f 519/1/4 503/1/4 521/1/4
f 520/1/4 519/1/4 521/1/4
f 522/1/4 523/1/4 524/1/4
f 524/1/4 523/1/4 525/1/4
f 525/1/4 523/1/4 526/1/4
f 526/1/4 523/1/4 527/1/4
f 525/1/4 526/1/4 529/1/4
f 529/1/4 526/1/4 530/1/4
f 527/1/4 523/1/4 531/1/4
f 529/1/4 530/1/4 532/1/4
f 530/1/4 531/1/4 532/1/4
f 528/1/4 529/1/4 532/1/4
f 532/1/4 531/1/4 533/1/4
f 533/1/4 531/1/4 534/1/4
f 531/1/4 523/1/4 535/1/4
f 534/1/4 531/1/4 535/1/4
f 533/1/4 534/1/4 537/1/4
f 537/1/4 534/1/4 538/1/4
f 535/1/4 523/1/4 539/1/4
f 537/1/4 538/1/4 540/1/4
f 538/1/4 539/1/4 540/1/4
f 536/1/4 537/1/4 540/1/4
f 539/1/4 523/1/4 541/1/4
f 540/1/4 539/1/4 541/1/4
f 542/1/4 543/1/4 544/1/4
f 544/1/4 543/1/4 545/1/4
f 545/1/4 543/1/4 546/1/4
f 546/1/4 543/1/4 547/1/4
f 545/1/4 546/1/4 549/1/4
f 549/1/4 546/1/4 550/1/4
f 547/1/4 543/1/4 551/1/4
f 549/1/4 550/1/4 552/1/4
f 550/1/4 551/1/4 552/1/4
f 548/1/4 549/1/4 552/1/4
f 552/1/4 551/1/4 553/1/4
f 553/1/4 551/1/4 554/1/4
f 551/1/4 543/1/4 555/1/4
f 554/1/4 551/1/4 555/1/4
f 553/1/4 554/1/4 557/1/4
f 557/1/4 554/1/4 558/1/4
f 555/1/4 543/1/4 559/1/4
f 559/1/4 543/1/4 560/1/4
f 556/1/4 557/1/4 561/1/4
f 561/1/4 557/1/4 562/1/4
f 558/1/4 559/1/4 563/1/4
f 563/1/4 559/1/4 564/1/4
f 565/2/4 566/2/4 567/2/4
f 567/2/4 566/2/4 568/2/4
f 569/2/4 570/2/4 571/2/4
f 571/2/4 570/2/4 572/2/4
f 573/2/4 574/2/4 575/2/4
f 575/2/4 574/2/4 576/2/4
f 577/2/4 578/2/4 579/2/4
f 579/2/4 578/2/4 580/2/4
f 581/2/4 582/2/4 583/2/4
f 583/2/4 582/2/4 584/2/4
f 585/2/4 586/2/4 587/2/4
f 587/2/4 586/2/4 588/2/4
f 589/2/4 590/2/4 591/2/4
f 591/2/4 590/2/4 592/2/4
f 593/2/4 594/2/4 595/2/4
f 595/2/4 594/2/4 596/2/4
f 597/2/4 598/2/4 599/2/4
f 599/2/4 598/2/4 600/2/4
f 601/2/4 602/2/4 603/2/4
f 603/2/4 602/2/4 604/2/4
f 605/2/4 606/2/4 607/2/4
f 607/2/4 606/2/4 608/2/4
f 609/2/4 610/2/4 611/2/4
f 611/2/4 610/2/4 612/2/4
f 613/1/4 614/1/4 615/1/4
f 615/1/4 614/1/4 616/1/4
f 617/1/4 618/1/4 619/1/4
f 619/1/4 618/1/4 620/1/4
f 621/2/4 622/2/4 623/2/4
f 623/2/4 622/2/4 624/2/4
f 625/2/4 626/2/4 627/2/4
f 627/2/4 626/2/4 628/2/4
f 629/2/4 630/2/4 631/2/4
f 631/2/4 630/2/4 632/2/4
f 629/2/4 631/2/4 633/2/4
f 631/3/4 632/3/4 633/3/4
f 633/3/4 632/3/4 634/3/4
f 629/2/4 633/2/4 635/2/4
f 633/2/4 634/2/4 635/2/4
f 635/2/4 634/2/4 636/2/4
f 629/2/4 635/2/4 637/2/4
f 635/3/4 636/3/4 637/3/4
f 637/3/4 636/3/4 638/3/4
f 629/2/4 637/2/4 639/2/4
f 637/2/4 638/2/4 639/2/4
f 639/2/4 638/2/4 640/2/4
f 629/2/4 639/2/4 641/2/4
f 639/3/4 640/3/4 641/3/4
f 641/3/4 640/3/4 642/3/4
f 629/2/4 641/2/4 643/2/4
f 641/2/4 642/2/4 643/2/4
f 643/2/4 642/2/4 644/2/4
f 647/2/5 646/2/5 645/2/5
f 648/2/5 646/2/5 647/2/5
f 666/1/5 650/1/5 649/1/5
f 667/1/5 650/1/5 666/1/5
f 668/1/5 652/1/5 651/1/5
f 669/1/5 652/1/5 668/1/5
f 670/1/5 654/1/5 653/1/5
f 671/1/5 654/1/5 670/1/5
f 672/1/5 656/1/5 655/1/5
f 673/1/5 656/1/5 672/1/5
f 674/1/5 658/1/5 657/1/5
f 675/1/5 658/1/5 674/1/5
f 676/1/5 660/1/5 659/1/5
f 677/1/5 660/1/5 676/1/5
f 678/1/5 662/1/5 661/1/5
f 679/1/5 662/1/5 678/1/5
f 680/1/5 664/1/5 663/1/5
f 681/1/5 664/1/5 680/1/5
f 683/1/5 666/1/5 665/1/5
f 684/1/5 666/1/5 683/1/5
f 685/1/5 682/1/5 681/1/5
f 686/1/5 682/1/5 685/1/5
f 704/1/5 688/1/5 687/1/5
f 705/1/5 688/1/5 704/1/5
f 706/1/5 690/1/5 689/1/5
f 707/1/5 690/1/5 706/1/5
f 708/1/5 692/1/5 691/1/5
f 709/1/5 692/1/5 708/1/5
f 710/1/5 694/1/5 693/1/5
f 711/1/5 694/1/5 710/1/5
f 712/1/5 696/1/5 695/1/5
f 713/1/5 696/1/5 712/1/5
f 714/1/5 698/1/5 697/1/5
f 715/1/5 698/1/5 714/1/5
f 716/1/5 700/1/5 699/1/5
f 717/1/5 700/1/5 716/1/5
f 718/1/5 702/1/5 701/1/5
f 719/1/5 702/1/5 718/1/5
f 721/1/5 704/1/5 703/1/5
f 722/1/5 704/1/5 721/1/5
f 723/1/5 720/1/5 719/1/5
f 724/1/5 720/1/5 723/1/5
f 725/2/6 726/2/6 731/2/6
f 731/2/6 726/2/6 732/2/6
f 732/2/6 726/2/6 733/2/6
f 733/2/6 726/2/6 734/2/6
f 734/2/6 726/2/6 735/2/6
f 735/2/6 726/2/6 736/2/6
f 736/2/6 726/2/6 737/2/6
f 737/2/6 726/2/6 738/2/6
f 738/2/6 726/2/6 739/2/6
f 739/2/6 726/2/6 740/2/6
f 740/2/6 726/2/6 741/2/6
f 741/2/6 726/2/6 742/2/6
f 728/3/6 729/3/6 743/3/6
f 743/3/6 729/3/6 744/3/6
f 729/2/6 730/2/6 745/2/6
f 745/2/6 730/2/6 746/2/6
f 746/2/6 730/2/6 747/2/6
f 747/2/6 730/2/6 748/2/6
f 748/2/6 730/2/6 749/2/6
f 749/2/6 730/2/6 750/2/6
f 750/2/6 730/2/6 751/2/6
f 751/2/6 730/2/6 752/2/6
f 752/2/6 730/2/6 753/2/6
f 753/2/6 730/2/6 754/2/6
f 754/2/6 730/2/6 755/2/6
f 755/2/6 730/2/6 756/2/6
f 736/2/6 737/2/6 757/2/6
f 757/2/6 737/2/6 758/2/6
f 736/2/6 757/2/6 759/2/6
f 759/2/6 757/2/6 760/2/6
f 742/2/6 726/2/6 761/2/6
f 726/3/6 727/3/6 762/3/6
f 761/2/6 726/2/6 762/2/6
f 725/2/6 731/2/6 763/2/6
f 732/2/6 733/2/6 764/2/6
f 764/2/6 733/2/6 765/2/6
f 734/2/6 735/2/6 766/2/6
f 766/2/6 735/2/6 767/2/6
f 736/2/6 759/2/6 768/2/6
f 759/3/6 760/3/6 769/3/6
f 769/3/6 760/3/6 770/3/6
f 758/2/6 737/2/6 771/2/6
f 757/4/6 758/4/6 771/4/6
f 771/2/6 737/2/6 772/2/6
f 772/2/6 737/2/6 773/2/6
f 738/2/6 739/2/6 774/2/6
f 774/2/6 739/2/6 775/2/6
f 740/2/6 741/2/6 776/2/6
f 776/2/6 741/2/6 777/2/6
f 742/2/6 761/2/6 778/2/6
f 729/2/6 745/2/6 779/2/6
f 746/2/6 747/2/6 780/2/6
f 780/2/6 747/2/6 781/2/6
f 748/2/6 749/2/6 782/2/6
f 782/2/6 749/2/6 783/2/6
f 750/2/6 751/2/6 784/2/6
f 784/2/6 751/2/6 785/2/6
f 752/2/6 753/2/6 786/2/6
f 786/2/6 753/2/6 787/2/6
f 754/2/6 755/2/6 788/2/6
f 788/2/6 755/2/6 789/2/6
f 756/2/6 730/2/6 790/2/6
f 769/4/6 770/4/6 791/4/6
f 759/3/6 769/3/6 791/3/6
f 791/4/6 770/4/6 792/4/6
f 770/3/6 760/3/6 793/3/6
f 792/4/6 770/4/6 793/4/6
f 760/2/6 757/2/6 794/2/6
f 793/3/6 760/3/6 794/3/6
f 757/4/6 771/4/6 795/4/6
f 794/2/6 757/2/6 795/2/6
f 744/3/6 729/3/6 796/3/6
f 743/4/6 744/4/6 796/4/6
f 788/2/6 789/2/6 797/2/6
f 796/3/6 729/3/6 797/3/6
f 786/2/6 787/2/6 797/2/6
f 784/2/6 785/2/6 797/2/6
f 782/2/6 783/2/6 797/2/6
f 787/2/6 788/2/6 797/2/6
f 780/2/6 781/2/6 797/2/6
f 785/2/6 786/2/6 797/2/6
f 729/2/6 779/2/6 797/2/6
f 783/2/6 784/2/6 797/2/6
f 789/2/6 790/2/6 797/2/6
f 781/2/6 782/2/6 797/2/6
f 779/2/6 780/2/6 797/2/6
f 797/2/6 790/2/6 798/2/6
f 776/2/6 777/2/6 799/2/6
f 772/2/6 773/2/6 799/2/6
f 774/2/6 775/2/6 799/2/6
f 777/2/6 778/2/6 799/2/6
f 773/2/6 774/2/6 799/2/6
f 775/2/6 776/2/6 799/2/6
f 761/3/6 762/3/6 800/3/6
f 799/2/6 778/2/6 800/2/6
f 778/2/6 761/2/6 800/2/6
f 727/2/6 728/2/6 801/2/6
f 800/3/6 762/3/6 801/3/6
f 762/3/6 727/3/6 801/3/6
f 728/3/6 743/3/6 802/3/6
f 801/2/6 728/2/6 802/2/6
f 743/4/6 796/4/6 803/4/6
f 802/3/6 743/3/6 803/3/6
f 797/4/6 798/4/6 803/4/6
f 796/4/6 797/4/6 803/4/6
f 803/4/6 798/4/6 804/4/6
f 798/2/6 790/2/6 805/2/6
f 805/2/6 790/2/6 806/2/6
f 764/2/6 765/2/6 807/2/6
f 766/2/6 767/2/6 807/2/6
f 767/2/6 768/2/6 807/2/6
f 763/2/6 764/2/6 807/2/6
f 765/2/6 766/2/6 807/2/6
f 768/2/6 759/2/6 808/2/6
f 807/2/6 768/2/6 808/2/6
f 759/3/6 791/3/6 809/3/6
f 808/2/6 759/2/6 809/2/6
f 791/3/6 792/3/6 809/3/6
f 792/4/6 793/4/6 810/4/6
f 809/3/6 792/3/6 810/3/6
f 794/4/6 795/4/6 810/4/6
f 793/4/6 794/4/6 810/4/6
f 810/4/6 795/4/6 811/4/6
f 795/4/6 771/4/6 812/4/6
f 811/4/6 795/4/6 812/4/6
f 799/3/6 800/3/6 813/3/6
f 800/3/6 801/3/6 813/3/6
f 801/5/6 802/5/6 814/5/6
f 813/3/6 801/3/6 814/3/6
f 803/5/6 804/5/6 814/5/6
f 802/5/6 803/5/6 814/5/6
f 804/4/6 798/4/6 815/4/6
f 815/4/6 798/4/6 816/4/6
f 798/2/6 805/2/6 817/2/6
f 816/4/6 798/4/6 817/4/6
f 806/2/6 790/2/6 818/2/6
f 805/3/6 806/3/6 818/3/6
f 818/2/6 790/2/6 819/2/6
f 807/3/6 808/3/6 820/3/6
f 763/2/6 807/2/6 820/2/6
f 810/2/6 811/2/6 821/2/6
f 820/3/6 808/3/6 821/3/6
f 808/2/6 809/2/6 821/2/6
f 809/2/6 810/2/6 821/2/6
f 821/2/6 811/2/6 822/2/6
f 811/3/6 812/3/6 823/3/6
f 822/2/6 811/2/6 823/2/6
f 823/3/6 812/3/6 824/3/6
f 771/3/6 772/3/6 825/3/6
f 772/2/6 799/2/6 826/2/6
f 825/3/6 772/3/6 826/3/6
f 805/3/6 818/3/6 827/3/6
f 818/3/6 819/3/6 827/3/6
f 827/3/6 819/3/6 828/3/6
f 819/2/6 790/2/6 829/2/6
f 829/2/6 790/2/6 830/2/6
f 763/2/6 820/2/6 831/2/6
f 821/2/6 822/2/6 831/2/6
f 820/2/6 821/2/6 831/2/6
f 822/4/6 823/4/6 832/4/6
f 831/2/6 822/2/6 832/2/6
f 823/4/6 824/4/6 832/4/6
f 824/3/6 812/3/6 833/3/6
f 832/4/6 824/4/6 833/4/6
f 812/4/6 771/4/6 834/4/6
f 833/3/6 812/3/6 834/3/6
f 834/4/6 771/4/6 835/4/6
f 826/2/6 799/2/6 836/2/6
f 799/3/6 813/3/6 836/3/6
f 825/2/6 826/2/6 836/2/6
f 836/3/6 813/3/6 837/3/6
f 804/4/6 815/4/6 838/4/6
f 815/3/6 816/3/6 839/3/6
f 838/4/6 815/4/6 839/4/6
f 816/2/6 817/2/6 840/2/6
f 839/3/6 816/3/6 840/3/6
f 828/3/6 819/3/6 841/3/6
f 819/2/6 829/2/6 841/2/6
f 829/3/6 830/3/6 842/3/6
f 841/2/6 829/2/6 842/2/6
f 832/4/6 833/4/6 843/4/6
f 834/5/6 835/5/6 844/5/6
f 843/4/6 833/4/6 844/4/6
f 833/5/6 834/5/6 844/5/6
f 837/3/6 813/3/6 845/3/6
f 845/3/6 813/3/6 846/3/6
f 846/3/6 813/3/6 847/3/6
f 813/4/6 814/4/6 848/4/6
f 847/3/6 813/3/6 848/3/6
f 725/2/6 763/2/6 849/2/6
f 763/2/6 831/2/6 849/2/6
f 849/2/6 831/2/6 850/2/6
f 771/3/6 825/3/6 851/3/6
f 825/2/6 836/2/6 851/2/6
f 836/2/6 837/2/6 851/2/6
f 851/2/6 837/2/6 852/2/6
f 852/2/6 837/2/6 853/2/6
f 837/3/6 845/3/6 854/3/6
f 853/2/6 837/2/6 854/2/6
f 854/3/6 845/3/6 855/3/6
f 845/4/6 846/4/6 856/4/6
f 855/3/6 845/3/6 856/3/6
f 840/2/6 817/2/6 857/2/6
f 817/2/6 805/2/6 857/2/6
f 838/2/6 839/2/6 857/2/6
f 839/2/6 840/2/6 857/2/6
f 857/2/6 805/2/6 858/2/6
f 858/2/6 805/2/6 859/2/6
f 805/3/6 827/3/6 860/3/6
f 859/2/6 805/2/6 860/2/6
f 860/3/6 827/3/6 861/3/6
f 827/4/6 828/4/6 862/4/6
f 861/3/6 827/3/6 862/3/6
f 828/3/6 841/3/6 863/3/6
f 862/4/6 828/4/6 863/4/6
f 841/3/6 842/3/6 863/3/6
f 863/3/6 842/3/6 864/3/6
f 830/2/6 790/2/6 865/2/6
f 864/3/6 842/3/6 865/3/6
f 842/3/6 830/3/6 865/3/6
f 865/2/6 790/2/6 866/2/6
f 866/2/6 790/2/6 867/2/6
f 790/2/6 730/2/6 868/2/6
f 867/2/6 790/2/6 868/2/6
f 835/4/6 771/4/6 869/4/6
f 851/3/6 852/3/6 870/3/6
f 869/4/6 771/4/6 870/4/6
f 771/3/6 851/3/6 870/3/6
f 852/2/6 853/2/6 871/2/6
f 853/3/6 854/3/6 872/3/6
f 871/2/6 853/2/6 872/2/6
f 854/3/6 855/3/6 872/3/6
f 856/4/6 846/4/6 873/4/6
f 855/4/6 856/4/6 873/4/6
f 873/4/6 846/4/6 874/4/6
f 846/5/6 847/5/6 875/5/6
f 874/4/6 846/4/6 875/4/6
f 847/4/6 848/4/6 876/4/6
f 875/5/6 847/5/6 876/5/6
f 814/5/6 804/5/6 877/5/6
f 876/4/6 848/4/6 877/4/6
f 848/4/6 814/4/6 877/4/6
f 804/4/6 838/4/6 878/4/6
f 877/5/6 804/5/6 878/5/6
f 838/2/6 857/2/6 879/2/6
f 857/3/6 858/3/6 880/3/6
f 879/2/6 857/2/6 880/2/6
f 858/2/6 859/2/6 881/2/6
f 880/3/6 858/3/6 881/3/6
f 881/2/6 859/2/6 882/2/6
f 863/4/6 864/4/6 883/4/6
f 862/4/6 863/4/6 883/4/6
f 861/4/6 862/4/6 883/4/6
f 865/3/6 866/3/6 883/3/6
f 864/3/6 865/3/6 883/3/6
f 883/3/6 866/3/6 884/3/6
f 884/3/6 866/3/6 885/3/6
f 885/3/6 866/3/6 886/3/6
f 866/2/6 867/2/6 887/2/6
f 886/3/6 866/3/6 887/3/6
f 887/2/6 867/2/6 888/2/6
f 871/3/6 872/3/6 889/3/6
f 852/2/6 871/2/6 889/2/6
f 872/3/6 855/3/6 890/3/6
f 889/3/6 872/3/6 890/3/6
f 890/3/6 855/3/6 891/3/6
f 855/4/6 873/4/6 892/4/6
f 891/3/6 855/3/6 892/3/6
f 875/4/6 876/4/6 893/4/6
f 876/4/6 877/4/6 893/4/6
f 874/4/6 875/4/6 893/4/6
f 877/4/6 878/4/6 893/4/6
f 893/4/6 878/4/6 894/4/6
f 894/4/6 878/4/6 895/4/6
f 838/2/6 879/2/6 896/2/6
f 895/4/6 878/4/6 896/4/6
f 878/4/6 838/4/6 896/4/6
f 881/3/6 882/3/6 897/3/6
f 896/2/6 879/2/6 897/2/6
f 880/3/6 881/3/6 897/3/6
f 879/3/6 880/3/6 897/3/6
f 882/2/6 859/2/6 898/2/6
f 859/3/6 860/3/6 899/3/6
f 898/2/6 859/2/6 899/2/6
f 860/3/6 861/3/6 899/3/6
f 861/4/6 883/4/6 900/4/6
f 883/4/6 884/4/6 900/4/6
f 900/4/6 884/4/6 901/4/6
f 725/2/6 849/2/6 902/2/6
f 850/2/6 831/2/6 903/2/6
f 903/2/6 831/2/6 904/2/6
f 831/3/6 832/3/6 905/3/6
f 904/2/6 831/2/6 905/2/6
f 905/3/6 832/3/6 906/3/6
f 906/3/6 832/3/6 907/3/6
f 832/4/6 843/4/6 908/4/6
f 843/5/6 844/5/6 909/5/6
f 908/4/6 843/4/6 909/4/6
f 835/4/6 869/4/6 910/4/6
f 869/3/6 870/3/6 910/3/6
f 910/3/6 870/3/6 911/3/6
f 892/4/6 873/4/6 912/4/6
f 891/4/6 892/4/6 912/4/6
f 873/5/6 874/5/6 913/5/6
f 912/4/6 873/4/6 913/4/6
f 874/4/6 893/4/6 914/4/6
f 913/5/6 874/5/6 914/5/6
f 914/4/6 893/4/6 915/4/6
f 882/2/6 898/2/6 916/2/6
f 916/2/6 898/2/6 917/2/6
f 917/2/6 898/2/6 918/2/6
f 898/3/6 899/3/6 919/3/6
f 918/2/6 898/2/6 919/2/6
f 899/3/6 861/3/6 920/3/6
f 919/3/6 899/3/6 920/3/6
f 861/4/6 900/4/6 921/4/6
f 920/3/6 861/3/6 921/3/6
f 884/3/6 885/3/6 922/3/6
f 901/4/6 884/4/6 922/4/6
f 885/4/6 886/4/6 923/4/6
f 922/3/6 885/3/6 923/3/6
f 923/4/6 886/4/6 924/4/6
f 887/3/6 888/3/6 925/3/6
f 924/4/6 886/4/6 925/4/6
f 886/3/6 887/3/6 925/3/6
f 888/2/6 867/2/6 926/2/6
f 925/3/6 888/3/6 926/3/6
f 926/2/6 867/2/6 927/2/6
f 927/2/6 867/2/6 928/2/6
f 868/2/6 730/2/6 929/2/6
f 852/2/6 889/2/6 930/2/6
f 889/2/6 890/2/6 930/2/6
f 890/3/6 891/3/6 931/3/6
f 930/2/6 890/2/6 931/2/6
f 912/5/6 913/5/6 932/5/6
f 915/4/6 893/4/6 932/4/6
f 913/5/6 914/5/6 932/5/6
f 914/5/6 915/5/6 932/5/6
f 932/4/6 893/4/6 933/4/6
f 882/2/6 916/2/6 934/2/6
f 916/3/6 917/3/6 934/3/6
f 917/2/6 918/2/6 935/2/6
f 934/3/6 917/3/6 935/3/6
f 918/3/6 919/3/6 936/3/6
f 935/2/6 918/2/6 936/2/6
f 919/3/6 920/3/6 936/3/6
f 936/3/6 920/3/6 937/3/6
f 921/4/6 900/4/6 938/4/6
f 920/4/6 921/4/6 938/4/6
f 938/4/6 900/4/6 939/4/6
f 939/4/6 900/4/6 940/4/6
f 900/5/6 901/5/6 941/5/6
f 940/4/6 900/4/6 941/4/6
f 901/4/6 922/4/6 942/4/6
f 941/5/6 901/5/6 942/5/6
f 923/4/6 924/4/6 942/4/6
f 922/4/6 923/4/6 942/4/6
f 942/4/6 924/4/6 943/4/6
f 924/3/6 925/3/6 944/3/6
f 943/4/6 924/4/6 944/4/6
f 926/3/6 927/3/6 944/3/6
f 925/3/6 926/3/6 944/3/6
f 944/3/6 927/3/6 945/3/6
f 907/3/6 832/3/6 946/3/6
f 906/4/6 907/4/6 946/4/6
f 946/3/6 832/3/6 947/3/6
f 908/5/6 909/5/6 948/5/6
f 909/5/6 844/5/6 949/5/6
f 948/5/6 909/5/6 949/5/6
f 931/3/6 891/3/6 950/3/6
f 930/3/6 931/3/6 950/3/6
f 891/4/6 912/4/6 951/4/6
f 950/3/6 891/3/6 951/3/6
f 893/3/6 894/3/6 952/3/6
f 933/4/6 893/4/6 952/4/6
f 894/2/6 895/2/6 953/2/6
f 952/3/6 894/3/6 953/3/6
f 953/2/6 895/2/6 954/2/6
f 895/3/6 896/3/6 955/3/6
f 954/2/6 895/2/6 955/2/6
f 896/3/6 897/3/6 955/3/6
f 897/3/6 882/3/6 956/3/6
f 955/3/6 897/3/6 956/3/6
f 956/3/6 882/3/6 957/3/6
f 936/2/6 937/2/6 958/2/6
f 934/2/6 935/2/6 958/2/6
f 882/2/6 934/2/6 958/2/6
f 935/2/6 936/2/6 958/2/6
f 958/2/6 937/2/6 959/2/6
f 959/2/6 937/2/6 960/2/6
f 937/3/6 920/3/6 961/3/6
f 960/2/6 937/2/6 961/2/6
f 938/5/6 939/5/6 962/5/6
f 920/4/6 938/4/6 962/4/6
f 939/4/6 940/4/6 963/4/6
f 962/5/6 939/5/6 963/5/6
f 942/5/6 943/5/6 964/5/6
f 940/5/6 941/5/6 964/5/6
f 944/4/6 945/4/6 964/4/6
f 941/5/6 942/5/6 964/5/6
f 943/4/6 944/4/6 964/4/6
f 945/3/6 927/3/6 965/3/6
f 964/4/6 945/4/6 965/4/6
f 965/3/6 927/3/6 966/3/6
f 927/2/6 928/2/6 967/2/6
f 966/3/6 927/3/6 967/3/6
f 928/2/6 929/2/6 967/2/6
f 967/2/6 929/2/6 968/2/6
f 911/3/6 870/3/6 969/3/6
f 870/3/6 852/3/6 969/3/6
f 852/2/6 930/2/6 970/2/6
f 969/3/6 852/3/6 970/3/6
f 951/4/6 912/4/6 971/4/6
f 950/4/6 951/4/6 971/4/6
f 971/4/6 912/4/6 972/4/6
f 912/5/6 932/5/6 973/5/6
f 932/5/6 933/5/6 973/5/6
f 953/4/6 954/4/6 974/4/6
f 973/5/6 933/5/6 974/5/6
f 952/4/6 953/4/6 974/4/6
f 933/4/6 952/4/6 974/4/6
f 954/3/6 955/3/6 975/3/6
f 955/3/6 956/3/6 975/3/6
f 956/4/6 957/4/6 976/4/6
f 975/3/6 956/3/6 976/3/6
f 882/2/6 958/2/6 977/2/6
f 958/3/6 959/3/6 978/3/6
f 977/2/6 958/2/6 978/2/6
f 961/3/6 920/3/6 979/3/6
f 960/3/6 961/3/6 979/3/6
f 979/3/6 920/3/6 980/3/6
f 962/4/6 963/4/6 981/4/6
f 963/4/6 940/4/6 982/4/6
f 981/4/6 963/4/6 982/4/6
f 965/5/6 966/5/6 983/5/6
f 964/5/6 965/5/6 983/5/6
f 967/3/6 968/3/6 983/3/6
f 966/3/6 967/3/6 983/3/6
f 983/3/6 968/3/6 984/3/6
f 948/4/6 949/4/6 985/4/6
f 908/5/6 948/5/6 985/5/6
f 949/5/6 844/5/6 986/5/6
f 985/4/6 949/4/6 986/4/6
f 911/3/6 969/3/6 987/3/6
f 910/4/6 911/4/6 987/4/6
f 969/2/6 970/2/6 988/2/6
f 987/3/6 969/3/6 988/3/6
f 959/2/6 960/2/6 989/2/6
f 960/3/6 979/3/6 990/3/6
f 989/2/6 960/2/6 990/2/6
f 979/2/6 980/2/6 991/2/6
f 990/3/6 979/3/6 991/3/6
f 980/3/6 920/3/6 992/3/6
f 991/2/6 980/2/6 992/2/6
f 962/4/6 981/4/6 993/4/6
f 981/5/6 982/5/6 994/5/6
f 993/4/6 981/4/6 994/4/6
f 982/4/6 940/4/6 995/4/6
f 994/5/6 982/5/6 995/5/6
f 940/5/6 964/5/6 996/5/6
f 995/4/6 940/4/6 996/4/6
f 964/5/6 983/5/6 996/5/6
f 947/3/6 832/3/6 997/3/6
f 946/4/6 947/4/6 997/4/6
f 832/4/6 908/4/6 998/4/6
f 997/3/6 832/3/6 998/3/6
f 986/5/6 844/5/6 999/5/6
f 985/5/6 986/5/6 999/5/6
f 844/5/6 835/5/6 1000/5/6
f 999/5/6 844/5/6 1000/5/6
f 910/4/6 987/4/6 1001/4/6
f 987/2/6 988/2/6 1001/2/6
f 1001/2/6 988/2/6 1002/2/6
f 972/4/6 912/4/6 1003/4/6
f 1003/4/6 912/4/6 1004/4/6
f 954/3/6 975/3/6 1005/3/6
f 975/2/6 976/2/6 1006/2/6
f 1005/3/6 975/3/6 1006/3/6
f 976/4/6 957/4/6 1007/4/6
f 1006/2/6 976/2/6 1007/2/6
f 990/3/6 991/3/6 1008/3/6
f 989/3/6 990/3/6 1008/3/6
f 959/2/6 989/2/6 1008/2/6
f 991/3/6 992/3/6 1008/3/6
f 1008/3/6 992/3/6 1009/3/6
f 1009/3/6 992/3/6 1010/3/6
f 992/3/6 920/3/6 1011/3/6
f 1010/3/6 992/3/6 1011/3/6
f 1011/3/6 920/3/6 1012/3/6
f 962/4/6 993/4/6 1013/4/6
f 1012/3/6 920/3/6 1013/3/6
f 920/4/6 962/4/6 1013/4/6
f 903/2/6 904/2/6 1014/2/6
f 902/2/6 903/2/6 1014/2/6
f 904/3/6 905/3/6 1015/3/6
f 1014/2/6 904/2/6 1015/2/6
f 905/3/6 906/3/6 1015/3/6
f 985/5/6 999/5/6 1016/5/6
f 999/4/6 1000/4/6 1016/4/6
f 1000/5/6 835/5/6 1017/5/6
f 1016/4/6 1000/4/6 1017/4/6
f 835/4/6 910/4/6 1018/4/6
f 1017/5/6 835/5/6 1018/5/6
f 910/4/6 1001/4/6 1018/4/6
f 1001/3/6 1002/3/6 1019/3/6
f 1018/4/6 1001/4/6 1019/4/6
f 973/4/6 974/4/6 1020/4/6
f 974/4/6 954/4/6 1021/4/6
f 1020/4/6 974/4/6 1021/4/6
f 954/3/6 1005/3/6 1021/3/6
f 1009/3/6 1010/3/6 1022/3/6
f 1010/2/6 1011/2/6 1022/2/6
f 1011/3/6 1012/3/6 1023/3/6
f 1022/2/6 1011/2/6 1023/2/6
f 1012/4/6 1013/4/6 1024/4/6
f 1023/3/6 1012/3/6 1024/3/6
f 930/3/6 950/3/6 1025/3/6
f 988/2/6 970/2/6 1025/2/6
f 970/2/6 930/2/6 1025/2/6
f 1002/2/6 988/2/6 1025/2/6
f 1025/3/6 950/3/6 1026/3/6
f 950/4/6 971/4/6 1027/4/6
f 1026/3/6 950/3/6 1027/3/6
f 971/3/6 972/3/6 1028/3/6
f 1027/4/6 971/4/6 1028/4/6
f 1021/3/6 1005/3/6 1029/3/6
f 1006/4/6 1007/4/6 1029/4/6
f 1020/3/6 1021/3/6 1029/3/6
f 1005/4/6 1006/4/6 1029/4/6
f 1029/4/6 1007/4/6 1030/4/6
f 1007/4/6 957/4/6 1031/4/6
f 1030/4/6 1007/4/6 1031/4/6
f 957/3/6 882/3/6 1032/3/6
f 1031/4/6 957/4/6 1032/4/6
f 1032/3/6 882/3/6 1033/3/6
f 882/2/6 977/2/6 1034/2/6
f 1033/3/6 882/3/6 1034/3/6
f 1034/2/6 977/2/6 1035/2/6
f 978/3/6 959/3/6 1036/3/6
f 977/3/6 978/3/6 1036/3/6
f 959/2/6 1008/2/6 1036/2/6
f 1008/2/6 1009/2/6 1036/2/6
f 1036/2/6 1009/2/6 1037/2/6
f 993/5/6 994/5/6 1038/5/6
f 994/5/6 995/5/6 1038/5/6
f 983/4/6 984/4/6 1038/4/6
f 996/5/6 983/5/6 1038/5/6
f 995/5/6 996/5/6 1038/5/6
f 1038/4/6 984/4/6 1039/4/6
f 984/3/6 968/3/6 1040/3/6
f 1039/4/6 984/4/6 1040/4/6
f 1040/3/6 968/3/6 1041/3/6
f 968/2/6 929/2/6 1042/2/6
f 1041/3/6 968/3/6 1042/3/6
f 1042/2/6 929/2/6 1043/2/6
f 1015/3/6 906/3/6 1044/3/6
f 1014/3/6 1015/3/6 1044/3/6
f 997/4/6 998/4/6 1045/4/6
f 1044/3/6 906/3/6 1045/3/6
f 946/4/6 997/4/6 1045/4/6
f 906/4/6 946/4/6 1045/4/6
f 998/4/6 908/4/6 1046/4/6
f 1045/4/6 998/4/6 1046/4/6
f 908/5/6 985/5/6 1046/5/6
f 1017/5/6 1018/5/6 1046/5/6
f 1016/5/6 1017/5/6 1046/5/6
f 985/5/6 1016/5/6 1046/5/6
f 1046/5/6 1018/5/6 1047/5/6
f 1018/3/6 1019/3/6 1048/3/6
f 1047/5/6 1018/5/6 1048/5/6
f 1025/2/6 1026/2/6 1049/2/6
f 1048/3/6 1019/3/6 1049/3/6
f 1019/3/6 1002/3/6 1049/3/6
f 1002/2/6 1025/2/6 1049/2/6
f 1049/2/6 1026/2/6 1050/2/6
f 1028/3/6 972/3/6 1051/3/6
f 1027/3/6 1028/3/6 1051/3/6
f 1026/3/6 1027/3/6 1051/3/6
f 972/4/6 1003/4/6 1052/4/6
f 1051/3/6 972/3/6 1052/3/6
f 973/4/6 1020/4/6 1053/4/6
f 1029/3/6 1030/3/6 1053/3/6
f 1020/3/6 1029/3/6 1053/3/6
f 1053/3/6 1030/3/6 1054/3/6
f 1030/2/6 1031/2/6 1055/2/6
f 1031/4/6 1032/4/6 1055/4/6
f 1055/4/6 1032/4/6 1056/4/6
f 1037/2/6 1009/2/6 1057/2/6
f 1036/3/6 1037/3/6 1057/3/6
f 1009/3/6 1022/3/6 1058/3/6
f 1057/2/6 1009/2/6 1058/2/6
f 993/5/6 1038/5/6 1059/5/6
f 1013/4/6 993/4/6 1059/4/6
f 1038/5/6 1039/5/6 1059/5/6
f 1024/4/6 1013/4/6 1059/4/6
f 1023/4/6 1024/4/6 1059/4/6
f 1022/4/6 1023/4/6 1059/4/6
f 1059/5/6 1039/5/6 1060/5/6
f 1040/4/6 1041/4/6 1061/4/6
f 1042/3/6 1043/3/6 1061/3/6
f 1041/3/6 1042/3/6 1061/3/6
f 1039/4/6 1040/4/6 1061/4/6
f 1061/3/6 1043/3/6 1062/3/6
f 1044/4/6 1045/4/6 1063/4/6
f 1046/4/6 1047/4/6 1063/4/6
f 1045/4/6 1046/4/6 1063/4/6
f 1047/5/6 1048/5/6 1064/5/6
f 1063/4/6 1047/4/6 1064/4/6
f 1050/2/6 1026/2/6 1065/2/6
f 1049/4/6 1050/4/6 1065/4/6
f 1048/4/6 1049/4/6 1065/4/6
f 1065/2/6 1026/2/6 1066/2/6
f 1052/4/6 1003/4/6 1067/4/6
f 1051/4/6 1052/4/6 1067/4/6
f 1003/5/6 1004/5/6 1067/5/6
f 1004/4/6 912/4/6 1068/4/6
f 1067/5/6 1004/5/6 1068/5/6
f 912/5/6 973/5/6 1069/5/6
f 1068/4/6 912/4/6 1069/4/6
f 1069/5/6 973/5/6 1070/5/6
f 1070/5/6 973/5/6 1071/5/6
f 973/4/6 1053/4/6 1072/4/6
f 1071/5/6 973/5/6 1072/5/6
f 1053/4/6 1054/4/6 1072/4/6
f 1054/3/6 1030/3/6 1073/3/6
f 1072/4/6 1054/4/6 1073/4/6
f 1073/3/6 1030/3/6 1074/3/6
f 1074/3/6 1030/3/6 1075/3/6
f 1075/3/6 1030/3/6 1076/3/6
f 1058/3/6 1022/3/6 1077/3/6
f 1057/3/6 1058/3/6 1077/3/6
f 1077/3/6 1022/3/6 1078/3/6
f 1062/3/6 1043/3/6 1079/3/6
f 1043/2/6 929/2/6 1079/2/6
f 1079/2/6 929/2/6 1080/2/6
f 1044/4/6 1063/4/6 1081/4/6
f 1063/5/6 1064/5/6 1082/5/6
f 1081/4/6 1063/4/6 1082/4/6
f 1071/4/6 1072/4/6 1083/4/6
f 1072/4/6 1073/4/6 1083/4/6
f 1073/4/6 1074/4/6 1083/4/6
f 1074/3/6 1075/3/6 1084/3/6
f 1083/4/6 1074/4/6 1084/4/6
f 1075/4/6 1076/4/6 1085/4/6
f 1084/3/6 1075/3/6 1085/3/6
f 1076/3/6 1030/3/6 1086/3/6
f 1085/4/6 1076/4/6 1086/4/6
f 1030/2/6 1055/2/6 1087/2/6
f 1086/3/6 1030/3/6 1087/3/6
f 1055/3/6 1056/3/6 1088/3/6
f 1087/2/6 1055/2/6 1088/2/6
f 1056/4/6 1032/4/6 1089/4/6
f 1032/5/6 1033/5/6 1090/5/6
f 1089/4/6 1032/4/6 1090/4/6
f 1034/4/6 1035/4/6 1091/4/6
f 1090/5/6 1033/5/6 1091/5/6
f 1033/4/6 1034/4/6 1091/4/6
f 1091/4/6 1035/4/6 1092/4/6
f 1077/2/6 1078/2/6 1093/2/6
f 1057/3/6 1077/3/6 1093/3/6
f 1078/3/6 1022/3/6 1094/3/6
f 1093/2/6 1078/2/6 1094/2/6
f 1060/5/6 1039/5/6 1095/5/6
f 1059/4/6 1060/4/6 1095/4/6
f 1095/5/6 1039/5/6 1096/5/6
f 1064/5/6 1048/5/6 1097/5/6
f 1082/5/6 1064/5/6 1097/5/6
f 1081/5/6 1082/5/6 1097/5/6
f 1097/5/6 1048/5/6 1098/5/6
f 1067/4/6 1068/4/6 1099/4/6
f 1070/5/6 1071/5/6 1099/5/6
f 1069/4/6 1070/4/6 1099/4/6
f 1068/4/6 1069/4/6 1099/4/6
f 1071/4/6 1083/4/6 1100/4/6
f 1099/5/6 1071/5/6 1100/5/6
f 1057/3/6 1093/3/6 1101/3/6
f 1036/3/6 1057/3/6 1101/3/6
f 1035/2/6 977/2/6 1101/2/6
f 977/3/6 1036/3/6 1101/3/6
f 1093/3/6 1094/3/6 1101/3/6
f 1101/3/6 1094/3/6 1102/3/6
f 1096/5/6 1039/5/6 1103/5/6
f 1095/4/6 1096/4/6 1103/4/6
f 1103/5/6 1039/5/6 1104/5/6
f 1080/2/6 929/2/6 1105/2/6
f 1079/3/6 1080/3/6 1105/3/6
f 929/2/6 730/2/6 1106/2/6
f 1105/2/6 929/2/6 1106/2/6
f 902/2/6 1014/2/6 1107/2/6
f 1014/3/6 1044/3/6 1108/3/6
f 1107/2/6 1014/2/6 1108/2/6
f 1044/4/6 1081/4/6 1109/4/6
f 1081/5/6 1097/5/6 1110/5/6
f 1109/4/6 1081/4/6 1110/4/6
f 1086/3/6 1087/3/6 1111/3/6
f 1100/4/6 1083/4/6 1111/4/6
f 1099/4/6 1100/4/6 1111/4/6
f 1084/3/6 1085/3/6 1111/3/6
f 1083/3/6 1084/3/6 1111/3/6
f 1085/3/6 1086/3/6 1111/3/6
f 1087/3/6 1088/3/6 1111/3/6
f 1111/3/6 1088/3/6 1112/3/6
f 1094/3/6 1022/3/6 1113/3/6
f 1102/3/6 1094/3/6 1113/3/6
f 1095/4/6 1103/4/6 1113/4/6
f 1022/4/6 1059/4/6 1113/4/6
f 1059/4/6 1095/4/6 1113/4/6
f 1103/4/6 1104/4/6 1113/4/6
f 1113/4/6 1104/4/6 1114/4/6
f 1104/5/6 1039/5/6 1115/5/6
f 1115/5/6 1039/5/6 1116/5/6
f 1116/5/6 1039/5/6 1117/5/6
f 1117/5/6 1039/5/6 1118/5/6
f 1066/2/6 1026/2/6 1119/2/6
f 1026/3/6 1051/3/6 1119/3/6
f 1119/3/6 1051/3/6 1120/3/6
f 1111/4/6 1112/4/6 1121/4/6
f 1120/3/6 1051/3/6 1121/3/6
f 1099/4/6 1111/4/6 1121/4/6
f 1067/4/6 1099/4/6 1121/4/6
f 1051/4/6 1067/4/6 1121/4/6
f 1121/4/6 1112/4/6 1122/4/6
f 1122/4/6 1112/4/6 1123/4/6
f 1123/4/6 1112/4/6 1124/4/6
f 1112/3/6 1088/3/6 1125/3/6
f 1088/3/6 1056/3/6 1126/3/6
f 1125/3/6 1088/3/6 1126/3/6
f 1101/2/6 1102/2/6 1127/2/6
f 1102/3/6 1113/3/6 1127/3/6
f 1113/3/6 1114/3/6 1127/3/6
f 1127/3/6 1114/3/6 1128/3/6
f 902/2/6 1107/2/6 1129/2/6
f 1107/3/6 1108/3/6 1130/3/6
f 1129/2/6 1107/2/6 1130/2/6
f 1119/2/6 1120/2/6 1131/2/6
f 1065/3/6 1066/3/6 1131/3/6
f 1066/2/6 1119/2/6 1131/2/6
f 1131/2/6 1120/2/6 1132/2/6
f 1120/3/6 1121/3/6 1133/3/6
f 1121/3/6 1122/3/6 1133/3/6
f 1122/4/6 1123/4/6 1133/4/6
f 1123/3/6 1124/3/6 1134/3/6
f 1133/4/6 1123/4/6 1134/4/6
f 1125/2/6 1126/2/6 1135/2/6
f 1126/3/6 1056/3/6 1136/3/6
f 1135/2/6 1126/2/6 1136/2/6
f 1091/5/6 1092/5/6 1137/5/6
f 1089/5/6 1090/5/6 1137/5/6
f 1090/5/6 1091/5/6 1137/5/6
f 1056/4/6 1089/4/6 1137/4/6
f 1137/5/6 1092/5/6 1138/5/6
f 1138/5/6 1092/5/6 1139/5/6
f 1092/4/6 1035/4/6 1140/4/6
f 1139/5/6 1092/5/6 1140/5/6
f 1127/2/6 1128/2/6 1141/2/6
f 1128/3/6 1114/3/6 1141/3/6
f 1141/3/6 1114/3/6 1142/3/6
f 1114/4/6 1104/4/6 1143/4/6
f 1142/3/6 1114/3/6 1143/3/6
f 1143/4/6 1104/4/6 1144/4/6
f 1061/4/6 1062/4/6 1145/4/6
f 1039/4/6 1061/4/6 1145/4/6
f 1105/3/6 1106/3/6 1146/3/6
f 1145/4/6 1062/4/6 1146/4/6
f 1062/3/6 1079/3/6 1146/3/6
f 1079/3/6 1105/3/6 1146/3/6
f 1130/3/6 1108/3/6 1147/3/6
f 1129/3/6 1130/3/6 1147/3/6
f 1108/3/6 1044/3/6 1147/3/6
f 1044/4/6 1109/4/6 1148/4/6
f 1147/3/6 1044/3/6 1148/3/6
f 1098/5/6 1048/5/6 1149/5/6
f 1097/4/6 1098/4/6 1149/4/6
f 1048/4/6 1065/4/6 1150/4/6
f 1149/5/6 1048/5/6 1150/5/6
f 1142/3/6 1143/3/6 1151/3/6
f 1141/2/6 1142/2/6 1151/2/6
f 1143/3/6 1144/3/6 1151/3/6
f 1151/3/6 1144/3/6 1152/3/6
f 1116/5/6 1117/5/6 1153/5/6
f 1117/4/6 1118/4/6 1153/4/6
f 1118/5/6 1039/5/6 1154/5/6
f 1153/4/6 1118/4/6 1154/4/6
f 1039/4/6 1145/4/6 1155/4/6
f 1145/3/6 1146/3/6 1156/3/6
f 1155/4/6 1145/4/6 1156/4/6
f 1146/3/6 1106/3/6 1157/3/6
f 1156/3/6 1146/3/6 1157/3/6
f 1133/3/6 1134/3/6 1158/3/6
f 1120/3/6 1133/3/6 1158/3/6
f 1134/3/6 1124/3/6 1159/3/6
f 1158/3/6 1134/3/6 1159/3/6
f 1125/2/6 1135/2/6 1160/2/6
f 1160/2/6 1135/2/6 1161/2/6
f 1161/2/6 1135/2/6 1162/2/6
f 1135/3/6 1136/3/6 1163/3/6
f 1162/2/6 1135/2/6 1163/2/6
f 1138/5/6 1139/5/6 1164/5/6
f 1137/4/6 1138/4/6 1164/4/6
f 1139/4/6 1140/4/6 1165/4/6
f 1164/5/6 1139/5/6 1165/5/6
f 1152/3/6 1144/3/6 1166/3/6
f 1144/4/6 1104/4/6 1166/4/6
f 1104/5/6 1115/5/6 1167/5/6
f 1166/4/6 1104/4/6 1167/4/6
f 1167/5/6 1115/5/6 1168/5/6
f 1168/5/6 1115/5/6 1169/5/6
f 1115/4/6 1116/4/6 1170/4/6
f 1169/5/6 1115/5/6 1170/5/6
f 1116/5/6 1153/5/6 1171/5/6
f 1170/4/6 1116/4/6 1171/4/6
f 1153/5/6 1154/5/6 1171/5/6
f 1154/5/6 1039/5/6 1172/5/6
f 1171/5/6 1154/5/6 1172/5/6
f 1039/4/6 1155/4/6 1173/4/6
f 1172/5/6 1039/5/6 1173/5/6
f 1129/3/6 1147/3/6 1174/3/6
f 1147/4/6 1148/4/6 1175/4/6
f 1174/3/6 1147/3/6 1175/3/6
f 1120/3/6 1158/3/6 1176/3/6
f 1132/2/6 1120/2/6 1176/2/6
f 1176/3/6 1158/3/6 1177/3/6
f 1169/5/6 1170/5/6 1178/5/6
f 1170/5/6 1171/5/6 1178/5/6
f 1171/5/6 1172/5/6 1178/5/6
f 1168/4/6 1169/4/6 1178/4/6
f 1178/5/6 1172/5/6 1179/5/6
f 1155/3/6 1156/3/6 1180/3/6
f 1172/4/6 1173/4/6 1180/4/6
f 1173/4/6 1155/4/6 1180/4/6
f 1156/4/6 1157/4/6 1181/4/6
f 1180/3/6 1156/3/6 1181/3/6
f 1110/5/6 1097/5/6 1182/5/6
f 1109/5/6 1110/5/6 1182/5/6
f 1149/4/6 1150/4/6 1183/4/6
f 1182/5/6 1097/5/6 1183/5/6
f 1097/4/6 1149/4/6 1183/4/6
f 1177/3/6 1158/3/6 1184/3/6
f 1176/2/6 1177/2/6 1184/2/6
f 1158/2/6 1159/2/6 1185/2/6
f 1184/3/6 1158/3/6 1185/3/6
f 1161/2/6 1162/2/6 1186/2/6
f 1162/3/6 1163/3/6 1186/3/6
f 1163/3/6 1136/3/6 1187/3/6
f 1186/3/6 1163/3/6 1187/3/6
f 1136/3/6 1056/3/6 1187/3/6
f 1151/2/6 1152/2/6 1188/2/6
f 1166/3/6 1167/3/6 1188/3/6
f 1152/3/6 1166/3/6 1188/3/6
f 1167/3/6 1168/3/6 1188/3/6
f 1188/3/6 1168/3/6 1189/3/6
f 1179/5/6 1172/5/6 1190/5/6
f 1178/4/6 1179/4/6 1190/4/6
f 1190/5/6 1172/5/6 1191/5/6
f 1185/2/6 1159/2/6 1192/2/6
f 1159/3/6 1124/3/6 1192/3/6
f 1184/2/6 1185/2/6 1192/2/6
f 1192/3/6 1124/3/6 1193/3/6
f 1160/3/6 1161/3/6 1194/3/6
f 1125/2/6 1160/2/6 1194/2/6
f 1161/2/6 1186/2/6 1195/2/6
f 1194/3/6 1161/3/6 1195/3/6
f 1186/2/6 1187/2/6 1195/2/6
f 1180/4/6 1181/4/6 1196/4/6
f 1191/5/6 1172/5/6 1196/5/6
f 1172/4/6 1180/4/6 1196/4/6
f 1196/4/6 1181/4/6 1197/4/6
f 1197/4/6 1181/4/6 1198/4/6
f 1181/4/6 1157/4/6 1199/4/6
f 1198/4/6 1181/4/6 1199/4/6
f 1157/3/6 1106/3/6 1199/3/6
f 1132/2/6 1176/2/6 1200/2/6
f 1184/2/6 1192/2/6 1200/2/6
f 1192/2/6 1193/2/6 1200/2/6
f 1131/3/6 1132/3/6 1200/3/6
f 1176/2/6 1184/2/6 1200/2/6
f 1200/2/6 1193/2/6 1201/2/6
f 1197/4/6 1198/4/6 1202/4/6
f 1198/3/6 1199/3/6 1202/3/6
f 1202/3/6 1199/3/6 1203/3/6
f 1148/4/6 1109/4/6 1204/4/6
f 1109/5/6 1182/5/6 1204/5/6
f 1175/4/6 1148/4/6 1204/4/6
f 1174/4/6 1175/4/6 1204/4/6
f 1204/5/6 1182/5/6 1205/5/6
f 1124/4/6 1112/4/6 1206/4/6
f 1193/3/6 1124/3/6 1206/3/6
f 1112/3/6 1125/3/6 1207/3/6
f 1206/4/6 1112/4/6 1207/4/6
f 1195/2/6 1187/2/6 1208/2/6
f 1194/2/6 1195/2/6 1208/2/6
f 1187/3/6 1056/3/6 1208/3/6
f 1137/4/6 1164/4/6 1209/4/6
f 1208/3/6 1056/3/6 1209/3/6
f 1164/4/6 1165/4/6 1209/4/6
f 1056/4/6 1137/4/6 1209/4/6
f 1209/4/6 1165/4/6 1210/4/6
f 1140/4/6 1035/4/6 1211/4/6
f 1210/4/6 1165/4/6 1211/4/6
f 1165/4/6 1140/4/6 1211/4/6
f 1035/2/6 1101/2/6 1212/2/6
f 1211/4/6 1035/4/6 1212/4/6
f 1127/2/6 1141/2/6 1212/2/6
f 1188/2/6 1189/2/6 1212/2/6
f 1141/2/6 1151/2/6 1212/2/6
f 1151/2/6 1188/2/6 1212/2/6
f 1101/2/6 1127/2/6 1212/2/6
f 1212/2/6 1189/2/6 1213/2/6
f 1213/2/6 1189/2/6 1214/2/6
f 1203/3/6 1199/3/6 1215/3/6
f 1202/4/6 1203/4/6 1215/4/6
f 1199/3/6 1106/3/6 1216/3/6
f 1215/3/6 1199/3/6 1216/3/6
f 1129/3/6 1174/3/6 1217/3/6
f 1204/4/6 1205/4/6 1217/4/6
f 1174/4/6 1204/4/6 1217/4/6
f 1217/4/6 1205/4/6 1218/4/6
f 1193/3/6 1206/3/6 1219/3/6
f 1201/2/6 1193/2/6 1219/2/6
f 1206/3/6 1207/3/6 1219/3/6
f 1207/3/6 1125/3/6 1220/3/6
f 1219/3/6 1207/3/6 1220/3/6
f 1209/2/6 1210/2/6 1220/2/6
f 1194/2/6 1208/2/6 1220/2/6
f 1125/2/6 1194/2/6 1220/2/6
f 1208/2/6 1209/2/6 1220/2/6
f 1217/3/6 1218/3/6 1221/3/6
f 902/2/6 1129/2/6 1221/2/6
f 1129/3/6 1217/3/6 1221/3/6
f 1218/4/6 1205/4/6 1222/4/6
f 1221/3/6 1218/3/6 1222/3/6
f 1205/5/6 1182/5/6 1223/5/6
f 1223/5/6 1182/5/6 1224/5/6
f 1182/4/6 1183/4/6 1225/4/6
f 1224/5/6 1182/5/6 1225/5/6
f 1201/2/6 1219/2/6 1226/2/6
f 1219/2/6 1220/2/6 1226/2/6
f 1200/3/6 1201/3/6 1226/3/6
f 1226/2/6 1220/2/6 1227/2/6
f 1211/4/6 1212/4/6 1228/4/6
f 1213/3/6 1214/3/6 1228/3/6
f 1212/4/6 1213/4/6 1228/4/6
f 1214/2/6 1189/2/6 1229/2/6
f 1228/3/6 1214/3/6 1229/3/6
f 902/2/6 1221/2/6 1230/2/6
f 1221/4/6 1222/4/6 1231/4/6
f 1230/2/6 1221/2/6 1231/2/6
f 1222/4/6 1205/4/6 1232/4/6
f 1231/4/6 1222/4/6 1232/4/6
f 1205/5/6 1223/5/6 1233/5/6
f 1232/4/6 1205/4/6 1233/4/6
f 1189/3/6 1168/3/6 1234/3/6
f 1168/4/6 1178/4/6 1234/4/6
f 1190/4/6 1191/4/6 1234/4/6
f 1178/4/6 1190/4/6 1234/4/6
f 1234/4/6 1191/4/6 1235/4/6
f 1196/5/6 1197/5/6 1236/5/6
f 1236/5/6 1197/5/6 1237/5/6
f 1227/2/6 1220/2/6 1238/2/6
f 1238/2/6 1220/2/6 1239/2/6
f 1211/4/6 1228/4/6 1240/4/6
f 1210/3/6 1211/3/6 1240/3/6
f 1228/4/6 1229/4/6 1240/4/6
f 1240/4/6 1229/4/6 1241/4/6
f 1196/5/6 1236/5/6 1242/5/6
f 1236/4/6 1237/4/6 1242/4/6
f 1237/5/6 1197/5/6 1243/5/6
f 1242/4/6 1237/4/6 1243/4/6
f 1202/4/6 1215/4/6 1244/4/6
f 1243/5/6 1197/5/6 1244/5/6
f 1215/4/6 1216/4/6 1244/4/6
f 1197/4/6 1202/4/6 1244/4/6
f 1244/4/6 1216/4/6 1245/4/6
f 1224/4/6 1225/4/6 1246/4/6
f 1246/4/6 1225/4/6 1247/4/6
f 1240/3/6 1241/3/6 1248/3/6
f 1241/4/6 1229/4/6 1248/4/6
f 1248/4/6 1229/4/6 1249/4/6
f 1249/4/6 1229/4/6 1250/4/6
f 1229/2/6 1189/2/6 1251/2/6
f 1250/4/6 1229/4/6 1251/4/6
f 1246/5/6 1247/5/6 1252/5/6
f 1224/4/6 1246/4/6 1252/4/6
f 1247/4/6 1225/4/6 1253/4/6
f 1252/5/6 1247/5/6 1253/5/6
f 1238/3/6 1239/3/6 1254/3/6
f 1239/2/6 1220/2/6 1255/2/6
f 1254/3/6 1239/3/6 1255/3/6
f 1220/2/6 1210/2/6 1256/2/6
f 1255/2/6 1220/2/6 1256/2/6
f 1210/3/6 1240/3/6 1256/3/6
f 1240/3/6 1248/3/6 1256/3/6
f 1248/3/6 1249/3/6 1256/3/6
f 1249/4/6 1250/4/6 1257/4/6
f 1256/3/6 1249/3/6 1257/3/6
f 1233/5/6 1223/5/6 1258/5/6
f 1232/5/6 1233/5/6 1258/5/6
f 1258/5/6 1223/5/6 1259/5/6
f 1223/3/6 1224/3/6 1260/3/6
f 1259/5/6 1223/5/6 1260/5/6
f 1131/3/6 1200/3/6 1261/3/6
f 1226/3/6 1227/3/6 1261/3/6
f 1200/3/6 1226/3/6 1261/3/6
f 1065/3/6 1131/3/6 1261/3/6
f 1261/3/6 1227/3/6 1262/3/6
f 1238/3/6 1254/3/6 1263/3/6
f 1255/2/6 1256/2/6 1263/2/6
f 1254/2/6 1255/2/6 1263/2/6
f 1256/2/6 1257/2/6 1263/2/6
f 1263/2/6 1257/2/6 1264/2/6
f 1264/2/6 1257/2/6 1265/2/6
f 1265/2/6 1257/2/6 1266/2/6
f 1257/4/6 1250/4/6 1267/4/6
f 1266/2/6 1257/2/6 1267/2/6
f 1250/3/6 1251/3/6 1268/3/6
f 1267/4/6 1250/4/6 1268/4/6
f 1251/2/6 1189/2/6 1269/2/6
f 1268/3/6 1251/3/6 1269/3/6
f 1245/4/6 1216/4/6 1270/4/6
f 1216/3/6 1106/3/6 1271/3/6
f 1270/4/6 1216/4/6 1271/4/6
f 1271/3/6 1106/3/6 1272/3/6
f 1272/3/6 1106/3/6 1273/3/6
f 1273/3/6 1106/3/6 1274/3/6
f 1274/3/6 1106/3/6 1275/3/6
f 1263/3/6 1264/3/6 1276/3/6
f 1264/2/6 1265/2/6 1276/2/6
f 1265/3/6 1266/3/6 1277/3/6
f 1276/2/6 1265/2/6 1277/2/6
f 1277/3/6 1266/3/6 1278/3/6
f 1266/2/6 1267/2/6 1279/2/6
f 1278/3/6 1266/3/6 1279/3/6
f 1267/2/6 1268/2/6 1279/2/6
f 1268/2/6 1269/2/6 1279/2/6
f 1231/4/6 1232/4/6 1280/4/6
f 1232/5/6 1258/5/6 1281/5/6
f 1280/4/6 1232/4/6 1281/4/6
f 1262/3/6 1227/3/6 1282/3/6
f 1261/4/6 1262/4/6 1282/4/6
f 1227/2/6 1238/2/6 1283/2/6
f 1282/3/6 1227/3/6 1283/3/6
f 1263/3/6 1276/3/6 1284/3/6
f 1283/2/6 1238/2/6 1284/2/6
f 1277/3/6 1278/3/6 1284/3/6
f 1276/3/6 1277/3/6 1284/3/6
f 1238/3/6 1263/3/6 1284/3/6
f 1279/2/6 1269/2/6 1285/2/6
f 1278/4/6 1279/4/6 1285/4/6
f 1269/2/6 1189/2/6 1286/2/6
f 1285/2/6 1269/2/6 1286/2/6
f 1189/3/6 1234/3/6 1287/3/6
f 1234/3/6 1235/3/6 1287/3/6
f 1287/3/6 1235/3/6 1288/3/6
f 902/2/6 1230/2/6 1289/2/6
f 1230/3/6 1231/3/6 1290/3/6
f 1289/2/6 1230/2/6 1290/2/6
f 1252/4/6 1253/4/6 1291/4/6
f 1224/4/6 1252/4/6 1291/4/6
f 1225/4/6 1183/4/6 1292/4/6
f 1291/4/6 1253/4/6 1292/4/6
f 1253/4/6 1225/4/6 1292/4/6
f 1280/5/6 1281/5/6 1293/5/6
f 1231/4/6 1280/4/6 1293/4/6
f 1281/5/6 1258/5/6 1294/5/6
f 1293/5/6 1281/5/6 1294/5/6
f 1183/4/6 1150/4/6 1295/4/6
f 1292/4/6 1183/4/6 1295/4/6
f 1150/4/6 1065/4/6 1295/4/6
f 1065/3/6 1261/3/6 1296/3/6
f 1295/4/6 1065/4/6 1296/4/6
f 1278/4/6 1285/4/6 1297/4/6
f 1284/3/6 1278/3/6 1297/3/6
f 1285/3/6 1286/3/6 1298/3/6
f 1297/4/6 1285/4/6 1298/4/6
f 1272/2/6 1273/2/6 1299/2/6
f 1271/3/6 1272/3/6 1299/3/6
f 1270/3/6 1271/3/6 1299/3/6
f 1273/3/6 1274/3/6 1300/3/6
f 1299/2/6 1273/2/6 1300/2/6
f 1300/3/6 1274/3/6 1301/3/6
f 1274/2/6 1275/2/6 1302/2/6
f 1301/3/6 1274/3/6 1302/3/6
f 1258/4/6 1259/4/6 1303/4/6
f 1259/3/6 1260/3/6 1303/3/6
f 1224/4/6 1291/4/6 1304/4/6
f 1303/3/6 1260/3/6 1304/3/6
f 1260/3/6 1224/3/6 1304/3/6
f 1282/4/6 1283/4/6 1305/4/6
f 1261/4/6 1282/4/6 1305/4/6
f 1283/4/6 1284/4/6 1305/4/6
f 1284/3/6 1297/3/6 1306/3/6
f 1305/4/6 1284/4/6 1306/4/6
f 1297/3/6 1298/3/6 1306/3/6
f 1306/3/6 1298/3/6 1307/3/6
f 1298/3/6 1286/3/6 1308/3/6
f 1307/3/6 1298/3/6 1308/3/6
f 1308/3/6 1286/3/6 1309/3/6
f 1307/3/6 1308/3/6 1310/3/6
f 1310/3/6 1308/3/6 1311/3/6
f 1308/4/6 1309/4/6 1312/4/6
f 1311/3/6 1308/3/6 1312/3/6
f 1309/3/6 1286/3/6 1313/3/6
f 1312/4/6 1309/4/6 1313/4/6
f 1294/5/6 1258/5/6 1314/5/6
f 1258/4/6 1303/4/6 1314/4/6
f 1303/4/6 1304/4/6 1314/4/6
f 1314/4/6 1304/4/6 1315/4/6
f 1242/5/6 1243/5/6 1316/5/6
f 1196/5/6 1242/5/6 1316/5/6
f 1244/5/6 1245/5/6 1316/5/6
f 1235/4/6 1191/4/6 1316/4/6
f 1191/5/6 1196/5/6 1316/5/6
f 1243/5/6 1244/5/6 1316/5/6
f 1316/5/6 1245/5/6 1317/5/6
f 1317/5/6 1245/5/6 1318/5/6
f 1245/4/6 1270/4/6 1319/4/6
f 1318/5/6 1245/5/6 1319/5/6
f 1319/4/6 1270/4/6 1320/4/6
f 1310/4/6 1311/4/6 1321/4/6
f 1312/3/6 1313/3/6 1322/3/6
f 1321/4/6 1311/4/6 1322/4/6
f 1311/3/6 1312/3/6 1322/3/6
f 1322/3/6 1313/3/6 1323/3/6
f 1323/3/6 1313/3/6 1324/3/6
f 1299/3/6 1300/3/6 1325/3/6
f 1270/3/6 1299/3/6 1325/3/6
f 1300/3/6 1301/3/6 1325/3/6
f 1301/2/6 1302/2/6 1326/2/6
f 1325/3/6 1301/3/6 1326/3/6
f 1290/3/6 1231/3/6 1327/3/6
f 1289/3/6 1290/3/6 1327/3/6
f 1231/4/6 1293/4/6 1328/4/6
f 1327/3/6 1231/3/6 1328/3/6
f 1293/4/6 1294/4/6 1328/4/6
f 1324/3/6 1313/3/6 1329/3/6
f 1323/4/6 1324/4/6 1329/4/6
f 1313/3/6 1286/3/6 1330/3/6
f 1329/3/6 1313/3/6 1330/3/6
f 1315/4/6 1304/4/6 1331/4/6
f 1304/4/6 1291/4/6 1332/4/6
f 1331/4/6 1304/4/6 1332/4/6
f 1291/5/6 1292/5/6 1333/5/6
f 1332/4/6 1291/4/6 1333/4/6
f 1333/5/6 1292/5/6 1334/5/6
f 1334/5/6 1292/5/6 1335/5/6
f 1292/4/6 1295/4/6 1336/4/6
f 1335/5/6 1292/5/6 1336/5/6
f 1307/3/6 1310/3/6 1337/3/6
f 1306/5/6 1307/5/6 1337/5/6
f 1305/5/6 1306/5/6 1337/5/6
f 1337/3/6 1310/3/6 1338/3/6
f 1189/3/6 1287/3/6 1339/3/6
f 1286/2/6 1189/2/6 1339/2/6
f 1287/2/6 1288/2/6 1340/2/6
f 1339/3/6 1287/3/6 1340/3/6
f 1328/4/6 1294/4/6 1341/4/6
f 1327/4/6 1328/4/6 1341/4/6
f 1314/5/6 1315/5/6 1342/5/6
f 1341/4/6 1294/4/6 1342/4/6
f 1294/5/6 1314/5/6 1342/5/6
f 1338/3/6 1310/3/6 1343/3/6
f 1337/4/6 1338/4/6 1343/4/6
f 1343/3/6 1310/3/6 1344/3/6
f 1330/3/6 1286/3/6 1345/3/6
f 1329/4/6 1330/4/6 1345/4/6
f 1286/2/6 1339/2/6 1346/2/6
f 1345/3/6 1286/3/6 1346/3/6
f 1339/2/6 1340/2/6 1346/2/6
f 1346/2/6 1340/2/6 1347/2/6
f 1320/4/6 1270/4/6 1348/4/6
f 1319/5/6 1320/5/6 1348/5/6
f 1348/4/6 1270/4/6 1349/4/6
f 902/2/6 1289/2/6 1350/2/6
f 1289/3/6 1327/3/6 1351/3/6
f 1350/2/6 1289/2/6 1351/2/6
f 1315/4/6 1331/4/6 1352/4/6
f 1331/3/6 1332/3/6 1352/3/6
f 1352/3/6 1332/3/6 1353/3/6
f 1334/5/6 1335/5/6 1354/5/6
f 1333/4/6 1334/4/6 1354/4/6
f 1332/4/6 1333/4/6 1354/4/6
f 1335/4/6 1336/4/6 1355/4/6
f 1354/5/6 1335/5/6 1355/5/6
f 1310/4/6 1321/4/6 1356/4/6
f 1344/3/6 1310/3/6 1356/3/6
f 1321/5/6 1322/5/6 1357/5/6
f 1356/4/6 1321/4/6 1357/4/6
f 1322/5/6 1323/5/6 1357/5/6
f 1323/4/6 1329/4/6 1358/4/6
f 1357/5/6 1323/5/6 1358/5/6
f 1329/4/6 1345/4/6 1358/4/6
f 1345/4/6 1346/4/6 1358/4/6
f 1358/4/6 1346/4/6 1359/4/6
f 1288/3/6 1235/3/6 1360/3/6
f 1235/4/6 1316/4/6 1360/4/6
f 1316/4/6 1317/4/6 1360/4/6
f 1360/4/6 1317/4/6 1361/4/6
f 1319/5/6 1348/5/6 1362/5/6
f 1348/3/6 1349/3/6 1362/3/6
f 1349/4/6 1270/4/6 1363/4/6
f 1362/3/6 1349/3/6 1363/3/6
f 1270/3/6 1325/3/6 1364/3/6
f 1363/4/6 1270/4/6 1364/4/6
f 1364/3/6 1325/3/6 1365/3/6
f 1353/3/6 1332/3/6 1366/3/6
f 1354/4/6 1355/4/6 1366/4/6
f 1332/4/6 1354/4/6 1366/4/6
f 1366/4/6 1355/4/6 1367/4/6
f 1355/4/6 1336/4/6 1368/4/6
f 1367/4/6 1355/4/6 1368/4/6
f 1336/4/6 1295/4/6 1368/4/6
f 1295/3/6 1296/3/6 1368/3/6
f 1368/3/6 1296/3/6 1369/3/6
f 1356/3/6 1357/3/6 1370/3/6
f 1358/5/6 1359/5/6 1370/5/6
f 1357/5/6 1358/5/6 1370/5/6
f 1370/5/6 1359/5/6 1371/5/6
f 1366/3/6 1367/3/6 1372/3/6
f 1368/4/6 1369/4/6 1373/4/6
f 1372/3/6 1367/3/6 1373/3/6
f 1367/4/6 1368/4/6 1373/4/6
f 1361/4/6 1317/4/6 1374/4/6
f 1317/5/6 1318/5/6 1374/5/6
f 1374/5/6 1318/5/6 1375/5/6
f 1351/3/6 1327/3/6 1376/3/6
f 1350/3/6 1351/3/6 1376/3/6
f 1327/4/6 1341/4/6 1377/4/6
f 1376/3/6 1327/3/6 1377/3/6
f 1369/3/6 1296/3/6 1378/3/6
f 1373/4/6 1369/4/6 1378/4/6
f 1372/4/6 1373/4/6 1378/4/6
f 1296/3/6 1261/3/6 1379/3/6
f 1378/3/6 1296/3/6 1379/3/6
f 1261/4/6 1305/4/6 1379/4/6
f 1356/3/6 1370/3/6 1380/3/6
f 1370/4/6 1371/4/6 1380/4/6
f 1371/5/6 1359/5/6 1381/5/6
f 1380/4/6 1371/4/6 1381/4/6
f 1353/3/6 1366/3/6 1382/3/6
f 1352/4/6 1353/4/6 1382/4/6
f 1366/3/6 1372/3/6 1382/3/6
f 1382/3/6 1372/3/6 1383/3/6
f 1305/5/6 1337/5/6 1384/5/6
f 1337/4/6 1343/4/6 1384/4/6
f 1343/4/6 1344/4/6 1384/4/6
f 1384/4/6 1344/4/6 1385/4/6
f 1344/3/6 1356/3/6 1386/3/6
f 1356/3/6 1380/3/6 1386/3/6
f 1380/3/6 1381/3/6 1386/3/6
f 1386/3/6 1381/3/6 1387/3/6
f 1381/5/6 1359/5/6 1388/5/6
f 1387/3/6 1381/3/6 1388/3/6
f 1388/5/6 1359/5/6 1389/5/6
f 1359/4/6 1346/4/6 1390/4/6
f 1389/5/6 1359/5/6 1390/5/6
f 902/2/6 1350/2/6 1391/2/6
f 725/2/6 902/2/6 1391/2/6
f 1350/3/6 1376/3/6 1392/3/6
f 1391/2/6 1350/2/6 1392/2/6
f 1383/3/6 1372/3/6 1393/3/6
f 1382/4/6 1383/4/6 1393/4/6
f 1372/4/6 1378/4/6 1394/4/6
f 1393/3/6 1372/3/6 1394/3/6
f 1384/5/6 1385/5/6 1395/5/6
f 1379/4/6 1305/4/6 1395/4/6
f 1305/5/6 1384/5/6 1395/5/6
f 1395/5/6 1385/5/6 1396/5/6
f 1389/4/6 1390/4/6 1397/4/6
f 1388/3/6 1389/3/6 1397/3/6
f 1387/3/6 1388/3/6 1397/3/6
f 1397/4/6 1390/4/6 1398/4/6
f 1375/5/6 1318/5/6 1399/5/6
f 1318/4/6 1319/4/6 1399/4/6
f 1399/4/6 1319/4/6 1400/4/6
f 1319/5/6 1362/5/6 1401/5/6
f 1400/4/6 1319/4/6 1401/4/6
f 1364/4/6 1365/4/6 1402/4/6
f 1401/5/6 1362/5/6 1402/5/6
f 1362/4/6 1363/4/6 1402/4/6
f 1363/4/6 1364/4/6 1402/4/6
f 1395/4/6 1396/4/6 1403/4/6
f 1379/4/6 1395/4/6 1403/4/6
f 1378/2/6 1379/2/6 1403/2/6
f 1403/4/6 1396/4/6 1404/4/6
f 1396/5/6 1385/5/6 1405/5/6
f 1404/4/6 1396/4/6 1405/4/6
f 1385/4/6 1344/4/6 1406/4/6
f 1405/5/6 1385/5/6 1406/5/6
f 1390/4/6 1346/4/6 1407/4/6
f 1398/4/6 1390/4/6 1407/4/6
f 1346/3/6 1347/3/6 1407/3/6
f 1347/2/6 1340/2/6 1408/2/6
f 1407/3/6 1347/3/6 1408/3/6
f 1406/4/6 1344/4/6 1409/4/6
f 1404/4/6 1405/4/6 1409/4/6
f 1405/4/6 1406/4/6 1409/4/6
f 1409/4/6 1344/4/6 1410/4/6
f 1393/2/6 1394/2/6 1411/2/6
f 1394/4/6 1378/4/6 1412/4/6
f 1411/2/6 1394/2/6 1412/2/6
f 1382/4/6 1393/4/6 1413/4/6
f 1352/4/6 1382/4/6 1413/4/6
f 1342/5/6 1315/5/6 1413/5/6
f 1341/5/6 1342/5/6 1413/5/6
f 1315/4/6 1352/4/6 1413/4/6
f 1413/4/6 1393/4/6 1414/4/6
f 1404/4/6 1409/4/6 1415/4/6
f 1415/4/6 1409/4/6 1416/4/6
f 1399/5/6 1400/5/6 1417/5/6
f 1400/4/6 1401/4/6 1417/4/6
f 1401/4/6 1402/4/6 1417/4/6
f 1417/4/6 1402/4/6 1418/4/6
f 1408/2/6 1340/2/6 1419/2/6
f 1407/2/6 1408/2/6 1419/2/6
f 1340/2/6 1288/2/6 1420/2/6
f 1419/2/6 1340/2/6 1420/2/6
f 1288/3/6 1360/3/6 1420/3/6
f 1360/3/6 1361/3/6 1420/3/6
f 1420/3/6 1361/3/6 1421/3/6
f 1410/4/6 1344/4/6 1422/4/6
f 1422/4/6 1344/4/6 1423/4/6
f 1407/2/6 1419/2/6 1424/2/6
f 1419/4/6 1420/4/6 1425/4/6
f 1424/2/6 1419/2/6 1425/2/6
f 1420/4/6 1421/4/6 1425/4/6
f 1403/2/6 1404/2/6 1426/2/6
f 1404/4/6 1415/4/6 1426/4/6
f 1426/4/6 1415/4/6 1427/4/6
f 1427/4/6 1415/4/6 1428/4/6
f 1426/2/6 1427/2/6 1429/2/6
f 1427/3/6 1428/3/6 1430/3/6
f 1429/2/6 1427/2/6 1430/2/6
f 1428/4/6 1415/4/6 1431/4/6
f 1430/3/6 1428/3/6 1431/3/6
f 1415/3/6 1416/3/6 1432/3/6
f 1431/4/6 1415/4/6 1432/4/6
f 1416/4/6 1409/4/6 1433/4/6
f 1432/3/6 1416/3/6 1433/3/6
f 1413/5/6 1414/5/6 1434/5/6
f 1341/5/6 1413/5/6 1434/5/6
f 1434/5/6 1414/5/6 1435/5/6
f 1431/4/6 1432/4/6 1436/4/6
f 1430/4/6 1431/4/6 1436/4/6
f 1432/4/6 1433/4/6 1436/4/6
f 1429/4/6 1430/4/6 1436/4/6
f 1436/4/6 1433/4/6 1437/4/6
f 1361/4/6 1374/4/6 1438/4/6
f 1374/4/6 1375/4/6 1438/4/6
f 1421/3/6 1361/3/6 1438/3/6
f 1417/5/6 1418/5/6 1439/5/6
f 1438/4/6 1375/4/6 1439/4/6
f 1375/5/6 1399/5/6 1439/5/6
f 1399/5/6 1417/5/6 1439/5/6
f 1341/5/6 1434/5/6 1440/5/6
f 1440/5/6 1434/5/6 1441/5/6
f 1435/5/6 1414/5/6 1442/5/6
f 1414/4/6 1393/4/6 1442/4/6
f 1393/2/6 1411/2/6 1443/2/6
f 1442/4/6 1393/4/6 1443/4/6
f 1411/3/6 1412/3/6 1444/3/6
f 1443/2/6 1411/2/6 1444/2/6
f 1412/4/6 1378/4/6 1445/4/6
f 1444/3/6 1412/3/6 1445/3/6
f 1445/4/6 1378/4/6 1446/4/6
f 1437/4/6 1433/4/6 1447/4/6
f 1436/5/6 1437/5/6 1447/5/6
f 1433/4/6 1409/4/6 1448/4/6
f 1447/4/6 1433/4/6 1448/4/6
f 1409/5/6 1410/5/6 1449/5/6
f 1448/4/6 1409/4/6 1449/4/6
f 1398/4/6 1407/4/6 1450/4/6
f 1397/3/6 1398/3/6 1450/3/6
f 1450/4/6 1407/4/6 1451/4/6
f 1376/4/6 1377/4/6 1452/4/6
f 1392/3/6 1376/3/6 1452/3/6
f 1391/3/6 1392/3/6 1452/3/6
f 1377/4/6 1341/4/6 1453/4/6
f 1452/4/6 1377/4/6 1453/4/6
f 1341/5/6 1440/5/6 1454/5/6
f 1453/4/6 1341/4/6 1454/4/6
f 1440/4/6 1441/4/6 1455/4/6
f 1454/5/6 1440/5/6 1455/5/6
f 1435/5/6 1442/5/6 1456/5/6
f 1443/5/6 1444/5/6 1456/5/6
f 1442/5/6 1443/5/6 1456/5/6
f 1444/5/6 1445/5/6 1456/5/6
f 1434/4/6 1435/4/6 1456/4/6
f 1445/5/6 1446/5/6 1456/5/6
f 1446/4/6 1378/4/6 1457/4/6
f 1456/5/6 1446/5/6 1457/5/6
f 1457/4/6 1378/4/6 1458/4/6
f 1458/4/6 1378/4/6 1459/4/6
f 1459/4/6 1378/4/6 1460/4/6
f 1460/4/6 1378/4/6 1461/4/6
f 1426/2/6 1429/2/6 1462/2/6
f 1461/4/6 1378/4/6 1462/4/6
f 1403/2/6 1426/2/6 1462/2/6
f 1378/2/6 1403/2/6 1462/2/6
f 1429/4/6 1436/4/6 1463/4/6
f 1447/5/6 1448/5/6 1464/5/6
f 1463/4/6 1436/4/6 1464/4/6
f 1436/5/6 1447/5/6 1464/5/6
f 1451/4/6 1407/4/6 1465/4/6
f 1407/2/6 1424/2/6 1466/2/6
f 1465/4/6 1407/4/6 1466/4/6
f 1365/3/6 1325/3/6 1467/3/6
f 1325/2/6 1326/2/6 1467/2/6
f 1326/2/6 1302/2/6 1468/2/6
f 1467/2/6 1326/2/6 1468/2/6
f 1391/3/6 1452/3/6 1469/3/6
f 1452/3/6 1453/3/6 1469/3/6
f 725/2/6 1391/2/6 1469/2/6
f 1469/3/6 1453/3/6 1470/3/6
f 1441/5/6 1434/5/6 1471/5/6
f 1455/4/6 1441/4/6 1471/4/6
f 1454/4/6 1455/4/6 1471/4/6
f 1453/4/6 1454/4/6 1471/4/6
f 1434/4/6 1456/4/6 1472/4/6
f 1471/5/6 1434/5/6 1472/5/6
f 1457/4/6 1458/4/6 1472/4/6
f 1456/4/6 1457/4/6 1472/4/6
f 1448/3/6 1449/3/6 1473/3/6
f 1449/5/6 1410/5/6 1474/5/6
f 1473/3/6 1449/3/6 1474/3/6
f 1423/4/6 1344/4/6 1475/4/6
f 1422/5/6 1423/5/6 1475/5/6
f 1475/4/6 1344/4/6 1476/4/6
f 1344/3/6 1386/3/6 1477/3/6
f 1386/2/6 1387/2/6 1478/2/6
f 1477/3/6 1386/3/6 1478/3/6
f 1425/4/6 1421/4/6 1479/4/6
f 1424/3/6 1425/3/6 1479/3/6
f 1421/3/6 1438/3/6 1480/3/6
f 1479/4/6 1421/4/6 1480/4/6
f 1478/2/6 1387/2/6 1481/2/6
f 1477/2/6 1478/2/6 1481/2/6
f 1450/3/6 1451/3/6 1482/3/6
f 1481/2/6 1387/2/6 1482/2/6
f 1397/3/6 1450/3/6 1482/3/6
f 1387/3/6 1397/3/6 1482/3/6
f 1466/2/6 1424/2/6 1483/2/6
f 1465/3/6 1466/3/6 1483/3/6
f 1483/2/6 1424/2/6 1484/2/6
f 1418/4/6 1402/4/6 1485/4/6
f 1438/5/6 1439/5/6 1485/5/6
f 1439/5/6 1418/5/6 1485/5/6
f 1485/4/6 1402/4/6 1486/4/6
f 1402/4/6 1365/4/6 1487/4/6
f 1486/4/6 1402/4/6 1487/4/6
f 1467/3/6 1468/3/6 1488/3/6
f 1487/4/6 1365/4/6 1488/4/6
f 1365/3/6 1467/3/6 1488/3/6
f 1470/3/6 1453/3/6 1489/3/6
f 1469/2/6 1470/2/6 1489/2/6
f 1489/3/6 1453/3/6 1490/3/6
f 1472/4/6 1458/4/6 1491/4/6
f 1471/4/6 1472/4/6 1491/4/6
f 1491/4/6 1458/4/6 1492/4/6
f 1459/2/6 1460/2/6 1493/2/6
f 1458/3/6 1459/3/6 1493/3/6
f 1460/3/6 1461/3/6 1494/3/6
f 1493/2/6 1460/2/6 1494/2/6
f 1477/2/6 1481/2/6 1495/2/6
f 1495/2/6 1481/2/6 1496/2/6
f 1484/2/6 1424/2/6 1497/2/6
f 1483/3/6 1484/3/6 1497/3/6
f 1497/2/6 1424/2/6 1498/2/6
f 1424/3/6 1479/3/6 1499/3/6
f 1498/2/6 1424/2/6 1499/2/6
f 1479/3/6 1480/3/6 1499/3/6
f 1499/3/6 1480/3/6 1500/3/6
f 1482/3/6 1451/3/6 1501/3/6
f 1481/3/6 1482/3/6 1501/3/6
f 1451/4/6 1465/4/6 1502/4/6
f 1501/3/6 1451/3/6 1502/3/6
f 1497/3/6 1498/3/6 1503/3/6
f 1502/4/6 1465/4/6 1503/4/6
f 1483/3/6 1497/3/6 1503/3/6
f 1465/3/6 1483/3/6 1503/3/6
f 1503/3/6 1498/3/6 1504/3/6
f 1504/3/6 1498/3/6 1505/3/6
f 1505/3/6 1498/3/6 1506/3/6
f 1504/3/6 1505/3/6 1507/3/6
f 1507/3/6 1505/3/6 1508/3/6
f 1490/3/6 1453/3/6 1509/3/6
f 1489/2/6 1490/2/6 1509/2/6
f 1453/4/6 1471/4/6 1510/4/6
f 1509/3/6 1453/3/6 1510/3/6
f 1471/4/6 1491/4/6 1510/4/6
f 1494/3/6 1461/3/6 1511/3/6
f 1493/3/6 1494/3/6 1511/3/6
f 1461/2/6 1462/2/6 1512/2/6
f 1511/3/6 1461/3/6 1512/3/6
f 1344/3/6 1477/3/6 1513/3/6
f 1477/2/6 1495/2/6 1513/2/6
f 1513/2/6 1495/2/6 1514/2/6
f 1499/2/6 1500/2/6 1515/2/6
f 1498/2/6 1499/2/6 1515/2/6
f 1500/3/6 1480/3/6 1516/3/6
f 1515/2/6 1500/2/6 1516/2/6
f 1493/3/6 1511/3/6 1517/3/6
f 1511/2/6 1512/2/6 1518/2/6
f 1517/3/6 1511/3/6 1518/3/6
f 1508/3/6 1505/3/6 1519/3/6
f 1519/3/6 1505/3/6 1520/3/6
f 1498/2/6 1515/2/6 1521/2/6
f 1506/3/6 1498/3/6 1521/3/6
f 1521/2/6 1515/2/6 1522/2/6
f 1516/3/6 1480/3/6 1523/3/6
f 1515/3/6 1516/3/6 1523/3/6
f 1480/3/6 1438/3/6 1524/3/6
f 1523/3/6 1480/3/6 1524/3/6
f 1438/5/6 1485/5/6 1524/5/6
f 1458/3/6 1493/3/6 1525/3/6
f 1492/4/6 1458/4/6 1525/4/6
f 1493/3/6 1517/3/6 1525/3/6
f 1525/3/6 1517/3/6 1526/3/6
f 1512/2/6 1462/2/6 1527/2/6
f 1462/2/6 1429/2/6 1527/2/6
f 1518/2/6 1512/2/6 1527/2/6
f 1517/2/6 1518/2/6 1527/2/6
f 1429/4/6 1463/4/6 1528/4/6
f 1527/2/6 1429/2/6 1528/2/6
f 1410/4/6 1422/4/6 1529/4/6
f 1475/5/6 1476/5/6 1529/5/6
f 1422/5/6 1475/5/6 1529/5/6
f 1476/4/6 1344/4/6 1530/4/6
f 1529/5/6 1476/5/6 1530/5/6
f 1481/3/6 1501/3/6 1531/3/6
f 1501/4/6 1502/4/6 1532/4/6
f 1531/3/6 1501/3/6 1532/3/6
f 1502/4/6 1503/4/6 1532/4/6
f 1503/4/6 1504/4/6 1532/4/6
f 1532/4/6 1504/4/6 1533/4/6
f 1533/4/6 1504/4/6 1534/4/6
f 1510/4/6 1491/4/6 1535/4/6
f 1535/4/6 1491/4/6 1536/4/6
f 1496/2/6 1481/2/6 1537/2/6
f 1495/3/6 1496/3/6 1537/3/6
f 1481/3/6 1531/3/6 1538/3/6
f 1537/2/6 1481/2/6 1538/2/6
f 1510/4/6 1535/4/6 1539/4/6
f 1539/4/6 1535/4/6 1540/4/6
f 1535/3/6 1536/3/6 1541/3/6
f 1536/4/6 1491/4/6 1542/4/6
f 1541/3/6 1536/3/6 1542/3/6
f 1491/5/6 1492/5/6 1543/5/6
f 1525/4/6 1526/4/6 1543/4/6
f 1492/4/6 1525/4/6 1543/4/6
f 1543/4/6 1526/4/6 1544/4/6
f 1517/2/6 1527/2/6 1545/2/6
f 1527/3/6 1528/3/6 1546/3/6
f 1545/2/6 1527/2/6 1546/2/6
f 1474/5/6 1410/5/6 1547/5/6
f 1473/4/6 1474/4/6 1547/4/6
f 1410/4/6 1529/4/6 1548/4/6
f 1547/5/6 1410/5/6 1548/5/6
f 1529/4/6 1530/4/6 1548/4/6
f 1548/4/6 1530/4/6 1549/4/6
f 1513/3/6 1514/3/6 1550/3/6
f 1549/4/6 1530/4/6 1550/4/6
f 1530/4/6 1344/4/6 1550/4/6
f 1344/3/6 1513/3/6 1550/3/6
f 1495/3/6 1537/3/6 1551/3/6
f 1537/3/6 1538/3/6 1551/3/6
f 1538/3/6 1531/3/6 1552/3/6
f 1551/3/6 1538/3/6 1552/3/6
f 1524/5/6 1485/5/6 1553/5/6
f 1485/3/6 1486/3/6 1554/3/6
f 1553/5/6 1485/5/6 1554/5/6
f 1509/2/6 1510/2/6 1555/2/6
f 1510/4/6 1539/4/6 1555/4/6
f 1539/3/6 1540/3/6 1556/3/6
f 1555/4/6 1539/4/6 1556/4/6
f 1463/5/6 1464/5/6 1557/5/6
f 1528/4/6 1463/4/6 1557/4/6
f 1464/5/6 1448/5/6 1558/5/6
f 1557/5/6 1464/5/6 1558/5/6
f 1550/3/6 1514/3/6 1559/3/6
f 1549/3/6 1550/3/6 1559/3/6
f 1514/2/6 1495/2/6 1560/2/6
f 1559/3/6 1514/3/6 1560/3/6
f 1535/3/6 1541/3/6 1561/3/6
f 1541/2/6 1542/2/6 1561/2/6
f 1542/4/6 1491/4/6 1562/4/6
f 1561/2/6 1542/2/6 1562/2/6
f 1558/5/6 1448/5/6 1563/5/6
f 1557/4/6 1558/4/6 1563/4/6
f 1448/3/6 1473/3/6 1564/3/6
f 1563/5/6 1448/5/6 1564/5/6
f 1548/4/6 1549/4/6 1565/4/6
f 1547/4/6 1548/4/6 1565/4/6
f 1565/4/6 1549/4/6 1566/4/6
f 1531/4/6 1532/4/6 1567/4/6
f 1532/4/6 1533/4/6 1567/4/6
f 1533/5/6 1534/5/6 1567/5/6
f 1567/5/6 1534/5/6 1568/5/6
f 1488/3/6 1468/3/6 1569/3/6
f 1487/3/6 1488/3/6 1569/3/6
f 1569/3/6 1468/3/6 1570/3/6
f 1544/4/6 1526/4/6 1571/4/6
f 1526/3/6 1517/3/6 1571/3/6
f 1571/3/6 1517/3/6 1572/3/6
f 1560/2/6 1495/2/6 1573/2/6
f 1559/2/6 1560/2/6 1573/2/6
f 1495/3/6 1551/3/6 1573/3/6
f 1551/2/6 1552/2/6 1574/2/6
f 1573/3/6 1551/3/6 1574/3/6
f 1508/3/6 1519/3/6 1575/3/6
f 1519/4/6 1520/4/6 1576/4/6
f 1575/3/6 1519/3/6 1576/3/6
f 1520/3/6 1505/3/6 1577/3/6
f 1576/4/6 1520/4/6 1577/4/6
f 1577/3/6 1505/3/6 1578/3/6
f 1554/3/6 1486/3/6 1579/3/6
f 1553/4/6 1554/4/6 1579/4/6
f 1486/4/6 1487/4/6 1580/4/6
f 1579/3/6 1486/3/6 1580/3/6
f 1487/3/6 1569/3/6 1581/3/6
f 1580/4/6 1487/4/6 1581/4/6
f 1581/3/6 1569/3/6 1582/3/6
f 1555/3/6 1556/3/6 1583/3/6
f 1509/2/6 1555/2/6 1583/2/6
f 1540/4/6 1535/4/6 1584/4/6
f 1583/3/6 1556/3/6 1584/3/6
f 1556/3/6 1540/3/6 1584/3/6
f 1584/4/6 1535/4/6 1585/4/6
f 1585/4/6 1535/4/6 1586/4/6
f 1535/3/6 1561/3/6 1587/3/6
f 1586/4/6 1535/4/6 1587/4/6
f 1561/3/6 1562/3/6 1587/3/6
f 1562/4/6 1491/4/6 1588/4/6
f 1543/5/6 1544/5/6 1588/5/6
f 1491/5/6 1543/5/6 1588/5/6
f 1588/5/6 1544/5/6 1589/5/6
f 1517/2/6 1545/2/6 1590/2/6
f 1545/3/6 1546/3/6 1591/3/6
f 1590/2/6 1545/2/6 1591/2/6
f 1528/4/6 1557/4/6 1592/4/6
f 1591/3/6 1546/3/6 1592/3/6
f 1546/3/6 1528/3/6 1592/3/6
f 1557/4/6 1563/4/6 1592/4/6
f 1563/4/6 1564/4/6 1592/4/6
f 1592/4/6 1564/4/6 1593/4/6
f 1593/4/6 1564/4/6 1594/4/6
f 1564/3/6 1473/3/6 1595/3/6
f 1594/4/6 1564/4/6 1595/4/6
f 1523/4/6 1524/4/6 1596/4/6
f 1524/5/6 1553/5/6 1597/5/6
f 1596/4/6 1524/4/6 1597/4/6
f 1569/2/6 1570/2/6 1598/2/6
f 1582/3/6 1569/3/6 1598/3/6
f 1570/3/6 1468/3/6 1599/3/6
f 1598/2/6 1570/2/6 1599/2/6
f 1585/4/6 1586/4/6 1600/4/6
f 1583/2/6 1584/2/6 1600/2/6
f 1584/2/6 1585/2/6 1600/2/6
f 1586/3/6 1587/3/6 1601/3/6
f 1600/4/6 1586/4/6 1601/4/6
f 1587/3/6 1562/3/6 1602/3/6
f 1601/3/6 1587/3/6 1602/3/6
f 1602/3/6 1562/3/6 1603/3/6
f 1603/3/6 1562/3/6 1604/3/6
f 1571/4/6 1572/4/6 1605/4/6
f 1605/4/6 1572/4/6 1606/4/6
f 1590/3/6 1591/3/6 1607/3/6
f 1517/2/6 1590/2/6 1607/2/6
f 1591/3/6 1592/3/6 1607/3/6
f 1592/3/6 1593/3/6 1607/3/6
f 1607/3/6 1593/3/6 1608/3/6
f 1565/5/6 1566/5/6 1609/5/6
f 1547/4/6 1565/4/6 1609/4/6
f 1566/4/6 1549/4/6 1610/4/6
f 1609/5/6 1566/5/6 1610/5/6
f 1567/4/6 1568/4/6 1611/4/6
f 1531/4/6 1567/4/6 1611/4/6
f 1568/5/6 1534/5/6 1612/5/6
f 1611/4/6 1568/4/6 1612/4/6
f 1597/5/6 1553/5/6 1613/5/6
f 1596/5/6 1597/5/6 1613/5/6
f 1553/4/6 1579/4/6 1614/4/6
f 1613/5/6 1553/5/6 1614/5/6
f 1580/4/6 1581/4/6 1614/4/6
f 1581/4/6 1582/4/6 1614/4/6
f 1579/4/6 1580/4/6 1614/4/6
f 1582/3/6 1598/3/6 1615/3/6
f 1598/3/6 1599/3/6 1615/3/6
f 1599/3/6 1468/3/6 1616/3/6
f 1615/3/6 1599/3/6 1616/3/6
f 1600/2/6 1601/2/6 1617/2/6
f 1583/2/6 1600/2/6 1617/2/6
f 1617/2/6 1601/2/6 1618/2/6
f 1517/2/6 1607/2/6 1619/2/6
f 1607/2/6 1608/2/6 1619/2/6
f 1608/3/6 1593/3/6 1620/3/6
f 1619/2/6 1608/2/6 1620/2/6
f 1559/2/6 1573/2/6 1621/2/6
f 1573/2/6 1574/2/6 1621/2/6
f 1552/3/6 1531/3/6 1622/3/6
f 1621/2/6 1574/2/6 1622/2/6
f 1574/2/6 1552/2/6 1622/2/6
f 1578/3/6 1505/3/6 1623/3/6
f 1505/4/6 1506/4/6 1623/4/6
f 1506/3/6 1521/3/6 1624/3/6
f 1623/4/6 1506/4/6 1624/4/6
f 1521/3/6 1522/3/6 1624/3/6
f 1515/3/6 1523/3/6 1625/3/6
f 1522/2/6 1515/2/6 1625/2/6
f 1523/4/6 1596/4/6 1626/4/6
f 1625/3/6 1523/3/6 1626/3/6
f 1596/5/6 1613/5/6 1627/5/6
f 1627/5/6 1613/5/6 1628/5/6
f 1582/3/6 1615/3/6 1629/3/6
f 1615/2/6 1616/2/6 1629/2/6
f 1616/3/6 1468/3/6 1630/3/6
f 1629/2/6 1616/2/6 1630/2/6
f 1509/2/6 1583/2/6 1631/2/6
f 1583/2/6 1617/2/6 1631/2/6
f 1617/3/6 1618/3/6 1632/3/6
f 1631/2/6 1617/2/6 1632/2/6
f 1618/2/6 1601/2/6 1633/2/6
f 1601/4/6 1602/4/6 1634/4/6
f 1633/2/6 1601/2/6 1634/2/6
f 1572/3/6 1517/3/6 1635/3/6
f 1517/2/6 1619/2/6 1636/2/6
f 1635/3/6 1517/3/6 1636/3/6
f 1593/2/6 1594/2/6 1637/2/6
f 1594/3/6 1595/3/6 1637/3/6
f 1595/3/6 1473/3/6 1638/3/6
f 1637/3/6 1595/3/6 1638/3/6
f 1473/4/6 1547/4/6 1638/4/6
f 1547/4/6 1609/4/6 1638/4/6
f 1609/4/6 1610/4/6 1638/4/6
f 1627/4/6 1628/4/6 1639/4/6
f 1639/4/6 1628/4/6 1640/4/6
f 1628/5/6 1613/5/6 1641/5/6
f 1613/4/6 1614/4/6 1642/4/6
f 1641/5/6 1613/5/6 1642/5/6
f 1634/4/6 1602/4/6 1643/4/6
f 1602/3/6 1603/3/6 1643/3/6
f 1603/2/6 1604/2/6 1644/2/6
f 1643/3/6 1603/3/6 1644/3/6
f 1632/3/6 1618/3/6 1645/3/6
f 1631/3/6 1632/3/6 1645/3/6
f 1618/2/6 1633/2/6 1646/2/6
f 1645/3/6 1618/3/6 1646/3/6
f 1633/3/6 1634/3/6 1647/3/6
f 1646/2/6 1633/2/6 1647/2/6
f 1647/3/6 1634/3/6 1648/3/6
f 1588/4/6 1589/4/6 1649/4/6
f 1589/5/6 1544/5/6 1649/5/6
f 1544/4/6 1571/4/6 1650/4/6
f 1649/5/6 1544/5/6 1650/5/6
f 1571/4/6 1605/4/6 1650/4/6
f 1636/2/6 1619/2/6 1651/2/6
f 1635/2/6 1636/2/6 1651/2/6
f 1619/3/6 1620/3/6 1651/3/6
f 1620/3/6 1593/3/6 1652/3/6
f 1651/3/6 1620/3/6 1652/3/6
f 1624/3/6 1522/3/6 1653/3/6
f 1623/3/6 1624/3/6 1653/3/6
f 1522/2/6 1625/2/6 1654/2/6
f 1653/3/6 1522/3/6 1654/3/6
f 1625/4/6 1626/4/6 1655/4/6
f 1654/2/6 1625/2/6 1655/2/6
f 1507/4/6 1508/4/6 1656/4/6
f 1504/3/6 1507/3/6 1656/3/6
f 1508/3/6 1575/3/6 1657/3/6
f 1656/4/6 1508/4/6 1657/4/6
f 1648/3/6 1634/3/6 1658/3/6
f 1647/4/6 1648/4/6 1658/4/6
f 1645/4/6 1646/4/6 1658/4/6
f 1646/4/6 1647/4/6 1658/4/6
f 1634/4/6 1643/4/6 1659/4/6
f 1658/3/6 1634/3/6 1659/3/6
f 1643/2/6 1644/2/6 1660/2/6
f 1659/4/6 1643/4/6 1660/4/6
f 1644/2/6 1604/2/6 1661/2/6
f 1660/2/6 1644/2/6 1661/2/6
f 1604/3/6 1562/3/6 1662/3/6
f 1661/2/6 1604/2/6 1662/2/6
f 1652/3/6 1593/3/6 1663/3/6
f 1651/2/6 1652/2/6 1663/2/6
f 1663/3/6 1593/3/6 1664/3/6
f 1593/2/6 1637/2/6 1665/2/6
f 1664/3/6 1593/3/6 1665/3/6
f 1637/2/6 1638/2/6 1665/2/6
f 1665/2/6 1638/2/6 1666/2/6
f 1638/4/6 1610/4/6 1667/4/6
f 1666/2/6 1638/2/6 1667/2/6
f 1621/3/6 1622/3/6 1668/3/6
f 1531/4/6 1611/4/6 1669/4/6
f 1668/3/6 1622/3/6 1669/3/6
f 1622/3/6 1531/3/6 1669/3/6
f 1534/4/6 1504/4/6 1670/4/6
f 1612/5/6 1534/5/6 1670/5/6
f 1611/5/6 1612/5/6 1670/5/6
f 1656/3/6 1657/3/6 1671/3/6
f 1670/4/6 1504/4/6 1671/4/6
f 1504/3/6 1656/3/6 1671/3/6
f 1640/4/6 1628/4/6 1672/4/6
f 1628/5/6 1641/5/6 1672/5/6
f 1641/4/6 1642/4/6 1673/4/6
f 1672/5/6 1641/5/6 1673/5/6
f 1562/4/6 1588/4/6 1674/4/6
f 1588/4/6 1649/4/6 1674/4/6
f 1649/4/6 1650/4/6 1674/4/6
f 1674/4/6 1650/4/6 1675/4/6
f 1664/4/6 1665/4/6 1676/4/6
f 1665/2/6 1666/2/6 1676/2/6
f 1676/2/6 1666/2/6 1677/2/6
f 1575/4/6 1576/4/6 1678/4/6
f 1657/3/6 1575/3/6 1678/3/6
f 1671/3/6 1657/3/6 1678/3/6
f 1576/4/6 1577/4/6 1678/4/6
f 1670/3/6 1671/3/6 1678/3/6
f 1577/4/6 1578/4/6 1678/4/6
f 1578/3/6 1623/3/6 1679/3/6
f 1678/4/6 1578/4/6 1679/4/6
f 1623/3/6 1653/3/6 1679/3/6
f 1659/4/6 1660/4/6 1680/4/6
f 1660/4/6 1661/4/6 1680/4/6
f 1645/4/6 1658/4/6 1680/4/6
f 1658/4/6 1659/4/6 1680/4/6
f 1680/4/6 1661/4/6 1681/4/6
f 1681/4/6 1661/4/6 1682/4/6
f 1661/3/6 1662/3/6 1683/3/6
f 1682/4/6 1661/4/6 1683/4/6
f 1662/3/6 1562/3/6 1684/3/6
f 1683/3/6 1662/3/6 1684/3/6
f 1562/4/6 1674/4/6 1684/4/6
f 1674/5/6 1675/5/6 1685/5/6
f 1684/4/6 1674/4/6 1685/4/6
f 1679/3/6 1653/3/6 1686/3/6
f 1678/3/6 1679/3/6 1686/3/6
f 1654/4/6 1655/4/6 1687/4/6
f 1686/3/6 1653/3/6 1687/3/6
f 1653/4/6 1654/4/6 1687/4/6
f 1626/4/6 1596/4/6 1688/4/6
f 1687/4/6 1655/4/6 1688/4/6
f 1596/5/6 1627/5/6 1688/5/6
f 1655/4/6 1626/4/6 1688/4/6
f 1627/4/6 1639/4/6 1689/4/6
f 1688/5/6 1627/5/6 1689/5/6
f 1582/3/6 1629/3/6 1690/3/6
f 1629/3/6 1630/3/6 1690/3/6
f 1468/2/6 1302/2/6 1691/2/6
f 1690/3/6 1630/3/6 1691/3/6
f 1630/3/6 1468/3/6 1691/3/6
f 1645/4/6 1680/4/6 1692/4/6
f 1680/3/6 1681/3/6 1693/3/6
f 1692/4/6 1680/4/6 1693/4/6
f 1685/5/6 1675/5/6 1694/5/6
f 1675/4/6 1650/4/6 1694/4/6
f 1684/5/6 1685/5/6 1694/5/6
f 1694/4/6 1650/4/6 1695/4/6
f 1686/4/6 1687/4/6 1696/4/6
f 1687/4/6 1688/4/6 1696/4/6
f 1688/4/6 1689/4/6 1696/4/6
f 1696/4/6 1689/4/6 1697/4/6
f 1509/2/6 1631/2/6 1698/2/6
f 1631/3/6 1645/3/6 1698/3/6
f 1645/4/6 1692/4/6 1699/4/6
f 1698/3/6 1645/3/6 1699/3/6
f 1686/4/6 1696/4/6 1700/4/6
f 1696/5/6 1697/5/6 1701/5/6
f 1700/4/6 1696/4/6 1701/4/6
f 1697/4/6 1689/4/6 1702/4/6
f 1701/5/6 1697/5/6 1702/5/6
f 1702/4/6 1689/4/6 1703/4/6
f 1642/4/6 1614/4/6 1704/4/6
f 1673/4/6 1642/4/6 1704/4/6
f 1672/4/6 1673/4/6 1704/4/6
f 1582/3/6 1690/3/6 1705/3/6
f 1704/4/6 1614/4/6 1705/4/6
f 1614/4/6 1582/4/6 1705/4/6
f 1692/3/6 1693/3/6 1706/3/6
f 1693/3/6 1681/3/6 1707/3/6
f 1706/3/6 1693/3/6 1707/3/6
f 1681/4/6 1682/4/6 1707/4/6
f 1682/3/6 1683/3/6 1708/3/6
f 1707/4/6 1682/4/6 1708/4/6
f 1683/3/6 1684/3/6 1708/3/6
f 1694/5/6 1695/5/6 1709/5/6
f 1708/3/6 1684/3/6 1709/3/6
f 1684/5/6 1694/5/6 1709/5/6
f 1606/4/6 1572/4/6 1710/4/6
f 1572/3/6 1635/3/6 1711/3/6
f 1710/4/6 1572/4/6 1711/4/6
f 1666/3/6 1667/3/6 1712/3/6
f 1667/4/6 1610/4/6 1712/4/6
f 1610/4/6 1549/4/6 1713/4/6
f 1712/4/6 1610/4/6 1713/4/6
f 1549/3/6 1559/3/6 1713/3/6
f 1672/4/6 1704/4/6 1714/4/6
f 1704/3/6 1705/3/6 1715/3/6
f 1714/4/6 1704/4/6 1715/4/6
f 1705/3/6 1690/3/6 1716/3/6
f 1715/3/6 1705/3/6 1716/3/6
f 1690/2/6 1691/2/6 1717/2/6
f 1716/3/6 1690/3/6 1717/3/6
f 1692/3/6 1706/3/6 1718/3/6
f 1698/4/6 1699/4/6 1718/4/6
f 1699/4/6 1692/4/6 1718/4/6
f 1706/4/6 1707/4/6 1719/4/6
f 1718/3/6 1706/3/6 1719/3/6
f 1708/4/6 1709/4/6 1719/4/6
f 1707/4/6 1708/4/6 1719/4/6
f 1651/2/6 1663/2/6 1720/2/6
f 1663/2/6 1664/2/6 1720/2/6
f 1635/2/6 1651/2/6 1720/2/6
f 1676/4/6 1677/4/6 1721/4/6
f 1720/2/6 1664/2/6 1721/2/6
f 1664/4/6 1676/4/6 1721/4/6
f 1677/2/6 1666/2/6 1722/2/6
f 1721/4/6 1677/4/6 1722/4/6
f 1720/4/6 1721/4/6 1722/4/6
f 1712/3/6 1713/3/6 1723/3/6
f 1722/2/6 1666/2/6 1723/2/6
f 1666/3/6 1712/3/6 1723/3/6
f 1723/3/6 1713/3/6 1724/3/6
f 1713/3/6 1559/3/6 1725/3/6
f 1724/3/6 1713/3/6 1725/3/6
f 1703/4/6 1689/4/6 1726/4/6
f 1689/4/6 1639/4/6 1726/4/6
f 1639/5/6 1640/5/6 1726/5/6
f 1672/4/6 1714/4/6 1727/4/6
f 1726/5/6 1640/5/6 1727/5/6
f 1640/4/6 1672/4/6 1727/4/6
f 1714/3/6 1715/3/6 1728/3/6
f 1715/3/6 1716/3/6 1728/3/6
f 1716/2/6 1717/2/6 1729/2/6
f 1728/3/6 1716/3/6 1729/3/6
f 1719/4/6 1709/4/6 1730/4/6
f 1718/4/6 1719/4/6 1730/4/6
f 1709/5/6 1695/5/6 1731/5/6
f 1730/4/6 1709/4/6 1731/4/6
f 1711/3/6 1635/3/6 1732/3/6
f 1635/2/6 1720/2/6 1732/2/6
f 1710/3/6 1711/3/6 1732/3/6
f 1720/4/6 1722/4/6 1733/4/6
f 1732/2/6 1720/2/6 1733/2/6
f 1700/5/6 1701/5/6 1734/5/6
f 1702/5/6 1703/5/6 1734/5/6
f 1726/4/6 1727/4/6 1734/4/6
f 1701/5/6 1702/5/6 1734/5/6
f 1703/4/6 1726/4/6 1734/4/6
f 1734/4/6 1727/4/6 1735/4/6
f 1735/4/6 1727/4/6 1736/4/6
f 1727/4/6 1714/4/6 1737/4/6
f 1736/4/6 1727/4/6 1737/4/6
f 1669/4/6 1611/4/6 1738/4/6
f 1668/4/6 1669/4/6 1738/4/6
f 1611/5/6 1670/5/6 1739/5/6
f 1738/4/6 1611/4/6 1739/4/6
f 1686/4/6 1700/4/6 1740/4/6
f 1700/5/6 1734/5/6 1740/5/6
f 1734/5/6 1735/5/6 1740/5/6
f 1740/5/6 1735/5/6 1741/5/6
f 1741/5/6 1735/5/6 1742/5/6
f 1742/5/6 1735/5/6 1743/5/6
f 1714/3/6 1728/3/6 1744/3/6
f 1728/2/6 1729/2/6 1745/2/6
f 1744/3/6 1728/3/6 1745/3/6
f 1723/3/6 1724/3/6 1746/3/6
f 1733/4/6 1722/4/6 1746/4/6
f 1722/3/6 1723/3/6 1746/3/6
f 1724/4/6 1725/4/6 1747/4/6
f 1746/3/6 1724/3/6 1747/3/6
f 1725/3/6 1559/3/6 1748/3/6
f 1747/4/6 1725/4/6 1748/4/6
f 1748/3/6 1559/3/6 1749/3/6
f 1670/3/6 1678/3/6 1750/3/6
f 1678/3/6 1686/3/6 1750/3/6
f 1750/3/6 1686/3/6 1751/3/6
f 1740/4/6 1741/4/6 1752/4/6
f 1741/5/6 1742/5/6 1752/5/6
f 1742/4/6 1743/4/6 1753/4/6
f 1752/5/6 1742/5/6 1753/5/6
f 1737/4/6 1714/4/6 1754/4/6
f 1736/5/6 1737/5/6 1754/5/6
f 1754/4/6 1714/4/6 1755/4/6
f 1714/3/6 1744/3/6 1756/3/6
f 1744/2/6 1745/2/6 1757/2/6
f 1756/3/6 1744/3/6 1757/3/6
f 1718/4/6 1730/4/6 1758/4/6
f 1730/5/6 1731/5/6 1759/5/6
f 1758/4/6 1730/4/6 1759/4/6
f 1759/5/6 1731/5/6 1760/5/6
f 1731/5/6 1695/5/6 1761/5/6
f 1760/5/6 1731/5/6 1761/5/6
f 1695/4/6 1650/4/6 1762/4/6
f 1605/5/6 1606/5/6 1762/5/6
f 1650/4/6 1605/4/6 1762/4/6
f 1606/4/6 1710/4/6 1763/4/6
f 1762/5/6 1606/5/6 1763/5/6
f 1752/4/6 1753/4/6 1764/4/6
f 1740/4/6 1752/4/6 1764/4/6
f 1686/4/6 1740/4/6 1764/4/6
f 1751/3/6 1686/3/6 1764/3/6
f 1764/4/6 1753/4/6 1765/4/6
f 1765/4/6 1753/4/6 1766/4/6
f 1743/5/6 1735/5/6 1767/5/6
f 1766/4/6 1753/4/6 1767/4/6
f 1753/4/6 1743/4/6 1767/4/6
f 1735/4/6 1736/4/6 1768/4/6
f 1767/5/6 1735/5/6 1768/5/6
f 1768/4/6 1736/4/6 1769/4/6
f 1714/3/6 1756/3/6 1770/3/6
f 1756/2/6 1757/2/6 1771/2/6
f 1770/3/6 1756/3/6 1771/3/6
f 1698/4/6 1718/4/6 1772/4/6
f 1718/4/6 1758/4/6 1772/4/6
f 1772/4/6 1758/4/6 1773/4/6
f 1746/4/6 1747/4/6 1774/4/6
f 1733/4/6 1746/4/6 1774/4/6
f 1732/3/6 1733/3/6 1774/3/6
f 1748/4/6 1749/4/6 1774/4/6
f 1747/4/6 1748/4/6 1774/4/6
f 1774/4/6 1749/4/6 1775/4/6
f 1621/3/6 1668/3/6 1776/3/6
f 1559/2/6 1621/2/6 1776/2/6
f 1668/4/6 1738/4/6 1777/4/6
f 1776/3/6 1668/3/6 1777/3/6
f 1773/4/6 1758/4/6 1778/4/6
f 1772/2/6 1773/2/6 1778/2/6
f 1778/4/6 1758/4/6 1779/4/6
f 1765/4/6 1766/4/6 1780/4/6
f 1766/5/6 1767/5/6 1780/5/6
f 1768/5/6 1769/5/6 1780/5/6
f 1767/5/6 1768/5/6 1780/5/6
f 1780/5/6 1769/5/6 1781/5/6
f 1698/4/6 1772/4/6 1782/4/6
f 1509/2/6 1698/2/6 1782/2/6
f 1782/4/6 1772/4/6 1783/4/6
f 1778/2/6 1779/2/6 1784/2/6
f 1783/4/6 1772/4/6 1784/4/6
f 1772/2/6 1778/2/6 1784/2/6
f 1779/4/6 1758/4/6 1785/4/6
f 1784/2/6 1779/2/6 1785/2/6
f 1761/5/6 1695/5/6 1786/5/6
f 1760/4/6 1761/4/6 1786/4/6
f 1762/4/6 1763/4/6 1787/4/6
f 1786/5/6 1695/5/6 1787/5/6
f 1695/4/6 1762/4/6 1787/4/6
f 1775/4/6 1749/4/6 1788/4/6
f 1749/3/6 1559/3/6 1788/3/6
f 1788/3/6 1559/3/6 1789/3/6
f 1776/2/6 1777/2/6 1790/2/6
f 1777/4/6 1738/4/6 1791/4/6
f 1790/2/6 1777/2/6 1791/2/6
f 1781/5/6 1769/5/6 1792/5/6
f 1780/4/6 1781/4/6 1792/4/6
f 1769/4/6 1736/4/6 1793/4/6
f 1792/5/6 1769/5/6 1793/5/6
f 1759/5/6 1760/5/6 1794/5/6
f 1785/4/6 1758/4/6 1794/4/6
f 1783/4/6 1784/4/6 1794/4/6
f 1784/4/6 1785/4/6 1794/4/6
f 1758/5/6 1759/5/6 1794/5/6
f 1794/5/6 1760/5/6 1795/5/6
f 1795/5/6 1760/5/6 1796/5/6
f 1786/4/6 1787/4/6 1797/4/6
f 1796/5/6 1760/5/6 1797/5/6
f 1760/4/6 1786/4/6 1797/4/6
f 1755/4/6 1714/4/6 1798/4/6
f 1714/3/6 1770/3/6 1798/3/6
f 1770/2/6 1771/2/6 1799/2/6
f 1798/3/6 1770/3/6 1799/3/6
f 1794/4/6 1795/4/6 1800/4/6
f 1783/4/6 1794/4/6 1800/4/6
f 1795/5/6 1796/5/6 1801/5/6
f 1800/4/6 1795/4/6 1801/4/6
f 1796/4/6 1797/4/6 1802/4/6
f 1801/5/6 1796/5/6 1802/5/6
f 1797/4/6 1787/4/6 1803/4/6
f 1802/4/6 1797/4/6 1803/4/6
f 1803/4/6 1787/4/6 1804/4/6
f 1804/4/6 1787/4/6 1805/4/6
f 1787/4/6 1763/4/6 1806/4/6
f 1805/4/6 1787/4/6 1806/4/6
f 1763/4/6 1710/4/6 1806/4/6
f 1710/3/6 1732/3/6 1807/3/6
f 1806/4/6 1710/4/6 1807/4/6
f 1774/3/6 1775/3/6 1807/3/6
f 1732/3/6 1774/3/6 1807/3/6
f 1805/4/6 1806/4/6 1808/4/6
f 1806/3/6 1807/3/6 1809/3/6
f 1808/4/6 1806/4/6 1809/4/6
f 1755/4/6 1798/4/6 1810/4/6
f 1798/2/6 1799/2/6 1810/2/6
f 1799/2/6 1771/2/6 1811/2/6
f 1810/2/6 1799/2/6 1811/2/6
f 1782/3/6 1783/3/6 1812/3/6
f 1509/2/6 1782/2/6 1812/2/6
f 1783/4/6 1800/4/6 1813/4/6
f 1812/3/6 1783/3/6 1813/3/6
f 1804/3/6 1805/3/6 1814/3/6
f 1803/4/6 1804/4/6 1814/4/6
f 1805/4/6 1808/4/6 1815/4/6
f 1814/3/6 1805/3/6 1815/3/6
f 1788/4/6 1789/4/6 1816/4/6
f 1775/4/6 1788/4/6 1816/4/6
f 1816/4/6 1789/4/6 1817/4/6
f 1792/4/6 1793/4/6 1818/4/6
f 1780/4/6 1792/4/6 1818/4/6
f 1764/3/6 1765/3/6 1818/3/6
f 1765/4/6 1780/4/6 1818/4/6
f 1818/4/6 1793/4/6 1819/4/6
f 1807/3/6 1775/3/6 1820/3/6
f 1809/3/6 1807/3/6 1820/3/6
f 1775/4/6 1816/4/6 1820/4/6
f 1808/3/6 1809/3/6 1820/3/6
f 1820/4/6 1816/4/6 1821/4/6
f 1791/4/6 1738/4/6 1822/4/6
f 1738/5/6 1739/5/6 1823/5/6
f 1822/4/6 1738/4/6 1823/4/6
f 1739/5/6 1670/5/6 1824/5/6
f 1823/5/6 1739/5/6 1824/5/6
f 1670/3/6 1750/3/6 1824/3/6
f 1750/4/6 1751/4/6 1825/4/6
f 1824/3/6 1750/3/6 1825/3/6
f 1818/3/6 1819/3/6 1826/3/6
f 1825/4/6 1751/4/6 1826/4/6
f 1764/3/6 1818/3/6 1826/3/6
f 1751/3/6 1764/3/6 1826/3/6
f 1819/4/6 1793/4/6 1827/4/6
f 1826/3/6 1819/3/6 1827/3/6
f 1793/4/6 1736/4/6 1828/4/6
f 1827/4/6 1793/4/6 1828/4/6
f 1754/5/6 1755/5/6 1828/5/6
f 1736/5/6 1754/5/6 1828/5/6
f 1828/5/6 1755/5/6 1829/5/6
f 1755/4/6 1810/4/6 1830/4/6
f 1810/3/6 1811/3/6 1830/3/6
f 1811/2/6 1771/2/6 1831/2/6
f 1830/3/6 1811/3/6 1831/3/6
f 1745/2/6 1729/2/6 1832/2/6
f 1831/2/6 1771/2/6 1832/2/6
f 1771/2/6 1757/2/6 1832/2/6
f 1757/2/6 1745/2/6 1832/2/6
f 1812/2/6 1813/2/6 1833/2/6
f 1833/2/6 1813/2/6 1834/2/6
f 1813/4/6 1800/4/6 1835/4/6
f 1835/4/6 1800/4/6 1836/4/6
f 1821/4/6 1816/4/6 1837/4/6
f 1820/3/6 1821/3/6 1837/3/6
f 1837/4/6 1816/4/6 1838/4/6
f 1816/3/6 1817/3/6 1839/3/6
f 1838/4/6 1816/4/6 1839/4/6
f 1817/4/6 1789/4/6 1840/4/6
f 1839/3/6 1817/3/6 1840/3/6
f 1840/4/6 1789/4/6 1841/4/6
f 1826/2/6 1827/2/6 1842/2/6
f 1827/4/6 1828/4/6 1843/4/6
f 1842/2/6 1827/2/6 1843/2/6
f 1828/4/6 1829/4/6 1843/4/6
f 1836/4/6 1800/4/6 1844/4/6
f 1835/3/6 1836/3/6 1844/3/6
f 1844/4/6 1800/4/6 1845/4/6
f 1845/4/6 1800/4/6 1846/4/6
f 1802/5/6 1803/5/6 1847/5/6
f 1846/4/6 1800/4/6 1847/4/6
f 1801/5/6 1802/5/6 1847/5/6
f 1800/5/6 1801/5/6 1847/5/6
f 1847/5/6 1803/5/6 1848/5/6
f 1848/5/6 1803/5/6 1849/5/6
f 1838/4/6 1839/4/6 1850/4/6
f 1839/4/6 1840/4/6 1850/4/6
f 1840/5/6 1841/5/6 1851/5/6
f 1850/4/6 1840/4/6 1851/4/6
f 1834/2/6 1813/2/6 1852/2/6
f 1833/3/6 1834/3/6 1852/3/6
f 1813/4/6 1835/4/6 1853/4/6
f 1852/2/6 1813/2/6 1853/2/6
f 1844/2/6 1845/2/6 1854/2/6
f 1835/3/6 1844/3/6 1854/3/6
f 1845/3/6 1846/3/6 1855/3/6
f 1854/2/6 1845/2/6 1855/2/6
f 1846/4/6 1847/4/6 1856/4/6
f 1855/3/6 1846/3/6 1856/3/6
f 1847/4/6 1848/4/6 1856/4/6
f 1848/3/6 1849/3/6 1857/3/6
f 1856/4/6 1848/4/6 1857/4/6
f 1849/5/6 1803/5/6 1858/5/6
f 1857/3/6 1849/3/6 1858/3/6
f 1851/5/6 1841/5/6 1859/5/6
f 1850/5/6 1851/5/6 1859/5/6
f 1841/4/6 1789/4/6 1860/4/6
f 1859/5/6 1841/5/6 1860/5/6
f 1776/2/6 1790/2/6 1861/2/6
f 1789/3/6 1559/3/6 1861/3/6
f 1559/2/6 1776/2/6 1861/2/6
f 1790/3/6 1791/3/6 1862/3/6
f 1861/2/6 1790/2/6 1862/2/6
f 1825/4/6 1826/4/6 1863/4/6
f 1826/2/6 1842/2/6 1863/2/6
f 1824/4/6 1825/4/6 1863/4/6
f 1863/2/6 1842/2/6 1864/2/6
f 1842/3/6 1843/3/6 1865/3/6
f 1864/2/6 1842/2/6 1865/2/6
f 1843/4/6 1829/4/6 1866/4/6
f 1865/3/6 1843/3/6 1866/3/6
f 1835/3/6 1854/3/6 1867/3/6
f 1853/4/6 1835/4/6 1867/4/6
f 1852/4/6 1853/4/6 1867/4/6
f 1856/4/6 1857/4/6 1868/4/6
f 1867/3/6 1854/3/6 1868/3/6
f 1855/4/6 1856/4/6 1868/4/6
f 1854/4/6 1855/4/6 1868/4/6
f 1857/4/6 1858/4/6 1868/4/6
f 1858/5/6 1803/5/6 1869/5/6
f 1814/4/6 1815/4/6 1870/4/6
f 1869/5/6 1803/5/6 1870/5/6
f 1803/4/6 1814/4/6 1870/4/6
f 1850/5/6 1859/5/6 1871/5/6
f 1838/4/6 1850/4/6 1871/4/6
f 1859/4/6 1860/4/6 1872/4/6
f 1871/5/6 1859/5/6 1872/5/6
f 1823/5/6 1824/5/6 1873/5/6
f 1822/5/6 1823/5/6 1873/5/6
f 1791/4/6 1822/4/6 1873/4/6
f 1873/5/6 1824/5/6 1874/5/6
f 1874/5/6 1824/5/6 1875/5/6
f 1875/5/6 1824/5/6 1876/5/6
f 1876/5/6 1824/5/6 1877/5/6
f 1824/4/6 1863/4/6 1878/4/6
f 1877/5/6 1824/5/6 1878/5/6
f 1866/4/6 1829/4/6 1879/4/6
f 1829/5/6 1755/5/6 1879/5/6
f 1830/4/6 1831/4/6 1880/4/6
f 1879/5/6 1755/5/6 1880/5/6
f 1755/4/6 1830/4/6 1880/4/6
f 1831/4/6 1832/4/6 1880/4/6
f 1832/2/6 1729/2/6 1881/2/6
f 1880/4/6 1832/4/6 1881/4/6
f 1881/2/6 1729/2/6 1882/2/6
f 1868/4/6 1858/4/6 1883/4/6
f 1858/5/6 1869/5/6 1883/5/6
f 1867/4/6 1868/4/6 1883/4/6
f 1869/4/6 1870/4/6 1884/4/6
f 1883/5/6 1869/5/6 1884/5/6
f 1870/4/6 1815/4/6 1885/4/6
f 1884/4/6 1870/4/6 1885/4/6
f 1837/3/6 1838/3/6 1885/3/6
f 1815/4/6 1808/4/6 1885/4/6
f 1820/3/6 1837/3/6 1885/3/6
f 1808/3/6 1820/3/6 1885/3/6
f 1885/3/6 1838/3/6 1886/3/6
f 1873/4/6 1874/4/6 1887/4/6
f 1874/5/6 1875/5/6 1887/5/6
f 1875/4/6 1876/4/6 1888/4/6
f 1887/5/6 1875/5/6 1888/5/6
f 1876/5/6 1877/5/6 1889/5/6
f 1888/4/6 1876/4/6 1889/4/6
f 1877/4/6 1878/4/6 1890/4/6
f 1889/5/6 1877/5/6 1890/5/6
f 1883/4/6 1884/4/6 1891/4/6
f 1885/4/6 1886/4/6 1891/4/6
f 1884/4/6 1885/4/6 1891/4/6
f 1891/4/6 1886/4/6 1892/4/6
f 1892/4/6 1886/4/6 1893/4/6
f 1893/4/6 1886/4/6 1894/4/6
f 1894/4/6 1886/4/6 1895/4/6
f 1864/2/6 1865/2/6 1896/2/6
f 1865/2/6 1866/2/6 1896/2/6
f 1896/2/6 1866/2/6 1897/2/6
f 1866/4/6 1879/4/6 1898/4/6
f 1897/2/6 1866/2/6 1898/2/6
f 1879/4/6 1880/4/6 1898/4/6
f 1880/4/6 1881/4/6 1898/4/6
f 1898/4/6 1881/4/6 1899/4/6
f 1881/3/6 1882/3/6 1900/3/6
f 1899/4/6 1881/4/6 1900/4/6
f 1883/4/6 1891/4/6 1901/4/6
f 1891/2/6 1892/2/6 1901/2/6
f 1892/3/6 1893/3/6 1902/3/6
f 1901/2/6 1892/2/6 1902/2/6
f 1902/3/6 1893/3/6 1903/3/6
f 1903/3/6 1893/3/6 1904/3/6
f 1838/4/6 1871/4/6 1905/4/6
f 1871/4/6 1872/4/6 1905/4/6
f 1905/4/6 1872/4/6 1906/4/6
f 1890/4/6 1878/4/6 1907/4/6
f 1889/4/6 1890/4/6 1907/4/6
f 1878/4/6 1863/4/6 1907/4/6
f 1887/4/6 1888/4/6 1907/4/6
f 1888/4/6 1889/4/6 1907/4/6
f 1907/4/6 1863/4/6 1908/4/6
f 1896/3/6 1897/3/6 1909/3/6
f 1898/2/6 1899/2/6 1909/2/6
f 1897/2/6 1898/2/6 1909/2/6
f 1909/2/6 1899/2/6 1910/2/6
f 1899/3/6 1900/3/6 1911/3/6
f 1882/2/6 1729/2/6 1912/2/6
f 1911/3/6 1900/3/6 1912/3/6
f 1900/3/6 1882/3/6 1912/3/6
f 1729/2/6 1717/2/6 1913/2/6
f 1912/2/6 1729/2/6 1913/2/6
f 1902/4/6 1903/4/6 1914/4/6
f 1901/4/6 1902/4/6 1914/4/6
f 1867/4/6 1883/4/6 1914/4/6
f 1883/4/6 1901/4/6 1914/4/6
f 1914/4/6 1903/4/6 1915/4/6
f 1893/4/6 1894/4/6 1916/4/6
f 1916/4/6 1894/4/6 1917/4/6
f 1910/2/6 1899/2/6 1918/2/6
f 1918/2/6 1899/2/6 1919/2/6
f 1893/4/6 1916/4/6 1920/4/6
f 1916/3/6 1917/3/6 1920/3/6
f 1917/4/6 1894/4/6 1921/4/6
f 1920/3/6 1917/3/6 1921/3/6
f 1489/2/6 1509/2/6 1922/2/6
f 1509/2/6 1812/2/6 1922/2/6
f 1812/2/6 1833/2/6 1922/2/6
f 1833/3/6 1852/3/6 1923/3/6
f 1922/2/6 1833/2/6 1923/2/6
f 1852/4/6 1867/4/6 1924/4/6
f 1923/3/6 1852/3/6 1924/3/6
f 1867/4/6 1914/4/6 1924/4/6
f 1924/4/6 1914/4/6 1925/4/6
f 1915/4/6 1903/4/6 1926/4/6
f 1914/3/6 1915/3/6 1926/3/6
f 1926/4/6 1903/4/6 1927/4/6
f 1903/2/6 1904/2/6 1928/2/6
f 1927/4/6 1903/4/6 1928/4/6
f 1791/4/6 1873/4/6 1929/4/6
f 1873/4/6 1887/4/6 1929/4/6
f 1887/4/6 1907/4/6 1929/4/6
f 1929/4/6 1907/4/6 1930/4/6
f 1899/3/6 1911/3/6 1931/3/6
f 1931/3/6 1911/3/6 1932/3/6
f 1922/3/6 1923/3/6 1933/3/6
f 1489/2/6 1922/2/6 1933/2/6
f 1924/3/6 1925/3/6 1933/3/6
f 1923/3/6 1924/3/6 1933/3/6
f 1933/3/6 1925/3/6 1934/3/6
f 1904/3/6 1893/3/6 1935/3/6
f 1920/4/6 1921/4/6 1935/4/6
f 1893/4/6 1920/4/6 1935/4/6
f 1935/4/6 1921/4/6 1936/4/6
f 1894/3/6 1895/3/6 1937/3/6
f 1895/4/6 1886/4/6 1938/4/6
f 1937/3/6 1895/3/6 1938/3/6
f 1860/4/6 1789/4/6 1939/4/6
f 1906/4/6 1872/4/6 1939/4/6
f 1861/3/6 1862/3/6 1939/3/6
f 1872/4/6 1860/4/6 1939/4/6
f 1789/3/6 1861/3/6 1939/3/6
f 1939/3/6 1862/3/6 1940/3/6
f 1934/3/6 1925/3/6 1941/3/6
f 1925/4/6 1914/4/6 1942/4/6
f 1941/3/6 1925/3/6 1942/3/6
f 1927/2/6 1928/2/6 1943/2/6
f 1926/3/6 1927/3/6 1943/3/6
f 1928/2/6 1904/2/6 1944/2/6
f 1943/2/6 1928/2/6 1944/2/6
f 1935/3/6 1936/3/6 1944/3/6
f 1904/3/6 1935/3/6 1944/3/6
f 1791/4/6 1929/4/6 1945/4/6
f 1929/5/6 1930/5/6 1945/5/6
f 1930/4/6 1907/4/6 1946/4/6
f 1945/5/6 1930/5/6 1946/5/6
f 1926/3/6 1943/3/6 1947/3/6
f 1942/4/6 1914/4/6 1947/4/6
f 1941/4/6 1942/4/6 1947/4/6
f 1943/3/6 1944/3/6 1947/3/6
f 1914/3/6 1926/3/6 1947/3/6
f 1947/3/6 1944/3/6 1948/3/6
f 1921/4/6 1894/4/6 1949/4/6
f 1936/4/6 1921/4/6 1949/4/6
f 1894/3/6 1937/3/6 1950/3/6
f 1949/4/6 1894/4/6 1950/4/6
f 1886/3/6 1838/3/6 1951/3/6
f 1838/4/6 1905/4/6 1952/4/6
f 1951/3/6 1838/3/6 1952/3/6
f 1946/4/6 1907/4/6 1953/4/6
f 1945/4/6 1946/4/6 1953/4/6
f 1907/5/6 1908/5/6 1954/5/6
f 1953/4/6 1907/4/6 1954/4/6
f 1919/2/6 1899/2/6 1955/2/6
f 1899/3/6 1931/3/6 1955/3/6
f 1955/3/6 1931/3/6 1956/3/6
f 1933/2/6 1934/2/6 1957/2/6
f 1934/3/6 1941/3/6 1957/3/6
f 1957/3/6 1941/3/6 1958/3/6
f 1947/4/6 1948/4/6 1959/4/6
f 1958/3/6 1941/3/6 1959/3/6
f 1941/4/6 1947/4/6 1959/4/6
f 1959/4/6 1948/4/6 1960/4/6
f 1936/4/6 1949/4/6 1961/4/6
f 1949/3/6 1950/3/6 1961/3/6
f 1937/4/6 1938/4/6 1962/4/6
f 1961/3/6 1950/3/6 1962/3/6
f 1950/3/6 1937/3/6 1962/3/6
f 1938/4/6 1886/4/6 1963/4/6
f 1962/4/6 1938/4/6 1963/4/6
f 1886/3/6 1951/3/6 1963/3/6
f 1951/4/6 1952/4/6 1964/4/6
f 1963/3/6 1951/3/6 1964/3/6
f 1905/5/6 1906/5/6 1965/5/6
f 1939/4/6 1940/4/6 1966/4/6
f 1965/5/6 1906/5/6 1966/5/6
f 1906/4/6 1939/4/6 1966/4/6
f 1932/3/6 1911/3/6 1967/3/6
f 1911/4/6 1912/4/6 1967/4/6
f 1912/4/6 1913/4/6 1967/4/6
f 1967/4/6 1913/4/6 1968/4/6
f 1913/2/6 1717/2/6 1969/2/6
f 1968/4/6 1913/4/6 1969/4/6
f 1958/3/6 1959/3/6 1970/3/6
f 1959/3/6 1960/3/6 1970/3/6
f 1970/3/6 1960/3/6 1971/3/6
f 1960/4/6 1948/4/6 1972/4/6
f 1971/3/6 1960/3/6 1972/3/6
f 1972/4/6 1948/4/6 1973/4/6
f 1948/3/6 1944/3/6 1974/3/6
f 1944/3/6 1936/3/6 1974/3/6
f 1961/4/6 1962/4/6 1975/4/6
f 1974/3/6 1936/3/6 1975/3/6
f 1936/4/6 1961/4/6 1975/4/6
f 1963/4/6 1964/4/6 1975/4/6
f 1962/4/6 1963/4/6 1975/4/6
f 1975/4/6 1964/4/6 1976/4/6
f 1976/4/6 1964/4/6 1977/4/6
f 1940/3/6 1862/3/6 1978/3/6
f 1966/4/6 1940/4/6 1978/4/6
f 1965/4/6 1966/4/6 1978/4/6
f 1978/3/6 1862/3/6 1979/3/6
f 1971/5/6 1972/5/6 1980/5/6
f 1973/4/6 1948/4/6 1980/4/6
f 1972/5/6 1973/5/6 1980/5/6
f 1980/4/6 1948/4/6 1981/4/6
f 1948/3/6 1974/3/6 1982/3/6
f 1981/4/6 1948/4/6 1982/4/6
f 1975/4/6 1976/4/6 1983/4/6
f 1982/3/6 1974/3/6 1983/3/6
f 1974/4/6 1975/4/6 1983/4/6
f 1976/3/6 1977/3/6 1984/3/6
f 1983/4/6 1976/4/6 1984/4/6
f 1984/3/6 1977/3/6 1985/3/6
f 1908/4/6 1863/4/6 1986/4/6
f 1863/3/6 1864/3/6 1987/3/6
f 1986/4/6 1863/4/6 1987/4/6
f 1957/2/6 1958/2/6 1988/2/6
f 1933/2/6 1957/2/6 1988/2/6
f 1958/3/6 1970/3/6 1989/3/6
f 1988/2/6 1958/2/6 1989/2/6
f 1970/4/6 1971/4/6 1990/4/6
f 1989/3/6 1970/3/6 1990/3/6
f 1982/4/6 1983/4/6 1991/4/6
f 1981/4/6 1982/4/6 1991/4/6
f 1983/4/6 1984/4/6 1991/4/6
f 1984/4/6 1985/4/6 1991/4/6
f 1991/4/6 1985/4/6 1992/4/6
f 1985/3/6 1977/3/6 1993/3/6
f 1992/4/6 1985/4/6 1993/4/6
f 1977/4/6 1964/4/6 1994/4/6
f 1993/3/6 1977/3/6 1994/3/6
f 1905/5/6 1965/5/6 1995/5/6
f 1978/4/6 1979/4/6 1995/4/6
f 1965/4/6 1978/4/6 1995/4/6
f 1995/4/6 1979/4/6 1996/4/6
f 1791/4/6 1945/4/6 1997/4/6
f 1862/3/6 1791/3/6 1997/3/6
f 1979/3/6 1862/3/6 1997/3/6
f 1945/4/6 1953/4/6 1997/4/6
f 1997/4/6 1953/4/6 1998/4/6
f 1896/3/6 1909/3/6 1999/3/6
f 1909/3/6 1910/3/6 1999/3/6
f 1910/2/6 1918/2/6 2000/2/6
f 1999/3/6 1910/3/6 2000/3/6
f 1919/2/6 1955/2/6 2001/2/6
f 1955/2/6 1956/2/6 2001/2/6
f 1918/3/6 1919/3/6 2001/3/6
f 2001/2/6 1956/2/6 2002/2/6
f 1967/3/6 1968/3/6 2003/3/6
f 1968/2/6 1969/2/6 2003/2/6
f 2003/2/6 1969/2/6 2004/2/6
f 1933/2/6 1988/2/6 2005/2/6
f 1469/2/6 1489/2/6 2005/2/6
f 1489/2/6 1933/2/6 2005/2/6
f 2005/2/6 1988/2/6 2006/2/6
f 1988/4/6 1989/4/6 2007/4/6
f 2006/2/6 1988/2/6 2007/2/6
f 1989/4/6 1990/4/6 2007/4/6
f 1992/4/6 1993/4/6 2008/4/6
f 1993/4/6 1994/4/6 2008/4/6
f 2008/4/6 1994/4/6 2009/4/6
f 1952/4/6 1905/4/6 2010/4/6
f 2009/4/6 1994/4/6 2010/4/6
f 1994/4/6 1964/4/6 2010/4/6
f 1964/4/6 1952/4/6 2010/4/6
f 1995/5/6 1996/5/6 2011/5/6
f 2010/4/6 1905/4/6 2011/4/6
f 1905/5/6 1995/5/6 2011/5/6
f 1996/4/6 1979/4/6 2012/4/6
f 2011/5/6 1996/5/6 2012/5/6
f 2012/4/6 1979/4/6 2013/4/6
f 1986/3/6 1987/3/6 2014/3/6
f 1908/4/6 1986/4/6 2014/4/6
f 1987/3/6 1864/3/6 2015/3/6
f 2014/3/6 1987/3/6 2015/3/6
f 1956/3/6 1931/3/6 2016/3/6
f 2002/2/6 1956/2/6 2016/2/6
f 2016/3/6 1931/3/6 2017/3/6
f 2005/3/6 2006/3/6 2018/3/6
f 2006/4/6 2007/4/6 2019/4/6
f 2018/3/6 2006/3/6 2019/3/6
f 1980/5/6 1981/5/6 2020/5/6
f 2019/4/6 2007/4/6 2020/4/6
f 2007/4/6 1990/4/6 2020/4/6
f 1990/4/6 1971/4/6 2020/4/6
f 1971/5/6 1980/5/6 2020/5/6
f 2020/5/6 1981/5/6 2021/5/6
f 1992/4/6 2008/4/6 2022/4/6
f 2022/4/6 2008/4/6 2023/4/6
f 2008/3/6 2009/3/6 2024/3/6
f 2009/4/6 2010/4/6 2025/4/6
f 2024/3/6 2009/3/6 2025/3/6
f 1998/4/6 1953/4/6 2026/4/6
f 1953/5/6 1954/5/6 2027/5/6
f 2026/4/6 1953/4/6 2027/4/6
f 1954/5/6 1908/5/6 2028/5/6
f 2027/5/6 1954/5/6 2028/5/6
f 2014/4/6 2015/4/6 2029/4/6
f 2028/5/6 1908/5/6 2029/5/6
f 1908/4/6 2014/4/6 2029/4/6
f 2017/3/6 1931/3/6 2030/3/6
f 1931/4/6 1932/4/6 2030/4/6
f 1932/3/6 1967/3/6 2031/3/6
f 2030/4/6 1932/4/6 2031/4/6
f 2003/3/6 2004/3/6 2031/3/6
f 1967/3/6 2003/3/6 2031/3/6
f 2004/2/6 1969/2/6 2032/2/6
f 2031/3/6 2004/3/6 2032/3/6
f 1969/2/6 1717/2/6 2033/2/6
f 2032/2/6 1969/2/6 2033/2/6
f 2018/4/6 2019/4/6 2034/4/6
f 2021/5/6 1981/5/6 2034/5/6
f 2019/4/6 2020/4/6 2034/4/6
f 2020/4/6 2021/4/6 2034/4/6
f 1981/4/6 1991/4/6 2035/4/6
f 2034/5/6 1981/5/6 2035/5/6
f 2008/3/6 2024/3/6 2036/3/6
f 2023/4/6 2008/4/6 2036/4/6
f 2024/2/6 2025/2/6 2037/2/6
f 2036/3/6 2024/3/6 2037/3/6
f 2037/2/6 2025/2/6 2038/2/6
f 2025/4/6 2010/4/6 2039/4/6
f 2039/4/6 2010/4/6 2040/4/6
f 2013/4/6 1979/4/6 2041/4/6
f 1997/3/6 1998/3/6 2041/3/6
f 1979/3/6 1997/3/6 2041/3/6
f 2041/3/6 1998/3/6 2042/3/6
f 2016/2/6 2017/2/6 2043/2/6
f 2002/2/6 2016/2/6 2043/2/6
f 2043/2/6 2017/2/6 2044/2/6
f 2025/4/6 2039/4/6 2045/4/6
f 2045/4/6 2039/4/6 2046/4/6
f 2010/5/6 2011/5/6 2047/5/6
f 2011/5/6 2012/5/6 2047/5/6
f 2012/5/6 2013/5/6 2047/5/6
f 2047/5/6 2013/5/6 2048/5/6
f 2041/4/6 2042/4/6 2049/4/6
f 2013/4/6 2041/4/6 2049/4/6
f 2049/4/6 2042/4/6 2050/4/6
f 2027/5/6 2028/5/6 2051/5/6
f 2026/5/6 2027/5/6 2051/5/6
f 2028/4/6 2029/4/6 2052/4/6
f 2051/5/6 2028/5/6 2052/5/6
f 2029/4/6 2015/4/6 2053/4/6
f 2052/4/6 2029/4/6 2053/4/6
f 2015/3/6 1864/3/6 2054/3/6
f 2053/4/6 2015/4/6 2054/4/6
f 1999/2/6 2000/2/6 2055/2/6
f 1918/3/6 2001/3/6 2056/3/6
f 2055/2/6 2000/2/6 2056/2/6
f 2000/2/6 1918/2/6 2056/2/6
f 2001/3/6 2002/3/6 2056/3/6
f 2002/2/6 2043/2/6 2057/2/6
f 2056/3/6 2002/3/6 2057/3/6
f 2043/4/6 2044/4/6 2058/4/6
f 2057/2/6 2043/2/6 2058/2/6
f 2044/2/6 2017/2/6 2059/2/6
f 2058/4/6 2044/4/6 2059/4/6
f 2031/3/6 2032/3/6 2060/3/6
f 2059/2/6 2017/2/6 2060/2/6
f 2032/3/6 2033/3/6 2060/3/6
f 2030/3/6 2031/3/6 2060/3/6
f 2017/3/6 2030/3/6 2060/3/6
f 2035/4/6 1991/4/6 2061/4/6
f 2034/4/6 2035/4/6 2061/4/6
f 1991/5/6 1992/5/6 2062/5/6
f 2061/4/6 1991/4/6 2062/4/6
f 1992/4/6 2022/4/6 2063/4/6
f 2062/5/6 1992/5/6 2063/5/6
f 2063/4/6 2022/4/6 2064/4/6
f 2022/3/6 2023/3/6 2065/3/6
f 2064/4/6 2022/4/6 2065/4/6
f 2023/4/6 2036/4/6 2066/4/6
f 2065/3/6 2023/3/6 2066/3/6
f 2036/4/6 2037/4/6 2066/4/6
f 2037/4/6 2038/4/6 2066/4/6
f 2038/2/6 2025/2/6 2067/2/6
f 2066/4/6 2038/4/6 2067/4/6
f 2025/4/6 2045/4/6 2068/4/6
f 2067/2/6 2025/2/6 2068/2/6
f 2046/4/6 2039/4/6 2069/4/6
f 2039/3/6 2040/3/6 2069/3/6
f 2040/4/6 2010/4/6 2070/4/6
f 2069/3/6 2040/3/6 2070/3/6
f 2010/5/6 2047/5/6 2071/5/6
f 2047/4/6 2048/4/6 2071/4/6
f 2048/5/6 2013/5/6 2072/5/6
f 2071/4/6 2048/4/6 2072/4/6
f 2050/4/6 2042/4/6 2073/4/6
f 2049/5/6 2050/5/6 2073/5/6
f 2073/4/6 2042/4/6 2074/4/6
f 2042/3/6 1998/3/6 2075/3/6
f 1998/4/6 2026/4/6 2076/4/6
f 2075/3/6 1998/3/6 2076/3/6
f 2053/3/6 2054/3/6 2077/3/6
f 1864/2/6 1896/2/6 2077/2/6
f 2054/3/6 1864/3/6 2077/3/6
f 1896/3/6 1999/3/6 2078/3/6
f 2077/2/6 1896/2/6 2078/2/6
f 1999/2/6 2055/2/6 2079/2/6
f 2078/3/6 1999/3/6 2079/3/6
f 2056/3/6 2057/3/6 2080/3/6
f 2079/2/6 2055/2/6 2080/2/6
f 2055/3/6 2056/3/6 2080/3/6
f 2057/3/6 2058/3/6 2080/3/6
f 2064/4/6 2065/4/6 2081/4/6
f 2066/4/6 2067/4/6 2081/4/6
f 2065/4/6 2066/4/6 2081/4/6
f 2067/4/6 2068/4/6 2081/4/6
f 2081/4/6 2068/4/6 2082/4/6
f 2082/4/6 2068/4/6 2083/4/6
f 2069/4/6 2070/4/6 2084/4/6
f 2070/4/6 2010/4/6 2085/4/6
f 2084/4/6 2070/4/6 2085/4/6
f 2013/4/6 2049/4/6 2086/4/6
f 2049/5/6 2073/5/6 2087/5/6
f 2086/4/6 2049/4/6 2087/4/6
f 2073/5/6 2074/5/6 2087/5/6
f 2074/4/6 2042/4/6 2088/4/6
f 2087/5/6 2074/5/6 2088/5/6
f 2088/4/6 2042/4/6 2089/4/6
f 2042/3/6 2075/3/6 2090/3/6
f 2089/4/6 2042/4/6 2090/4/6
f 2075/4/6 2076/4/6 2091/4/6
f 2090/3/6 2075/3/6 2091/3/6
f 2026/5/6 2051/5/6 2092/5/6
f 2052/4/6 2053/4/6 2093/4/6
f 2092/5/6 2051/5/6 2093/5/6
f 2051/4/6 2052/4/6 2093/4/6
f 2078/3/6 2079/3/6 2094/3/6
f 2077/3/6 2078/3/6 2094/3/6
f 2079/3/6 2080/3/6 2094/3/6
f 2080/3/6 2058/3/6 2095/3/6
f 2094/3/6 2080/3/6 2095/3/6
f 2095/3/6 2058/3/6 2096/3/6
f 2058/4/6 2059/4/6 2097/4/6
f 2096/3/6 2058/3/6 2097/3/6
f 2059/3/6 2060/3/6 2098/3/6
f 2097/4/6 2059/4/6 2098/4/6
f 2060/3/6 2033/3/6 2099/3/6
f 2098/3/6 2060/3/6 2099/3/6
f 2064/4/6 2081/4/6 2100/4/6
f 2081/3/6 2082/3/6 2100/3/6
f 2100/3/6 2082/3/6 2101/3/6
f 2085/4/6 2010/4/6 2102/4/6
f 2010/5/6 2071/5/6 2103/5/6
f 2102/4/6 2010/4/6 2103/4/6
f 2071/5/6 2072/5/6 2103/5/6
f 2072/5/6 2013/5/6 2104/5/6
f 2103/5/6 2072/5/6 2104/5/6
f 2013/4/6 2086/4/6 2105/4/6
f 2104/5/6 2013/5/6 2105/5/6
f 2089/4/6 2090/4/6 2106/4/6
f 2090/4/6 2091/4/6 2106/4/6
f 2091/4/6 2076/4/6 2107/4/6
f 2106/4/6 2091/4/6 2107/4/6
f 2095/3/6 2096/3/6 2108/3/6
f 2094/4/6 2095/4/6 2108/4/6
f 2097/4/6 2098/4/6 2109/4/6
f 2108/3/6 2096/3/6 2109/3/6
f 2096/4/6 2097/4/6 2109/4/6
f 2098/4/6 2099/4/6 2109/4/6
f 2101/3/6 2082/3/6 2110/3/6
f 2100/4/6 2101/4/6 2110/4/6
f 2082/2/6 2083/2/6 2111/2/6
f 2110/3/6 2082/3/6 2111/3/6
f 2083/4/6 2068/4/6 2112/4/6
f 2111/2/6 2083/2/6 2112/2/6
f 2107/4/6 2076/4/6 2113/4/6
f 2106/5/6 2107/5/6 2113/5/6
f 2026/5/6 2092/5/6 2114/5/6
f 2113/4/6 2076/4/6 2114/4/6
f 2076/4/6 2026/4/6 2114/4/6
f 2093/4/6 2053/4/6 2115/4/6
f 2092/4/6 2093/4/6 2115/4/6
f 2077/3/6 2094/3/6 2115/3/6
f 2053/3/6 2077/3/6 2115/3/6
f 2115/3/6 2094/3/6 2116/3/6
f 2094/4/6 2108/4/6 2117/4/6
f 2108/4/6 2109/4/6 2117/4/6
f 2117/4/6 2109/4/6 2118/4/6
f 2046/4/6 2069/4/6 2119/4/6
f 2069/4/6 2084/4/6 2119/4/6
f 2045/5/6 2046/5/6 2119/5/6
f 2084/5/6 2085/5/6 2120/5/6
f 2119/4/6 2084/4/6 2120/4/6
f 2120/5/6 2085/5/6 2121/5/6
f 2085/4/6 2102/4/6 2122/4/6
f 2121/5/6 2085/5/6 2122/5/6
f 2115/4/6 2116/4/6 2123/4/6
f 2092/4/6 2115/4/6 2123/4/6
f 2123/4/6 2116/4/6 2124/4/6
f 2116/3/6 2094/3/6 2125/3/6
f 2094/4/6 2117/4/6 2126/4/6
f 2125/3/6 2094/3/6 2126/3/6
f 2064/4/6 2100/4/6 2127/4/6
f 2100/4/6 2110/4/6 2127/4/6
f 2111/4/6 2112/4/6 2127/4/6
f 2062/5/6 2063/5/6 2127/5/6
f 2063/5/6 2064/5/6 2127/5/6
f 2110/4/6 2111/4/6 2127/4/6
f 2061/5/6 2062/5/6 2127/5/6
f 2112/4/6 2068/4/6 2128/4/6
f 2127/4/6 2112/4/6 2128/4/6
f 2089/4/6 2106/4/6 2129/4/6
f 2106/5/6 2113/5/6 2130/5/6
f 2129/4/6 2106/4/6 2130/4/6
f 2113/5/6 2114/5/6 2130/5/6
f 2124/4/6 2116/4/6 2131/4/6
f 2116/3/6 2125/3/6 2132/3/6
f 2131/4/6 2116/4/6 2132/4/6
f 2033/2/6 1717/2/6 2133/2/6
f 2099/3/6 2033/3/6 2133/3/6
f 2133/2/6 1717/2/6 2134/2/6
f 2034/4/6 2061/4/6 2135/4/6
f 2005/3/6 2018/3/6 2135/3/6
f 2018/4/6 2034/4/6 2135/4/6
f 2135/4/6 2061/4/6 2136/4/6
f 2061/5/6 2127/5/6 2137/5/6
f 2136/4/6 2061/4/6 2137/4/6
f 2127/5/6 2128/5/6 2137/5/6
f 2137/5/6 2128/5/6 2138/5/6
f 2120/5/6 2121/5/6 2139/5/6
f 2119/5/6 2120/5/6 2139/5/6
f 2121/4/6 2122/4/6 2139/4/6
f 2139/4/6 2122/4/6 2140/4/6
f 2089/4/6 2129/4/6 2141/4/6
f 2129/5/6 2130/5/6 2142/5/6
f 2141/4/6 2129/4/6 2142/4/6
f 2118/4/6 2109/4/6 2143/4/6
f 2109/4/6 2099/4/6 2143/4/6
f 2133/3/6 2134/3/6 2144/3/6
f 2143/4/6 2099/4/6 2144/4/6
f 2099/3/6 2133/3/6 2144/3/6
f 2144/3/6 2134/3/6 2145/3/6
f 2134/2/6 1717/2/6 2146/2/6
f 2145/3/6 2134/3/6 2146/3/6
f 2102/5/6 2103/5/6 2147/5/6
f 2103/5/6 2104/5/6 2147/5/6
f 2104/4/6 2105/4/6 2148/4/6
f 2147/5/6 2104/5/6 2148/5/6
f 2132/3/6 2125/3/6 2149/3/6
f 2131/3/6 2132/3/6 2149/3/6
f 2125/4/6 2126/4/6 2150/4/6
f 2149/3/6 2125/3/6 2150/3/6
f 2150/4/6 2126/4/6 2151/4/6
f 2151/4/6 2126/4/6 2152/4/6
f 2140/4/6 2122/4/6 2153/4/6
f 2102/5/6 2147/5/6 2153/5/6
f 2122/4/6 2102/4/6 2153/4/6
f 2147/4/6 2148/4/6 2154/4/6
f 2153/5/6 2147/5/6 2154/5/6
f 2086/5/6 2087/5/6 2155/5/6
f 2087/5/6 2088/5/6 2155/5/6
f 2088/5/6 2089/5/6 2155/5/6
f 2089/4/6 2141/4/6 2156/4/6
f 2155/5/6 2089/5/6 2156/5/6
f 2141/5/6 2142/5/6 2157/5/6
f 2156/4/6 2141/4/6 2157/4/6
f 2142/5/6 2130/5/6 2158/5/6
f 2157/5/6 2142/5/6 2158/5/6
f 2130/5/6 2114/5/6 2159/5/6
f 2158/5/6 2130/5/6 2159/5/6
f 2114/5/6 2092/5/6 2160/5/6
f 2159/5/6 2114/5/6 2160/5/6
f 2152/4/6 2126/4/6 2161/4/6
f 2151/5/6 2152/5/6 2161/5/6
f 2161/4/6 2126/4/6 2162/4/6
f 2137/4/6 2138/4/6 2163/4/6
f 2136/4/6 2137/4/6 2163/4/6
f 2163/4/6 2138/4/6 2164/4/6
f 2138/5/6 2128/5/6 2165/5/6
f 2128/4/6 2068/4/6 2165/4/6
f 2068/4/6 2045/4/6 2166/4/6
f 2165/4/6 2068/4/6 2166/4/6
f 2139/5/6 2140/5/6 2167/5/6
f 2166/4/6 2045/4/6 2167/4/6
f 2045/5/6 2119/5/6 2167/5/6
f 2119/5/6 2139/5/6 2167/5/6
f 2167/5/6 2140/5/6 2168/5/6
f 2153/4/6 2154/4/6 2169/4/6
f 2140/4/6 2153/4/6 2169/4/6
f 2169/4/6 2154/4/6 2170/4/6
f 2148/4/6 2105/4/6 2171/4/6
f 2170/4/6 2154/4/6 2171/4/6
f 2154/4/6 2148/4/6 2171/4/6
f 2105/4/6 2086/4/6 2171/4/6
f 2086/5/6 2155/5/6 2171/5/6
f 2157/4/6 2158/4/6 2172/4/6
f 2171/5/6 2155/5/6 2172/5/6
f 2156/4/6 2157/4/6 2172/4/6
f 2155/4/6 2156/4/6 2172/4/6
f 2158/5/6 2159/5/6 2173/5/6
f 2173/5/6 2159/5/6 2174/5/6
f 2174/5/6 2159/5/6 2175/5/6
f 2159/4/6 2160/4/6 2176/4/6
f 2175/5/6 2159/5/6 2176/5/6
f 2160/5/6 2092/5/6 2177/5/6
f 2092/4/6 2123/4/6 2177/4/6
f 2123/5/6 2124/5/6 2178/5/6
f 2177/4/6 2123/4/6 2178/4/6
f 2131/3/6 2149/3/6 2179/3/6
f 2124/4/6 2131/4/6 2179/4/6
f 2150/4/6 2151/4/6 2180/4/6
f 2179/3/6 2149/3/6 2180/3/6
f 2149/4/6 2150/4/6 2180/4/6
f 2151/5/6 2161/5/6 2181/5/6
f 2180/4/6 2151/4/6 2181/4/6
f 2161/5/6 2162/5/6 2181/5/6
f 2181/5/6 2162/5/6 2182/5/6
f 2144/3/6 2145/3/6 2183/3/6
f 2143/3/6 2144/3/6 2183/3/6
f 2145/2/6 2146/2/6 2184/2/6
f 2183/3/6 2145/3/6 2184/3/6
f 2135/3/6 2136/3/6 2185/3/6
f 2136/4/6 2163/4/6 2185/4/6
f 2185/4/6 2163/4/6 2186/4/6
f 2138/5/6 2165/5/6 2187/5/6
f 2164/4/6 2138/4/6 2187/4/6
f 2165/5/6 2166/5/6 2187/5/6
f 2187/5/6 2166/5/6 2188/5/6
f 2188/5/6 2166/5/6 2189/5/6
f 2189/5/6 2166/5/6 2190/5/6
f 2140/4/6 2169/4/6 2191/4/6
f 2169/3/6 2170/3/6 2192/3/6
f 2191/4/6 2169/4/6 2192/4/6
f 2170/4/6 2171/4/6 2193/4/6
f 2172/4/6 2158/4/6 2193/4/6
f 2158/5/6 2173/5/6 2193/5/6
f 2171/4/6 2172/4/6 2193/4/6
f 2193/5/6 2173/5/6 2194/5/6
f 2173/4/6 2174/4/6 2195/4/6
f 2194/5/6 2173/5/6 2195/5/6
f 2195/4/6 2174/4/6 2196/4/6
f 2179/4/6 2180/4/6 2197/4/6
f 2181/4/6 2182/4/6 2197/4/6
f 2124/4/6 2179/4/6 2197/4/6
f 2180/4/6 2181/4/6 2197/4/6
f 2197/4/6 2182/4/6 2198/4/6
f 2182/5/6 2162/5/6 2199/5/6
f 2198/4/6 2182/4/6 2199/4/6
f 2162/4/6 2126/4/6 2200/4/6
f 2199/5/6 2162/5/6 2200/5/6
f 2200/4/6 2126/4/6 2201/4/6
f 2126/4/6 2117/4/6 2202/4/6
f 2201/4/6 2126/4/6 2202/4/6
f 2186/4/6 2163/4/6 2203/4/6
f 2185/3/6 2186/3/6 2203/3/6
f 2163/2/6 2164/2/6 2204/2/6
f 2203/4/6 2163/4/6 2204/4/6
f 2188/5/6 2189/5/6 2205/5/6
f 2187/4/6 2188/4/6 2205/4/6
f 2205/5/6 2189/5/6 2206/5/6
f 2166/4/6 2167/4/6 2207/4/6
f 2168/5/6 2140/5/6 2207/5/6
f 2167/4/6 2168/4/6 2207/4/6
f 2207/5/6 2140/5/6 2208/5/6
f 2193/4/6 2194/4/6 2209/4/6
f 2170/4/6 2193/4/6 2209/4/6
f 2209/4/6 2194/4/6 2210/4/6
f 2210/4/6 2194/4/6 2211/4/6
f 2211/4/6 2194/4/6 2212/4/6
f 2196/4/6 2174/4/6 2213/4/6
f 2195/5/6 2196/5/6 2213/5/6
f 2194/5/6 2195/5/6 2213/5/6
f 2213/4/6 2174/4/6 2214/4/6
f 2174/5/6 2175/5/6 2215/5/6
f 2214/4/6 2174/4/6 2215/4/6
f 2175/4/6 2176/4/6 2216/4/6
f 2215/5/6 2175/5/6 2216/5/6
f 2124/4/6 2197/4/6 2217/4/6
f 2217/4/6 2197/4/6 2218/4/6
f 2201/3/6 2202/3/6 2219/3/6
f 2202/4/6 2117/4/6 2220/4/6
f 2219/3/6 2202/3/6 2220/3/6
f 2220/4/6 2117/4/6 2221/4/6
f 2117/5/6 2118/5/6 2222/5/6
f 2221/4/6 2117/4/6 2222/4/6
f 2118/4/6 2143/4/6 2223/4/6
f 2222/5/6 2118/5/6 2223/5/6
f 2223/4/6 2143/4/6 2224/4/6
f 2190/5/6 2166/5/6 2225/5/6
f 2189/4/6 2190/4/6 2225/4/6
f 2207/4/6 2208/4/6 2226/4/6
f 2225/5/6 2166/5/6 2226/5/6
f 2166/4/6 2207/4/6 2226/4/6
f 2192/3/6 2170/3/6 2227/3/6
f 2191/3/6 2192/3/6 2227/3/6
f 2170/4/6 2209/4/6 2227/4/6
f 2227/4/6 2209/4/6 2228/4/6
f 2200/4/6 2201/4/6 2229/4/6
f 2198/4/6 2199/4/6 2229/4/6
f 2199/4/6 2200/4/6 2229/4/6
f 2201/3/6 2219/3/6 2230/3/6
f 2229/4/6 2201/4/6 2230/4/6
f 2205/4/6 2206/4/6 2231/4/6
f 2187/4/6 2205/4/6 2231/4/6
f 2204/2/6 2164/2/6 2231/2/6
f 2164/4/6 2187/4/6 2231/4/6
f 2231/4/6 2206/4/6 2232/4/6
f 2232/4/6 2206/4/6 2233/4/6
f 2206/5/6 2189/5/6 2234/5/6
f 2233/4/6 2206/4/6 2234/4/6
f 2225/4/6 2226/4/6 2235/4/6
f 2234/5/6 2189/5/6 2235/5/6
f 2189/4/6 2225/4/6 2235/4/6
f 2235/4/6 2226/4/6 2236/4/6
f 2226/4/6 2208/4/6 2237/4/6
f 2236/4/6 2226/4/6 2237/4/6
f 2212/4/6 2194/4/6 2238/4/6
f 2213/5/6 2214/5/6 2238/5/6
f 2194/5/6 2213/5/6 2238/5/6
f 2238/5/6 2214/5/6 2239/5/6
f 2198/4/6 2229/4/6 2240/4/6
f 2229/3/6 2230/3/6 2240/3/6
f 2240/3/6 2230/3/6 2241/3/6
f 2224/4/6 2143/4/6 2242/4/6
f 2221/5/6 2222/5/6 2242/5/6
f 2223/5/6 2224/5/6 2242/5/6
f 2222/5/6 2223/5/6 2242/5/6
f 2242/4/6 2143/4/6 2243/4/6
f 2235/4/6 2236/4/6 2244/4/6
f 2233/4/6 2234/4/6 2244/4/6
f 2232/3/6 2233/3/6 2244/3/6
f 2234/4/6 2235/4/6 2244/4/6
f 2244/4/6 2236/4/6 2245/4/6
f 2239/5/6 2214/5/6 2246/5/6
f 2238/4/6 2239/4/6 2246/4/6
f 2246/5/6 2214/5/6 2247/5/6
f 2218/4/6 2197/4/6 2248/4/6
f 2217/3/6 2218/3/6 2248/3/6
f 2197/5/6 2198/5/6 2249/5/6
f 2248/4/6 2197/4/6 2249/4/6
f 2241/3/6 2230/3/6 2250/3/6
f 2250/3/6 2230/3/6 2251/3/6
f 2251/3/6 2230/3/6 2252/3/6
f 2230/3/6 2219/3/6 2253/3/6
f 2252/3/6 2230/3/6 2253/3/6
f 2220/4/6 2221/4/6 2254/4/6
f 2253/3/6 2219/3/6 2254/3/6
f 2219/4/6 2220/4/6 2254/4/6
f 2254/4/6 2221/4/6 2255/4/6
f 2231/2/6 2232/2/6 2256/2/6
f 2204/2/6 2231/2/6 2256/2/6
f 2244/3/6 2245/3/6 2257/3/6
f 2256/2/6 2232/2/6 2257/2/6
f 2232/3/6 2244/3/6 2257/3/6
f 2257/3/6 2245/3/6 2258/3/6
f 2258/3/6 2245/3/6 2259/3/6
f 2245/4/6 2236/4/6 2260/4/6
f 2236/5/6 2237/5/6 2261/5/6
f 2260/4/6 2236/4/6 2261/4/6
f 2237/4/6 2208/4/6 2262/4/6
f 2261/5/6 2237/5/6 2262/5/6
f 2262/4/6 2208/4/6 2263/4/6
f 2247/5/6 2214/5/6 2264/5/6
f 2246/4/6 2247/4/6 2264/4/6
f 2214/4/6 2215/4/6 2265/4/6
f 2264/5/6 2214/5/6 2265/5/6
f 2215/4/6 2216/4/6 2265/4/6
f 2217/3/6 2248/3/6 2266/3/6
f 2124/4/6 2217/4/6 2266/4/6
f 2248/3/6 2249/3/6 2266/3/6
f 2249/5/6 2198/5/6 2267/5/6
f 2266/3/6 2249/3/6 2267/3/6
f 2240/4/6 2241/4/6 2268/4/6
f 2198/4/6 2240/4/6 2268/4/6
f 2241/3/6 2250/3/6 2269/3/6
f 2268/4/6 2241/4/6 2269/4/6
f 2255/4/6 2221/4/6 2270/4/6
f 2254/3/6 2255/3/6 2270/3/6
f 2253/3/6 2254/3/6 2270/3/6
f 2242/5/6 2243/5/6 2271/5/6
f 2270/4/6 2221/4/6 2271/4/6
f 2221/5/6 2242/5/6 2271/5/6
f 2243/4/6 2143/4/6 2272/4/6
f 2271/5/6 2243/5/6 2272/5/6
f 2272/4/6 2143/4/6 2273/4/6
f 2143/3/6 2183/3/6 2274/3/6
f 2183/2/6 2184/2/6 2274/2/6
f 2274/2/6 2184/2/6 2275/2/6
f 2259/3/6 2245/3/6 2276/3/6
f 2245/4/6 2260/4/6 2277/4/6
f 2276/3/6 2245/3/6 2277/3/6
f 2260/3/6 2261/3/6 2278/3/6
f 2277/4/6 2260/4/6 2278/4/6
f 2262/5/6 2263/5/6 2279/5/6
f 2278/3/6 2261/3/6 2279/3/6
f 2261/5/6 2262/5/6 2279/5/6
f 2227/3/6 2228/3/6 2280/3/6
f 2191/3/6 2227/3/6 2280/3/6
f 2280/3/6 2228/3/6 2281/3/6
f 2281/3/6 2228/3/6 2282/3/6
f 2282/3/6 2228/3/6 2283/3/6
f 2283/3/6 2228/3/6 2284/3/6
f 2228/4/6 2209/4/6 2285/4/6
f 2284/3/6 2228/3/6 2285/3/6
f 2285/4/6 2209/4/6 2286/4/6
f 2209/3/6 2210/3/6 2287/3/6
f 2286/4/6 2209/4/6 2287/4/6
f 2287/3/6 2210/3/6 2288/3/6
f 2210/4/6 2211/4/6 2289/4/6
f 2288/3/6 2210/3/6 2289/3/6
f 2289/4/6 2211/4/6 2290/4/6
f 2211/3/6 2212/3/6 2291/3/6
f 2290/4/6 2211/4/6 2291/4/6
f 2253/3/6 2270/3/6 2292/3/6
f 2270/5/6 2271/5/6 2293/5/6
f 2292/3/6 2270/3/6 2293/3/6
f 2272/5/6 2273/5/6 2293/5/6
f 2271/5/6 2272/5/6 2293/5/6
f 2274/3/6 2275/3/6 2294/3/6
f 2143/3/6 2274/3/6 2294/3/6
f 2275/2/6 2184/2/6 2295/2/6
f 2294/3/6 2275/3/6 2295/3/6
f 2259/3/6 2276/3/6 2296/3/6
f 2258/4/6 2259/4/6 2296/4/6
f 2276/4/6 2277/4/6 2297/4/6
f 2296/3/6 2276/3/6 2297/3/6
f 2277/4/6 2278/4/6 2297/4/6
f 2278/4/6 2279/4/6 2297/4/6
f 2279/5/6 2263/5/6 2298/5/6
f 2298/5/6 2263/5/6 2299/5/6
f 2263/4/6 2208/4/6 2300/4/6
f 2299/5/6 2263/5/6 2300/5/6
f 2208/5/6 2140/5/6 2301/5/6
f 2300/4/6 2208/4/6 2301/4/6
f 2140/4/6 2191/4/6 2302/4/6
f 2191/3/6 2280/3/6 2302/3/6
f 2280/2/6 2281/2/6 2303/2/6
f 2302/3/6 2280/3/6 2303/3/6
f 2281/3/6 2282/3/6 2304/3/6
f 2303/2/6 2281/2/6 2304/2/6
f 2304/3/6 2282/3/6 2305/3/6
f 2283/3/6 2284/3/6 2306/3/6
f 2284/2/6 2285/2/6 2306/2/6
f 2285/2/6 2286/2/6 2306/2/6
f 2287/3/6 2288/3/6 2307/3/6
f 2306/2/6 2286/2/6 2307/2/6
f 2286/3/6 2287/3/6 2307/3/6
f 2251/3/6 2252/3/6 2308/3/6
f 2250/2/6 2251/2/6 2308/2/6
f 2252/2/6 2253/2/6 2309/2/6
f 2308/3/6 2252/3/6 2309/3/6
f 2253/3/6 2292/3/6 2310/3/6
f 2292/4/6 2293/4/6 2311/4/6
f 2310/3/6 2292/3/6 2311/3/6
f 2005/3/6 2135/3/6 2312/3/6
f 1469/2/6 2005/2/6 2312/2/6
f 2185/3/6 2203/3/6 2312/3/6
f 2135/3/6 2185/3/6 2312/3/6
f 2203/3/6 2204/3/6 2312/3/6
f 2204/2/6 2256/2/6 2313/2/6
f 2312/3/6 2204/3/6 2313/3/6
f 2258/4/6 2296/4/6 2314/4/6
f 2256/3/6 2257/3/6 2314/3/6
f 2296/4/6 2297/4/6 2314/4/6
f 2257/3/6 2258/3/6 2314/3/6
f 2314/4/6 2297/4/6 2315/4/6
f 2143/3/6 2294/3/6 2316/3/6
f 2294/2/6 2295/2/6 2317/2/6
f 2316/3/6 2294/3/6 2317/3/6
f 2298/4/6 2299/4/6 2318/4/6
f 2279/5/6 2298/5/6 2318/5/6
f 2318/4/6 2299/4/6 2319/4/6
f 2267/5/6 2198/5/6 2320/5/6
f 2198/4/6 2268/4/6 2321/4/6
f 2320/5/6 2198/5/6 2321/5/6
f 2268/3/6 2269/3/6 2322/3/6
f 2321/4/6 2268/4/6 2322/4/6
f 2269/3/6 2250/3/6 2323/3/6
f 2322/3/6 2269/3/6 2323/3/6
f 2315/4/6 2297/4/6 2324/4/6
f 2297/4/6 2279/4/6 2324/4/6
f 2279/5/6 2318/5/6 2325/5/6
f 2324/4/6 2279/4/6 2325/4/6
f 2318/5/6 2319/5/6 2325/5/6
f 2319/4/6 2299/4/6 2326/4/6
f 2325/5/6 2319/5/6 2326/5/6
f 2299/5/6 2300/5/6 2327/5/6
f 2326/4/6 2299/4/6 2327/4/6
f 2300/5/6 2301/5/6 2327/5/6
f 2307/3/6 2288/3/6 2328/3/6
f 2306/3/6 2307/3/6 2328/3/6
f 2288/2/6 2289/2/6 2329/2/6
f 2328/3/6 2288/3/6 2329/3/6
f 2291/3/6 2212/3/6 2330/3/6
f 2290/3/6 2291/3/6 2330/3/6
f 2246/4/6 2264/4/6 2330/4/6
f 2264/4/6 2265/4/6 2330/4/6
f 2212/4/6 2238/4/6 2330/4/6
f 2238/4/6 2246/4/6 2330/4/6
f 2330/4/6 2265/4/6 2331/4/6
f 2124/4/6 2266/4/6 2332/4/6
f 2266/4/6 2267/4/6 2332/4/6
f 2267/5/6 2320/5/6 2333/5/6
f 2332/4/6 2267/4/6 2333/4/6
f 2314/3/6 2315/3/6 2334/3/6
f 2315/4/6 2324/4/6 2334/4/6
f 2334/4/6 2324/4/6 2335/4/6
f 2335/4/6 2324/4/6 2336/4/6
f 2336/4/6 2324/4/6 2337/4/6
f 2322/4/6 2323/4/6 2338/4/6
f 2321/4/6 2322/4/6 2338/4/6
f 2320/4/6 2321/4/6 2338/4/6
f 2323/3/6 2250/3/6 2339/3/6
f 2338/4/6 2323/4/6 2339/4/6
f 2311/4/6 2293/4/6 2340/4/6
f 2310/4/6 2311/4/6 2340/4/6
f 2293/5/6 2273/5/6 2340/5/6
f 2340/5/6 2273/5/6 2341/5/6
f 2341/5/6 2273/5/6 2342/5/6
f 2273/4/6 2143/4/6 2343/4/6
f 2342/5/6 2273/5/6 2343/5/6
f 2256/3/6 2314/3/6 2344/3/6
f 2334/3/6 2335/3/6 2344/3/6
f 2314/3/6 2334/3/6 2344/3/6
f 2335/4/6 2336/4/6 2345/4/6
f 2344/3/6 2335/3/6 2345/3/6
f 2345/4/6 2336/4/6 2346/4/6
f 2336/5/6 2337/5/6 2347/5/6
f 2346/4/6 2336/4/6 2347/4/6
f 2337/4/6 2324/4/6 2348/4/6
f 2347/5/6 2337/5/6 2348/5/6
f 2324/5/6 2325/5/6 2349/5/6
f 2348/4/6 2324/4/6 2349/4/6
f 2325/5/6 2326/5/6 2349/5/6
f 2326/5/6 2327/5/6 2349/5/6
f 2305/3/6 2282/3/6 2350/3/6
f 2282/2/6 2283/2/6 2350/2/6
f 2350/2/6 2283/2/6 2351/2/6
f 2329/2/6 2289/2/6 2352/2/6
f 2289/4/6 2290/4/6 2352/4/6
f 2328/2/6 2329/2/6 2352/2/6
f 2352/4/6 2290/4/6 2353/4/6
f 2330/3/6 2331/3/6 2354/3/6
f 2353/4/6 2290/4/6 2354/4/6
f 2290/3/6 2330/3/6 2354/3/6
f 2160/5/6 2177/5/6 2355/5/6
f 2177/5/6 2178/5/6 2355/5/6
f 2178/5/6 2124/5/6 2356/5/6
f 2355/5/6 2178/5/6 2356/5/6
f 2339/3/6 2250/3/6 2357/3/6
f 2338/3/6 2339/3/6 2357/3/6
f 2250/2/6 2308/2/6 2358/2/6
f 2357/3/6 2250/3/6 2358/3/6
f 2308/2/6 2309/2/6 2358/2/6
f 2341/5/6 2342/5/6 2359/5/6
f 2340/4/6 2341/4/6 2359/4/6
f 2342/4/6 2343/4/6 2360/4/6
f 2359/5/6 2342/5/6 2360/5/6
f 2143/3/6 2316/3/6 2361/3/6
f 2316/2/6 2317/2/6 2362/2/6
f 2361/3/6 2316/3/6 2362/3/6
f 2351/2/6 2283/2/6 2363/2/6
f 2350/3/6 2351/3/6 2363/3/6
f 2363/2/6 2283/2/6 2364/2/6
f 2265/4/6 2216/4/6 2365/4/6
f 2331/4/6 2265/4/6 2365/4/6
f 2176/4/6 2160/4/6 2365/4/6
f 2160/5/6 2355/5/6 2365/5/6
f 2216/4/6 2176/4/6 2365/4/6
f 2365/5/6 2355/5/6 2366/5/6
f 2366/5/6 2355/5/6 2367/5/6
f 2355/4/6 2356/4/6 2368/4/6
f 2367/5/6 2355/5/6 2368/5/6
f 2320/4/6 2338/4/6 2369/4/6
f 2338/3/6 2357/3/6 2370/3/6
f 2369/4/6 2338/4/6 2370/4/6
f 2357/2/6 2358/2/6 2371/2/6
f 2370/3/6 2357/3/6 2371/3/6
f 2358/2/6 2309/2/6 2372/2/6
f 2371/2/6 2358/2/6 2372/2/6
f 2372/2/6 2309/2/6 2373/2/6
f 2309/2/6 2253/2/6 2374/2/6
f 2373/2/6 2309/2/6 2374/2/6
f 2253/3/6 2310/3/6 2374/3/6
f 2359/4/6 2360/4/6 2375/4/6
f 2374/3/6 2310/3/6 2375/3/6
f 2310/4/6 2340/4/6 2375/4/6
f 2340/4/6 2359/4/6 2375/4/6
f 2361/2/6 2362/2/6 2376/2/6
f 2143/3/6 2361/3/6 2376/3/6
f 2362/2/6 2317/2/6 2377/2/6
f 2376/2/6 2362/2/6 2377/2/6
f 2312/2/6 2313/2/6 2378/2/6
f 2313/2/6 2256/2/6 2379/2/6
f 2378/2/6 2313/2/6 2379/2/6
f 2256/3/6 2344/3/6 2379/3/6
f 2301/5/6 2140/5/6 2380/5/6
f 2349/5/6 2327/5/6 2380/5/6
f 2347/5/6 2348/5/6 2380/5/6
f 2327/5/6 2301/5/6 2380/5/6
f 2346/5/6 2347/5/6 2380/5/6
f 2348/5/6 2349/5/6 2380/5/6
f 2302/4/6 2303/4/6 2381/4/6
f 2380/5/6 2140/5/6 2381/5/6
f 2304/4/6 2305/4/6 2381/4/6
f 2303/4/6 2304/4/6 2381/4/6
f 2140/4/6 2302/4/6 2381/4/6
f 2366/5/6 2367/5/6 2382/5/6
f 2365/4/6 2366/4/6 2382/4/6
f 2367/4/6 2368/4/6 2383/4/6
f 2382/5/6 2367/5/6 2383/5/6
f 2372/2/6 2373/2/6 2384/2/6
f 2370/4/6 2371/4/6 2384/4/6
f 2371/4/6 2372/4/6 2384/4/6
f 2384/2/6 2373/2/6 2385/2/6
f 2381/4/6 2305/4/6 2386/4/6
f 2380/4/6 2381/4/6 2386/4/6
f 2386/4/6 2305/4/6 2387/4/6
f 2363/3/6 2364/3/6 2388/3/6
f 2387/4/6 2305/4/6 2388/4/6
f 2350/3/6 2363/3/6 2388/3/6
f 2305/3/6 2350/3/6 2388/3/6
f 2388/3/6 2364/3/6 2389/3/6
f 2385/2/6 2373/2/6 2390/2/6
f 2384/3/6 2385/3/6 2390/3/6
f 2373/4/6 2374/4/6 2391/4/6
f 2390/2/6 2373/2/6 2391/2/6
f 2374/4/6 2375/4/6 2391/4/6
f 2375/4/6 2360/4/6 2392/4/6
f 2391/4/6 2375/4/6 2392/4/6
f 2392/4/6 2360/4/6 2393/4/6
f 2346/5/6 2380/5/6 2394/5/6
f 2394/5/6 2380/5/6 2395/5/6
f 2395/5/6 2380/5/6 2396/5/6
f 2380/4/6 2386/4/6 2397/4/6
f 2396/5/6 2380/5/6 2397/5/6
f 2306/3/6 2328/3/6 2398/3/6
f 2352/2/6 2353/2/6 2399/2/6
f 2398/3/6 2328/3/6 2399/3/6
f 2328/2/6 2352/2/6 2399/2/6
f 2333/5/6 2320/5/6 2400/5/6
f 2332/5/6 2333/5/6 2400/5/6
f 2320/4/6 2369/4/6 2401/4/6
f 2400/5/6 2320/5/6 2401/5/6
f 2384/3/6 2390/3/6 2402/3/6
f 2390/3/6 2391/3/6 2402/3/6
f 2370/4/6 2384/4/6 2402/4/6
f 2402/3/6 2391/3/6 2403/3/6
f 2377/2/6 2317/2/6 2404/2/6
f 2376/3/6 2377/3/6 2404/3/6
f 2404/2/6 2317/2/6 2405/2/6
f 2379/3/6 2344/3/6 2406/3/6
f 2378/3/6 2379/3/6 2406/3/6
f 2344/4/6 2345/4/6 2407/4/6
f 2406/3/6 2344/3/6 2407/3/6
f 2345/4/6 2346/4/6 2407/4/6
f 2364/2/6 2283/2/6 2408/2/6
f 2389/3/6 2364/3/6 2408/3/6
f 2283/3/6 2306/3/6 2409/3/6
f 2408/2/6 2283/2/6 2409/2/6
f 2306/3/6 2398/3/6 2409/3/6
f 2398/2/6 2399/2/6 2410/2/6
f 2409/3/6 2398/3/6 2410/3/6
f 2399/2/6 2353/2/6 2411/2/6
f 2410/2/6 2399/2/6 2411/2/6
f 2407/4/6 2346/4/6 2412/4/6
f 2406/4/6 2407/4/6 2412/4/6
f 2346/5/6 2394/5/6 2413/5/6
f 2412/4/6 2346/4/6 2413/4/6
f 2394/4/6 2395/4/6 2414/4/6
f 2413/5/6 2394/5/6 2414/5/6
f 2414/4/6 2395/4/6 2415/4/6
f 2396/4/6 2397/4/6 2416/4/6
f 2416/4/6 2397/4/6 2417/4/6
f 2417/4/6 2397/4/6 2418/4/6
f 2418/4/6 2397/4/6 2419/4/6
f 2419/4/6 2397/4/6 2420/4/6
f 2386/5/6 2387/5/6 2421/5/6
f 2420/4/6 2397/4/6 2421/4/6
f 2397/4/6 2386/4/6 2421/4/6
f 2387/4/6 2388/4/6 2422/4/6
f 2421/5/6 2387/5/6 2422/5/6
f 2388/4/6 2389/4/6 2422/4/6
f 2354/3/6 2331/3/6 2423/3/6
f 2353/3/6 2354/3/6 2423/3/6
f 2423/3/6 2331/3/6 2424/3/6
f 2403/3/6 2391/3/6 2425/3/6
f 2391/4/6 2392/4/6 2426/4/6
f 2425/3/6 2391/3/6 2426/3/6
f 2416/2/6 2417/2/6 2427/2/6
f 2427/2/6 2417/2/6 2428/2/6
f 2410/3/6 2411/3/6 2429/3/6
f 2389/3/6 2408/3/6 2429/3/6
f 2409/3/6 2410/3/6 2429/3/6
f 2408/3/6 2409/3/6 2429/3/6
f 2429/3/6 2411/3/6 2430/3/6
f 2430/3/6 2411/3/6 2431/3/6
f 2411/2/6 2353/2/6 2432/2/6
f 2431/3/6 2411/3/6 2432/3/6
f 2331/4/6 2365/4/6 2433/4/6
f 2382/4/6 2383/4/6 2433/4/6
f 2365/4/6 2382/4/6 2433/4/6
f 2433/4/6 2383/4/6 2434/4/6
f 2368/4/6 2356/4/6 2435/4/6
f 2434/4/6 2383/4/6 2435/4/6
f 2383/4/6 2368/4/6 2435/4/6
f 2356/5/6 2124/5/6 2435/5/6
f 2435/5/6 2124/5/6 2436/5/6
f 2124/4/6 2332/4/6 2437/4/6
f 2436/5/6 2124/5/6 2437/5/6
f 2332/5/6 2400/5/6 2438/5/6
f 2437/4/6 2332/4/6 2438/4/6
f 2403/3/6 2425/3/6 2439/3/6
f 2425/4/6 2426/4/6 2440/4/6
f 2439/3/6 2425/3/6 2440/3/6
f 2426/4/6 2392/4/6 2441/4/6
f 2440/4/6 2426/4/6 2441/4/6
f 2441/4/6 2392/4/6 2442/4/6
f 2404/3/6 2405/3/6 2443/3/6
f 2143/3/6 2376/3/6 2443/3/6
f 2393/4/6 2360/4/6 2443/4/6
f 2376/3/6 2404/3/6 2443/3/6
f 2343/4/6 2143/4/6 2443/4/6
f 2360/4/6 2343/4/6 2443/4/6
f 2443/3/6 2405/3/6 2444/3/6
f 2405/2/6 2317/2/6 2445/2/6
f 2444/3/6 2405/3/6 2445/3/6
f 2317/2/6 2295/2/6 2446/2/6
f 2445/2/6 2317/2/6 2446/2/6
f 2184/2/6 2146/2/6 2446/2/6
f 2146/2/6 1717/2/6 2446/2/6
f 2295/2/6 2184/2/6 2446/2/6
f 2416/2/6 2427/2/6 2447/2/6
f 2396/4/6 2416/4/6 2447/4/6
f 2427/3/6 2428/3/6 2448/3/6
f 2447/2/6 2427/2/6 2448/2/6
f 2430/3/6 2431/3/6 2449/3/6
f 2429/2/6 2430/2/6 2449/2/6
f 2449/3/6 2431/3/6 2450/3/6
f 2436/5/6 2437/5/6 2451/5/6
f 2437/5/6 2438/5/6 2451/5/6
f 2438/5/6 2400/5/6 2451/5/6
f 2400/4/6 2401/4/6 2452/4/6
f 2451/5/6 2400/5/6 2452/5/6
f 2369/3/6 2370/3/6 2453/3/6
f 2453/3/6 2370/3/6 2454/3/6
f 2412/5/6 2413/5/6 2455/5/6
f 2415/4/6 2395/4/6 2455/4/6
f 2413/5/6 2414/5/6 2455/5/6
f 2414/5/6 2415/5/6 2455/5/6
f 2395/5/6 2396/5/6 2456/5/6
f 2455/4/6 2395/4/6 2456/4/6
f 2448/3/6 2428/3/6 2457/3/6
f 2447/3/6 2448/3/6 2457/3/6
f 2428/2/6 2417/2/6 2458/2/6
f 2457/3/6 2428/3/6 2458/3/6
f 2422/4/6 2389/4/6 2459/4/6
f 2421/4/6 2422/4/6 2459/4/6
f 2420/4/6 2421/4/6 2459/4/6
f 2389/3/6 2429/3/6 2460/3/6
f 2459/4/6 2389/4/6 2460/4/6
f 2435/4/6 2436/4/6 2461/4/6
f 2434/4/6 2435/4/6 2461/4/6
f 2436/5/6 2451/5/6 2462/5/6
f 2461/4/6 2436/4/6 2462/4/6
f 2402/4/6 2403/4/6 2463/4/6
f 2403/3/6 2439/3/6 2463/3/6
f 2439/4/6 2440/4/6 2464/4/6
f 2463/3/6 2439/3/6 2464/3/6
f 2440/4/6 2441/4/6 2464/4/6
f 2441/3/6 2442/3/6 2465/3/6
f 2464/4/6 2441/4/6 2465/4/6
f 2442/4/6 2392/4/6 2466/4/6
f 2465/3/6 2442/3/6 2466/3/6
f 2447/3/6 2457/3/6 2467/3/6
f 2396/4/6 2447/4/6 2467/4/6
f 2467/3/6 2457/3/6 2468/3/6
f 2419/3/6 2420/3/6 2469/3/6
f 2420/4/6 2459/4/6 2469/4/6
f 2469/4/6 2459/4/6 2470/4/6
f 2470/4/6 2459/4/6 2471/4/6
f 2434/4/6 2461/4/6 2472/4/6
f 2461/5/6 2462/5/6 2473/5/6
f 2472/4/6 2461/4/6 2473/4/6
f 2468/3/6 2457/3/6 2474/3/6
f 2467/4/6 2468/4/6 2474/4/6
f 2457/2/6 2458/2/6 2475/2/6
f 2474/3/6 2457/3/6 2475/3/6
f 2450/3/6 2431/3/6 2476/3/6
f 2431/2/6 2432/2/6 2476/2/6
f 2476/2/6 2432/2/6 2477/2/6
f 2434/4/6 2472/4/6 2478/4/6
f 2472/5/6 2473/5/6 2479/5/6
f 2478/4/6 2472/4/6 2479/4/6
f 2473/5/6 2462/5/6 2480/5/6
f 2479/5/6 2473/5/6 2480/5/6
f 2462/5/6 2451/5/6 2480/5/6
f 2451/4/6 2452/4/6 2481/4/6
f 2480/5/6 2451/5/6 2481/5/6
f 2452/4/6 2401/4/6 2482/4/6
f 2481/4/6 2452/4/6 2482/4/6
f 2401/4/6 2369/4/6 2483/4/6
f 2482/4/6 2401/4/6 2483/4/6
f 2369/3/6 2453/3/6 2483/3/6
f 2453/2/6 2454/2/6 2484/2/6
f 2483/3/6 2453/3/6 2484/3/6
f 2454/3/6 2370/3/6 2485/3/6
f 2484/2/6 2454/2/6 2485/2/6
f 2444/3/6 2445/3/6 2486/3/6
f 2446/2/6 1717/2/6 2486/2/6
f 2445/3/6 2446/3/6 2486/3/6
f 1717/2/6 1691/2/6 2487/2/6
f 2486/2/6 1717/2/6 2487/2/6
f 1691/2/6 1302/2/6 2487/2/6
f 2412/5/6 2455/5/6 2488/5/6
f 2455/5/6 2456/5/6 2488/5/6
f 2406/4/6 2412/4/6 2488/4/6
f 2488/5/6 2456/5/6 2489/5/6
f 2469/2/6 2470/2/6 2490/2/6
f 2470/3/6 2471/3/6 2490/3/6
f 2490/3/6 2471/3/6 2491/3/6
f 2485/3/6 2370/3/6 2492/3/6
f 2464/4/6 2465/4/6 2492/4/6
f 2463/4/6 2464/4/6 2492/4/6
f 2402/4/6 2463/4/6 2492/4/6
f 2465/4/6 2466/4/6 2492/4/6
f 2483/3/6 2484/3/6 2492/3/6
f 2484/3/6 2485/3/6 2492/3/6
f 2370/4/6 2402/4/6 2492/4/6
f 2482/3/6 2483/3/6 2492/3/6
f 2492/4/6 2466/4/6 2493/4/6
f 2466/4/6 2392/4/6 2494/4/6
f 2493/4/6 2466/4/6 2494/4/6
f 2392/5/6 2393/5/6 2494/5/6
f 2494/5/6 2393/5/6 2495/5/6
f 2491/3/6 2471/3/6 2496/3/6
f 2490/2/6 2491/2/6 2496/2/6
f 2496/3/6 2471/3/6 2497/3/6
f 2471/4/6 2459/4/6 2498/4/6
f 2497/3/6 2471/3/6 2498/3/6
f 2492/3/6 2493/3/6 2499/3/6
f 2482/3/6 2492/3/6 2499/3/6
f 2499/3/6 2493/3/6 2500/3/6
f 2500/3/6 2493/3/6 2501/3/6
f 2494/4/6 2495/4/6 2502/4/6
f 2501/3/6 2493/3/6 2502/3/6
f 2493/4/6 2494/4/6 2502/4/6
f 2488/4/6 2489/4/6 2503/4/6
f 2489/5/6 2456/5/6 2504/5/6
f 2503/4/6 2489/4/6 2504/4/6
f 2475/2/6 2458/2/6 2505/2/6
f 2474/4/6 2475/4/6 2505/4/6
f 2458/2/6 2417/2/6 2506/2/6
f 2505/2/6 2458/2/6 2506/2/6
f 2417/3/6 2418/3/6 2506/3/6
f 2469/2/6 2490/2/6 2507/2/6
f 2496/2/6 2497/2/6 2507/2/6
f 2419/3/6 2469/3/6 2507/3/6
f 2490/2/6 2496/2/6 2507/2/6
f 2507/2/6 2497/2/6 2508/2/6
f 2331/4/6 2433/4/6 2509/4/6
f 2424/3/6 2331/3/6 2509/3/6
f 2433/5/6 2434/5/6 2510/5/6
f 2509/4/6 2433/4/6 2510/4/6
f 2481/4/6 2482/4/6 2511/4/6
f 2480/4/6 2481/4/6 2511/4/6
f 2482/3/6 2499/3/6 2512/3/6
f 2511/4/6 2482/4/6 2512/4/6
f 2499/2/6 2500/2/6 2513/2/6
f 2512/3/6 2499/3/6 2513/3/6
f 2500/3/6 2501/3/6 2514/3/6
f 2513/2/6 2500/2/6 2514/2/6
f 2501/4/6 2502/4/6 2515/4/6
f 2514/3/6 2501/3/6 2515/3/6
f 2502/4/6 2495/4/6 2516/4/6
f 2515/4/6 2502/4/6 2516/4/6
f 2516/4/6 2495/4/6 2517/4/6
f 2517/4/6 2495/4/6 2518/4/6
f 2495/5/6 2393/5/6 2519/5/6
f 2518/4/6 2495/4/6 2519/4/6
f 2519/5/6 2393/5/6 2520/5/6
f 2443/4/6 2444/4/6 2521/4/6
f 2520/5/6 2393/5/6 2521/5/6
f 2393/4/6 2443/4/6 2521/4/6
f 2378/3/6 2406/3/6 2522/3/6
f 2406/4/6 2488/4/6 2523/4/6
f 2522/3/6 2406/3/6 2523/3/6
f 2488/4/6 2503/4/6 2523/4/6
f 2474/4/6 2505/4/6 2524/4/6
f 2505/3/6 2506/3/6 2525/3/6
f 2524/4/6 2505/4/6 2525/4/6
f 2506/3/6 2418/3/6 2526/3/6
f 2525/3/6 2506/3/6 2526/3/6
f 2418/4/6 2419/4/6 2526/4/6
f 2507/3/6 2508/3/6 2527/3/6
f 2526/4/6 2419/4/6 2527/4/6
f 2419/3/6 2507/3/6 2527/3/6
f 2527/3/6 2508/3/6 2528/3/6
f 2528/3/6 2508/3/6 2529/3/6
f 2508/2/6 2497/2/6 2530/2/6
f 2529/3/6 2508/3/6 2530/3/6
f 2509/3/6 2510/3/6 2531/3/6
f 2510/5/6 2434/5/6 2532/5/6
f 2531/3/6 2510/3/6 2532/3/6
f 2512/3/6 2513/3/6 2533/3/6
f 2511/3/6 2512/3/6 2533/3/6
f 2514/4/6 2515/4/6 2534/4/6
f 2533/3/6 2513/3/6 2534/3/6
f 2513/4/6 2514/4/6 2534/4/6
f 2515/4/6 2516/4/6 2534/4/6
f 2517/4/6 2518/4/6 2535/4/6
f 2519/5/6 2520/5/6 2536/5/6
f 2535/4/6 2518/4/6 2536/4/6
f 2518/5/6 2519/5/6 2536/5/6
f 2520/4/6 2521/4/6 2537/4/6
f 2536/5/6 2520/5/6 2537/5/6
f 2521/4/6 2444/4/6 2538/4/6
f 2537/4/6 2521/4/6 2538/4/6
f 2312/2/6 2378/2/6 2539/2/6
f 2378/3/6 2522/3/6 2540/3/6
f 2539/2/6 2378/2/6 2540/2/6
f 2478/5/6 2479/5/6 2541/5/6
f 2434/4/6 2478/4/6 2541/4/6
f 2479/5/6 2480/5/6 2541/5/6
f 2541/5/6 2480/5/6 2542/5/6
f 2534/4/6 2516/4/6 2543/4/6
f 2533/4/6 2534/4/6 2543/4/6
f 2516/3/6 2517/3/6 2543/3/6
f 2517/4/6 2535/4/6 2544/4/6
f 2543/3/6 2517/3/6 2544/3/6
f 2543/4/6 2544/4/6 2545/4/6
f 2544/4/6 2535/4/6 2545/4/6
f 2537/5/6 2538/5/6 2546/5/6
f 2545/4/6 2535/4/6 2546/4/6
f 2535/5/6 2536/5/6 2546/5/6
f 2536/5/6 2537/5/6 2546/5/6
f 2504/5/6 2456/5/6 2547/5/6
f 2503/5/6 2504/5/6 2547/5/6
f 2456/5/6 2396/5/6 2548/5/6
f 2547/5/6 2456/5/6 2548/5/6
f 2474/4/6 2524/4/6 2548/4/6
f 2396/4/6 2467/4/6 2548/4/6
f 2467/4/6 2474/4/6 2548/4/6
f 2528/3/6 2529/3/6 2549/3/6
f 2525/4/6 2526/4/6 2549/4/6
f 2526/4/6 2527/4/6 2549/4/6
f 2527/4/6 2528/4/6 2549/4/6
f 2529/2/6 2530/2/6 2550/2/6
f 2549/3/6 2529/3/6 2550/3/6
f 2530/2/6 2497/2/6 2551/2/6
f 2550/2/6 2530/2/6 2551/2/6
f 2497/4/6 2498/4/6 2552/4/6
f 2551/2/6 2497/2/6 2552/2/6
f 2541/4/6 2542/4/6 2553/4/6
f 2542/5/6 2480/5/6 2554/5/6
f 2553/4/6 2542/4/6 2554/4/6
f 2449/2/6 2450/2/6 2555/2/6
f 2429/2/6 2449/2/6 2555/2/6
f 2450/3/6 2476/3/6 2556/3/6
f 2555/2/6 2450/2/6 2556/2/6
f 2476/3/6 2477/3/6 2556/3/6
f 2524/5/6 2525/5/6 2557/5/6
f 2549/4/6 2550/4/6 2557/4/6
f 2525/4/6 2549/4/6 2557/4/6
f 2550/4/6 2551/4/6 2557/4/6
f 2557/4/6 2551/4/6 2558/4/6
f 2552/4/6 2498/4/6 2559/4/6
f 2498/4/6 2459/4/6 2559/4/6
f 2459/3/6 2460/3/6 2559/3/6
f 2429/2/6 2555/2/6 2560/2/6
f 2559/3/6 2460/3/6 2560/3/6
f 2460/3/6 2429/3/6 2560/3/6
f 2523/4/6 2503/4/6 2561/4/6
f 2522/4/6 2523/4/6 2561/4/6
f 2561/4/6 2503/4/6 2562/4/6
f 2562/4/6 2503/4/6 2563/4/6
f 2503/5/6 2547/5/6 2564/5/6
f 2563/4/6 2503/4/6 2564/4/6
f 2532/5/6 2434/5/6 2565/5/6
f 2531/4/6 2532/4/6 2565/4/6
f 2541/4/6 2553/4/6 2566/4/6
f 2565/5/6 2434/5/6 2566/5/6
f 2434/4/6 2541/4/6 2566/4/6
f 2533/4/6 2543/4/6 2567/4/6
f 2543/4/6 2545/4/6 2567/4/6
f 2511/3/6 2533/3/6 2567/3/6
f 2567/4/6 2545/4/6 2568/4/6
f 2568/4/6 2545/4/6 2569/4/6
f 2569/4/6 2545/4/6 2570/4/6
f 2564/5/6 2547/5/6 2571/5/6
f 2563/5/6 2564/5/6 2571/5/6
f 2547/4/6 2548/4/6 2572/4/6
f 2571/5/6 2547/5/6 2572/5/6
f 2558/4/6 2551/4/6 2573/4/6
f 2557/5/6 2558/5/6 2573/5/6
f 2573/4/6 2551/4/6 2574/4/6
f 2553/5/6 2554/5/6 2575/5/6
f 2554/5/6 2480/5/6 2575/5/6
f 2480/4/6 2511/4/6 2576/4/6
f 2575/5/6 2480/5/6 2576/5/6
f 2562/4/6 2563/4/6 2577/4/6
f 2561/5/6 2562/5/6 2577/5/6
f 2563/5/6 2571/5/6 2578/5/6
f 2577/4/6 2563/4/6 2578/4/6
f 2573/5/6 2574/5/6 2579/5/6
f 2524/5/6 2557/5/6 2579/5/6
f 2557/5/6 2573/5/6 2579/5/6
f 2579/5/6 2574/5/6 2580/5/6
f 2552/4/6 2559/4/6 2581/4/6
f 2559/2/6 2560/2/6 2582/2/6
f 2581/4/6 2559/4/6 2582/4/6
f 2553/5/6 2575/5/6 2583/5/6
f 2583/5/6 2575/5/6 2584/5/6
f 2511/3/6 2567/3/6 2585/3/6
f 2567/3/6 2568/3/6 2585/3/6
f 2568/4/6 2569/4/6 2586/4/6
f 2585/3/6 2568/3/6 2586/3/6
f 2569/3/6 2570/3/6 2587/3/6
f 2586/4/6 2569/4/6 2587/4/6
f 2570/4/6 2545/4/6 2588/4/6
f 2587/3/6 2570/3/6 2588/3/6
f 2546/5/6 2538/5/6 2589/5/6
f 2545/5/6 2546/5/6 2589/5/6
f 2538/4/6 2444/4/6 2590/4/6
f 2589/5/6 2538/5/6 2590/5/6
f 2548/4/6 2524/4/6 2591/4/6
f 2572/4/6 2548/4/6 2591/4/6
f 2571/4/6 2572/4/6 2591/4/6
f 2524/5/6 2579/5/6 2591/5/6
f 2579/4/6 2580/4/6 2592/4/6
f 2591/5/6 2579/5/6 2592/5/6
f 2551/3/6 2552/3/6 2593/3/6
f 2574/4/6 2551/4/6 2593/4/6
f 2593/3/6 2552/3/6 2594/3/6
f 2594/3/6 2552/3/6 2595/3/6
f 2552/4/6 2581/4/6 2596/4/6
f 2595/3/6 2552/3/6 2596/3/6
f 2582/2/6 2560/2/6 2597/2/6
f 2581/3/6 2582/3/6 2597/3/6
f 2597/2/6 2560/2/6 2598/2/6
f 2553/5/6 2583/5/6 2599/5/6
f 2583/4/6 2584/4/6 2599/4/6
f 2584/5/6 2575/5/6 2600/5/6
f 2599/4/6 2584/4/6 2600/4/6
f 2575/4/6 2576/4/6 2601/4/6
f 2600/5/6 2575/5/6 2601/5/6
f 2576/4/6 2511/4/6 2602/4/6
f 2601/4/6 2576/4/6 2602/4/6
f 2511/3/6 2585/3/6 2603/3/6
f 2602/4/6 2511/4/6 2603/4/6
f 2586/4/6 2587/4/6 2604/4/6
f 2603/3/6 2585/3/6 2604/3/6
f 2587/4/6 2588/4/6 2604/4/6
f 2585/4/6 2586/4/6 2604/4/6
f 2539/3/6 2540/3/6 2605/3/6
f 2312/2/6 2539/2/6 2605/2/6
f 2540/3/6 2522/3/6 2606/3/6
f 2605/3/6 2540/3/6 2606/3/6
f 2591/4/6 2592/4/6 2607/4/6
f 2578/5/6 2571/5/6 2607/5/6
f 2577/5/6 2578/5/6 2607/5/6
f 2571/4/6 2591/4/6 2607/4/6
f 2607/4/6 2592/4/6 2608/4/6
f 2600/5/6 2601/5/6 2609/5/6
f 2602/4/6 2603/4/6 2609/4/6
f 2603/4/6 2604/4/6 2609/4/6
f 2599/5/6 2600/5/6 2609/5/6
f 2601/5/6 2602/5/6 2609/5/6
f 2609/4/6 2604/4/6 2610/4/6
f 2606/3/6 2522/3/6 2611/3/6
f 2605/2/6 2606/2/6 2611/2/6
f 2611/3/6 2522/3/6 2612/3/6
f 2598/2/6 2560/2/6 2613/2/6
f 2597/3/6 2598/3/6 2613/3/6
f 2613/2/6 2560/2/6 2614/2/6
f 2531/4/6 2565/4/6 2615/4/6
f 2509/3/6 2531/3/6 2615/3/6
f 2565/4/6 2566/4/6 2615/4/6
f 2566/4/6 2553/4/6 2616/4/6
f 2615/4/6 2566/4/6 2616/4/6
f 2444/3/6 2486/3/6 2617/3/6
f 2486/3/6 2487/3/6 2617/3/6
f 2487/2/6 1302/2/6 2618/2/6
f 2617/3/6 2487/3/6 2618/3/6
f 2608/4/6 2592/4/6 2619/4/6
f 2607/5/6 2608/5/6 2619/5/6
f 2592/4/6 2580/4/6 2620/4/6
f 2619/4/6 2592/4/6 2620/4/6
f 2580/5/6 2574/5/6 2620/5/6
f 2593/4/6 2594/4/6 2621/4/6
f 2620/5/6 2574/5/6 2621/5/6
f 2574/4/6 2593/4/6 2621/4/6
f 2621/4/6 2594/4/6 2622/4/6
f 2588/4/6 2545/4/6 2623/4/6
f 2604/4/6 2588/4/6 2623/4/6
f 2610/4/6 2604/4/6 2623/4/6
f 2545/5/6 2589/5/6 2624/5/6
f 2623/4/6 2545/4/6 2624/4/6
f 2610/4/6 2623/4/6 2625/4/6
f 2623/5/6 2624/5/6 2626/5/6
f 2625/4/6 2623/4/6 2626/4/6
f 2624/5/6 2589/5/6 2627/5/6
f 2626/5/6 2624/5/6 2627/5/6
f 2589/4/6 2590/4/6 2628/4/6
f 2627/5/6 2589/5/6 2628/5/6
f 2612/3/6 2522/3/6 2629/3/6
f 2522/4/6 2561/4/6 2630/4/6
f 2629/3/6 2522/3/6 2630/3/6
f 2622/4/6 2594/4/6 2631/4/6
f 2594/3/6 2595/3/6 2631/3/6
f 2595/4/6 2596/4/6 2632/4/6
f 2631/3/6 2595/3/6 2632/3/6
f 2613/3/6 2614/3/6 2633/3/6
f 2581/3/6 2597/3/6 2633/3/6
f 2597/3/6 2613/3/6 2633/3/6
f 2633/3/6 2614/3/6 2634/3/6
f 2609/3/6 2610/3/6 2635/3/6
f 2599/5/6 2609/5/6 2635/5/6
f 2610/4/6 2625/4/6 2636/4/6
f 2635/3/6 2610/3/6 2636/3/6
f 2625/5/6 2626/5/6 2637/5/6
f 2626/5/6 2627/5/6 2637/5/6
f 2627/4/6 2628/4/6 2638/4/6
f 2637/5/6 2627/5/6 2638/5/6
f 2590/4/6 2444/4/6 2639/4/6
f 2638/4/6 2628/4/6 2639/4/6
f 2628/4/6 2590/4/6 2639/4/6
f 2444/3/6 2617/3/6 2640/3/6
f 2639/4/6 2444/4/6 2640/4/6
f 2640/3/6 2617/3/6 2641/3/6
f 2617/2/6 2618/2/6 2642/2/6
f 2641/3/6 2617/3/6 2642/3/6
f 2605/2/6 2611/2/6 2643/2/6
f 2611/2/6 2612/2/6 2643/2/6
f 2612/3/6 2629/3/6 2644/3/6
f 2643/2/6 2612/2/6 2644/2/6
f 2581/3/6 2633/3/6 2645/3/6
f 2633/2/6 2634/2/6 2645/2/6
f 2634/3/6 2614/3/6 2646/3/6
f 2645/2/6 2634/2/6 2646/2/6
f 2625/5/6 2637/5/6 2647/5/6
f 2637/4/6 2638/4/6 2648/4/6
f 2647/5/6 2637/5/6 2648/5/6
f 2638/4/6 2639/4/6 2648/4/6
f 2614/2/6 2560/2/6 2649/2/6
f 2560/2/6 2555/2/6 2649/2/6
f 2555/3/6 2556/3/6 2649/3/6
f 2556/3/6 2477/3/6 2650/3/6
f 2649/3/6 2556/3/6 2650/3/6
f 2432/2/6 2353/2/6 2651/2/6
f 2353/3/6 2423/3/6 2651/3/6
f 2477/2/6 2432/2/6 2651/2/6
f 2423/2/6 2424/2/6 2652/2/6
f 2651/3/6 2423/3/6 2652/3/6
f 2312/2/6 2605/2/6 2653/2/6
f 2605/2/6 2643/2/6 2653/2/6
f 2643/3/6 2644/3/6 2654/3/6
f 2653/2/6 2643/2/6 2654/2/6
f 2631/4/6 2632/4/6 2655/4/6
f 2622/4/6 2631/4/6 2655/4/6
f 2632/4/6 2596/4/6 2656/4/6
f 2655/4/6 2632/4/6 2656/4/6
f 2596/4/6 2581/4/6 2656/4/6
f 2645/3/6 2646/3/6 2657/3/6
f 2646/3/6 2614/3/6 2657/3/6
f 2614/2/6 2649/2/6 2658/2/6
f 2657/3/6 2614/3/6 2658/3/6
f 2649/2/6 2650/2/6 2658/2/6
f 2650/3/6 2477/3/6 2659/3/6
f 2658/2/6 2650/2/6 2659/2/6
f 2477/2/6 2651/2/6 2660/2/6
f 2659/3/6 2477/3/6 2660/3/6
f 2651/2/6 2652/2/6 2660/2/6
f 2648/4/6 2639/4/6 2661/4/6
f 2647/4/6 2648/4/6 2661/4/6
f 2640/3/6 2641/3/6 2662/3/6
f 2661/4/6 2639/4/6 2662/4/6
f 2639/3/6 2640/3/6 2662/3/6
f 2621/5/6 2622/5/6 2663/5/6
f 2622/4/6 2655/4/6 2663/4/6
f 2619/5/6 2620/5/6 2663/5/6
f 2620/5/6 2621/5/6 2663/5/6
f 2655/5/6 2656/5/6 2664/5/6
f 2663/4/6 2655/4/6 2664/4/6
f 2599/5/6 2635/5/6 2665/5/6
f 2635/4/6 2636/4/6 2666/4/6
f 2665/5/6 2635/5/6 2666/5/6
f 2636/4/6 2625/4/6 2667/4/6
f 2666/4/6 2636/4/6 2667/4/6
f 2625/5/6 2647/5/6 2668/5/6
f 2667/4/6 2625/4/6 2668/4/6
f 2647/4/6 2661/4/6 2669/4/6
f 2661/3/6 2662/3/6 2670/3/6
f 2669/4/6 2661/4/6 2670/4/6
f 2645/3/6 2657/3/6 2671/3/6
f 2581/3/6 2645/3/6 2671/3/6
f 2657/2/6 2658/2/6 2672/2/6
f 2671/3/6 2657/3/6 2672/3/6
f 2659/2/6 2660/2/6 2672/2/6
f 2658/2/6 2659/2/6 2672/2/6
f 2424/3/6 2509/3/6 2673/3/6
f 2672/2/6 2660/2/6 2673/2/6
f 2509/3/6 2615/3/6 2673/3/6
f 2652/2/6 2424/2/6 2673/2/6
f 2660/2/6 2652/2/6 2673/2/6
f 2615/3/6 2616/3/6 2673/3/6
f 2673/3/6 2616/3/6 2674/3/6
f 2616/4/6 2553/4/6 2675/4/6
f 2674/3/6 2616/3/6 2675/3/6
f 2675/4/6 2553/4/6 2676/4/6
f 2599/5/6 2665/5/6 2677/5/6
f 2676/4/6 2553/4/6 2677/4/6
f 2553/5/6 2599/5/6 2677/5/6
f 2677/5/6 2665/5/6 2678/5/6
f 2668/5/6 2647/5/6 2679/5/6
f 2667/5/6 2668/5/6 2679/5/6
f 2647/4/6 2669/4/6 2680/4/6
f 2679/5/6 2647/5/6 2680/5/6
f 2663/5/6 2664/5/6 2681/5/6
f 2630/4/6 2561/4/6 2681/4/6
f 2561/5/6 2577/5/6 2681/5/6
f 2577/5/6 2607/5/6 2681/5/6
f 2607/5/6 2619/5/6 2681/5/6
f 2619/5/6 2663/5/6 2681/5/6
f 2629/4/6 2630/4/6 2681/4/6
f 2681/5/6 2664/5/6 2682/5/6
f 2671/2/6 2672/2/6 2683/2/6
f 2673/2/6 2674/2/6 2683/2/6
f 2672/2/6 2673/2/6 2683/2/6
f 2683/2/6 2674/2/6 2684/2/6
f 2678/5/6 2665/5/6 2685/5/6
f 2666/4/6 2667/4/6 2686/4/6
f 2685/5/6 2665/5/6 2686/5/6
f 2665/4/6 2666/4/6 2686/4/6
f 2683/3/6 2684/3/6 2687/3/6
f 2684/2/6 2674/2/6 2687/2/6
f 2687/2/6 2674/2/6 2688/2/6
f 2686/4/6 2667/4/6 2689/4/6
f 2685/4/6 2686/4/6 2689/4/6
f 2667/5/6 2679/5/6 2689/5/6
f 2689/5/6 2679/5/6 2690/5/6
f 2680/4/6 2669/4/6 2691/4/6
f 2679/4/6 2680/4/6 2691/4/6
f 2669/3/6 2670/3/6 2692/3/6
f 2691/4/6 2669/4/6 2692/4/6
f 2670/3/6 2662/3/6 2693/3/6
f 2692/3/6 2670/3/6 2693/3/6
f 2662/3/6 2641/3/6 2693/3/6
f 2641/2/6 2642/2/6 2694/2/6
f 2693/3/6 2641/3/6 2694/3/6
f 2653/3/6 2654/3/6 2695/3/6
f 2312/2/6 2653/2/6 2695/2/6
f 2644/3/6 2629/3/6 2696/3/6
f 2695/3/6 2654/3/6 2696/3/6
f 2654/3/6 2644/3/6 2696/3/6
f 2682/5/6 2664/5/6 2697/5/6
f 2681/4/6 2682/4/6 2697/4/6
f 2697/5/6 2664/5/6 2698/5/6
f 2581/3/6 2671/3/6 2699/3/6
f 2656/4/6 2581/4/6 2699/4/6
f 2671/2/6 2683/2/6 2700/2/6
f 2699/3/6 2671/3/6 2700/3/6
f 2687/3/6 2688/3/6 2701/3/6
f 2700/2/6 2683/2/6 2701/2/6
f 2683/3/6 2687/3/6 2701/3/6
f 2678/5/6 2685/5/6 2702/5/6
f 2676/4/6 2677/4/6 2702/4/6
f 2677/4/6 2678/4/6 2702/4/6
f 2689/4/6 2690/4/6 2703/4/6
f 2702/5/6 2685/5/6 2703/5/6
f 2685/4/6 2689/4/6 2703/4/6
f 2690/5/6 2679/5/6 2704/5/6
f 2703/4/6 2690/4/6 2704/4/6
f 2679/4/6 2691/4/6 2705/4/6
f 2704/5/6 2679/5/6 2705/5/6
f 2701/3/6 2688/3/6 2706/3/6
f 2700/3/6 2701/3/6 2706/3/6
f 2688/2/6 2674/2/6 2707/2/6
f 2706/3/6 2688/3/6 2707/3/6
f 2707/2/6 2674/2/6 2708/2/6
f 2708/2/6 2674/2/6 2709/2/6
f 2702/4/6 2703/4/6 2710/4/6
f 2676/4/6 2702/4/6 2710/4/6
f 2704/4/6 2705/4/6 2710/4/6
f 2703/4/6 2704/4/6 2710/4/6
f 2710/4/6 2705/4/6 2711/4/6
f 2711/4/6 2705/4/6 2712/4/6
f 2712/4/6 2705/4/6 2713/4/6
f 2713/4/6 2705/4/6 2714/4/6
f 2714/4/6 2705/4/6 2715/4/6
f 2691/3/6 2692/3/6 2716/3/6
f 2692/3/6 2693/3/6 2716/3/6
f 2693/2/6 2694/2/6 2717/2/6
f 2716/3/6 2693/3/6 2717/3/6
f 2698/5/6 2664/5/6 2718/5/6
f 2664/5/6 2656/5/6 2719/5/6
f 2718/5/6 2664/5/6 2719/5/6
f 2700/3/6 2706/3/6 2720/3/6
f 2707/2/6 2708/2/6 2720/2/6
f 2706/2/6 2707/2/6 2720/2/6
f 2720/2/6 2708/2/6 2721/2/6
f 2695/2/6 2696/2/6 2722/2/6
f 2312/2/6 2695/2/6 2722/2/6
f 2696/3/6 2629/3/6 2723/3/6
f 2722/2/6 2696/2/6 2723/2/6
f 2698/5/6 2718/5/6 2724/5/6
f 2697/4/6 2698/4/6 2724/4/6
f 2724/5/6 2718/5/6 2725/5/6
f 2725/5/6 2718/5/6 2726/5/6
f 2726/5/6 2718/5/6 2727/5/6
f 2676/4/6 2710/4/6 2728/4/6
f 2710/5/6 2711/5/6 2728/5/6
f 2711/4/6 2712/4/6 2729/4/6
f 2728/5/6 2711/5/6 2729/5/6
f 2724/4/6 2725/4/6 2730/4/6
f 2725/5/6 2726/5/6 2730/5/6
f 2730/5/6 2726/5/6 2731/5/6
f 2727/5/6 2718/5/6 2732/5/6
f 2726/4/6 2727/4/6 2732/4/6
f 2718/4/6 2719/4/6 2733/4/6
f 2732/5/6 2718/5/6 2733/5/6
f 2675/3/6 2676/3/6 2734/3/6
f 2674/3/6 2675/3/6 2734/3/6
f 2676/4/6 2728/4/6 2734/4/6
f 2728/4/6 2729/4/6 2734/4/6
f 2734/4/6 2729/4/6 2735/4/6
f 2735/4/6 2729/4/6 2736/4/6
f 2712/5/6 2713/5/6 2737/5/6
f 2736/4/6 2729/4/6 2737/4/6
f 2729/4/6 2712/4/6 2737/4/6
f 2715/4/6 2705/4/6 2738/4/6
f 2738/4/6 2705/4/6 2739/4/6
f 2691/3/6 2716/3/6 2740/3/6
f 2716/2/6 2717/2/6 2741/2/6
f 2740/3/6 2716/3/6 2741/3/6
f 2731/5/6 2726/5/6 2742/5/6
f 2742/5/6 2726/5/6 2743/5/6
f 2735/4/6 2736/4/6 2744/4/6
f 2744/4/6 2736/4/6 2745/4/6
f 2731/5/6 2742/5/6 2746/5/6
f 2742/4/6 2743/4/6 2747/4/6
f 2746/5/6 2742/5/6 2747/5/6
f 2734/3/6 2735/3/6 2748/3/6
f 2735/4/6 2744/4/6 2748/4/6
f 2748/4/6 2744/4/6 2749/4/6
f 2705/4/6 2691/4/6 2750/4/6
f 2739/4/6 2705/4/6 2750/4/6
f 2691/3/6 2740/3/6 2751/3/6
f 2750/4/6 2691/4/6 2751/4/6
f 2723/3/6 2629/3/6 2752/3/6
f 2722/3/6 2723/3/6 2752/3/6
f 2681/4/6 2697/4/6 2752/4/6
f 2629/4/6 2681/4/6 2752/4/6
f 2730/4/6 2731/4/6 2752/4/6
f 2724/4/6 2730/4/6 2752/4/6
f 2697/4/6 2724/4/6 2752/4/6
f 2752/4/6 2731/4/6 2753/4/6
f 2731/5/6 2746/5/6 2754/5/6
f 2753/4/6 2731/4/6 2754/4/6
f 2746/4/6 2747/4/6 2755/4/6
f 2754/5/6 2746/5/6 2755/5/6
f 2719/5/6 2656/5/6 2756/5/6
f 2733/4/6 2719/4/6 2756/4/6
f 2732/4/6 2733/4/6 2756/4/6
f 2699/4/6 2700/4/6 2757/4/6
f 2756/5/6 2656/5/6 2757/5/6
f 2656/4/6 2699/4/6 2757/4/6
f 2734/3/6 2748/3/6 2758/3/6
f 2748/3/6 2749/3/6 2758/3/6
f 2749/4/6 2744/4/6 2759/4/6
f 2758/3/6 2749/3/6 2759/3/6
f 2755/4/6 2747/4/6 2760/4/6
f 2754/4/6 2755/4/6 2760/4/6
f 2753/4/6 2754/4/6 2760/4/6
f 2743/5/6 2726/5/6 2760/5/6
f 2747/4/6 2743/4/6 2760/4/6
f 2732/4/6 2756/4/6 2761/4/6
f 2760/5/6 2726/5/6 2761/5/6
f 2726/4/6 2732/4/6 2761/4/6
f 2756/4/6 2757/4/6 2761/4/6
f 2757/4/6 2700/4/6 2762/4/6
f 2761/4/6 2757/4/6 2762/4/6
f 2720/3/6 2721/3/6 2762/3/6
f 2700/3/6 2720/3/6 2762/3/6
f 2762/3/6 2721/3/6 2763/3/6
f 2714/5/6 2715/5/6 2764/5/6
f 2715/4/6 2738/4/6 2764/4/6
f 2738/5/6 2739/5/6 2765/5/6
f 2764/4/6 2738/4/6 2765/4/6
f 2739/4/6 2750/4/6 2766/4/6
f 2750/3/6 2751/3/6 2767/3/6
f 2766/4/6 2750/4/6 2767/4/6
f 2312/2/6 2722/2/6 2768/2/6
f 2722/3/6 2752/3/6 2768/3/6
f 2752/3/6 2753/3/6 2768/3/6
f 2768/3/6 2753/3/6 2769/3/6
f 2760/4/6 2761/4/6 2770/4/6
f 2762/4/6 2763/4/6 2770/4/6
f 2761/4/6 2762/4/6 2770/4/6
f 2770/4/6 2763/4/6 2771/4/6
f 2744/5/6 2745/5/6 2772/5/6
f 2745/4/6 2736/4/6 2772/4/6
f 2736/5/6 2737/5/6 2773/5/6
f 2772/4/6 2736/4/6 2773/4/6
f 2714/5/6 2764/5/6 2774/5/6
f 2764/3/6 2765/3/6 2774/3/6
f 2765/5/6 2739/5/6 2775/5/6
f 2774/3/6 2765/3/6 2775/3/6
f 2753/4/6 2760/4/6 2776/4/6
f 2769/3/6 2753/3/6 2776/3/6
f 2760/4/6 2770/4/6 2776/4/6
f 2776/4/6 2770/4/6 2777/4/6
f 2763/3/6 2721/3/6 2778/3/6
f 2721/2/6 2708/2/6 2779/2/6
f 2778/3/6 2721/3/6 2779/3/6
f 2709/2/6 2674/2/6 2780/2/6
f 2708/3/6 2709/3/6 2780/3/6
f 2734/3/6 2758/3/6 2781/3/6
f 2780/2/6 2674/2/6 2781/2/6
f 2674/3/6 2734/3/6 2781/3/6
f 2737/5/6 2713/5/6 2782/5/6
f 2773/5/6 2737/5/6 2782/5/6
f 2772/5/6 2773/5/6 2782/5/6
f 2713/4/6 2714/4/6 2782/4/6
f 2714/5/6 2774/5/6 2783/5/6
f 2782/4/6 2714/4/6 2783/4/6
f 2767/3/6 2751/3/6 2784/3/6
f 2751/3/6 2740/3/6 2784/3/6
f 2766/3/6 2767/3/6 2784/3/6
f 2740/2/6 2741/2/6 2785/2/6
f 2784/3/6 2740/3/6 2785/3/6
f 2776/3/6 2777/3/6 2786/3/6
f 2777/4/6 2770/4/6 2786/4/6
f 2786/4/6 2770/4/6 2787/4/6
f 2787/4/6 2770/4/6 2788/4/6
f 2770/3/6 2771/3/6 2789/3/6
f 2788/4/6 2770/4/6 2789/4/6
f 2782/5/6 2783/5/6 2790/5/6
f 2759/4/6 2744/4/6 2790/4/6
f 2758/4/6 2759/4/6 2790/4/6
f 2772/5/6 2782/5/6 2790/5/6
f 2744/5/6 2772/5/6 2790/5/6
f 2790/5/6 2783/5/6 2791/5/6
f 2783/5/6 2774/5/6 2792/5/6
f 2791/5/6 2783/5/6 2792/5/6
f 2774/4/6 2775/4/6 2793/4/6
f 2792/5/6 2774/5/6 2793/5/6
f 2766/3/6 2784/3/6 2794/3/6
f 2784/2/6 2785/2/6 2795/2/6
f 2794/3/6 2784/3/6 2795/3/6
f 2786/3/6 2787/3/6 2796/3/6
f 2776/3/6 2786/3/6 2796/3/6
f 2768/2/6 2769/2/6 2796/2/6
f 2769/3/6 2776/3/6 2796/3/6
f 2796/3/6 2787/3/6 2797/3/6
f 2791/5/6 2792/5/6 2798/5/6
f 2798/5/6 2792/5/6 2799/5/6
f 2792/4/6 2793/4/6 2800/4/6
f 2799/5/6 2792/5/6 2800/5/6
f 2800/4/6 2793/4/6 2801/4/6
f 2775/5/6 2739/5/6 2802/5/6
f 2801/4/6 2793/4/6 2802/4/6
f 2793/4/6 2775/4/6 2802/4/6
f 2802/5/6 2739/5/6 2803/5/6
f 2739/4/6 2766/4/6 2804/4/6
f 2803/5/6 2739/5/6 2804/5/6
f 2766/3/6 2794/3/6 2805/3/6
f 2804/4/6 2766/4/6 2805/4/6
f 2787/4/6 2788/4/6 2806/4/6
f 2788/3/6 2789/3/6 2807/3/6
f 2806/4/6 2788/4/6 2807/4/6
f 2790/4/6 2791/4/6 2808/4/6
f 2791/5/6 2798/5/6 2808/5/6
f 2808/5/6 2798/5/6 2809/5/6
f 2800/5/6 2801/5/6 2810/5/6
f 2799/5/6 2800/5/6 2810/5/6
f 2798/4/6 2799/4/6 2810/4/6
f 2802/4/6 2803/4/6 2811/4/6
f 2810/5/6 2801/5/6 2811/5/6
f 2801/4/6 2802/4/6 2811/4/6
f 2768/2/6 2796/2/6 2812/2/6
f 2796/2/6 2797/2/6 2812/2/6
f 2797/3/6 2787/3/6 2813/3/6
f 2812/2/6 2797/2/6 2813/2/6
f 2807/3/6 2789/3/6 2814/3/6
f 2789/3/6 2771/3/6 2814/3/6
f 2771/4/6 2763/4/6 2814/4/6
f 2806/3/6 2807/3/6 2814/3/6
f 2814/4/6 2763/4/6 2815/4/6
f 2811/4/6 2803/4/6 2816/4/6
f 2810/4/6 2811/4/6 2816/4/6
f 2804/3/6 2805/3/6 2817/3/6
f 2816/4/6 2803/4/6 2817/4/6
f 2803/3/6 2804/3/6 2817/3/6
f 2817/3/6 2805/3/6 2818/3/6
f 2805/3/6 2794/3/6 2819/3/6
f 2818/3/6 2805/3/6 2819/3/6
f 2794/2/6 2795/2/6 2819/2/6
f 2779/2/6 2708/2/6 2820/2/6
f 2778/2/6 2779/2/6 2820/2/6
f 2708/3/6 2780/3/6 2821/3/6
f 2820/2/6 2708/2/6 2821/2/6
f 2780/3/6 2781/3/6 2821/3/6
f 2787/4/6 2806/4/6 2822/4/6
f 2822/4/6 2806/4/6 2823/4/6
f 2823/4/6 2806/4/6 2824/4/6
f 2806/3/6 2814/3/6 2825/3/6
f 2824/4/6 2806/4/6 2825/4/6
f 2814/3/6 2815/3/6 2825/3/6
f 2815/4/6 2763/4/6 2826/4/6
f 2825/3/6 2815/3/6 2826/3/6
f 2763/3/6 2778/3/6 2827/3/6
f 2826/4/6 2763/4/6 2827/4/6
f 2810/4/6 2816/4/6 2828/4/6
f 2817/3/6 2818/3/6 2829/3/6
f 2828/4/6 2816/4/6 2829/4/6
f 2816/3/6 2817/3/6 2829/3/6
f 2829/3/6 2818/3/6 2830/3/6
f 2818/2/6 2819/2/6 2831/2/6
f 2830/3/6 2818/3/6 2831/3/6
f 2809/5/6 2798/5/6 2832/5/6
f 2808/4/6 2809/4/6 2832/4/6
f 2798/4/6 2810/4/6 2833/4/6
f 2832/5/6 2798/5/6 2833/5/6
f 2810/4/6 2828/4/6 2833/4/6
f 2821/3/6 2781/3/6 2834/3/6
f 2781/3/6 2758/3/6 2834/3/6
f 2832/4/6 2833/4/6 2834/4/6
f 2808/4/6 2832/4/6 2834/4/6
f 2820/3/6 2821/3/6 2834/3/6
f 2790/4/6 2808/4/6 2834/4/6
f 2758/4/6 2790/4/6 2834/4/6
f 2834/4/6 2833/4/6 2835/4/6
f 2833/4/6 2828/4/6 2836/4/6
f 2835/4/6 2833/4/6 2836/4/6
f 2829/3/6 2830/3/6 2837/3/6
f 2836/4/6 2828/4/6 2837/4/6
f 2828/3/6 2829/3/6 2837/3/6
f 2825/3/6 2826/3/6 2838/3/6
f 2824/3/6 2825/3/6 2838/3/6
f 2826/3/6 2827/3/6 2838/3/6
f 2838/3/6 2827/3/6 2839/3/6
f 2837/3/6 2830/3/6 2840/3/6
f 2836/3/6 2837/3/6 2840/3/6
f 2830/2/6 2831/2/6 2841/2/6
f 2840/3/6 2830/3/6 2841/3/6
f 2812/3/6 2813/3/6 2842/3/6
f 2768/2/6 2812/2/6 2842/2/6
f 2813/3/6 2787/3/6 2843/3/6
f 2842/3/6 2813/3/6 2843/3/6
f 2787/4/6 2822/4/6 2844/4/6
f 2843/3/6 2787/3/6 2844/3/6
f 2822/3/6 2823/3/6 2845/3/6
f 2844/4/6 2822/4/6 2845/4/6
f 2839/3/6 2827/3/6 2846/3/6
f 2838/2/6 2839/2/6 2846/2/6
f 2846/3/6 2827/3/6 2847/3/6
f 2834/3/6 2835/3/6 2848/3/6
f 2835/4/6 2836/4/6 2848/4/6
f 2848/4/6 2836/4/6 2849/4/6
f 2842/2/6 2843/2/6 2850/2/6
f 2844/3/6 2845/3/6 2850/3/6
f 2843/3/6 2844/3/6 2850/3/6
f 2850/3/6 2845/3/6 2851/3/6
f 2823/4/6 2824/4/6 2852/4/6
f 2824/3/6 2838/3/6 2853/3/6
f 2852/4/6 2824/4/6 2853/4/6
f 2778/2/6 2820/2/6 2854/2/6
f 2848/3/6 2849/3/6 2854/3/6
f 2820/3/6 2834/3/6 2854/3/6
f 2834/3/6 2848/3/6 2854/3/6
f 2854/3/6 2849/3/6 2855/3/6
f 2849/4/6 2836/4/6 2856/4/6
f 2855/3/6 2849/3/6 2856/3/6
f 2856/4/6 2836/4/6 2857/4/6
f 2850/2/6 2851/2/6 2858/2/6
f 2851/3/6 2845/3/6 2858/3/6
f 2858/3/6 2845/3/6 2859/3/6
f 2853/3/6 2838/3/6 2860/3/6
f 2852/3/6 2853/3/6 2860/3/6
f 2846/2/6 2847/2/6 2861/2/6
f 2860/3/6 2838/3/6 2861/3/6
f 2838/2/6 2846/2/6 2861/2/6
f 2852/3/6 2860/3/6 2862/3/6
f 2860/2/6 2861/2/6 2863/2/6
f 2862/3/6 2860/3/6 2863/3/6
f 2847/3/6 2827/3/6 2864/3/6
f 2863/2/6 2861/2/6 2864/2/6
f 2861/2/6 2847/2/6 2864/2/6
f 2864/3/6 2827/3/6 2865/3/6
f 2854/2/6 2855/2/6 2866/2/6
f 2856/3/6 2857/3/6 2866/3/6
f 2855/3/6 2856/3/6 2866/3/6
f 2866/3/6 2857/3/6 2867/3/6
f 2859/3/6 2845/3/6 2868/3/6
f 2858/2/6 2859/2/6 2868/2/6
f 2868/3/6 2845/3/6 2869/3/6
f 2865/3/6 2827/3/6 2870/3/6
f 2866/2/6 2867/2/6 2871/2/6
f 2870/3/6 2827/3/6 2871/3/6
f 2827/3/6 2778/3/6 2871/3/6
f 2778/2/6 2854/2/6 2871/2/6
f 2854/2/6 2866/2/6 2871/2/6
f 2867/3/6 2857/3/6 2872/3/6
f 2857/4/6 2836/4/6 2872/4/6
f 2872/4/6 2836/4/6 2873/4/6
f 2872/3/6 2873/3/6 2874/3/6
f 2873/4/6 2836/4/6 2874/4/6
f 2836/3/6 2840/3/6 2875/3/6
f 2874/4/6 2836/4/6 2875/4/6
f 2869/3/6 2845/3/6 2876/3/6
f 2868/2/6 2869/2/6 2876/2/6
f 2845/3/6 2823/3/6 2877/3/6
f 2876/3/6 2845/3/6 2877/3/6
f 2823/4/6 2852/4/6 2877/4/6
f 2852/3/6 2862/3/6 2878/3/6
f 2877/4/6 2852/4/6 2878/4/6
f 2878/3/6 2862/3/6 2879/3/6
f 2862/2/6 2863/2/6 2880/2/6
f 2879/3/6 2862/3/6 2880/3/6
f 2864/2/6 2865/2/6 2880/2/6
f 2863/2/6 2864/2/6 2880/2/6
f 2768/2/6 2842/2/6 2881/2/6
f 1469/2/6 2312/2/6 2881/2/6
f 725/2/6 1469/2/6 2881/2/6
f 2858/2/6 2868/2/6 2881/2/6
f 2850/2/6 2858/2/6 2881/2/6
f 2868/2/6 2876/2/6 2881/2/6
f 2876/2/6 2877/2/6 2881/2/6
f 2842/2/6 2850/2/6 2881/2/6
f 2312/2/6 2768/2/6 2881/2/6
f 2878/3/6 2879/3/6 2882/3/6
f 2881/2/6 2877/2/6 2882/2/6
f 2877/3/6 2878/3/6 2882/3/6
f 2879/2/6 2880/2/6 2883/2/6
f 2882/3/6 2879/3/6 2883/3/6
f 2880/2/6 2865/2/6 2884/2/6
f 2883/2/6 2880/2/6 2884/2/6
f 2865/3/6 2870/3/6 2884/3/6
f 2870/2/6 2871/2/6 2885/2/6
f 2884/3/6 2870/3/6 2885/3/6
f 2871/2/6 2867/2/6 2886/2/6
f 2885/2/6 2871/2/6 2886/2/6
f 2867/3/6 2872/3/6 2886/3/6
f 2872/3/6 2874/3/6 2886/3/6
f 2874/3/6 2875/3/6 2886/3/6
f 2875/3/6 2840/3/6 2887/3/6
f 2886/3/6 2875/3/6 2887/3/6
f 2840/2/6 2841/2/6 2887/2/6
f 2618/2/6 1302/2/6 2888/2/6
f 2887/2/6 2841/2/6 2888/2/6
f 2841/2/6 2831/2/6 2888/2/6
f 2819/2/6 2795/2/6 2888/2/6
f 2741/2/6 2717/2/6 2888/2/6
f 2642/2/6 2618/2/6 2888/2/6
f 2785/2/6 2741/2/6 2888/2/6
f 2717/2/6 2694/2/6 2888/2/6
f 1302/2/6 1275/2/6 2888/2/6
f 2795/2/6 2785/2/6 2888/2/6
f 2831/2/6 2819/2/6 2888/2/6
f 2694/2/6 2642/2/6 2888/2/6
f 2889/2/6 2890/2/6 2913/2/6
f 2913/2/6 2890/2/6 2914/2/6
f 2891/2/6 2892/2/6 2915/2/6
f 2915/2/6 2892/2/6 2916/2/6
f 2893/2/6 2894/2/6 2917/2/6
f 2917/2/6 2894/2/6 2918/2/6
f 2895/2/6 2896/2/6 2919/2/6
f 2919/2/6 2896/2/6 2920/2/6
f 2897/2/6 2898/2/6 2921/2/6
f 2921/2/6 2898/2/6 2922/2/6
f 2899/2/6 2900/2/6 2923/2/6
f 2923/2/6 2900/2/6 2924/2/6
f 2901/2/6 2902/2/6 2925/2/6
f 2925/2/6 2902/2/6 2926/2/6
f 2903/2/6 2904/2/6 2927/2/6
f 2927/2/6 2904/2/6 2928/2/6
f 2905/2/6 2906/2/6 2929/2/6
f 2929/2/6 2906/2/6 2930/2/6
f 2907/2/6 2908/2/6 2931/2/6
f 2931/2/6 2908/2/6 2932/2/6
f 2909/2/6 2910/2/6 2933/2/6
f 2933/2/6 2910/2/6 2934/2/6
f 2911/2/6 2912/2/6 2935/2/6
f 2935/2/6 2912/2/6 2936/2/6
f 2889/2/6 2913/2/6 2937/2/6
f 2914/2/6 2890/2/6 2938/2/6
f 2891/2/6 2915/2/6 2939/2/6
f 2916/2/6 2892/2/6 2940/2/6
f 2893/2/6 2917/2/6 2941/2/6
f 2918/2/6 2894/2/6 2942/2/6
f 2895/2/6 2919/2/6 2943/2/6
f 2920/2/6 2896/2/6 2944/2/6
f 2897/2/6 2921/2/6 2945/2/6
f 2922/2/6 2898/2/6 2946/2/6
f 2899/2/6 2923/2/6 2947/2/6
f 2924/2/6 2900/2/6 2948/2/6
f 2901/2/6 2925/2/6 2949/2/6
f 2926/2/6 2902/2/6 2950/2/6
f 2903/2/6 2927/2/6 2951/2/6
f 2928/2/6 2904/2/6 2952/2/6
f 2905/2/6 2929/2/6 2953/2/6
f 2930/2/6 2906/2/6 2954/2/6
f 2907/2/6 2931/2/6 2955/2/6
f 2932/2/6 2908/2/6 2956/2/6
f 2909/2/6 2933/2/6 2957/2/6
f 2934/2/6 2910/2/6 2958/2/6
f 2911/2/6 2935/2/6 2959/2/6
f 2936/2/6 2912/2/6 2960/2/6
f 2889/2/6 2937/2/6 2961/2/6
f 2937/2/6 2938/2/6 2961/2/6
f 2938/2/6 2890/2/6 2962/2/6
f 2961/2/6 2938/2/6 2962/2/6
f 2891/2/6 2939/2/6 2963/2/6
f 2939/2/6 2940/2/6 2963/2/6
f 2940/2/6 2892/2/6 2964/2/6
f 2963/2/6 2940/2/6 2964/2/6
f 2893/2/6 2941/2/6 2965/2/6
f 2941/2/6 2942/2/6 2965/2/6
f 2942/2/6 2894/2/6 2966/2/6
f 2965/2/6 2942/2/6 2966/2/6
f 2895/2/6 2943/2/6 2967/2/6
f 2943/2/6 2944/2/6 2967/2/6
f 2944/2/6 2896/2/6 2968/2/6
f 2967/2/6 2944/2/6 2968/2/6
f 2897/2/6 2945/2/6 2969/2/6
f 2945/2/6 2946/2/6 2969/2/6
f 2946/2/6 2898/2/6 2970/2/6
f 2969/2/6 2946/2/6 2970/2/6
f 2899/2/6 2947/2/6 2971/2/6
f 2947/2/6 2948/2/6 2971/2/6
f 2948/2/6 2900/2/6 2972/2/6
f 2971/2/6 2948/2/6 2972/2/6
f 2901/2/6 2949/2/6 2973/2/6
f 2949/2/6 2950/2/6 2973/2/6
f 2950/2/6 2902/2/6 2974/2/6
f 2973/2/6 2950/2/6 2974/2/6
f 2903/2/6 2951/2/6 2975/2/6
f 2951/2/6 2952/2/6 2975/2/6
f 2952/2/6 2904/2/6 2976/2/6
f 2975/2/6 2952/2/6 2976/2/6
f 2905/2/6 2953/2/6 2977/2/6
f 2953/2/6 2954/2/6 2977/2/6
f 2954/2/6 2906/2/6 2978/2/6
f 2977/2/6 2954/2/6 2978/2/6
f 2907/2/6 2955/2/6 2979/2/6
f 2955/2/6 2956/2/6 2979/2/6
f 2956/2/6 2908/2/6 2980/2/6
f 2979/2/6 2956/2/6 2980/2/6
f 2909/2/6 2957/2/6 2981/2/6
f 2957/2/6 2958/2/6 2981/2/6
f 2958/2/6 2910/2/6 2982/2/6
f 2981/2/6 2958/2/6 2982/2/6
f 2959/2/6 2960/2/6 2983/2/6
f 2911/2/6 2959/2/6 2983/2/6
f 2960/2/6 2912/2/6 2984/2/6
f 2983/2/6 2960/2/6 2984/2/6
f 2985/2/6 2986/2/6 2989/2/6
f 2989/2/6 2986/2/6 2990/2/6
f 2987/2/6 2988/2/6 2991/2/6
f 2991/2/6 2988/2/6 2992/2/6
f 2985/2/6 2989/2/6 2993/2/6
f 2990/2/6 2986/2/6 2994/2/6
f 2987/2/6 2991/2/6 2995/2/6
f 2992/2/6 2988/2/6 2996/2/6
f 2985/2/6 2993/2/6 2997/2/6
f 2993/2/6 2994/2/6 2997/2/6
f 2994/2/6 2986/2/6 2998/2/6
f 2997/2/6 2994/2/6 2998/2/6
f 2995/2/6 2996/2/6 2999/2/6
f 2987/2/6 2995/2/6 2999/2/6
f 2996/2/6 2988/2/6 3000/2/6
f 2999/2/6 2996/2/6 3000/2/6
f 3001/1/6 3002/1/6 3018/1/6
f 3018/1/6 3002/1/6 3019/1/6
f 3003/1/6 3004/1/6 3020/1/6
f 3020/1/6 3004/1/6 3021/1/6
f 3005/1/6 3006/1/6 3022/1/6
f 3022/1/6 3006/1/6 3023/1/6
f 3007/1/6 3008/1/6 3024/1/6
f 3024/1/6 3008/1/6 3025/1/6
f 3009/1/6 3010/1/6 3026/1/6
f 3026/1/6 3010/1/6 3027/1/6
f 3011/1/6 3012/1/6 3028/1/6
f 3028/1/6 3012/1/6 3029/1/6
f 3013/1/6 3014/1/6 3030/1/6
f 3030/1/6 3014/1/6 3031/1/6
f 3015/1/6 3016/1/6 3032/1/6
f 3032/1/6 3016/1/6 3033/1/6
f 3017/1/6 3018/1/6 3035/1/6
f 3035/1/6 3018/1/6 3036/1/6
f 3033/1/6 3034/1/6 3037/1/6
f 3037/1/6 3034/1/6 3038/1/6
f 3039/1/6 3040/1/6 3047/1/6
f 3047/1/6 3040/1/6 3048/1/6
f 3041/1/6 3042/1/6 3049/1/6
f 3049/1/6 3042/1/6 3050/1/6
f 3043/1/6 3044/1/6 3051/1/6
f 3051/1/6 3044/1/6 3052/1/6
f 3045/1/6 3046/1/6 3053/1/6
f 3053/1/6 3046/1/6 3054/1/6
f 3039/1/6 3047/1/6 3055/1/6
f 3055/1/6 3047/1/6 3056/1/6
f 3054/1/6 3046/1/6 3057/1/6
f 3057/1/6 3046/1/6 3058/1/6
