# MagicaVoxel @ Ephtracy

# group
o 

# material
mtllib Fabric.mtl
usemtl palette

# normals
vn -1 0 0
vn 1 0 0
vn 0 0 1
vn 0 0 -1
vn 0 -1 0
vn 0 1 0

# texcoords
vt 0.00195312 0.5
vt 0.0214844 0.5
vt 0.0644531 0.5
vt 0.0683594 0.5
vt 0.0722656 0.5
vt 0.0761719 0.5
vt 0.134766 0.5
vt 0.138672 0.5
vt 0.158203 0.5
vt 0.162109 0.5
vt 0.166016 0.5
vt 0.169922 0.5

# verts
v -2 0 2
v -2 0 -2
v -2 0.1 1.2
v -2 0.1 1
v -2 0.1 0.9
v -2 0.1 0.7
v -2 0.1 0.4
v -2 0.1 -0.6
v -2 0.1 -1.4
v -2 0.1 -1.6
v -2 0.2 2
v -2 0.2 1.2
v -2 0.2 1
v -2 0.2 0.9
v -2 0.2 0.7
v -2 0.2 0.4
v -2 0.2 -0.6
v -2 0.2 -1.4
v -2 0.2 -1.6
v -2 0.2 -2
v -1.9 0.2 1.9
v -1.9 0.2 1.2
v -1.9 0.2 1
v -1.9 0.2 0.9
v -1.9 0.2 0.7
v -1.9 0.2 0.4
v -1.9 0.2 -0.6
v -1.9 0.2 -1.4
v -1.9 0.2 -1.6
v -1.9 0.2 -1.9
v -1.9 0.3 1.9
v -1.9 0.3 1.2
v -1.9 0.3 0.7
v -1.9 0.3 0.4
v -1.9 0.3 -0.6
v -1.9 0.3 -1.4
v -1.9 0.3 -1.6
v -1.9 0.3 -1.9
v -1.6 1 1.6
v -1.6 1 1.4
v -1.6 1 1.3
v -1.6 1 1.1
v -1.6 1 1
v -1.6 1 0.8
v -1.6 1 0.7
v -1.6 1 0.5
v -1.6 1 0.4
v -1.6 1 0.2
v -1.6 1 0.0999999
v -1.6 1 -0.1
v -1.6 1 -0.2
v -1.6 1 -0.4
v -1.6 1 -0.5
v -1.6 1 -0.7
v -1.6 1 -0.8
v -1.6 1 -1
v -1.6 1 -1.1
v -1.6 1 -1.3
v -1.6 1 -1.4
v -1.6 1 -1.6
v -1.6 1.1 1.6
v -1.6 1.1 1.4
v -1.6 1.1 1.3
v -1.6 1.1 1.1
v -1.6 1.1 1
v -1.6 1.1 0.8
v -1.6 1.1 0.7
v -1.6 1.1 0.5
v -1.6 1.1 0.4
v -1.6 1.1 0.2
v -1.6 1.1 0.0999999
v -1.6 1.1 -0.1
v -1.6 1.1 -0.2
v -1.6 1.1 -0.4
v -1.6 1.1 -0.5
v -1.6 1.1 -0.7
v -1.6 1.1 -0.8
v -1.6 1.1 -1
v -1.6 1.1 -1.1
v -1.6 1.1 -1.3
v -1.6 1.1 -1.4
v -1.6 1.1 -1.6
v -1.5 0.3 1.5
v -1.5 0.3 1.4
v -1.5 0.3 1.1
v -1.5 0.3 0.5
v -1.5 0.3 -0.5
v -1.5 0.3 -1.5
v -1.5 0.3 -1.7
v -1.5 0.4 1.3
v -1.5 0.4 0.8
v -1.5 0.4 0.6
v -1.5 0.4 0.0999999
v -1.5 0.4 -0.1
v -1.5 0.4 -0.6
v -1.5 0.4 -0.8
v -1.5 0.4 -1.3
v -1.5 0.5 1.2
v -1.5 0.5 0.9
v -1.5 0.5 0.5
v -1.5 0.5 0.2
v -1.5 0.5 -0.2
v -1.5 0.5 -0.5
v -1.5 0.5 -0.9
v -1.5 0.5 -1.2
v -1.5 1 1.5
v -1.5 1 1.4
v -1.5 1 1.3
v -1.5 1 1.2
v -1.5 1 0.9
v -1.5 1 0.8
v -1.5 1 0.7
v -1.5 1 0.6
v -1.5 1 0.5
v -1.5 1 0.2
v -1.5 1 0.0999999
v -1.5 1 -0.1
v -1.5 1 -0.2
v -1.5 1 -0.5
v -1.5 1 -0.6
v -1.5 1 -0.7
v -1.5 1 -0.8
v -1.5 1 -0.9
v -1.5 1 -1.2
v -1.5 1 -1.3
v -1.5 1 -1.4
v -1.5 1 -1.6
v -1.5 1.1 1.6
v -1.5 1.1 1.4
v -1.5 1.1 1.3
v -1.5 1.1 1.1
v -1.5 1.1 1
v -1.5 1.1 0.8
v -1.5 1.1 0.7
v -1.5 1.1 0.5
v -1.5 1.1 0.4
v -1.5 1.1 0.2
v -1.5 1.1 0.0999999
v -1.5 1.1 -0.1
v -1.5 1.1 -0.2
v -1.5 1.1 -0.4
v -1.5 1.1 -0.5
v -1.5 1.1 -0.7
v -1.5 1.1 -0.8
v -1.5 1.1 -1
v -1.5 1.1 -1.1
v -1.5 1.1 -1.3
v -1.5 1.1 -1.4
v -1.5 1.1 -1.6
v -1.5 1.2 1.6
v -1.5 1.2 1.4
v -1.5 1.2 1.3
v -1.5 1.2 1.1
v -1.5 1.2 1
v -1.5 1.2 0.8
v -1.5 1.2 0.7
v -1.5 1.2 0.5
v -1.5 1.2 0.4
v -1.5 1.2 0.2
v -1.5 1.2 0.0999999
v -1.5 1.2 -0.1
v -1.5 1.2 -0.2
v -1.5 1.2 -0.4
v -1.5 1.2 -0.5
v -1.5 1.2 -0.7
v -1.5 1.2 -0.8
v -1.5 1.2 -1
v -1.5 1.2 -1.1
v -1.5 1.2 -1.3
v -1.5 1.2 -1.4
v -1.5 1.4 -1.4
v -1.5 1.4 -1.7
v -1.5 1.5 -1.4
v -1.5 1.5 -1.5
v -1.5 1.5 -1.6
v -1.5 1.5 -1.7
v -1.5 2.8 -1.4
v -1.5 2.8 -1.5
v -1.5 2.8 -1.6
v -1.5 2.8 -1.7
v -1.5 2.9 -1.4
v -1.5 2.9 -1.7
v -1.4 0.5 1.2
v -1.4 0.5 0.9
v -1.4 0.5 0.5
v -1.4 0.5 0.2
v -1.4 0.5 -0.2
v -1.4 0.5 -0.5
v -1.4 0.5 -0.9
v -1.4 0.5 -1.2
v -1.4 1 1.2
v -1.4 1 0.9
v -1.4 1 0.5
v -1.4 1 0.2
v -1.4 1 -0.2
v -1.4 1 -0.5
v -1.4 1 -0.9
v -1.4 1 -1.2
v -1.4 1.2 1.6
v -1.4 1.2 1.4
v -1.4 1.2 1.3
v -1.4 1.2 1.1
v -1.4 1.2 1
v -1.4 1.2 0.8
v -1.4 1.2 0.7
v -1.4 1.2 0.5
v -1.4 1.2 0.4
v -1.4 1.2 0.2
v -1.4 1.2 0.0999999
v -1.4 1.2 -0.1
v -1.4 1.2 -0.2
v -1.4 1.2 -0.4
v -1.4 1.2 -0.5
v -1.4 1.2 -0.7
v -1.4 1.2 -0.8
v -1.4 1.2 -1
v -1.4 1.2 -1.1
v -1.4 1.2 -1.3
v -1.4 1.2 -1.4
v -1.4 1.3 1.6
v -1.4 1.3 1.4
v -1.4 1.3 1.3
v -1.4 1.3 1.1
v -1.4 1.3 1
v -1.4 1.3 0.8
v -1.4 1.3 0.7
v -1.4 1.3 0.5
v -1.4 1.3 0.4
v -1.4 1.3 0.2
v -1.4 1.3 0.0999999
v -1.4 1.3 -0.1
v -1.4 1.3 -0.2
v -1.4 1.3 -0.4
v -1.4 1.3 -0.5
v -1.4 1.3 -0.7
v -1.4 1.3 -0.8
v -1.4 1.3 -1
v -1.4 1.3 -1.1
v -1.4 1.3 -1.3
v -1.4 1.3 -1.4
v -1.4 1.5 -1.4
v -1.4 1.5 -1.5
v -1.4 1.5 -1.6
v -1.4 1.5 -1.7
v -1.4 2.8 -1.4
v -1.4 2.8 -1.5
v -1.4 2.8 -1.6
v -1.4 2.8 -1.7
v -1.3 1 1.6
v -1.3 1 1.5
v -1.3 1.1 1.6
v -1.3 1.1 1.5
v -1.3 2.2 -1.5
v -1.3 2.2 -1.6
v -1.3 2.8 -1.5
v -1.3 2.8 -1.6
v -1.3 2.9 -1.5
v -1.3 2.9 -1.6
v -1.2 1.3 1.6
v -1.2 1.3 1.4
v -1.2 1.3 1.3
v -1.2 1.3 1.1
v -1.2 1.3 1
v -1.2 1.3 0.8
v -1.2 1.3 0.7
v -1.2 1.3 0.5
v -1.2 1.3 0.4
v -1.2 1.3 0.2
v -1.2 1.3 0.0999999
v -1.2 1.3 -0.1
v -1.2 1.3 -0.2
v -1.2 1.3 -0.4
v -1.2 1.3 -0.5
v -1.2 1.3 -0.7
v -1.2 1.3 -0.8
v -1.2 1.3 -1
v -1.2 1.3 -1.1
v -1.2 1.3 -1.3
v -1.2 1.3 -1.4
v -1.2 1.4 1.6
v -1.2 1.4 1.4
v -1.2 1.4 1.3
v -1.2 1.4 1.1
v -1.2 1.4 1
v -1.2 1.4 0.8
v -1.2 1.4 0.7
v -1.2 1.4 0.5
v -1.2 1.4 0.4
v -1.2 1.4 0.2
v -1.2 1.4 0.0999999
v -1.2 1.4 -0.1
v -1.2 1.4 -0.2
v -1.2 1.4 -0.4
v -1.2 1.4 -0.5
v -1.2 1.4 -0.7
v -1.2 1.4 -0.8
v -1.2 1.4 -1
v -1.2 1.4 -1.1
v -1.2 1.4 -1.3
v -1.2 1.4 -1.4
v -1.1 0.3 -1.5
v -1.1 0.3 -1.7
v -1.1 1.2 -1.5
v -1.1 1.2 -1.6
v -1.1 1.4 -1.4
v -1.1 1.4 -1.6
v -1.1 1.4 -1.7
v -1.1 1.5 -1.4
v -1.1 1.5 -1.5
v -1.1 1.5 -1.6
v -1.1 1.5 -1.7
v -1.1 2.8 -1.4
v -1.1 2.8 -1.5
v -1.1 2.8 -1.6
v -1.1 2.8 -1.7
v -1.1 2.9 -1.4
v -1.1 2.9 -1.7
v -1 1.5 -1.4
v -1 1.5 -1.5
v -1 1.5 -1.6
v -1 1.5 -1.7
v -1 1.6 1.6
v -1 1.6 1.4
v -1 1.6 1.3
v -1 1.6 1.1
v -1 1.6 1
v -1 1.6 0.8
v -1 1.6 0.7
v -1 1.6 0.5
v -1 1.6 0.4
v -1 1.6 0.2
v -1 1.6 0.0999999
v -1 1.6 -0.1
v -1 1.6 -0.2
v -1 1.6 -0.4
v -1 1.6 -0.5
v -1 1.6 -0.7
v -1 1.6 -0.8
v -1 1.6 -1
v -1 1.6 -1.1
v -1 1.6 -1.3
v -1 1.6 -1.4
v -1 1.7 1.6
v -1 1.7 1.4
v -1 1.7 1.3
v -1 1.7 1.1
v -1 1.7 1
v -1 1.7 0.8
v -1 1.7 0.7
v -1 1.7 0.5
v -1 1.7 0.4
v -1 1.7 0.2
v -1 1.7 0.0999999
v -1 1.7 -0.1
v -1 1.7 -0.2
v -1 1.7 -0.4
v -1 1.7 -0.5
v -1 1.7 -0.7
v -1 1.7 -0.8
v -1 1.7 -1
v -1 1.7 -1.1
v -1 1.7 -1.3
v -1 1.7 -1.4
v -1 2.8 -1.4
v -1 2.8 -1.5
v -1 2.8 -1.6
v -1 2.8 -1.7
v -0.9 1.4 1.5
v -0.9 1.4 1.4
v -0.9 1.4 1.3
v -0.9 1.4 1.1
v -0.9 1.4 1
v -0.9 1.4 0.8
v -0.9 1.4 0.7
v -0.9 1.4 0.5
v -0.9 1.4 0.4
v -0.9 1.4 0.2
v -0.9 1.4 0.0999999
v -0.9 1.4 -0.1
v -0.9 1.4 -0.2
v -0.9 1.4 -0.4
v -0.9 1.4 -0.5
v -0.9 1.4 -0.7
v -0.9 1.4 -0.8
v -0.9 1.4 -1
v -0.9 1.4 -1.1
v -0.9 1.4 -1.3
v -0.9 1.4 -1.4
v -0.9 1.5 -1.4
v -0.9 1.6 1.5
v -0.9 1.6 1.4
v -0.9 1.6 1.3
v -0.9 1.6 1.1
v -0.9 1.6 1
v -0.9 1.6 0.8
v -0.9 1.6 0.7
v -0.9 1.6 0.5
v -0.9 1.6 0.4
v -0.9 1.6 0.2
v -0.9 1.6 0.0999999
v -0.9 1.6 -0.1
v -0.9 1.6 -0.2
v -0.9 1.6 -0.4
v -0.9 1.6 -0.5
v -0.9 1.6 -0.7
v -0.9 1.6 -0.8
v -0.9 1.6 -1
v -0.9 1.6 -1.1
v -0.9 1.6 -1.3
v -0.9 1.6 -1.4
v -0.9 1.7 1.6
v -0.9 1.7 1.4
v -0.9 1.7 1.3
v -0.9 1.7 1.1
v -0.9 1.7 1
v -0.9 1.7 0.8
v -0.9 1.7 0.7
v -0.9 1.7 0.5
v -0.9 1.7 0.4
v -0.9 1.7 0.2
v -0.9 1.7 0.0999999
v -0.9 1.7 -0.1
v -0.9 1.7 -0.2
v -0.9 1.7 -0.4
v -0.9 1.7 -0.5
v -0.9 1.7 -0.7
v -0.9 1.7 -0.8
v -0.9 1.7 -1
v -0.9 1.7 -1.1
v -0.9 1.7 -1.3
v -0.9 1.7 -1.4
v -0.9 1.8 1.6
v -0.9 1.8 1.4
v -0.9 1.8 1.3
v -0.9 1.8 1.1
v -0.9 1.8 1
v -0.9 1.8 0.8
v -0.9 1.8 0.7
v -0.9 1.8 0.5
v -0.9 1.8 0.4
v -0.9 1.8 0.2
v -0.9 1.8 0.0999999
v -0.9 1.8 -0.1
v -0.9 1.8 -0.2
v -0.9 1.8 -0.4
v -0.9 1.8 -0.5
v -0.9 1.8 -0.7
v -0.9 1.8 -0.8
v -0.9 1.8 -1
v -0.9 1.8 -1.1
v -0.9 1.8 -1.3
v -0.9 1.8 -1.4
v -0.9 2 -1.5
v -0.9 2 -1.6
v -0.9 2.8 -1.5
v -0.9 2.8 -1.6
v -0.9 2.9 -1.5
v -0.9 2.9 -1.6
v -0.8 0.5 1.5
v -0.8 0.5 1.4
v -0.8 1 1.5
v -0.8 1 1.4
v -0.8 1.8 1.6
v -0.8 1.8 1.4
v -0.8 1.8 1.3
v -0.8 1.8 1.1
v -0.8 1.8 1
v -0.8 1.8 0.8
v -0.8 1.8 0.7
v -0.8 1.8 0.5
v -0.8 1.8 0.4
v -0.8 1.8 0.2
v -0.8 1.8 0.0999999
v -0.8 1.8 -0.1
v -0.8 1.8 -0.2
v -0.8 1.8 -0.4
v -0.8 1.8 -0.5
v -0.8 1.8 -0.7
v -0.8 1.8 -0.8
v -0.8 1.8 -1
v -0.8 1.8 -1.1
v -0.8 1.8 -1.3
v -0.8 1.8 -1.4
v -0.8 1.9 1.6
v -0.8 1.9 1.4
v -0.8 1.9 1.3
v -0.8 1.9 1.1
v -0.8 1.9 1
v -0.8 1.9 0.8
v -0.8 1.9 0.7
v -0.8 1.9 0.5
v -0.8 1.9 0.4
v -0.8 1.9 0.2
v -0.8 1.9 0.0999999
v -0.8 1.9 -0.1
v -0.8 1.9 -0.2
v -0.8 1.9 -0.4
v -0.8 1.9 -0.5
v -0.8 1.9 -0.7
v -0.8 1.9 -0.8
v -0.8 1.9 -1
v -0.8 1.9 -1.1
v -0.8 1.9 -1.3
v -0.8 1.9 -1.4
v -0.7 0.3 -1.5
v -0.7 0.3 -1.7
v -0.7 1.4 -1.5
v -0.7 1.4 -1.7
v -0.7 1.5 -1.5
v -0.7 1.5 -1.6
v -0.7 1.5 -1.7
v -0.7 1.7 -1.5
v -0.7 1.7 -1.6
v -0.7 1.9 -1.4
v -0.7 1.9 -1.6
v -0.7 2 -1.4
v -0.7 2 -1.5
v -0.7 2.8 -1.4
v -0.7 2.8 -1.5
v -0.7 2.8 -1.6
v -0.7 2.8 -1.7
v -0.7 2.9 -1.4
v -0.7 2.9 -1.7
v -0.6 1.5 -1.6
v -0.6 1.5 -1.7
v -0.6 1.9 1.6
v -0.6 1.9 1.4
v -0.6 1.9 1.3
v -0.6 1.9 1.1
v -0.6 1.9 1
v -0.6 1.9 0.8
v -0.6 1.9 0.7
v -0.6 1.9 0.5
v -0.6 1.9 0.4
v -0.6 1.9 0.2
v -0.6 1.9 0.0999999
v -0.6 1.9 -0.1
v -0.6 1.9 -0.2
v -0.6 1.9 -0.4
v -0.6 1.9 -0.5
v -0.6 1.9 -0.7
v -0.6 1.9 -0.8
v -0.6 1.9 -1
v -0.6 1.9 -1.1
v -0.6 1.9 -1.3
v -0.6 1.9 -1.4
v -0.6 2 1.6
v -0.6 2 1.4
v -0.6 2 1.3
v -0.6 2 1.1
v -0.6 2 1
v -0.6 2 0.8
v -0.6 2 0.7
v -0.6 2 0.5
v -0.6 2 0.4
v -0.6 2 0.2
v -0.6 2 0.0999999
v -0.6 2 -0.1
v -0.6 2 -0.2
v -0.6 2 -0.4
v -0.6 2 -0.5
v -0.6 2 -0.7
v -0.6 2 -0.8
v -0.6 2 -1
v -0.6 2 -1.1
v -0.6 2 -1.3
v -0.6 2 -1.4
v -0.6 2 -1.5
v -0.6 2.8 -1.4
v -0.6 2.8 -1.5
v -0.6 2.8 -1.6
v -0.6 2.8 -1.7
v -0.5 2.2 -1.5
v -0.5 2.2 -1.6
v -0.5 2.8 -1.5
v -0.5 2.8 -1.6
v -0.5 2.9 -1.5
v -0.5 2.9 -1.6
v -0.4 0.3 1.6
v -0.4 0.3 1.5
v -0.4 0.9 1.6
v -0.4 0.9 1.5
v -0.4 1.5 1.5
v -0.4 1.5 1.4
v -0.4 1.7 1.5
v -0.4 1.7 1.4
v -0.4 2.2 1.6
v -0.4 2.2 1.4
v -0.4 2.2 1.3
v -0.4 2.2 1.1
v -0.4 2.2 1
v -0.4 2.2 0.8
v -0.4 2.2 0.7
v -0.4 2.2 0.5
v -0.4 2.2 0.4
v -0.4 2.2 0.2
v -0.4 2.2 0.0999999
v -0.4 2.2 -0.1
v -0.4 2.2 -0.2
v -0.4 2.2 -0.4
v -0.4 2.2 -0.5
v -0.4 2.2 -0.7
v -0.4 2.2 -0.8
v -0.4 2.2 -1
v -0.4 2.2 -1.1
v -0.4 2.2 -1.3
v -0.4 2.2 -1.4
v -0.4 2.2 -1.5
v -0.4 2.3 1.6
v -0.4 2.3 1.4
v -0.4 2.3 1.3
v -0.4 2.3 1.1
v -0.4 2.3 1
v -0.4 2.3 0.8
v -0.4 2.3 0.7
v -0.4 2.3 0.5
v -0.4 2.3 0.4
v -0.4 2.3 0.2
v -0.4 2.3 0.0999999
v -0.4 2.3 -0.1
v -0.4 2.3 -0.2
v -0.4 2.3 -0.4
v -0.4 2.3 -0.5
v -0.4 2.3 -0.7
v -0.4 2.3 -0.8
v -0.4 2.3 -1
v -0.4 2.3 -1.1
v -0.4 2.3 -1.3
v -0.4 2.3 -1.4
v -0.4 2.3 -1.5
v -0.3 0.9 1.6
v -0.3 0.9 1.5
v -0.3 1 1.6
v -0.3 1 1.5
v -0.3 2 1.5
v -0.3 2 1.4
v -0.3 2 1.3
v -0.3 2 1.1
v -0.3 2 1
v -0.3 2 0.8
v -0.3 2 0.7
v -0.3 2 0.5
v -0.3 2 0.4
v -0.3 2 0.2
v -0.3 2 0.0999999
v -0.3 2 -0.1
v -0.3 2 -0.2
v -0.3 2 -0.4
v -0.3 2 -0.5
v -0.3 2 -0.7
v -0.3 2 -0.8
v -0.3 2 -1
v -0.3 2 -1.1
v -0.3 2 -1.3
v -0.3 2 -1.4
v -0.3 2 -1.5
v -0.3 2.2 1.5
v -0.3 2.2 1.4
v -0.3 2.2 1.3
v -0.3 2.2 1.1
v -0.3 2.2 1
v -0.3 2.2 0.8
v -0.3 2.2 0.7
v -0.3 2.2 0.5
v -0.3 2.2 0.4
v -0.3 2.2 0.2
v -0.3 2.2 0.0999999
v -0.3 2.2 -0.1
v -0.3 2.2 -0.2
v -0.3 2.2 -0.4
v -0.3 2.2 -0.5
v -0.3 2.2 -0.7
v -0.3 2.2 -0.8
v -0.3 2.2 -1
v -0.3 2.2 -1.1
v -0.3 2.2 -1.3
v -0.3 2.2 -1.4
v -0.3 2.2 -1.5
v -0.3 2.3 1.6
v -0.3 2.3 1.4
v -0.3 2.3 1.3
v -0.3 2.3 1.1
v -0.3 2.3 1
v -0.3 2.3 0.8
v -0.3 2.3 0.7
v -0.3 2.3 0.5
v -0.3 2.3 0.4
v -0.3 2.3 0.2
v -0.3 2.3 0.0999999
v -0.3 2.3 -0.1
v -0.3 2.3 -0.2
v -0.3 2.3 -0.4
v -0.3 2.3 -0.5
v -0.3 2.3 -0.7
v -0.3 2.3 -0.8
v -0.3 2.3 -1
v -0.3 2.3 -1.1
v -0.3 2.3 -1.3
v -0.3 2.3 -1.4
v -0.3 2.3 -1.6
v -0.3 2.4 1.6
v -0.3 2.4 1.4
v -0.3 2.4 1.3
v -0.3 2.4 1.1
v -0.3 2.4 1
v -0.3 2.4 0.8
v -0.3 2.4 0.7
v -0.3 2.4 0.5
v -0.3 2.4 0.4
v -0.3 2.4 0.2
v -0.3 2.4 0.0999999
v -0.3 2.4 -0.1
v -0.3 2.4 -0.2
v -0.3 2.4 -0.4
v -0.3 2.4 -0.5
v -0.3 2.4 -0.7
v -0.3 2.4 -0.8
v -0.3 2.4 -1
v -0.3 2.4 -1.1
v -0.3 2.4 -1.3
v -0.3 2.4 -1.4
v -0.3 2.4 -1.6
v -0.2 1 1.6
v -0.2 1 1.5
v -0.2 1.1 1.6
v -0.2 1.1 1.5
v -0.2 1.7 1.6
v -0.2 1.7 1.5
v -0.2 1.8 1.6
v -0.2 1.8 1.5
v -0.2 2.1 1.6
v -0.2 2.1 1.5
v -0.2 2.2 1.6
v -0.2 2.2 1.5
v -0.2 2.4 1.6
v -0.2 2.4 1.4
v -0.2 2.4 1.3
v -0.2 2.4 1.1
v -0.2 2.4 1
v -0.2 2.4 0.8
v -0.2 2.4 0.7
v -0.2 2.4 0.5
v -0.2 2.4 0.4
v -0.2 2.4 0.2
v -0.2 2.4 0.0999999
v -0.2 2.4 -0.1
v -0.2 2.4 -0.2
v -0.2 2.4 -0.4
v -0.2 2.4 -0.5
v -0.2 2.4 -0.7
v -0.2 2.4 -0.8
v -0.2 2.4 -1
v -0.2 2.4 -1.1
v -0.2 2.4 -1.3
v -0.2 2.4 -1.4
v -0.2 2.4 -1.6
v -0.2 2.5 1.6
v -0.2 2.5 1.4
v -0.2 2.5 1.3
v -0.2 2.5 1.1
v -0.2 2.5 1
v -0.2 2.5 0.8
v -0.2 2.5 0.7
v -0.2 2.5 0.5
v -0.2 2.5 0.4
v -0.2 2.5 0.2
v -0.2 2.5 0.0999999
v -0.2 2.5 -0.1
v -0.2 2.5 -0.2
v -0.2 2.5 -0.4
v -0.2 2.5 -0.5
v -0.2 2.5 -0.7
v -0.2 2.5 -0.8
v -0.2 2.5 -1
v -0.2 2.5 -1.1
v -0.2 2.5 -1.3
v -0.2 2.5 -1.4
v -0.2 2.5 -1.6
v -0.0999999 2.2 1.6
v -0.0999999 2.2 1.5
v -0.0999999 2.3 1.6
v -0.0999999 2.3 1.5
v -0.0999999 2.5 1.6
v -0.0999999 2.5 1.4
v -0.0999999 2.5 1.3
v -0.0999999 2.5 1.1
v -0.0999999 2.5 1
v -0.0999999 2.5 0.8
v -0.0999999 2.5 0.7
v -0.0999999 2.5 0.5
v -0.0999999 2.5 0.4
v -0.0999999 2.5 0.2
v -0.0999999 2.5 0.0999999
v -0.0999999 2.5 -0.1
v -0.0999999 2.5 -0.2
v -0.0999999 2.5 -0.4
v -0.0999999 2.5 -0.5
v -0.0999999 2.5 -0.7
v -0.0999999 2.5 -0.8
v -0.0999999 2.5 -1
v -0.0999999 2.5 -1.1
v -0.0999999 2.5 -1.3
v -0.0999999 2.5 -1.4
v -0.0999999 2.5 -1.6
v -0.0999999 2.6 1.6
v -0.0999999 2.6 1.4
v -0.0999999 2.6 1.3
v -0.0999999 2.6 1.1
v -0.0999999 2.6 1
v -0.0999999 2.6 0.8
v -0.0999999 2.6 0.7
v -0.0999999 2.6 0.5
v -0.0999999 2.6 0.4
v -0.0999999 2.6 0.2
v -0.0999999 2.6 0.0999999
v -0.0999999 2.6 -0.1
v -0.0999999 2.6 -0.2
v -0.0999999 2.6 -0.4
v -0.0999999 2.6 -0.5
v -0.0999999 2.6 -0.7
v -0.0999999 2.6 -0.8
v -0.0999999 2.6 -1
v -0.0999999 2.6 -1.1
v -0.0999999 2.6 -1.3
v -0.0999999 2.6 -1.4
v -0.0999999 2.6 -1.6
v 0.1 1.5 1.5
v 0.1 1.5 1.4
v 0.1 1.7 1.5
v 0.1 1.7 1.4
v 0.1 2 1.5
v 0.1 2 1.4
v 0.1 2.1 1.6
v 0.1 2.1 1.5
v 0.1 2.2 1.6
v 0.1 2.2 1.4
v 0.1 2.3 1.6
v 0.1 2.3 1.5
v 0.1 2.3 -1.5
v 0.1 2.3 -1.6
v 0.1 2.4 1.6
v 0.1 2.4 1.5
v 0.1 2.4 -1.5
v 0.1 2.4 -1.6
v 0.2 0.9 1.6
v 0.2 0.9 1.5
v 0.2 1 1.6
v 0.2 1 1.5
v 0.2 1.9 1.6
v 0.2 1.9 1.5
v 0.2 1.9 -1.5
v 0.2 1.9 -1.6
v 0.2 2 1.6
v 0.2 2 1.5
v 0.2 2 -1.5
v 0.2 2 -1.6
v 0.2 2.2 1.6
v 0.2 2.2 1.5
v 0.2 2.2 -1.5
v 0.2 2.2 -1.6
v 0.2 2.3 1.6
v 0.2 2.3 1.5
v 0.2 2.3 -1.5
v 0.2 2.3 -1.6
v 0.3 0.3 1.6
v 0.3 0.3 1.5
v 0.3 0.4 1.5
v 0.3 0.5 1.5
v 0.3 0.6 1.5
v 0.3 0.7 1.5
v 0.3 0.8 1.5
v 0.3 0.9 1.6
v 0.3 0.9 1.5
v 0.3 1.7 1.6
v 0.3 1.7 1.5
v 0.3 1.8 1.6
v 0.3 1.8 1.5
v 0.5 1.8 1.6
v 0.5 1.8 1.5
v 0.5 1.8 -1.5
v 0.5 1.8 -1.6
v 0.5 1.9 1.6
v 0.5 1.9 1.5
v 0.5 1.9 -1.5
v 0.5 1.9 -1.6
v 0.6 1 1.6
v 0.6 1 1.5
v 0.6 1.1 1.6
v 0.6 1.1 1.5
v 0.6 1.5 1.5
v 0.6 1.5 1.4
v 0.6 1.7 1.5
v 0.6 1.7 1.4
v 0.7 1.7 -1.5
v 0.7 1.7 -1.6
v 0.7 1.8 -1.5
v 0.7 1.8 -1.6
v 0.8 1.3 1.6
v 0.8 1.3 1.5
v 0.8 1.4 1.6
v 0.8 1.4 1.5
v 0.8 1.6 1.6
v 0.8 1.6 1.5
v 0.8 1.6 -1.5
v 0.8 1.6 -1.6
v 0.8 1.7 1.6
v 0.8 1.7 1.5
v 0.8 1.7 -1.5
v 0.8 1.7 -1.6
v 0.9 1.3 -1.5
v 0.9 1.3 -1.6
v 0.9 1.4 -1.5
v 0.9 1.4 -1.6
v 1.1 0.5 1.5
v 1.1 0.5 1.4
v 1.1 1 1.5
v 1.1 1 1.4
v 1.1 1.2 1.6
v 1.1 1.2 1.5
v 1.1 1.2 -1.5
v 1.1 1.2 -1.6
v 1.1 1.3 1.6
v 1.1 1.3 1.5
v 1.1 1.3 -1.5
v 1.1 1.3 -1.6
v 1.3 1.1 1.6
v 1.3 1.1 1.5
v 1.3 1.1 -1.5
v 1.3 1.1 -1.6
v 1.3 1.2 1.6
v 1.3 1.2 1.5
v 1.3 1.2 -1.5
v 1.3 1.2 -1.6
v 1.4 1 1.6
v 1.4 1 1.5
v 1.4 1 -1.5
v 1.4 1 -1.6
v 1.4 1.1 1.6
v 1.4 1.1 1.5
v 1.4 1.1 -1.5
v 1.4 1.1 -1.6
v -1.4 1 1.6
v -1.4 1 1.5
v -1.4 1.1 1.6
v -1.4 1.1 1.5
v -1.4 2.2 -1.5
v -1.4 2.2 -1.6
v -1.4 2.8 -1.5
v -1.4 2.8 -1.6
v -1.4 2.9 -1.5
v -1.4 2.9 -1.6
v -1.3 1.1 1.6
v -1.3 1.1 1.5
v -1.3 1.2 1.6
v -1.3 1.2 1.5
v -1.3 1.5 -1.4
v -1.3 1.5 -1.5
v -1.3 1.5 -1.6
v -1.3 1.5 -1.7
v -1.3 2.8 -1.4
v -1.3 2.8 -1.5
v -1.3 2.8 -1.6
v -1.3 2.8 -1.7
v -1.2 0.3 -1.5
v -1.2 0.3 -1.7
v -1.2 1.2 -1.5
v -1.2 1.2 -1.6
v -1.2 1.4 -1.4
v -1.2 1.4 -1.6
v -1.2 1.4 -1.7
v -1.2 1.5 -1.4
v -1.2 1.5 -1.5
v -1.2 1.5 -1.6
v -1.2 1.5 -1.7
v -1.2 2.8 -1.4
v -1.2 2.8 -1.5
v -1.2 2.8 -1.6
v -1.2 2.8 -1.7
v -1.2 2.9 -1.4
v -1.2 2.9 -1.7
v -1.1 0.5 1.5
v -1.1 0.5 1.4
v -1.1 1 1.5
v -1.1 1 1.4
v -1.1 1.2 1.6
v -1.1 1.2 1.5
v -1.1 1.3 1.6
v -1.1 1.3 1.5
v -1 2 -1.5
v -1 2 -1.6
v -1 2.8 -1.5
v -1 2.8 -1.6
v -1 2.9 -1.5
v -1 2.9 -1.6
v -0.9 1.5 -1.6
v -0.9 1.5 -1.7
v -0.9 1.9 -1.4
v -0.9 1.9 -1.5
v -0.9 2.8 -1.4
v -0.9 2.8 -1.5
v -0.9 2.8 -1.6
v -0.9 2.8 -1.7
v -0.8 0.3 -1.5
v -0.8 0.3 -1.7
v -0.8 1.3 1.6
v -0.8 1.3 1.5
v -0.8 1.4 1.6
v -0.8 1.4 1.5
v -0.8 1.4 -1.5
v -0.8 1.4 -1.7
v -0.8 1.5 -1.5
v -0.8 1.5 -1.6
v -0.8 1.5 -1.7
v -0.8 1.6 1.6
v -0.8 1.6 1.5
v -0.8 1.7 1.6
v -0.8 1.7 1.5
v -0.8 1.7 -1.5
v -0.8 1.7 -1.6
v -0.8 1.9 -1.5
v -0.8 1.9 -1.6
v -0.8 2.8 -1.4
v -0.8 2.8 -1.5
v -0.8 2.8 -1.6
v -0.8 2.8 -1.7
v -0.8 2.9 -1.4
v -0.8 2.9 -1.7
v -0.6 1 1.6
v -0.6 1 1.5
v -0.6 1.1 1.6
v -0.6 1.1 1.5
v -0.6 1.5 1.5
v -0.6 1.5 1.4
v -0.6 1.7 1.5
v -0.6 1.7 1.4
v -0.6 2.2 -1.5
v -0.6 2.2 -1.6
v -0.6 2.8 -1.5
v -0.6 2.8 -1.6
v -0.6 2.9 -1.5
v -0.6 2.9 -1.6
v -0.5 1.5 -1.6
v -0.5 1.5 -1.7
v -0.5 1.8 1.6
v -0.5 1.8 1.5
v -0.5 1.9 1.6
v -0.5 1.9 1.5
v -0.5 2.1 -1.4
v -0.5 2.1 -1.5
v -0.5 2.8 -1.4
v -0.5 2.8 -1.5
v -0.5 2.8 -1.6
v -0.5 2.8 -1.7
v -0.4 0.3 -1.5
v -0.4 0.3 -1.7
v -0.4 1.4 -1.5
v -0.4 1.4 -1.7
v -0.4 1.5 -1.5
v -0.4 1.5 -1.6
v -0.4 1.5 -1.7
v -0.4 1.9 -1.5
v -0.4 1.9 -1.6
v -0.4 2 -1.4
v -0.4 2 -1.6
v -0.4 2.1 -1.4
v -0.4 2.1 -1.5
v -0.4 2.2 -1.5
v -0.4 2.2 -1.6
v -0.4 2.3 -1.5
v -0.4 2.3 -1.6
v -0.4 2.8 -1.4
v -0.4 2.8 -1.5
v -0.4 2.8 -1.6
v -0.4 2.8 -1.7
v -0.4 2.9 -1.4
v -0.4 2.9 -1.7
v -0.3 0.3 1.6
v -0.3 0.3 1.5
v -0.3 0.4 1.5
v -0.3 0.5 1.5
v -0.3 0.6 1.5
v -0.3 0.7 1.5
v -0.3 0.8 1.5
v -0.3 0.9 1.6
v -0.3 0.9 1.5
v -0.3 1.7 1.6
v -0.3 1.7 1.5
v -0.3 1.8 1.6
v -0.3 1.8 1.5
v -0.2 0.9 1.6
v -0.2 0.9 1.5
v -0.2 1 1.6
v -0.2 1 1.5
v -0.2 1.9 1.6
v -0.2 1.9 1.5
v -0.2 1.9 -1.5
v -0.2 1.9 -1.6
v -0.2 2 1.6
v -0.2 2 1.5
v -0.2 2 -1.5
v -0.2 2 -1.6
v -0.2 2.2 1.6
v -0.2 2.2 1.5
v -0.2 2.2 -1.5
v -0.2 2.2 -1.6
v -0.2 2.3 1.6
v -0.2 2.3 1.5
v -0.2 2.3 -1.5
v -0.2 2.3 -1.6
v -0.0999999 1.5 1.5
v -0.0999999 1.5 1.4
v -0.0999999 1.7 1.5
v -0.0999999 1.7 1.4
v -0.0999999 2 1.5
v -0.0999999 2 1.4
v -0.0999999 2.1 1.6
v -0.0999999 2.1 1.5
v -0.0999999 2.2 1.6
v -0.0999999 2.2 1.4
v -0.0999999 2.3 1.6
v -0.0999999 2.3 1.5
v -0.0999999 2.3 -1.5
v -0.0999999 2.3 -1.6
v -0.0999999 2.4 1.6
v -0.0999999 2.4 1.5
v -0.0999999 2.4 -1.5
v -0.0999999 2.4 -1.6
v 0.1 2.2 1.6
v 0.1 2.2 1.5
v 0.1 2.3 1.6
v 0.1 2.3 1.5
v 0.1 2.5 1.6
v 0.1 2.5 1.4
v 0.1 2.5 1.3
v 0.1 2.5 1.1
v 0.1 2.5 1
v 0.1 2.5 0.8
v 0.1 2.5 0.7
v 0.1 2.5 0.5
v 0.1 2.5 0.4
v 0.1 2.5 0.2
v 0.1 2.5 0.0999999
v 0.1 2.5 -0.1
v 0.1 2.5 -0.2
v 0.1 2.5 -0.4
v 0.1 2.5 -0.5
v 0.1 2.5 -0.7
v 0.1 2.5 -0.8
v 0.1 2.5 -1
v 0.1 2.5 -1.1
v 0.1 2.5 -1.3
v 0.1 2.5 -1.4
v 0.1 2.5 -1.6
v 0.1 2.6 1.6
v 0.1 2.6 1.4
v 0.1 2.6 1.3
v 0.1 2.6 1.1
v 0.1 2.6 1
v 0.1 2.6 0.8
v 0.1 2.6 0.7
v 0.1 2.6 0.5
v 0.1 2.6 0.4
v 0.1 2.6 0.2
v 0.1 2.6 0.0999999
v 0.1 2.6 -0.1
v 0.1 2.6 -0.2
v 0.1 2.6 -0.4
v 0.1 2.6 -0.5
v 0.1 2.6 -0.7
v 0.1 2.6 -0.8
v 0.1 2.6 -1
v 0.1 2.6 -1.1
v 0.1 2.6 -1.3
v 0.1 2.6 -1.4
v 0.1 2.6 -1.6
v 0.2 1 1.6
v 0.2 1 1.5
v 0.2 1.1 1.6
v 0.2 1.1 1.5
v 0.2 1.7 1.6
v 0.2 1.7 1.5
v 0.2 1.8 1.6
v 0.2 1.8 1.5
v 0.2 2.1 1.6
v 0.2 2.1 1.5
v 0.2 2.2 1.6
v 0.2 2.2 1.5
v 0.2 2.4 1.6
v 0.2 2.4 1.4
v 0.2 2.4 1.3
v 0.2 2.4 1.1
v 0.2 2.4 1
v 0.2 2.4 0.8
v 0.2 2.4 0.7
v 0.2 2.4 0.5
v 0.2 2.4 0.4
v 0.2 2.4 0.2
v 0.2 2.4 0.0999999
v 0.2 2.4 -0.1
v 0.2 2.4 -0.2
v 0.2 2.4 -0.4
v 0.2 2.4 -0.5
v 0.2 2.4 -0.7
v 0.2 2.4 -0.8
v 0.2 2.4 -1
v 0.2 2.4 -1.1
v 0.2 2.4 -1.3
v 0.2 2.4 -1.4
v 0.2 2.4 -1.6
v 0.2 2.5 1.6
v 0.2 2.5 1.4
v 0.2 2.5 1.3
v 0.2 2.5 1.1
v 0.2 2.5 1
v 0.2 2.5 0.8
v 0.2 2.5 0.7
v 0.2 2.5 0.5
v 0.2 2.5 0.4
v 0.2 2.5 0.2
v 0.2 2.5 0.0999999
v 0.2 2.5 -0.1
v 0.2 2.5 -0.2
v 0.2 2.5 -0.4
v 0.2 2.5 -0.5
v 0.2 2.5 -0.7
v 0.2 2.5 -0.8
v 0.2 2.5 -1
v 0.2 2.5 -1.1
v 0.2 2.5 -1.3
v 0.2 2.5 -1.4
v 0.2 2.5 -1.6
v 0.3 0.9 1.6
v 0.3 0.9 1.5
v 0.3 1 1.6
v 0.3 1 1.5
v 0.3 2 1.5
v 0.3 2 1.4
v 0.3 2 1.3
v 0.3 2 1.1
v 0.3 2 1
v 0.3 2 0.8
v 0.3 2 0.7
v 0.3 2 0.5
v 0.3 2 0.4
v 0.3 2 0.2
v 0.3 2 0.0999999
v 0.3 2 -0.1
v 0.3 2 -0.2
v 0.3 2 -0.4
v 0.3 2 -0.5
v 0.3 2 -0.7
v 0.3 2 -0.8
v 0.3 2 -1
v 0.3 2 -1.1
v 0.3 2 -1.3
v 0.3 2 -1.4
v 0.3 2 -1.5
v 0.3 2.2 1.5
v 0.3 2.2 1.4
v 0.3 2.2 1.3
v 0.3 2.2 1.1
v 0.3 2.2 1
v 0.3 2.2 0.8
v 0.3 2.2 0.7
v 0.3 2.2 0.5
v 0.3 2.2 0.4
v 0.3 2.2 0.2
v 0.3 2.2 0.0999999
v 0.3 2.2 -0.1
v 0.3 2.2 -0.2
v 0.3 2.2 -0.4
v 0.3 2.2 -0.5
v 0.3 2.2 -0.7
v 0.3 2.2 -0.8
v 0.3 2.2 -1
v 0.3 2.2 -1.1
v 0.3 2.2 -1.3
v 0.3 2.2 -1.4
v 0.3 2.2 -1.5
v 0.3 2.3 1.6
v 0.3 2.3 1.4
v 0.3 2.3 1.3
v 0.3 2.3 1.1
v 0.3 2.3 1
v 0.3 2.3 0.8
v 0.3 2.3 0.7
v 0.3 2.3 0.5
v 0.3 2.3 0.4
v 0.3 2.3 0.2
v 0.3 2.3 0.0999999
v 0.3 2.3 -0.1
v 0.3 2.3 -0.2
v 0.3 2.3 -0.4
v 0.3 2.3 -0.5
v 0.3 2.3 -0.7
v 0.3 2.3 -0.8
v 0.3 2.3 -1
v 0.3 2.3 -1.1
v 0.3 2.3 -1.3
v 0.3 2.3 -1.4
v 0.3 2.3 -1.6
v 0.3 2.4 1.6
v 0.3 2.4 1.4
v 0.3 2.4 1.3
v 0.3 2.4 1.1
v 0.3 2.4 1
v 0.3 2.4 0.8
v 0.3 2.4 0.7
v 0.3 2.4 0.5
v 0.3 2.4 0.4
v 0.3 2.4 0.2
v 0.3 2.4 0.0999999
v 0.3 2.4 -0.1
v 0.3 2.4 -0.2
v 0.3 2.4 -0.4
v 0.3 2.4 -0.5
v 0.3 2.4 -0.7
v 0.3 2.4 -0.8
v 0.3 2.4 -1
v 0.3 2.4 -1.1
v 0.3 2.4 -1.3
v 0.3 2.4 -1.4
v 0.3 2.4 -1.6
v 0.4 0.3 1.6
v 0.4 0.3 1.5
v 0.4 0.9 1.6
v 0.4 0.9 1.5
v 0.4 1.5 1.5
v 0.4 1.5 1.4
v 0.4 1.7 1.5
v 0.4 1.7 1.4
v 0.4 2.2 1.6
v 0.4 2.2 1.4
v 0.4 2.2 1.3
v 0.4 2.2 1.1
v 0.4 2.2 1
v 0.4 2.2 0.8
v 0.4 2.2 0.7
v 0.4 2.2 0.5
v 0.4 2.2 0.4
v 0.4 2.2 0.2
v 0.4 2.2 0.0999999
v 0.4 2.2 -0.1
v 0.4 2.2 -0.2
v 0.4 2.2 -0.4
v 0.4 2.2 -0.5
v 0.4 2.2 -0.7
v 0.4 2.2 -0.8
v 0.4 2.2 -1
v 0.4 2.2 -1.1
v 0.4 2.2 -1.3
v 0.4 2.2 -1.4
v 0.4 2.2 -1.6
v 0.4 2.3 1.6
v 0.4 2.3 1.4
v 0.4 2.3 1.3
v 0.4 2.3 1.1
v 0.4 2.3 1
v 0.4 2.3 0.8
v 0.4 2.3 0.7
v 0.4 2.3 0.5
v 0.4 2.3 0.4
v 0.4 2.3 0.2
v 0.4 2.3 0.0999999
v 0.4 2.3 -0.1
v 0.4 2.3 -0.2
v 0.4 2.3 -0.4
v 0.4 2.3 -0.5
v 0.4 2.3 -0.7
v 0.4 2.3 -0.8
v 0.4 2.3 -1
v 0.4 2.3 -1.1
v 0.4 2.3 -1.3
v 0.4 2.3 -1.4
v 0.4 2.3 -1.6
v 0.6 1.9 1.6
v 0.6 1.9 1.4
v 0.6 1.9 1.3
v 0.6 1.9 1.1
v 0.6 1.9 1
v 0.6 1.9 0.8
v 0.6 1.9 0.7
v 0.6 1.9 0.5
v 0.6 1.9 0.4
v 0.6 1.9 0.2
v 0.6 1.9 0.0999999
v 0.6 1.9 -0.1
v 0.6 1.9 -0.2
v 0.6 1.9 -0.4
v 0.6 1.9 -0.5
v 0.6 1.9 -0.7
v 0.6 1.9 -0.8
v 0.6 1.9 -1
v 0.6 1.9 -1.1
v 0.6 1.9 -1.3
v 0.6 1.9 -1.4
v 0.6 1.9 -1.6
v 0.6 2 1.6
v 0.6 2 1.4
v 0.6 2 1.3
v 0.6 2 1.1
v 0.6 2 1
v 0.6 2 0.8
v 0.6 2 0.7
v 0.6 2 0.5
v 0.6 2 0.4
v 0.6 2 0.2
v 0.6 2 0.0999999
v 0.6 2 -0.1
v 0.6 2 -0.2
v 0.6 2 -0.4
v 0.6 2 -0.5
v 0.6 2 -0.7
v 0.6 2 -0.8
v 0.6 2 -1
v 0.6 2 -1.1
v 0.6 2 -1.3
v 0.6 2 -1.4
v 0.6 2 -1.6
v 0.8 0.5 1.5
v 0.8 0.5 1.4
v 0.8 1 1.5
v 0.8 1 1.4
v 0.8 1.8 1.6
v 0.8 1.8 1.4
v 0.8 1.8 1.3
v 0.8 1.8 1.1
v 0.8 1.8 1
v 0.8 1.8 0.8
v 0.8 1.8 0.7
v 0.8 1.8 0.5
v 0.8 1.8 0.4
v 0.8 1.8 0.2
v 0.8 1.8 0.0999999
v 0.8 1.8 -0.1
v 0.8 1.8 -0.2
v 0.8 1.8 -0.4
v 0.8 1.8 -0.5
v 0.8 1.8 -0.7
v 0.8 1.8 -0.8
v 0.8 1.8 -1
v 0.8 1.8 -1.1
v 0.8 1.8 -1.3
v 0.8 1.8 -1.4
v 0.8 1.8 -1.6
v 0.8 1.9 1.6
v 0.8 1.9 1.4
v 0.8 1.9 1.3
v 0.8 1.9 1.1
v 0.8 1.9 1
v 0.8 1.9 0.8
v 0.8 1.9 0.7
v 0.8 1.9 0.5
v 0.8 1.9 0.4
v 0.8 1.9 0.2
v 0.8 1.9 0.0999999
v 0.8 1.9 -0.1
v 0.8 1.9 -0.2
v 0.8 1.9 -0.4
v 0.8 1.9 -0.5
v 0.8 1.9 -0.7
v 0.8 1.9 -0.8
v 0.8 1.9 -1
v 0.8 1.9 -1.1
v 0.8 1.9 -1.3
v 0.8 1.9 -1.4
v 0.8 1.9 -1.6
v 0.9 1.4 1.5
v 0.9 1.4 1.4
v 0.9 1.4 1.3
v 0.9 1.4 1.1
v 0.9 1.4 1
v 0.9 1.4 0.8
v 0.9 1.4 0.7
v 0.9 1.4 0.5
v 0.9 1.4 0.4
v 0.9 1.4 0.2
v 0.9 1.4 0.0999999
v 0.9 1.4 -0.1
v 0.9 1.4 -0.2
v 0.9 1.4 -0.4
v 0.9 1.4 -0.5
v 0.9 1.4 -0.7
v 0.9 1.4 -0.8
v 0.9 1.4 -1
v 0.9 1.4 -1.1
v 0.9 1.4 -1.3
v 0.9 1.4 -1.4
v 0.9 1.4 -1.5
v 0.9 1.6 1.5
v 0.9 1.6 1.4
v 0.9 1.6 1.3
v 0.9 1.6 1.1
v 0.9 1.6 1
v 0.9 1.6 0.8
v 0.9 1.6 0.7
v 0.9 1.6 0.5
v 0.9 1.6 0.4
v 0.9 1.6 0.2
v 0.9 1.6 0.0999999
v 0.9 1.6 -0.1
v 0.9 1.6 -0.2
v 0.9 1.6 -0.4
v 0.9 1.6 -0.5
v 0.9 1.6 -0.7
v 0.9 1.6 -0.8
v 0.9 1.6 -1
v 0.9 1.6 -1.1
v 0.9 1.6 -1.3
v 0.9 1.6 -1.4
v 0.9 1.6 -1.5
v 0.9 1.7 1.6
v 0.9 1.7 1.4
v 0.9 1.7 1.3
v 0.9 1.7 1.1
v 0.9 1.7 1
v 0.9 1.7 0.8
v 0.9 1.7 0.7
v 0.9 1.7 0.5
v 0.9 1.7 0.4
v 0.9 1.7 0.2
v 0.9 1.7 0.0999999
v 0.9 1.7 -0.1
v 0.9 1.7 -0.2
v 0.9 1.7 -0.4
v 0.9 1.7 -0.5
v 0.9 1.7 -0.7
v 0.9 1.7 -0.8
v 0.9 1.7 -1
v 0.9 1.7 -1.1
v 0.9 1.7 -1.3
v 0.9 1.7 -1.4
v 0.9 1.7 -1.6
v 0.9 1.8 1.6
v 0.9 1.8 1.4
v 0.9 1.8 1.3
v 0.9 1.8 1.1
v 0.9 1.8 1
v 0.9 1.8 0.8
v 0.9 1.8 0.7
v 0.9 1.8 0.5
v 0.9 1.8 0.4
v 0.9 1.8 0.2
v 0.9 1.8 0.0999999
v 0.9 1.8 -0.1
v 0.9 1.8 -0.2
v 0.9 1.8 -0.4
v 0.9 1.8 -0.5
v 0.9 1.8 -0.7
v 0.9 1.8 -0.8
v 0.9 1.8 -1
v 0.9 1.8 -1.1
v 0.9 1.8 -1.3
v 0.9 1.8 -1.4
v 0.9 1.8 -1.6
v 1 1.6 1.6
v 1 1.6 1.4
v 1 1.6 1.3
v 1 1.6 1.1
v 1 1.6 1
v 1 1.6 0.8
v 1 1.6 0.7
v 1 1.6 0.5
v 1 1.6 0.4
v 1 1.6 0.2
v 1 1.6 0.0999999
v 1 1.6 -0.1
v 1 1.6 -0.2
v 1 1.6 -0.4
v 1 1.6 -0.5
v 1 1.6 -0.7
v 1 1.6 -0.8
v 1 1.6 -1
v 1 1.6 -1.1
v 1 1.6 -1.3
v 1 1.6 -1.4
v 1 1.6 -1.6
v 1 1.7 1.6
v 1 1.7 1.4
v 1 1.7 1.3
v 1 1.7 1.1
v 1 1.7 1
v 1 1.7 0.8
v 1 1.7 0.7
v 1 1.7 0.5
v 1 1.7 0.4
v 1 1.7 0.2
v 1 1.7 0.0999999
v 1 1.7 -0.1
v 1 1.7 -0.2
v 1 1.7 -0.4
v 1 1.7 -0.5
v 1 1.7 -0.7
v 1 1.7 -0.8
v 1 1.7 -1
v 1 1.7 -1.1
v 1 1.7 -1.3
v 1 1.7 -1.4
v 1 1.7 -1.6
v 1.2 1.3 1.6
v 1.2 1.3 1.4
v 1.2 1.3 1.3
v 1.2 1.3 1.1
v 1.2 1.3 1
v 1.2 1.3 0.8
v 1.2 1.3 0.7
v 1.2 1.3 0.5
v 1.2 1.3 0.4
v 1.2 1.3 0.2
v 1.2 1.3 0.0999999
v 1.2 1.3 -0.1
v 1.2 1.3 -0.2
v 1.2 1.3 -0.4
v 1.2 1.3 -0.5
v 1.2 1.3 -0.7
v 1.2 1.3 -0.8
v 1.2 1.3 -1
v 1.2 1.3 -1.1
v 1.2 1.3 -1.3
v 1.2 1.3 -1.4
v 1.2 1.3 -1.6
v 1.2 1.4 1.6
v 1.2 1.4 1.4
v 1.2 1.4 1.3
v 1.2 1.4 1.1
v 1.2 1.4 1
v 1.2 1.4 0.8
v 1.2 1.4 0.7
v 1.2 1.4 0.5
v 1.2 1.4 0.4
v 1.2 1.4 0.2
v 1.2 1.4 0.0999999
v 1.2 1.4 -0.1
v 1.2 1.4 -0.2
v 1.2 1.4 -0.4
v 1.2 1.4 -0.5
v 1.2 1.4 -0.7
v 1.2 1.4 -0.8
v 1.2 1.4 -1
v 1.2 1.4 -1.1
v 1.2 1.4 -1.3
v 1.2 1.4 -1.4
v 1.2 1.4 -1.6
v 1.3 1 1.6
v 1.3 1 1.5
v 1.3 1.1 1.6
v 1.3 1.1 1.5
v 1.4 0.5 1.2
v 1.4 0.5 0.9
v 1.4 0.5 0.5
v 1.4 0.5 0.2
v 1.4 0.5 -0.2
v 1.4 0.5 -0.5
v 1.4 0.5 -0.9
v 1.4 0.5 -1.2
v 1.4 1 1.2
v 1.4 1 0.9
v 1.4 1 0.5
v 1.4 1 0.2
v 1.4 1 -0.2
v 1.4 1 -0.5
v 1.4 1 -0.9
v 1.4 1 -1.2
v 1.4 1.2 1.6
v 1.4 1.2 1.4
v 1.4 1.2 1.3
v 1.4 1.2 1.1
v 1.4 1.2 1
v 1.4 1.2 0.8
v 1.4 1.2 0.7
v 1.4 1.2 0.5
v 1.4 1.2 0.4
v 1.4 1.2 0.2
v 1.4 1.2 0.0999999
v 1.4 1.2 -0.1
v 1.4 1.2 -0.2
v 1.4 1.2 -0.4
v 1.4 1.2 -0.5
v 1.4 1.2 -0.7
v 1.4 1.2 -0.8
v 1.4 1.2 -1
v 1.4 1.2 -1.1
v 1.4 1.2 -1.3
v 1.4 1.2 -1.4
v 1.4 1.2 -1.6
v 1.4 1.3 1.6
v 1.4 1.3 1.4
v 1.4 1.3 1.3
v 1.4 1.3 1.1
v 1.4 1.3 1
v 1.4 1.3 0.8
v 1.4 1.3 0.7
v 1.4 1.3 0.5
v 1.4 1.3 0.4
v 1.4 1.3 0.2
v 1.4 1.3 0.0999999
v 1.4 1.3 -0.1
v 1.4 1.3 -0.2
v 1.4 1.3 -0.4
v 1.4 1.3 -0.5
v 1.4 1.3 -0.7
v 1.4 1.3 -0.8
v 1.4 1.3 -1
v 1.4 1.3 -1.1
v 1.4 1.3 -1.3
v 1.4 1.3 -1.4
v 1.4 1.3 -1.6
v 1.5 0.3 1.5
v 1.5 0.3 0.2
v 1.5 0.3 0.0999999
v 1.5 0.3 -0.1
v 1.5 0.3 -0.5
v 1.5 0.3 -1.1
v 1.5 0.3 -1.3
v 1.5 0.3 -1.5
v 1.5 0.4 1.3
v 1.5 0.4 0.8
v 1.5 0.4 0.6
v 1.5 0.4 0.0999999
v 1.5 0.4 -0.1
v 1.5 0.4 -0.6
v 1.5 0.4 -0.8
v 1.5 0.4 -1.3
v 1.5 0.5 1.2
v 1.5 0.5 0.9
v 1.5 0.5 0.5
v 1.5 0.5 0.2
v 1.5 0.5 -0.2
v 1.5 0.5 -0.5
v 1.5 0.5 -0.9
v 1.5 0.5 -1.2
v 1.5 1 1.5
v 1.5 1 1.4
v 1.5 1 1.3
v 1.5 1 1.2
v 1.5 1 0.9
v 1.5 1 0.8
v 1.5 1 0.7
v 1.5 1 0.6
v 1.5 1 0.5
v 1.5 1 0.2
v 1.5 1 0.0999999
v 1.5 1 -0.1
v 1.5 1 -0.2
v 1.5 1 -0.5
v 1.5 1 -0.6
v 1.5 1 -0.7
v 1.5 1 -0.8
v 1.5 1 -0.9
v 1.5 1 -1.2
v 1.5 1 -1.3
v 1.5 1 -1.4
v 1.5 1 -1.5
v 1.5 1.1 1.6
v 1.5 1.1 1.4
v 1.5 1.1 1.3
v 1.5 1.1 1.1
v 1.5 1.1 1
v 1.5 1.1 0.8
v 1.5 1.1 0.7
v 1.5 1.1 0.5
v 1.5 1.1 0.4
v 1.5 1.1 0.2
v 1.5 1.1 0.0999999
v 1.5 1.1 -0.1
v 1.5 1.1 -0.2
v 1.5 1.1 -0.4
v 1.5 1.1 -0.5
v 1.5 1.1 -0.7
v 1.5 1.1 -0.8
v 1.5 1.1 -1
v 1.5 1.1 -1.1
v 1.5 1.1 -1.3
v 1.5 1.1 -1.4
v 1.5 1.1 -1.6
v 1.5 1.2 1.6
v 1.5 1.2 1.4
v 1.5 1.2 1.3
v 1.5 1.2 1.1
v 1.5 1.2 1
v 1.5 1.2 0.8
v 1.5 1.2 0.7
v 1.5 1.2 0.5
v 1.5 1.2 0.4
v 1.5 1.2 0.2
v 1.5 1.2 0.0999999
v 1.5 1.2 -0.1
v 1.5 1.2 -0.2
v 1.5 1.2 -0.4
v 1.5 1.2 -0.5
v 1.5 1.2 -0.7
v 1.5 1.2 -0.8
v 1.5 1.2 -1
v 1.5 1.2 -1.1
v 1.5 1.2 -1.3
v 1.5 1.2 -1.4
v 1.5 1.2 -1.6
v 1.6 1 1.6
v 1.6 1 1.4
v 1.6 1 1.3
v 1.6 1 1.1
v 1.6 1 1
v 1.6 1 0.8
v 1.6 1 0.7
v 1.6 1 0.5
v 1.6 1 0.4
v 1.6 1 0.2
v 1.6 1 0.0999999
v 1.6 1 -0.1
v 1.6 1 -0.2
v 1.6 1 -0.4
v 1.6 1 -0.5
v 1.6 1 -0.7
v 1.6 1 -0.8
v 1.6 1 -1
v 1.6 1 -1.1
v 1.6 1 -1.3
v 1.6 1 -1.4
v 1.6 1 -1.6
v 1.6 1.1 1.6
v 1.6 1.1 1.4
v 1.6 1.1 1.3
v 1.6 1.1 1.1
v 1.6 1.1 1
v 1.6 1.1 0.8
v 1.6 1.1 0.7
v 1.6 1.1 0.5
v 1.6 1.1 0.4
v 1.6 1.1 0.2
v 1.6 1.1 0.0999999
v 1.6 1.1 -0.1
v 1.6 1.1 -0.2
v 1.6 1.1 -0.4
v 1.6 1.1 -0.5
v 1.6 1.1 -0.7
v 1.6 1.1 -0.8
v 1.6 1.1 -1
v 1.6 1.1 -1.1
v 1.6 1.1 -1.3
v 1.6 1.1 -1.4
v 1.6 1.1 -1.6
v 1.9 0.2 1.9
v 1.9 0.2 1.8
v 1.9 0.2 1.5
v 1.9 0.2 0.5
v 1.9 0.2 0.0999999
v 1.9 0.2 -0.1
v 1.9 0.2 -1.3
v 1.9 0.2 -1.4
v 1.9 0.2 -1.5
v 1.9 0.2 -1.6
v 1.9 0.2 -1.9
v 1.9 0.3 1.9
v 1.9 0.3 1.5
v 1.9 0.3 0.5
v 1.9 0.3 0.0999999
v 1.9 0.3 -0.1
v 1.9 0.3 -1.3
v 1.9 0.3 -1.6
v 1.9 0.3 -1.9
v 2 0 2
v 2 0 -2
v 2 0.1 1.8
v 2 0.1 0.0999999
v 2 0.1 -0.1
v 2 0.1 -1.4
v 2 0.1 -1.5
v 2 0.1 -1.6
v 2 0.2 2
v 2 0.2 1.8
v 2 0.2 0.0999999
v 2 0.2 -0.1
v 2 0.2 -1.4
v 2 0.2 -1.5
v 2 0.2 -1.6
v 2 0.2 -2
v -2 0 2
v -2 0.2 2
v 1.1 0.1 2
v 1.1 0.2 2
v 1.9 0.1 2
v 1.9 0.2 2
v 2 0 2
v 2 0.2 2
v -1.9 0.2 1.9
v -1.9 0.3 1.9
v -1.2 0.2 1.9
v -1.2 0.3 1.9
v -0.7 0.2 1.9
v -0.7 0.3 1.9
v 1.1 0.2 1.9
v 1.1 0.3 1.9
v 1.9 0.2 1.9
v 1.9 0.3 1.9
v -1.6 1 1.6
v -1.6 1.1 1.6
v -1.5 1.1 1.6
v -1.5 1.2 1.6
v -1.4 1 1.6
v -1.4 1.1 1.6
v -1.4 1.2 1.6
v -1.4 1.3 1.6
v -1.3 1 1.6
v -1.3 1.1 1.6
v -1.3 1.2 1.6
v -1.2 1.3 1.6
v -1.2 1.4 1.6
v -1.1 1.2 1.6
v -1.1 1.3 1.6
v -1 1.6 1.6
v -1 1.7 1.6
v -0.9 1.7 1.6
v -0.9 1.8 1.6
v -0.8 1.3 1.6
v -0.8 1.4 1.6
v -0.8 1.6 1.6
v -0.8 1.7 1.6
v -0.8 1.8 1.6
v -0.8 1.9 1.6
v -0.7 1.7 1.6
v -0.7 1.8 1.6
v -0.6 1 1.6
v -0.6 1.1 1.6
v -0.6 1.9 1.6
v -0.6 2 1.6
v -0.5 1.8 1.6
v -0.5 1.9 1.6
v -0.4 0.3 1.6
v -0.4 0.9 1.6
v -0.4 2.2 1.6
v -0.4 2.3 1.6
v -0.3 0.3 1.6
v -0.3 0.9 1.6
v -0.3 1 1.6
v -0.3 1.7 1.6
v -0.3 1.8 1.6
v -0.3 2.3 1.6
v -0.3 2.4 1.6
v -0.2 0.9 1.6
v -0.2 1 1.6
v -0.2 1.1 1.6
v -0.2 1.7 1.6
v -0.2 1.8 1.6
v -0.2 1.9 1.6
v -0.2 2 1.6
v -0.2 2.1 1.6
v -0.2 2.2 1.6
v -0.2 2.3 1.6
v -0.2 2.4 1.6
v -0.2 2.5 1.6
v -0.0999999 2.1 1.6
v -0.0999999 2.2 1.6
v -0.0999999 2.3 1.6
v -0.0999999 2.4 1.6
v -0.0999999 2.5 1.6
v -0.0999999 2.6 1.6
v 0.1 2.1 1.6
v 0.1 2.2 1.6
v 0.1 2.3 1.6
v 0.1 2.4 1.6
v 0.1 2.5 1.6
v 0.1 2.6 1.6
v 0.2 0.9 1.6
v 0.2 1 1.6
v 0.2 1.1 1.6
v 0.2 1.7 1.6
v 0.2 1.8 1.6
v 0.2 1.9 1.6
v 0.2 2 1.6
v 0.2 2.1 1.6
v 0.2 2.2 1.6
v 0.2 2.3 1.6
v 0.2 2.4 1.6
v 0.2 2.5 1.6
v 0.3 0.3 1.6
v 0.3 0.9 1.6
v 0.3 1 1.6
v 0.3 1.7 1.6
v 0.3 1.8 1.6
v 0.3 2.3 1.6
v 0.3 2.4 1.6
v 0.4 0.3 1.6
v 0.4 0.9 1.6
v 0.4 2.2 1.6
v 0.4 2.3 1.6
v 0.5 1.8 1.6
v 0.5 1.9 1.6
v 0.6 1 1.6
v 0.6 1.1 1.6
v 0.6 1.9 1.6
v 0.6 2 1.6
v 0.7 1.7 1.6
v 0.7 1.8 1.6
v 0.8 1.3 1.6
v 0.8 1.4 1.6
v 0.8 1.6 1.6
v 0.8 1.7 1.6
v 0.8 1.8 1.6
v 0.8 1.9 1.6
v 0.9 1.7 1.6
v 0.9 1.8 1.6
v 1 1.6 1.6
v 1 1.7 1.6
v 1.1 1.2 1.6
v 1.1 1.3 1.6
v 1.2 1.3 1.6
v 1.2 1.4 1.6
v 1.3 1 1.6
v 1.3 1.1 1.6
v 1.3 1.2 1.6
v 1.4 1 1.6
v 1.4 1.1 1.6
v 1.4 1.2 1.6
v 1.4 1.3 1.6
v 1.5 1.1 1.6
v 1.5 1.2 1.6
v 1.6 1 1.6
v 1.6 1.1 1.6
v -1.5 0.3 1.5
v -1.5 1 1.5
v -1.4 1 1.5
v -1.4 1.1 1.5
v -1.3 1 1.5
v -1.3 1.1 1.5
v -1.3 1.2 1.5
v -1.2 0.3 1.5
v -1.2 0.4 1.5
v -1.2 1 1.5
v -1.1 0.5 1.5
v -1.1 1 1.5
v -1.1 1.2 1.5
v -1.1 1.3 1.5
v -1 0.3 1.5
v -0.9 1.4 1.5
v -0.9 1.6 1.5
v -0.8 0.5 1.5
v -0.8 1 1.5
v -0.8 1.3 1.5
v -0.8 1.4 1.5
v -0.8 1.6 1.5
v -0.8 1.7 1.5
v -0.7 0.4 1.5
v -0.7 1 1.5
v -0.7 1.4 1.5
v -0.7 1.7 1.5
v -0.6 1 1.5
v -0.6 1.1 1.5
v -0.6 1.5 1.5
v -0.6 1.7 1.5
v -0.5 1.8 1.5
v -0.5 1.9 1.5
v -0.4 0.3 1.5
v -0.4 0.9 1.5
v -0.4 1.5 1.5
v -0.4 1.7 1.5
v -0.3 0.3 1.5
v -0.3 0.4 1.5
v -0.3 0.5 1.5
v -0.3 0.6 1.5
v -0.3 0.7 1.5
v -0.3 0.8 1.5
v -0.3 0.9 1.5
v -0.3 1 1.5
v -0.3 1.4 1.5
v -0.3 1.7 1.5
v -0.3 1.8 1.5
v -0.3 2 1.5
v -0.3 2.2 1.5
v -0.2 0.3 1.5
v -0.2 0.4 1.5
v -0.2 0.5 1.5
v -0.2 0.6 1.5
v -0.2 0.7 1.5
v -0.2 0.8 1.5
v -0.2 0.9 1.5
v -0.2 1 1.5
v -0.2 1.1 1.5
v -0.2 1.4 1.5
v -0.2 1.7 1.5
v -0.2 1.8 1.5
v -0.2 1.9 1.5
v -0.2 2 1.5
v -0.2 2.1 1.5
v -0.2 2.2 1.5
v -0.2 2.3 1.5
v -0.0999999 1.5 1.5
v -0.0999999 1.7 1.5
v -0.0999999 1.9 1.5
v -0.0999999 2 1.5
v -0.0999999 2.1 1.5
v -0.0999999 2.2 1.5
v -0.0999999 2.3 1.5
v -0.0999999 2.4 1.5
v 0.1 1.5 1.5
v 0.1 1.7 1.5
v 0.1 1.9 1.5
v 0.1 2 1.5
v 0.1 2.1 1.5
v 0.1 2.2 1.5
v 0.1 2.3 1.5
v 0.1 2.4 1.5
v 0.2 0.3 1.5
v 0.2 0.4 1.5
v 0.2 0.5 1.5
v 0.2 0.6 1.5
v 0.2 0.7 1.5
v 0.2 0.8 1.5
v 0.2 0.9 1.5
v 0.2 1 1.5
v 0.2 1.1 1.5
v 0.2 1.4 1.5
v 0.2 1.7 1.5
v 0.2 1.8 1.5
v 0.2 1.9 1.5
v 0.2 2 1.5
v 0.2 2.1 1.5
v 0.2 2.2 1.5
v 0.2 2.3 1.5
v 0.3 0.3 1.5
v 0.3 0.4 1.5
v 0.3 0.5 1.5
v 0.3 0.6 1.5
v 0.3 0.7 1.5
v 0.3 0.8 1.5
v 0.3 0.9 1.5
v 0.3 1 1.5
v 0.3 1.4 1.5
v 0.3 1.7 1.5
v 0.3 1.8 1.5
v 0.3 2 1.5
v 0.3 2.2 1.5
v 0.4 0.3 1.5
v 0.4 0.9 1.5
v 0.4 1.5 1.5
v 0.4 1.7 1.5
v 0.5 1.8 1.5
v 0.5 1.9 1.5
v 0.6 1 1.5
v 0.6 1.1 1.5
v 0.6 1.5 1.5
v 0.6 1.7 1.5
v 0.7 0.4 1.5
v 0.7 1 1.5
v 0.7 1.4 1.5
v 0.7 1.7 1.5
v 0.8 0.5 1.5
v 0.8 1 1.5
v 0.8 1.3 1.5
v 0.8 1.4 1.5
v 0.8 1.6 1.5
v 0.8 1.7 1.5
v 0.9 1.4 1.5
v 0.9 1.6 1.5
v 1.1 0.5 1.5
v 1.1 1 1.5
v 1.1 1.2 1.5
v 1.1 1.3 1.5
v 1.2 0.3 1.5
v 1.2 0.4 1.5
v 1.2 1 1.5
v 1.3 1 1.5
v 1.3 1.1 1.5
v 1.3 1.2 1.5
v 1.4 1 1.5
v 1.4 1.1 1.5
v 1.5 0.3 1.5
v 1.5 1 1.5
v -1.1 0.5 1.4
v -1.1 1 1.4
v -0.8 0.5 1.4
v -0.8 1 1.4
v -0.6 1.5 1.4
v -0.6 1.7 1.4
v -0.4 1.5 1.4
v -0.4 1.7 1.4
v -0.0999999 1.5 1.4
v -0.0999999 1.7 1.4
v -0.0999999 2 1.4
v -0.0999999 2.2 1.4
v 0.1 1.5 1.4
v 0.1 1.7 1.4
v 0.1 2 1.4
v 0.1 2.2 1.4
v 0.4 1.5 1.4
v 0.4 1.7 1.4
v 0.6 1.5 1.4
v 0.6 1.7 1.4
v 0.8 0.5 1.4
v 0.8 1 1.4
v 1.1 0.5 1.4
v 1.1 1 1.4
v -1.5 0.5 0.9
v -1.5 1 0.9
v -1.4 0.5 0.9
v -1.4 1 0.9
v 1.4 0.5 0.9
v 1.4 1 0.9
v 1.5 0.5 0.9
v 1.5 1 0.9
v -1.5 0.5 0.2
v -1.5 1 0.2
v -1.4 0.5 0.2
v -1.4 1 0.2
v 1.4 0.5 0.2
v 1.4 1 0.2
v 1.5 0.5 0.2
v 1.5 1 0.2
v -1.5 0.5 -0.5
v -1.5 1 -0.5
v -1.4 0.5 -0.5
v -1.4 1 -0.5
v 1.4 0.5 -0.5
v 1.4 1 -0.5
v 1.5 0.5 -0.5
v 1.5 1 -0.5
v -1.5 0.5 -1.2
v -1.5 1 -1.2
v -1.4 0.5 -1.2
v -1.4 1 -1.2
v 1.4 0.5 -1.2
v 1.4 1 -1.2
v 1.5 0.5 -1.2
v 1.5 1 -1.2
v -1.5 1.2 -1.4
v -1.5 1.4 -1.4
v -1.5 1.5 -1.4
v -1.5 2.8 -1.4
v -1.5 2.9 -1.4
v -1.4 1.2 -1.4
v -1.4 1.3 -1.4
v -1.4 1.5 -1.4
v -1.4 2.8 -1.4
v -1.3 1.5 -1.4
v -1.3 2.8 -1.4
v -1.2 1.3 -1.4
v -1.2 1.4 -1.4
v -1.2 1.5 -1.4
v -1.2 2.8 -1.4
v -1.2 2.9 -1.4
v -1.1 1.4 -1.4
v -1.1 1.5 -1.4
v -1.1 2.8 -1.4
v -1.1 2.9 -1.4
v -1 1.5 -1.4
v -1 1.6 -1.4
v -1 1.7 -1.4
v -1 2.8 -1.4
v -0.9 1.4 -1.4
v -0.9 1.5 -1.4
v -0.9 1.6 -1.4
v -0.9 1.7 -1.4
v -0.9 1.8 -1.4
v -0.9 1.9 -1.4
v -0.9 2.8 -1.4
v -0.8 1.8 -1.4
v -0.8 1.9 -1.4
v -0.8 2.8 -1.4
v -0.8 2.9 -1.4
v -0.7 1.9 -1.4
v -0.7 2 -1.4
v -0.7 2.8 -1.4
v -0.7 2.9 -1.4
v -0.6 1.9 -1.4
v -0.6 2 -1.4
v -0.6 2.8 -1.4
v -0.5 2.1 -1.4
v -0.5 2.8 -1.4
v -0.4 2 -1.4
v -0.4 2.1 -1.4
v -0.4 2.8 -1.4
v -0.4 2.9 -1.4
v -1.5 1.5 -1.5
v -1.5 2.8 -1.5
v -1.4 1.5 -1.5
v -1.4 2.8 -1.5
v -1.3 1.5 -1.5
v -1.3 2.8 -1.5
v -1.2 1.5 -1.5
v -1.2 2.8 -1.5
v -1.1 1.5 -1.5
v -1.1 2.8 -1.5
v -1 1.5 -1.5
v -1 2.8 -1.5
v -0.9 1.9 -1.5
v -0.9 2.8 -1.5
v -0.8 1.9 -1.5
v -0.8 2.8 -1.5
v -0.7 2 -1.5
v -0.7 2.8 -1.5
v -0.6 2 -1.5
v -0.6 2.8 -1.5
v -0.5 2.1 -1.5
v -0.5 2.8 -1.5
v -0.4 2.1 -1.5
v -0.4 2.2 -1.5
v -0.4 2.3 -1.5
v -0.4 2.8 -1.5
v -1.4 2.2 -1.6
v -1.4 2.8 -1.6
v -1.4 2.9 -1.6
v -1.3 2.2 -1.6
v -1.3 2.8 -1.6
v -1.3 2.9 -1.6
v -1 2 -1.6
v -1 2.8 -1.6
v -1 2.9 -1.6
v -0.9 2 -1.6
v -0.9 2.8 -1.6
v -0.9 2.9 -1.6
v -0.6 2.2 -1.6
v -0.6 2.8 -1.6
v -0.6 2.9 -1.6
v -0.5 2.2 -1.6
v -0.5 2.8 -1.6
v -0.5 2.9 -1.6
v -1.5 0.5 1.2
v -1.5 1 1.2
v -1.4 0.5 1.2
v -1.4 1 1.2
v 1.4 0.5 1.2
v 1.4 1 1.2
v 1.5 0.5 1.2
v 1.5 1 1.2
v -1.5 0.5 0.5
v -1.5 1 0.5
v -1.4 0.5 0.5
v -1.4 1 0.5
v 1.4 0.5 0.5
v 1.4 1 0.5
v 1.5 0.5 0.5
v 1.5 1 0.5
v -1.5 0.5 -0.2
v -1.5 1 -0.2
v -1.4 0.5 -0.2
v -1.4 1 -0.2
v 1.4 0.5 -0.2
v 1.4 1 -0.2
v 1.5 0.5 -0.2
v 1.5 1 -0.2
v -1.5 0.5 -0.9
v -1.5 1 -0.9
v -1.4 0.5 -0.9
v -1.4 1 -0.9
v 1.4 0.5 -0.9
v 1.4 1 -0.9
v 1.5 0.5 -0.9
v 1.5 1 -0.9
v -1.4 2.2 -1.5
v -1.4 2.8 -1.5
v -1.4 2.9 -1.5
v -1.3 2.2 -1.5
v -1.3 2.8 -1.5
v -1.3 2.9 -1.5
v -1.2 0.3 -1.5
v -1.2 1.2 -1.5
v -1.1 0.3 -1.5
v -1.1 1.2 -1.5
v -1 2 -1.5
v -1 2.8 -1.5
v -1 2.9 -1.5
v -0.9 2 -1.5
v -0.9 2.8 -1.5
v -0.9 2.9 -1.5
v -0.8 0.3 -1.5
v -0.8 1.4 -1.5
v -0.8 1.5 -1.5
v -0.8 1.7 -1.5
v -0.7 0.3 -1.5
v -0.7 1.4 -1.5
v -0.7 1.5 -1.5
v -0.7 1.7 -1.5
v -0.6 2.2 -1.5
v -0.6 2.8 -1.5
v -0.6 2.9 -1.5
v -0.5 2.2 -1.5
v -0.5 2.8 -1.5
v -0.5 2.9 -1.5
v -0.4 0.3 -1.5
v -0.4 1.4 -1.5
v -0.4 1.5 -1.5
v -0.4 1.9 -1.5
v -0.3 2 -1.5
v -0.3 2.2 -1.5
v -0.2 1.9 -1.5
v -0.2 2 -1.5
v -0.2 2.2 -1.5
v -0.2 2.3 -1.5
v -0.0999999 2.3 -1.5
v -0.0999999 2.4 -1.5
v 0.1 2.3 -1.5
v 0.1 2.4 -1.5
v 0.2 1.9 -1.5
v 0.2 2 -1.5
v 0.2 2.2 -1.5
v 0.2 2.3 -1.5
v 0.3 2 -1.5
v 0.3 2.2 -1.5
v 0.5 1.8 -1.5
v 0.5 1.9 -1.5
v 0.7 1.7 -1.5
v 0.7 1.8 -1.5
v 0.8 1.6 -1.5
v 0.8 1.7 -1.5
v 0.9 0.3 -1.5
v 0.9 1.3 -1.5
v 0.9 1.4 -1.5
v 0.9 1.6 -1.5
v 1.1 1.2 -1.5
v 1.1 1.3 -1.5
v 1.3 0.3 -1.5
v 1.3 1.1 -1.5
v 1.3 1.2 -1.5
v 1.4 1 -1.5
v 1.4 1.1 -1.5
v 1.5 0.3 -1.5
v 1.5 1 -1.5
v -1.6 1 -1.6
v -1.6 1.1 -1.6
v -1.5 1 -1.6
v -1.5 1.1 -1.6
v -1.5 1.5 -1.6
v -1.5 2.8 -1.6
v -1.4 1.5 -1.6
v -1.4 2.8 -1.6
v -1.3 1.5 -1.6
v -1.3 2.8 -1.6
v -1.2 1.2 -1.6
v -1.2 1.4 -1.6
v -1.2 1.5 -1.6
v -1.2 2.8 -1.6
v -1.1 1.2 -1.6
v -1.1 1.4 -1.6
v -1.1 1.5 -1.6
v -1.1 2.8 -1.6
v -1 1.5 -1.6
v -1 2.8 -1.6
v -0.9 1.5 -1.6
v -0.9 2.8 -1.6
v -0.8 1.5 -1.6
v -0.8 1.7 -1.6
v -0.8 1.9 -1.6
v -0.8 2.8 -1.6
v -0.7 1.5 -1.6
v -0.7 1.7 -1.6
v -0.7 1.9 -1.6
v -0.7 2.8 -1.6
v -0.6 1.5 -1.6
v -0.6 2.8 -1.6
v -0.5 1.5 -1.6
v -0.5 2.8 -1.6
v -0.4 1.5 -1.6
v -0.4 1.9 -1.6
v -0.4 2 -1.6
v -0.4 2.2 -1.6
v -0.4 2.3 -1.6
v -0.4 2.8 -1.6
v -0.3 2.3 -1.6
v -0.3 2.4 -1.6
v -0.2 1.9 -1.6
v -0.2 2 -1.6
v -0.2 2.2 -1.6
v -0.2 2.3 -1.6
v -0.2 2.4 -1.6
v -0.2 2.5 -1.6
v -0.0999999 2.3 -1.6
v -0.0999999 2.4 -1.6
v -0.0999999 2.5 -1.6
v -0.0999999 2.6 -1.6
v 0.1 2.3 -1.6
v 0.1 2.4 -1.6
v 0.1 2.5 -1.6
v 0.1 2.6 -1.6
v 0.2 1.9 -1.6
v 0.2 2 -1.6
v 0.2 2.2 -1.6
v 0.2 2.3 -1.6
v 0.2 2.4 -1.6
v 0.2 2.5 -1.6
v 0.3 2.3 -1.6
v 0.3 2.4 -1.6
v 0.4 2.2 -1.6
v 0.4 2.3 -1.6
v 0.5 1.8 -1.6
v 0.5 1.9 -1.6
v 0.6 1.9 -1.6
v 0.6 2 -1.6
v 0.7 1.7 -1.6
v 0.7 1.8 -1.6
v 0.8 1.6 -1.6
v 0.8 1.7 -1.6
v 0.8 1.8 -1.6
v 0.8 1.9 -1.6
v 0.9 1.3 -1.6
v 0.9 1.4 -1.6
v 0.9 1.7 -1.6
v 0.9 1.8 -1.6
v 1 1.6 -1.6
v 1 1.7 -1.6
v 1.1 1.2 -1.6
v 1.1 1.3 -1.6
v 1.2 1.3 -1.6
v 1.2 1.4 -1.6
v 1.3 1.1 -1.6
v 1.3 1.2 -1.6
v 1.4 1 -1.6
v 1.4 1.1 -1.6
v 1.4 1.2 -1.6
v 1.4 1.3 -1.6
v 1.5 1.1 -1.6
v 1.5 1.2 -1.6
v 1.6 1 -1.6
v 1.6 1.1 -1.6
v -1.5 0.3 -1.7
v -1.5 1.4 -1.7
v -1.5 1.5 -1.7
v -1.5 2.8 -1.7
v -1.5 2.9 -1.7
v -1.4 1.5 -1.7
v -1.4 2.8 -1.7
v -1.3 1.5 -1.7
v -1.3 2.8 -1.7
v -1.2 0.3 -1.7
v -1.2 1.4 -1.7
v -1.2 1.5 -1.7
v -1.2 2.8 -1.7
v -1.2 2.9 -1.7
v -1.1 0.3 -1.7
v -1.1 1.4 -1.7
v -1.1 1.5 -1.7
v -1.1 2.8 -1.7
v -1.1 2.9 -1.7
v -1 1.5 -1.7
v -1 2.8 -1.7
v -0.9 1.5 -1.7
v -0.9 2.8 -1.7
v -0.8 0.3 -1.7
v -0.8 1.4 -1.7
v -0.8 1.5 -1.7
v -0.8 2.8 -1.7
v -0.8 2.9 -1.7
v -0.7 0.3 -1.7
v -0.7 1.4 -1.7
v -0.7 1.5 -1.7
v -0.7 2.8 -1.7
v -0.7 2.9 -1.7
v -0.6 1.5 -1.7
v -0.6 2.8 -1.7
v -0.5 1.5 -1.7
v -0.5 2.8 -1.7
v -0.4 0.3 -1.7
v -0.4 1.4 -1.7
v -0.4 1.5 -1.7
v -0.4 2.8 -1.7
v -0.4 2.9 -1.7
v -1.9 0.2 -1.9
v -1.9 0.3 -1.9
v -1.6 0.2 -1.9
v -1.6 0.3 -1.9
v 1 0.2 -1.9
v 1 0.3 -1.9
v 1.2 0.2 -1.9
v 1.2 0.3 -1.9
v 1.4 0.2 -1.9
v 1.4 0.3 -1.9
v 1.9 0.2 -1.9
v 1.9 0.3 -1.9
v -2 0 -2
v -2 0.2 -2
v -1.6 0.1 -2
v -1.6 0.2 -2
v 1.4 0.1 -2
v 1.4 0.2 -2
v 2 0 -2
v 2 0.2 -2
v -2 0 2
v 2 0 2
v -2 0 -2
v 2 0 -2
v -0.3 0.9 1.6
v -0.2 0.9 1.6
v 0.2 0.9 1.6
v 0.3 0.9 1.6
v -0.3 0.9 1.5
v -0.2 0.9 1.5
v 0.2 0.9 1.5
v 0.3 0.9 1.5
v -1.6 1 1.6
v -1.4 1 1.6
v -1.3 1 1.6
v -0.6 1 1.6
v -0.2 1 1.6
v 0.2 1 1.6
v 0.6 1 1.6
v 1.3 1 1.6
v 1.4 1 1.6
v 1.6 1 1.6
v -1.5 1 1.5
v -1.4 1 1.5
v -1.3 1 1.5
v -1.2 1 1.5
v -1.1 1 1.5
v -0.8 1 1.5
v -0.7 1 1.5
v -0.6 1 1.5
v -0.2 1 1.5
v 0.2 1 1.5
v 0.6 1 1.5
v 0.7 1 1.5
v 0.8 1 1.5
v 1.1 1 1.5
v 1.2 1 1.5
v 1.3 1 1.5
v 1.4 1 1.5
v 1.5 1 1.5
v -1.6 1 1.4
v -1.5 1 1.4
v -1.1 1 1.4
v -0.8 1 1.4
v 0.8 1 1.4
v 1.1 1 1.4
v 1.5 1 1.4
v 1.6 1 1.4
v -1.6 1 1.3
v -1.5 1 1.3
v 1.5 1 1.3
v 1.6 1 1.3
v -1.5 1 1.2
v -1.4 1 1.2
v 1.4 1 1.2
v 1.5 1 1.2
v -1.6 1 1.1
v -1.5 1 1.1
v 1.5 1 1.1
v 1.6 1 1.1
v -1.6 1 1
v -1.5 1 1
v 1.5 1 1
v 1.6 1 1
v -1.5 1 0.9
v -1.4 1 0.9
v 1.4 1 0.9
v 1.5 1 0.9
v -1.6 1 0.8
v -1.5 1 0.8
v 1.5 1 0.8
v 1.6 1 0.8
v -1.6 1 0.7
v -1.5 1 0.7
v 1.5 1 0.7
v 1.6 1 0.7
v -1.5 1 0.6
v 1.5 1 0.6
v -1.6 1 0.5
v -1.5 1 0.5
v -1.4 1 0.5
v 1.4 1 0.5
v 1.5 1 0.5
v 1.6 1 0.5
v -1.6 1 0.4
v -1.5 1 0.4
v 1.5 1 0.4
v 1.6 1 0.4
v -1.6 1 0.2
v -1.5 1 0.2
v -1.4 1 0.2
v 1.4 1 0.2
v 1.5 1 0.2
v 1.6 1 0.2
v -1.6 1 0.0999999
v -1.5 1 0.0999999
v 1.5 1 0.0999999
v 1.6 1 0.0999999
v -1.6 1 -0.1
v -1.5 1 -0.1
v 1.5 1 -0.1
v 1.6 1 -0.1
v -1.6 1 -0.2
v -1.5 1 -0.2
v -1.4 1 -0.2
v 1.4 1 -0.2
v 1.5 1 -0.2
v 1.6 1 -0.2
v -1.6 1 -0.4
v -1.5 1 -0.4
v 1.5 1 -0.4
v 1.6 1 -0.4
v -1.6 1 -0.5
v -1.5 1 -0.5
v -1.4 1 -0.5
v 1.4 1 -0.5
v 1.5 1 -0.5
v 1.6 1 -0.5
v -1.5 1 -0.6
v 1.5 1 -0.6
v -1.6 1 -0.7
v -1.5 1 -0.7
v 1.5 1 -0.7
v 1.6 1 -0.7
v -1.6 1 -0.8
v -1.5 1 -0.8
v 1.5 1 -0.8
v 1.6 1 -0.8
v -1.5 1 -0.9
v -1.4 1 -0.9
v 1.4 1 -0.9
v 1.5 1 -0.9
v -1.6 1 -1
v -1.5 1 -1
v 1.5 1 -1
v 1.6 1 -1
v -1.6 1 -1.1
v -1.5 1 -1.1
v 1.5 1 -1.1
v 1.6 1 -1.1
v -1.5 1 -1.2
v -1.4 1 -1.2
v 1.4 1 -1.2
v 1.5 1 -1.2
v -1.6 1 -1.3
v -1.5 1 -1.3
v 1.5 1 -1.3
v 1.6 1 -1.3
v -1.6 1 -1.4
v -1.5 1 -1.4
v 1.5 1 -1.4
v 1.6 1 -1.4
v 1.4 1 -1.5
v 1.5 1 -1.5
v -1.6 1 -1.6
v -1.5 1 -1.6
v 1.4 1 -1.6
v 1.6 1 -1.6
v -1.4 1.1 1.6
v -1.3 1.1 1.6
v 1.3 1.1 1.6
v 1.4 1.1 1.6
v -1.4 1.1 1.5
v -1.3 1.1 1.5
v 1.3 1.1 1.5
v 1.4 1.1 1.5
v 1.3 1.1 -1.5
v 1.4 1.1 -1.5
v 1.3 1.1 -1.6
v 1.4 1.1 -1.6
v -1.3 1.2 1.6
v -1.1 1.2 1.6
v 1.1 1.2 1.6
v 1.3 1.2 1.6
v -1.3 1.2 1.5
v -1.1 1.2 1.5
v 1.1 1.2 1.5
v 1.3 1.2 1.5
v -1.2 1.2 -1.5
v -1.1 1.2 -1.5
v 1.1 1.2 -1.5
v 1.3 1.2 -1.5
v -1.2 1.2 -1.6
v -1.1 1.2 -1.6
v 1.1 1.2 -1.6
v 1.3 1.2 -1.6
v -1.1 1.3 1.6
v -0.8 1.3 1.6
v 0.8 1.3 1.6
v 1.1 1.3 1.6
v -1.1 1.3 1.5
v -0.8 1.3 1.5
v 0.8 1.3 1.5
v 1.1 1.3 1.5
v 0.9 1.3 -1.5
v 1.1 1.3 -1.5
v 0.9 1.3 -1.6
v 1.1 1.3 -1.6
v -1 1.6 1.6
v -0.8 1.6 1.6
v 0.8 1.6 1.6
v 1 1.6 1.6
v -0.9 1.6 1.5
v -0.8 1.6 1.5
v 0.8 1.6 1.5
v 0.9 1.6 1.5
v -1 1.6 1.4
v -0.9 1.6 1.4
v 0.9 1.6 1.4
v 1 1.6 1.4
v -1 1.6 1.3
v -0.9 1.6 1.3
v 0.9 1.6 1.3
v 1 1.6 1.3
v -1 1.6 1.1
v -0.9 1.6 1.1
v 0.9 1.6 1.1
v 1 1.6 1.1
v -1 1.6 1
v -0.9 1.6 1
v 0.9 1.6 1
v 1 1.6 1
v -1 1.6 0.8
v -0.9 1.6 0.8
v 0.9 1.6 0.8
v 1 1.6 0.8
v -1 1.6 0.7
v -0.9 1.6 0.7
v 0.9 1.6 0.7
v 1 1.6 0.7
v -1 1.6 0.5
v -0.9 1.6 0.5
v 0.9 1.6 0.5
v 1 1.6 0.5
v -1 1.6 0.4
v -0.9 1.6 0.4
v 0.9 1.6 0.4
v 1 1.6 0.4
v -1 1.6 0.2
v -0.9 1.6 0.2
v 0.9 1.6 0.2
v 1 1.6 0.2
v -1 1.6 0.0999999
v -0.9 1.6 0.0999999
v 0.9 1.6 0.0999999
v 1 1.6 0.0999999
v -1 1.6 -0.1
v -0.9 1.6 -0.1
v 0.9 1.6 -0.1
v 1 1.6 -0.1
v -1 1.6 -0.2
v -0.9 1.6 -0.2
v 0.9 1.6 -0.2
v 1 1.6 -0.2
v -1 1.6 -0.4
v -0.9 1.6 -0.4
v 0.9 1.6 -0.4
v 1 1.6 -0.4
v -1 1.6 -0.5
v -0.9 1.6 -0.5
v 0.9 1.6 -0.5
v 1 1.6 -0.5
v -1 1.6 -0.7
v -0.9 1.6 -0.7
v 0.9 1.6 -0.7
v 1 1.6 -0.7
v -1 1.6 -0.8
v -0.9 1.6 -0.8
v 0.9 1.6 -0.8
v 1 1.6 -0.8
v -1 1.6 -1
v -0.9 1.6 -1
v 0.9 1.6 -1
v 1 1.6 -1
v -1 1.6 -1.1
v -0.9 1.6 -1.1
v 0.9 1.6 -1.1
v 1 1.6 -1.1
v -1 1.6 -1.3
v -0.9 1.6 -1.3
v 0.9 1.6 -1.3
v 1 1.6 -1.3
v -1 1.6 -1.4
v -0.9 1.6 -1.4
v 0.9 1.6 -1.4
v 1 1.6 -1.4
v 0.8 1.6 -1.5
v 0.9 1.6 -1.5
v 0.8 1.6 -1.6
v 1 1.6 -1.6
v -0.8 1.7 1.6
v -0.7 1.7 1.6
v -0.3 1.7 1.6
v -0.2 1.7 1.6
v 0.2 1.7 1.6
v 0.3 1.7 1.6
v 0.7 1.7 1.6
v 0.8 1.7 1.6
v -0.8 1.7 1.5
v -0.7 1.7 1.5
v -0.6 1.7 1.5
v -0.4 1.7 1.5
v -0.3 1.7 1.5
v -0.2 1.7 1.5
v -0.0999999 1.7 1.5
v 0.1 1.7 1.5
v 0.2 1.7 1.5
v 0.3 1.7 1.5
v 0.4 1.7 1.5
v 0.6 1.7 1.5
v 0.7 1.7 1.5
v 0.8 1.7 1.5
v -0.6 1.7 1.4
v -0.4 1.7 1.4
v -0.0999999 1.7 1.4
v 0.1 1.7 1.4
v 0.4 1.7 1.4
v 0.6 1.7 1.4
v -0.8 1.7 -1.5
v -0.7 1.7 -1.5
v 0.7 1.7 -1.5
v 0.8 1.7 -1.5
v -0.8 1.7 -1.6
v -0.7 1.7 -1.6
v 0.7 1.7 -1.6
v 0.8 1.7 -1.6
v 0.5 1.8 -1.5
v 0.7 1.8 -1.5
v 0.5 1.8 -1.6
v 0.7 1.8 -1.6
v -0.5 1.9 1.6
v -0.2 1.9 1.6
v 0.2 1.9 1.6
v 0.5 1.9 1.6
v -0.5 1.9 1.5
v -0.2 1.9 1.5
v 0.2 1.9 1.5
v 0.5 1.9 1.5
v -0.4 1.9 -1.5
v -0.2 1.9 -1.5
v 0.2 1.9 -1.5
v 0.5 1.9 -1.5
v -0.4 1.9 -1.6
v -0.2 1.9 -1.6
v 0.2 1.9 -1.6
v 0.5 1.9 -1.6
v -0.2 2.1 1.6
v -0.0999999 2.1 1.6
v 0.1 2.1 1.6
v 0.2 2.1 1.6
v -0.2 2.1 1.5
v -0.0999999 2.1 1.5
v 0.1 2.1 1.5
v 0.2 2.1 1.5
v -0.4 2.2 1.6
v -0.2 2.2 1.6
v -0.0999999 2.2 1.6
v 0.1 2.2 1.6
v 0.2 2.2 1.6
v 0.4 2.2 1.6
v -0.3 2.2 1.5
v -0.2 2.2 1.5
v 0.2 2.2 1.5
v 0.3 2.2 1.5
v -0.4 2.2 1.4
v -0.3 2.2 1.4
v -0.0999999 2.2 1.4
v 0.1 2.2 1.4
v 0.3 2.2 1.4
v 0.4 2.2 1.4
v -0.4 2.2 1.3
v -0.3 2.2 1.3
v 0.3 2.2 1.3
v 0.4 2.2 1.3
v -0.4 2.2 1.1
v -0.3 2.2 1.1
v 0.3 2.2 1.1
v 0.4 2.2 1.1
v -0.4 2.2 1
v -0.3 2.2 1
v 0.3 2.2 1
v 0.4 2.2 1
v -0.4 2.2 0.8
v -0.3 2.2 0.8
v 0.3 2.2 0.8
v 0.4 2.2 0.8
v -0.4 2.2 0.7
v -0.3 2.2 0.7
v 0.3 2.2 0.7
v 0.4 2.2 0.7
v -0.4 2.2 0.5
v -0.3 2.2 0.5
v 0.3 2.2 0.5
v 0.4 2.2 0.5
v -0.4 2.2 0.4
v -0.3 2.2 0.4
v 0.3 2.2 0.4
v 0.4 2.2 0.4
v -0.4 2.2 0.2
v -0.3 2.2 0.2
v 0.3 2.2 0.2
v 0.4 2.2 0.2
v -0.4 2.2 0.0999999
v -0.3 2.2 0.0999999
v 0.3 2.2 0.0999999
v 0.4 2.2 0.0999999
v -0.4 2.2 -0.1
v -0.3 2.2 -0.1
v 0.3 2.2 -0.1
v 0.4 2.2 -0.1
v -0.4 2.2 -0.2
v -0.3 2.2 -0.2
v 0.3 2.2 -0.2
v 0.4 2.2 -0.2
v -0.4 2.2 -0.4
v -0.3 2.2 -0.4
v 0.3 2.2 -0.4
v 0.4 2.2 -0.4
v -0.4 2.2 -0.5
v -0.3 2.2 -0.5
v 0.3 2.2 -0.5
v 0.4 2.2 -0.5
v -0.4 2.2 -0.7
v -0.3 2.2 -0.7
v 0.3 2.2 -0.7
v 0.4 2.2 -0.7
v -0.4 2.2 -0.8
v -0.3 2.2 -0.8
v 0.3 2.2 -0.8
v 0.4 2.2 -0.8
v -0.4 2.2 -1
v -0.3 2.2 -1
v 0.3 2.2 -1
v 0.4 2.2 -1
v -0.4 2.2 -1.1
v -0.3 2.2 -1.1
v 0.3 2.2 -1.1
v 0.4 2.2 -1.1
v -0.4 2.2 -1.3
v -0.3 2.2 -1.3
v 0.3 2.2 -1.3
v 0.4 2.2 -1.3
v -0.4 2.2 -1.4
v -0.3 2.2 -1.4
v 0.3 2.2 -1.4
v 0.4 2.2 -1.4
v -0.4 2.2 -1.5
v -0.3 2.2 -1.5
v -0.2 2.2 -1.5
v 0.2 2.2 -1.5
v 0.3 2.2 -1.5
v -0.4 2.2 -1.6
v -0.2 2.2 -1.6
v 0.2 2.2 -1.6
v 0.4 2.2 -1.6
v -0.2 2.3 1.6
v -0.0999999 2.3 1.6
v 0.1 2.3 1.6
v 0.2 2.3 1.6
v -0.2 2.3 1.5
v -0.0999999 2.3 1.5
v 0.1 2.3 1.5
v 0.2 2.3 1.5
v -0.2 2.3 -1.5
v -0.0999999 2.3 -1.5
v 0.1 2.3 -1.5
v 0.2 2.3 -1.5
v -0.2 2.3 -1.6
v -0.0999999 2.3 -1.6
v 0.1 2.3 -1.6
v 0.2 2.3 -1.6
v -0.0999999 2.4 1.6
v 0.1 2.4 1.6
v -0.0999999 2.4 1.5
v 0.1 2.4 1.5
v -0.0999999 2.4 -1.5
v 0.1 2.4 -1.5
v -0.0999999 2.4 -1.6
v 0.1 2.4 -1.6
v -1.5 2.8 -1.4
v -1.4 2.8 -1.4
v -1.3 2.8 -1.4
v -1.2 2.8 -1.4
v -1.1 2.8 -1.4
v -1 2.8 -1.4
v -0.9 2.8 -1.4
v -0.8 2.8 -1.4
v -0.7 2.8 -1.4
v -0.6 2.8 -1.4
v -0.5 2.8 -1.4
v -0.4 2.8 -1.4
v -1.5 2.8 -1.5
v -1.4 2.8 -1.5
v -1.3 2.8 -1.5
v -1.2 2.8 -1.5
v -1.1 2.8 -1.5
v -1 2.8 -1.5
v -0.9 2.8 -1.5
v -0.8 2.8 -1.5
v -0.7 2.8 -1.5
v -0.6 2.8 -1.5
v -0.5 2.8 -1.5
v -0.4 2.8 -1.5
v -1.5 2.8 -1.6
v -1.4 2.8 -1.6
v -1.3 2.8 -1.6
v -1.2 2.8 -1.6
v -1.1 2.8 -1.6
v -1 2.8 -1.6
v -0.9 2.8 -1.6
v -0.8 2.8 -1.6
v -0.7 2.8 -1.6
v -0.6 2.8 -1.6
v -0.5 2.8 -1.6
v -0.4 2.8 -1.6
v -1.5 2.8 -1.7
v -1.4 2.8 -1.7
v -1.3 2.8 -1.7
v -1.2 2.8 -1.7
v -1.1 2.8 -1.7
v -1 2.8 -1.7
v -0.9 2.8 -1.7
v -0.8 2.8 -1.7
v -0.7 2.8 -1.7
v -0.6 2.8 -1.7
v -0.5 2.8 -1.7
v -0.4 2.8 -1.7
v -2 0.2 2
v 1.1 0.2 2
v 1.9 0.2 2
v 2 0.2 2
v -1.9 0.2 1.9
v -1.2 0.2 1.9
v -0.7 0.2 1.9
v 1.1 0.2 1.9
v 1.9 0.2 1.9
v 1.9 0.2 1.8
v 2 0.2 1.8
v 1.9 0.2 1.5
v -2 0.2 1.2
v -1.9 0.2 1.2
v -2 0.2 1
v -1.9 0.2 1
v -2 0.2 0.9
v -1.9 0.2 0.9
v -2 0.2 0.7
v -1.9 0.2 0.7
v 1.9 0.2 0.5
v -2 0.2 0.4
v -1.9 0.2 0.4
v 1.9 0.2 0.0999999
v 2 0.2 0.0999999
v 1.9 0.2 -0.1
v 2 0.2 -0.1
v -2 0.2 -0.6
v -1.9 0.2 -0.6
v 1.9 0.2 -1.3
v -2 0.2 -1.4
v -1.9 0.2 -1.4
v 1.9 0.2 -1.4
v 2 0.2 -1.4
v 1.9 0.2 -1.5
v 2 0.2 -1.5
v -2 0.2 -1.6
v -1.9 0.2 -1.6
v 1.9 0.2 -1.6
v 2 0.2 -1.6
v -1.9 0.2 -1.9
v -1.6 0.2 -1.9
v 1 0.2 -1.9
v 1.2 0.2 -1.9
v 1.4 0.2 -1.9
v 1.9 0.2 -1.9
v -2 0.2 -2
v -1.6 0.2 -2
v 1.4 0.2 -2
v 2 0.2 -2
v -1.9 0.3 1.9
v -1.2 0.3 1.9
v -0.7 0.3 1.9
v 1.1 0.3 1.9
v 1.9 0.3 1.9
v -1 0.3 1.8
v -0.7 0.3 1.8
v -0.4 0.3 1.8
v 1.1 0.3 1.8
v -0.4 0.3 1.6
v -0.3 0.3 1.6
v 0.3 0.3 1.6
v 0.4 0.3 1.6
v 1.2 0.3 1.6
v 1.7 0.3 1.6
v -1.5 0.3 1.5
v -1.2 0.3 1.5
v -1 0.3 1.5
v -0.4 0.3 1.5
v -0.3 0.3 1.5
v -0.2 0.3 1.5
v 0.2 0.3 1.5
v 0.3 0.3 1.5
v 0.4 0.3 1.5
v 1.2 0.3 1.5
v 1.5 0.3 1.5
v 1.7 0.3 1.5
v 1.9 0.3 1.5
v -1.8 0.3 1.4
v -1.5 0.3 1.4
v -1.9 0.3 1.2
v -1.8 0.3 1.2
v -1.8 0.3 1.1
v -1.5 0.3 1.1
v -1.9 0.3 0.7
v -1.8 0.3 0.7
v -1.7 0.3 0.5
v -1.5 0.3 0.5
v 1.7 0.3 0.5
v 1.9 0.3 0.5
v -1.9 0.3 0.4
v -1.8 0.3 0.4
v 1.5 0.3 0.2
v 1.7 0.3 0.2
v 1.5 0.3 0.0999999
v 1.9 0.3 0.0999999
v 1.5 0.3 -0.1
v 1.9 0.3 -0.1
v -1.7 0.3 -0.5
v -1.5 0.3 -0.5
v 1.5 0.3 -0.5
v 1.8 0.3 -0.5
v -1.9 0.3 -0.6
v -1.7 0.3 -0.6
v 1.5 0.3 -1.1
v 1.8 0.3 -1.1
v 1.5 0.3 -1.3
v 1.9 0.3 -1.3
v -1.9 0.3 -1.4
v -1.7 0.3 -1.4
v -1.7 0.3 -1.5
v -1.5 0.3 -1.5
v -1.2 0.3 -1.5
v -1.1 0.3 -1.5
v -0.8 0.3 -1.5
v -0.7 0.3 -1.5
v -0.4 0.3 -1.5
v 0.9 0.3 -1.5
v 1.3 0.3 -1.5
v 1.5 0.3 -1.5
v -1.9 0.3 -1.6
v -1.6 0.3 -1.6
v -0.0999999 0.3 -1.6
v 0.3 0.3 -1.6
v 1.3 0.3 -1.6
v 1.4 0.3 -1.6
v 1.9 0.3 -1.6
v -1.5 0.3 -1.7
v -1.2 0.3 -1.7
v -1.1 0.3 -1.7
v -0.8 0.3 -1.7
v -0.7 0.3 -1.7
v -0.4 0.3 -1.7
v -0.0999999 0.3 -1.7
v 0.3 0.3 -1.7
v 0.9 0.3 -1.7
v 1 0.3 -1.7
v 1.2 0.3 -1.7
v -1.9 0.3 -1.9
v -1.6 0.3 -1.9
v 1 0.3 -1.9
v 1.2 0.3 -1.9
v 1.4 0.3 -1.9
v 1.9 0.3 -1.9
v -1.1 0.5 1.5
v -0.8 0.5 1.5
v 0.8 0.5 1.5
v 1.1 0.5 1.5
v -1.1 0.5 1.4
v -0.8 0.5 1.4
v 0.8 0.5 1.4
v 1.1 0.5 1.4
v -1.5 0.5 1.2
v -1.4 0.5 1.2
v 1.4 0.5 1.2
v 1.5 0.5 1.2
v -1.5 0.5 0.9
v -1.4 0.5 0.9
v 1.4 0.5 0.9
v 1.5 0.5 0.9
v -1.5 0.5 0.5
v -1.4 0.5 0.5
v 1.4 0.5 0.5
v 1.5 0.5 0.5
v -1.5 0.5 0.2
v -1.4 0.5 0.2
v 1.4 0.5 0.2
v 1.5 0.5 0.2
v -1.5 0.5 -0.2
v -1.4 0.5 -0.2
v 1.4 0.5 -0.2
v 1.5 0.5 -0.2
v -1.5 0.5 -0.5
v -1.4 0.5 -0.5
v 1.4 0.5 -0.5
v 1.5 0.5 -0.5
v -1.5 0.5 -0.9
v -1.4 0.5 -0.9
v 1.4 0.5 -0.9
v 1.5 0.5 -0.9
v -1.5 0.5 -1.2
v -1.4 0.5 -1.2
v 1.4 0.5 -1.2
v 1.5 0.5 -1.2
v -0.4 0.9 1.6
v -0.3 0.9 1.6
v 0.3 0.9 1.6
v 0.4 0.9 1.6
v -0.4 0.9 1.5
v -0.3 0.9 1.5
v 0.3 0.9 1.5
v 0.4 0.9 1.5
v -0.3 1 1.6
v -0.2 1 1.6
v 0.2 1 1.6
v 0.3 1 1.6
v -0.3 1 1.5
v -0.2 1 1.5
v 0.2 1 1.5
v 0.3 1 1.5
v -1.6 1.1 1.6
v -1.5 1.1 1.6
v -1.3 1.1 1.6
v -0.6 1.1 1.6
v -0.2 1.1 1.6
v 0.2 1.1 1.6
v 0.6 1.1 1.6
v 1.3 1.1 1.6
v 1.5 1.1 1.6
v 1.6 1.1 1.6
v -1.3 1.1 1.5
v -0.6 1.1 1.5
v -0.2 1.1 1.5
v 0.2 1.1 1.5
v 0.6 1.1 1.5
v 1.3 1.1 1.5
v -1.6 1.1 1.4
v -1.5 1.1 1.4
v 1.5 1.1 1.4
v 1.6 1.1 1.4
v -1.6 1.1 1.3
v -1.5 1.1 1.3
v 1.5 1.1 1.3
v 1.6 1.1 1.3
v -1.6 1.1 1.1
v -1.5 1.1 1.1
v 1.5 1.1 1.1
v 1.6 1.1 1.1
v -1.6 1.1 1
v -1.5 1.1 1
v 1.5 1.1 1
v 1.6 1.1 1
v -1.6 1.1 0.8
v -1.5 1.1 0.8
v 1.5 1.1 0.8
v 1.6 1.1 0.8
v -1.6 1.1 0.7
v -1.5 1.1 0.7
v 1.5 1.1 0.7
v 1.6 1.1 0.7
v -1.6 1.1 0.5
v -1.5 1.1 0.5
v 1.5 1.1 0.5
v 1.6 1.1 0.5
v -1.6 1.1 0.4
v -1.5 1.1 0.4
v 1.5 1.1 0.4
v 1.6 1.1 0.4
v -1.6 1.1 0.2
v -1.5 1.1 0.2
v 1.5 1.1 0.2
v 1.6 1.1 0.2
v -1.6 1.1 0.0999999
v -1.5 1.1 0.0999999
v 1.5 1.1 0.0999999
v 1.6 1.1 0.0999999
v -1.6 1.1 -0.1
v -1.5 1.1 -0.1
v 1.5 1.1 -0.1
v 1.6 1.1 -0.1
v -1.6 1.1 -0.2
v -1.5 1.1 -0.2
v 1.5 1.1 -0.2
v 1.6 1.1 -0.2
v -1.6 1.1 -0.4
v -1.5 1.1 -0.4
v 1.5 1.1 -0.4
v 1.6 1.1 -0.4
v -1.6 1.1 -0.5
v -1.5 1.1 -0.5
v 1.5 1.1 -0.5
v 1.6 1.1 -0.5
v -1.6 1.1 -0.7
v -1.5 1.1 -0.7
v 1.5 1.1 -0.7
v 1.6 1.1 -0.7
v -1.6 1.1 -0.8
v -1.5 1.1 -0.8
v 1.5 1.1 -0.8
v 1.6 1.1 -0.8
v -1.6 1.1 -1
v -1.5 1.1 -1
v 1.5 1.1 -1
v 1.6 1.1 -1
v -1.6 1.1 -1.1
v -1.5 1.1 -1.1
v 1.5 1.1 -1.1
v 1.6 1.1 -1.1
v -1.6 1.1 -1.3
v -1.5 1.1 -1.3
v 1.5 1.1 -1.3
v 1.6 1.1 -1.3
v -1.6 1.1 -1.4
v -1.5 1.1 -1.4
v 1.5 1.1 -1.4
v 1.6 1.1 -1.4
v -1.6 1.1 -1.6
v -1.5 1.1 -1.6
v 1.5 1.1 -1.6
v 1.6 1.1 -1.6
v -1.5 1.2 1.6
v -1.4 1.2 1.6
v 1.4 1.2 1.6
v 1.5 1.2 1.6
v -1.5 1.2 1.4
v -1.4 1.2 1.4
v 1.4 1.2 1.4
v 1.5 1.2 1.4
v -1.5 1.2 1.3
v -1.4 1.2 1.3
v 1.4 1.2 1.3
v 1.5 1.2 1.3
v -1.5 1.2 1.1
v -1.4 1.2 1.1
v 1.4 1.2 1.1
v 1.5 1.2 1.1
v -1.5 1.2 1
v -1.4 1.2 1
v 1.4 1.2 1
v 1.5 1.2 1
v -1.5 1.2 0.8
v -1.4 1.2 0.8
v 1.4 1.2 0.8
v 1.5 1.2 0.8
v -1.5 1.2 0.7
v -1.4 1.2 0.7
v 1.4 1.2 0.7
v 1.5 1.2 0.7
v -1.5 1.2 0.5
v -1.4 1.2 0.5
v 1.4 1.2 0.5
v 1.5 1.2 0.5
v -1.5 1.2 0.4
v -1.4 1.2 0.4
v 1.4 1.2 0.4
v 1.5 1.2 0.4
v -1.5 1.2 0.2
v -1.4 1.2 0.2
v 1.4 1.2 0.2
v 1.5 1.2 0.2
v -1.5 1.2 0.0999999
v -1.4 1.2 0.0999999
v 1.4 1.2 0.0999999
v 1.5 1.2 0.0999999
v -1.5 1.2 -0.1
v -1.4 1.2 -0.1
v 1.4 1.2 -0.1
v 1.5 1.2 -0.1
v -1.5 1.2 -0.2
v -1.4 1.2 -0.2
v 1.4 1.2 -0.2
v 1.5 1.2 -0.2
v -1.5 1.2 -0.4
v -1.4 1.2 -0.4
v 1.4 1.2 -0.4
v 1.5 1.2 -0.4
v -1.5 1.2 -0.5
v -1.4 1.2 -0.5
v 1.4 1.2 -0.5
v 1.5 1.2 -0.5
v -1.5 1.2 -0.7
v -1.4 1.2 -0.7
v 1.4 1.2 -0.7
v 1.5 1.2 -0.7
v -1.5 1.2 -0.8
v -1.4 1.2 -0.8
v 1.4 1.2 -0.8
v 1.5 1.2 -0.8
v -1.5 1.2 -1
v -1.4 1.2 -1
v 1.4 1.2 -1
v 1.5 1.2 -1
v -1.5 1.2 -1.1
v -1.4 1.2 -1.1
v 1.4 1.2 -1.1
v 1.5 1.2 -1.1
v -1.5 1.2 -1.3
v -1.4 1.2 -1.3
v 1.4 1.2 -1.3
v 1.5 1.2 -1.3
v -1.5 1.2 -1.4
v -1.4 1.2 -1.4
v 1.4 1.2 -1.4
v 1.5 1.2 -1.4
v 1.4 1.2 -1.6
v 1.5 1.2 -1.6
v -1.4 1.3 1.6
v -1.2 1.3 1.6
v 1.2 1.3 1.6
v 1.4 1.3 1.6
v -1.4 1.3 1.4
v -1.2 1.3 1.4
v 1.2 1.3 1.4
v 1.4 1.3 1.4
v -1.4 1.3 1.3
v -1.2 1.3 1.3
v 1.2 1.3 1.3
v 1.4 1.3 1.3
v -1.4 1.3 1.1
v -1.2 1.3 1.1
v 1.2 1.3 1.1
v 1.4 1.3 1.1
v -1.4 1.3 1
v -1.2 1.3 1
v 1.2 1.3 1
v 1.4 1.3 1
v -1.4 1.3 0.8
v -1.2 1.3 0.8
v 1.2 1.3 0.8
v 1.4 1.3 0.8
v -1.4 1.3 0.7
v -1.2 1.3 0.7
v 1.2 1.3 0.7
v 1.4 1.3 0.7
v -1.4 1.3 0.5
v -1.2 1.3 0.5
v 1.2 1.3 0.5
v 1.4 1.3 0.5
v -1.4 1.3 0.4
v -1.2 1.3 0.4
v 1.2 1.3 0.4
v 1.4 1.3 0.4
v -1.4 1.3 0.2
v -1.2 1.3 0.2
v 1.2 1.3 0.2
v 1.4 1.3 0.2
v -1.4 1.3 0.0999999
v -1.2 1.3 0.0999999
v 1.2 1.3 0.0999999
v 1.4 1.3 0.0999999
v -1.4 1.3 -0.1
v -1.2 1.3 -0.1
v 1.2 1.3 -0.1
v 1.4 1.3 -0.1
v -1.4 1.3 -0.2
v -1.2 1.3 -0.2
v 1.2 1.3 -0.2
v 1.4 1.3 -0.2
v -1.4 1.3 -0.4
v -1.2 1.3 -0.4
v 1.2 1.3 -0.4
v 1.4 1.3 -0.4
v -1.4 1.3 -0.5
v -1.2 1.3 -0.5
v 1.2 1.3 -0.5
v 1.4 1.3 -0.5
v -1.4 1.3 -0.7
v -1.2 1.3 -0.7
v 1.2 1.3 -0.7
v 1.4 1.3 -0.7
v -1.4 1.3 -0.8
v -1.2 1.3 -0.8
v 1.2 1.3 -0.8
v 1.4 1.3 -0.8
v -1.4 1.3 -1
v -1.2 1.3 -1
v 1.2 1.3 -1
v 1.4 1.3 -1
v -1.4 1.3 -1.1
v -1.2 1.3 -1.1
v 1.2 1.3 -1.1
v 1.4 1.3 -1.1
v -1.4 1.3 -1.3
v -1.2 1.3 -1.3
v 1.2 1.3 -1.3
v 1.4 1.3 -1.3
v -1.4 1.3 -1.4
v -1.2 1.3 -1.4
v 1.2 1.3 -1.4
v 1.4 1.3 -1.4
v 1.2 1.3 -1.6
v 1.4 1.3 -1.6
v -1.2 1.4 1.6
v -0.8 1.4 1.6
v 0.8 1.4 1.6
v 1.2 1.4 1.6
v -0.9 1.4 1.5
v -0.8 1.4 1.5
v 0.8 1.4 1.5
v 0.9 1.4 1.5
v -1.2 1.4 1.4
v -0.9 1.4 1.4
v 0.9 1.4 1.4
v 1.2 1.4 1.4
v -1.2 1.4 1.3
v -0.9 1.4 1.3
v 0.9 1.4 1.3
v 1.2 1.4 1.3
v -1.2 1.4 1.1
v -0.9 1.4 1.1
v 0.9 1.4 1.1
v 1.2 1.4 1.1
v -1.2 1.4 1
v -0.9 1.4 1
v 0.9 1.4 1
v 1.2 1.4 1
v -1.2 1.4 0.8
v -0.9 1.4 0.8
v 0.9 1.4 0.8
v 1.2 1.4 0.8
v -1.2 1.4 0.7
v -0.9 1.4 0.7
v 0.9 1.4 0.7
v 1.2 1.4 0.7
v -1.2 1.4 0.5
v -0.9 1.4 0.5
v 0.9 1.4 0.5
v 1.2 1.4 0.5
v -1.2 1.4 0.4
v -0.9 1.4 0.4
v 0.9 1.4 0.4
v 1.2 1.4 0.4
v -1.2 1.4 0.2
v -0.9 1.4 0.2
v 0.9 1.4 0.2
v 1.2 1.4 0.2
v -1.2 1.4 0.0999999
v -0.9 1.4 0.0999999
v 0.9 1.4 0.0999999
v 1.2 1.4 0.0999999
v -1.2 1.4 -0.1
v -0.9 1.4 -0.1
v 0.9 1.4 -0.1
v 1.2 1.4 -0.1
v -1.2 1.4 -0.2
v -0.9 1.4 -0.2
v 0.9 1.4 -0.2
v 1.2 1.4 -0.2
v -1.2 1.4 -0.4
v -0.9 1.4 -0.4
v 0.9 1.4 -0.4
v 1.2 1.4 -0.4
v -1.2 1.4 -0.5
v -0.9 1.4 -0.5
v 0.9 1.4 -0.5
v 1.2 1.4 -0.5
v -1.2 1.4 -0.7
v -0.9 1.4 -0.7
v 0.9 1.4 -0.7
v 1.2 1.4 -0.7
v -1.2 1.4 -0.8
v -0.9 1.4 -0.8
v 0.9 1.4 -0.8
v 1.2 1.4 -0.8
v -1.2 1.4 -1
v -0.9 1.4 -1
v 0.9 1.4 -1
v 1.2 1.4 -1
v -1.2 1.4 -1.1
v -0.9 1.4 -1.1
v 0.9 1.4 -1.1
v 1.2 1.4 -1.1
v -1.2 1.4 -1.3
v -0.9 1.4 -1.3
v 0.9 1.4 -1.3
v 1.2 1.4 -1.3
v -1.2 1.4 -1.4
v -1.1 1.4 -1.4
v -0.9 1.4 -1.4
v 0.9 1.4 -1.4
v 1.2 1.4 -1.4
v 0.9 1.4 -1.5
v -1.2 1.4 -1.6
v -1.1 1.4 -1.6
v 0.9 1.4 -1.6
v 1.2 1.4 -1.6
v -0.6 1.5 1.5
v -0.4 1.5 1.5
v -0.0999999 1.5 1.5
v 0.1 1.5 1.5
v 0.4 1.5 1.5
v 0.6 1.5 1.5
v -0.6 1.5 1.4
v -0.4 1.5 1.4
v -0.0999999 1.5 1.4
v 0.1 1.5 1.4
v 0.4 1.5 1.4
v 0.6 1.5 1.4
v -1.5 1.5 -1.4
v -1.4 1.5 -1.4
v -1.3 1.5 -1.4
v -1.2 1.5 -1.4
v -1.1 1.5 -1.4
v -1 1.5 -1.4
v -1.5 1.5 -1.5
v -1.4 1.5 -1.5
v -1.3 1.5 -1.5
v -1.2 1.5 -1.5
v -1.1 1.5 -1.5
v -1 1.5 -1.5
v -1.5 1.5 -1.6
v -1.4 1.5 -1.6
v -1.3 1.5 -1.6
v -1.2 1.5 -1.6
v -1.1 1.5 -1.6
v -1 1.5 -1.6
v -0.9 1.5 -1.6
v -0.8 1.5 -1.6
v -0.7 1.5 -1.6
v -0.6 1.5 -1.6
v -0.5 1.5 -1.6
v -0.4 1.5 -1.6
v -1.5 1.5 -1.7
v -1.4 1.5 -1.7
v -1.3 1.5 -1.7
v -1.2 1.5 -1.7
v -1.1 1.5 -1.7
v -1 1.5 -1.7
v -0.9 1.5 -1.7
v -0.8 1.5 -1.7
v -0.7 1.5 -1.7
v -0.6 1.5 -1.7
v -0.5 1.5 -1.7
v -0.4 1.5 -1.7
v -1 1.7 1.6
v -0.9 1.7 1.6
v 0.9 1.7 1.6
v 1 1.7 1.6
v -1 1.7 1.4
v -0.9 1.7 1.4
v 0.9 1.7 1.4
v 1 1.7 1.4
v -1 1.7 1.3
v -0.9 1.7 1.3
v 0.9 1.7 1.3
v 1 1.7 1.3
v -1 1.7 1.1
v -0.9 1.7 1.1
v 0.9 1.7 1.1
v 1 1.7 1.1
v -1 1.7 1
v -0.9 1.7 1
v 0.9 1.7 1
v 1 1.7 1
v -1 1.7 0.8
v -0.9 1.7 0.8
v 0.9 1.7 0.8
v 1 1.7 0.8
v -1 1.7 0.7
v -0.9 1.7 0.7
v 0.9 1.7 0.7
v 1 1.7 0.7
v -1 1.7 0.5
v -0.9 1.7 0.5
v 0.9 1.7 0.5
v 1 1.7 0.5
v -1 1.7 0.4
v -0.9 1.7 0.4
v 0.9 1.7 0.4
v 1 1.7 0.4
v -1 1.7 0.2
v -0.9 1.7 0.2
v 0.9 1.7 0.2
v 1 1.7 0.2
v -1 1.7 0.0999999
v -0.9 1.7 0.0999999
v 0.9 1.7 0.0999999
v 1 1.7 0.0999999
v -1 1.7 -0.1
v -0.9 1.7 -0.1
v 0.9 1.7 -0.1
v 1 1.7 -0.1
v -1 1.7 -0.2
v -0.9 1.7 -0.2
v 0.9 1.7 -0.2
v 1 1.7 -0.2
v -1 1.7 -0.4
v -0.9 1.7 -0.4
v 0.9 1.7 -0.4
v 1 1.7 -0.4
v -1 1.7 -0.5
v -0.9 1.7 -0.5
v 0.9 1.7 -0.5
v 1 1.7 -0.5
v -1 1.7 -0.7
v -0.9 1.7 -0.7
v 0.9 1.7 -0.7
v 1 1.7 -0.7
v -1 1.7 -0.8
v -0.9 1.7 -0.8
v 0.9 1.7 -0.8
v 1 1.7 -0.8
v -1 1.7 -1
v -0.9 1.7 -1
v 0.9 1.7 -1
v 1 1.7 -1
v -1 1.7 -1.1
v -0.9 1.7 -1.1
v 0.9 1.7 -1.1
v 1 1.7 -1.1
v -1 1.7 -1.3
v -0.9 1.7 -1.3
v 0.9 1.7 -1.3
v 1 1.7 -1.3
v -1 1.7 -1.4
v -0.9 1.7 -1.4
v 0.9 1.7 -1.4
v 1 1.7 -1.4
v 0.9 1.7 -1.6
v 1 1.7 -1.6
v -0.9 1.8 1.6
v -0.8 1.8 1.6
v -0.5 1.8 1.6
v -0.3 1.8 1.6
v -0.2 1.8 1.6
v 0.2 1.8 1.6
v 0.3 1.8 1.6
v 0.5 1.8 1.6
v 0.8 1.8 1.6
v 0.9 1.8 1.6
v -0.5 1.8 1.5
v -0.3 1.8 1.5
v -0.2 1.8 1.5
v 0.2 1.8 1.5
v 0.3 1.8 1.5
v 0.5 1.8 1.5
v -0.9 1.8 1.4
v -0.8 1.8 1.4
v 0.8 1.8 1.4
v 0.9 1.8 1.4
v -0.9 1.8 1.3
v -0.8 1.8 1.3
v 0.8 1.8 1.3
v 0.9 1.8 1.3
v -0.9 1.8 1.1
v -0.8 1.8 1.1
v 0.8 1.8 1.1
v 0.9 1.8 1.1
v -0.9 1.8 1
v -0.8 1.8 1
v 0.8 1.8 1
v 0.9 1.8 1
v -0.9 1.8 0.8
v -0.8 1.8 0.8
v 0.8 1.8 0.8
v 0.9 1.8 0.8
v -0.9 1.8 0.7
v -0.8 1.8 0.7
v 0.8 1.8 0.7
v 0.9 1.8 0.7
v -0.9 1.8 0.5
v -0.8 1.8 0.5
v 0.8 1.8 0.5
v 0.9 1.8 0.5
v -0.9 1.8 0.4
v -0.8 1.8 0.4
v 0.8 1.8 0.4
v 0.9 1.8 0.4
v -0.9 1.8 0.2
v -0.8 1.8 0.2
v 0.8 1.8 0.2
v 0.9 1.8 0.2
v -0.9 1.8 0.0999999
v -0.8 1.8 0.0999999
v 0.8 1.8 0.0999999
v 0.9 1.8 0.0999999
v -0.9 1.8 -0.1
v -0.8 1.8 -0.1
v 0.8 1.8 -0.1
v 0.9 1.8 -0.1
v -0.9 1.8 -0.2
v -0.8 1.8 -0.2
v 0.8 1.8 -0.2
v 0.9 1.8 -0.2
v -0.9 1.8 -0.4
v -0.8 1.8 -0.4
v 0.8 1.8 -0.4
v 0.9 1.8 -0.4
v -0.9 1.8 -0.5
v -0.8 1.8 -0.5
v 0.8 1.8 -0.5
v 0.9 1.8 -0.5
v -0.9 1.8 -0.7
v -0.8 1.8 -0.7
v 0.8 1.8 -0.7
v 0.9 1.8 -0.7
v -0.9 1.8 -0.8
v -0.8 1.8 -0.8
v 0.8 1.8 -0.8
v 0.9 1.8 -0.8
v -0.9 1.8 -1
v -0.8 1.8 -1
v 0.8 1.8 -1
v 0.9 1.8 -1
v -0.9 1.8 -1.1
v -0.8 1.8 -1.1
v 0.8 1.8 -1.1
v 0.9 1.8 -1.1
v -0.9 1.8 -1.3
v -0.8 1.8 -1.3
v 0.8 1.8 -1.3
v 0.9 1.8 -1.3
v -0.9 1.8 -1.4
v -0.8 1.8 -1.4
v 0.8 1.8 -1.4
v 0.9 1.8 -1.4
v 0.8 1.8 -1.6
v 0.9 1.8 -1.6
v -0.8 1.9 1.6
v -0.6 1.9 1.6
v 0.6 1.9 1.6
v 0.8 1.9 1.6
v -0.8 1.9 1.4
v -0.6 1.9 1.4
v 0.6 1.9 1.4
v 0.8 1.9 1.4
v -0.8 1.9 1.3
v -0.6 1.9 1.3
v 0.6 1.9 1.3
v 0.8 1.9 1.3
v -0.8 1.9 1.1
v -0.6 1.9 1.1
v 0.6 1.9 1.1
v 0.8 1.9 1.1
v -0.8 1.9 1
v -0.6 1.9 1
v 0.6 1.9 1
v 0.8 1.9 1
v -0.8 1.9 0.8
v -0.6 1.9 0.8
v 0.6 1.9 0.8
v 0.8 1.9 0.8
v -0.8 1.9 0.7
v -0.6 1.9 0.7
v 0.6 1.9 0.7
v 0.8 1.9 0.7
v -0.8 1.9 0.5
v -0.6 1.9 0.5
v 0.6 1.9 0.5
v 0.8 1.9 0.5
v -0.8 1.9 0.4
v -0.6 1.9 0.4
v 0.6 1.9 0.4
v 0.8 1.9 0.4
v -0.8 1.9 0.2
v -0.6 1.9 0.2
v 0.6 1.9 0.2
v 0.8 1.9 0.2
v -0.8 1.9 0.0999999
v -0.6 1.9 0.0999999
v 0.6 1.9 0.0999999
v 0.8 1.9 0.0999999
v -0.8 1.9 -0.1
v -0.6 1.9 -0.1
v 0.6 1.9 -0.1
v 0.8 1.9 -0.1
v -0.8 1.9 -0.2
v -0.6 1.9 -0.2
v 0.6 1.9 -0.2
v 0.8 1.9 -0.2
v -0.8 1.9 -0.4
v -0.6 1.9 -0.4
v 0.6 1.9 -0.4
v 0.8 1.9 -0.4
v -0.8 1.9 -0.5
v -0.6 1.9 -0.5
v 0.6 1.9 -0.5
v 0.8 1.9 -0.5
v -0.8 1.9 -0.7
v -0.6 1.9 -0.7
v 0.6 1.9 -0.7
v 0.8 1.9 -0.7
v -0.8 1.9 -0.8
v -0.6 1.9 -0.8
v 0.6 1.9 -0.8
v 0.8 1.9 -0.8
v -0.8 1.9 -1
v -0.6 1.9 -1
v 0.6 1.9 -1
v 0.8 1.9 -1
v -0.8 1.9 -1.1
v -0.6 1.9 -1.1
v 0.6 1.9 -1.1
v 0.8 1.9 -1.1
v -0.8 1.9 -1.3
v -0.6 1.9 -1.3
v 0.6 1.9 -1.3
v 0.8 1.9 -1.3
v -0.9 1.9 -1.4
v -0.8 1.9 -1.4
v -0.7 1.9 -1.4
v -0.6 1.9 -1.4
v 0.6 1.9 -1.4
v 0.8 1.9 -1.4
v -0.9 1.9 -1.5
v -0.8 1.9 -1.5
v -0.8 1.9 -1.6
v -0.7 1.9 -1.6
v 0.6 1.9 -1.6
v 0.8 1.9 -1.6
v -0.6 2 1.6
v -0.2 2 1.6
v 0.2 2 1.6
v 0.6 2 1.6
v -0.3 2 1.5
v -0.2 2 1.5
v -0.0999999 2 1.5
v 0.1 2 1.5
v 0.2 2 1.5
v 0.3 2 1.5
v -0.6 2 1.4
v -0.3 2 1.4
v -0.0999999 2 1.4
v 0.1 2 1.4
v 0.3 2 1.4
v 0.6 2 1.4
v -0.6 2 1.3
v -0.3 2 1.3
v 0.3 2 1.3
v 0.6 2 1.3
v -0.6 2 1.1
v -0.3 2 1.1
v 0.3 2 1.1
v 0.6 2 1.1
v -0.6 2 1
v -0.3 2 1
v 0.3 2 1
v 0.6 2 1
v -0.6 2 0.8
v -0.3 2 0.8
v 0.3 2 0.8
v 0.6 2 0.8
v -0.6 2 0.7
v -0.3 2 0.7
v 0.3 2 0.7
v 0.6 2 0.7
v -0.6 2 0.5
v -0.3 2 0.5
v 0.3 2 0.5
v 0.6 2 0.5
v -0.6 2 0.4
v -0.3 2 0.4
v 0.3 2 0.4
v 0.6 2 0.4
v -0.6 2 0.2
v -0.3 2 0.2
v 0.3 2 0.2
v 0.6 2 0.2
v -0.6 2 0.0999999
v -0.3 2 0.0999999
v 0.3 2 0.0999999
v 0.6 2 0.0999999
v -0.6 2 -0.1
v -0.3 2 -0.1
v 0.3 2 -0.1
v 0.6 2 -0.1
v -0.6 2 -0.2
v -0.3 2 -0.2
v 0.3 2 -0.2
v 0.6 2 -0.2
v -0.6 2 -0.4
v -0.3 2 -0.4
v 0.3 2 -0.4
v 0.6 2 -0.4
v -0.6 2 -0.5
v -0.3 2 -0.5
v 0.3 2 -0.5
v 0.6 2 -0.5
v -0.6 2 -0.7
v -0.3 2 -0.7
v 0.3 2 -0.7
v 0.6 2 -0.7
v -0.6 2 -0.8
v -0.3 2 -0.8
v 0.3 2 -0.8
v 0.6 2 -0.8
v -0.6 2 -1
v -0.3 2 -1
v 0.3 2 -1
v 0.6 2 -1
v -0.6 2 -1.1
v -0.3 2 -1.1
v 0.3 2 -1.1
v 0.6 2 -1.1
v -0.6 2 -1.3
v -0.3 2 -1.3
v 0.3 2 -1.3
v 0.6 2 -1.3
v -0.7 2 -1.4
v -0.6 2 -1.4
v -0.4 2 -1.4
v -0.3 2 -1.4
v 0.3 2 -1.4
v 0.6 2 -1.4
v -1 2 -1.5
v -0.9 2 -1.5
v -0.7 2 -1.5
v -0.6 2 -1.5
v -0.3 2 -1.5
v -0.2 2 -1.5
v 0.2 2 -1.5
v 0.3 2 -1.5
v -1 2 -1.6
v -0.9 2 -1.6
v -0.4 2 -1.6
v -0.2 2 -1.6
v 0.2 2 -1.6
v 0.6 2 -1.6
v -0.5 2.1 -1.4
v -0.4 2.1 -1.4
v -0.5 2.1 -1.5
v -0.4 2.1 -1.5
v -0.2 2.2 1.6
v -0.0999999 2.2 1.6
v 0.1 2.2 1.6
v 0.2 2.2 1.6
v -0.2 2.2 1.5
v -0.0999999 2.2 1.5
v 0.1 2.2 1.5
v 0.2 2.2 1.5
v -1.4 2.2 -1.5
v -1.3 2.2 -1.5
v -0.6 2.2 -1.5
v -0.5 2.2 -1.5
v -1.4 2.2 -1.6
v -1.3 2.2 -1.6
v -0.6 2.2 -1.6
v -0.5 2.2 -1.6
v -0.4 2.3 1.6
v -0.3 2.3 1.6
v -0.0999999 2.3 1.6
v 0.1 2.3 1.6
v 0.3 2.3 1.6
v 0.4 2.3 1.6
v -0.0999999 2.3 1.5
v 0.1 2.3 1.5
v -0.4 2.3 1.4
v -0.3 2.3 1.4
v 0.3 2.3 1.4
v 0.4 2.3 1.4
v -0.4 2.3 1.3
v -0.3 2.3 1.3
v 0.3 2.3 1.3
v 0.4 2.3 1.3
v -0.4 2.3 1.1
v -0.3 2.3 1.1
v 0.3 2.3 1.1
v 0.4 2.3 1.1
v -0.4 2.3 1
v -0.3 2.3 1
v 0.3 2.3 1
v 0.4 2.3 1
v -0.4 2.3 0.8
v -0.3 2.3 0.8
v 0.3 2.3 0.8
v 0.4 2.3 0.8
v -0.4 2.3 0.7
v -0.3 2.3 0.7
v 0.3 2.3 0.7
v 0.4 2.3 0.7
v -0.4 2.3 0.5
v -0.3 2.3 0.5
v 0.3 2.3 0.5
v 0.4 2.3 0.5
v -0.4 2.3 0.4
v -0.3 2.3 0.4
v 0.3 2.3 0.4
v 0.4 2.3 0.4
v -0.4 2.3 0.2
v -0.3 2.3 0.2
v 0.3 2.3 0.2
v 0.4 2.3 0.2
v -0.4 2.3 0.0999999
v -0.3 2.3 0.0999999
v 0.3 2.3 0.0999999
v 0.4 2.3 0.0999999
v -0.4 2.3 -0.1
v -0.3 2.3 -0.1
v 0.3 2.3 -0.1
v 0.4 2.3 -0.1
v -0.4 2.3 -0.2
v -0.3 2.3 -0.2
v 0.3 2.3 -0.2
v 0.4 2.3 -0.2
v -0.4 2.3 -0.4
v -0.3 2.3 -0.4
v 0.3 2.3 -0.4
v 0.4 2.3 -0.4
v -0.4 2.3 -0.5
v -0.3 2.3 -0.5
v 0.3 2.3 -0.5
v 0.4 2.3 -0.5
v -0.4 2.3 -0.7
v -0.3 2.3 -0.7
v 0.3 2.3 -0.7
v 0.4 2.3 -0.7
v -0.4 2.3 -0.8
v -0.3 2.3 -0.8
v 0.3 2.3 -0.8
v 0.4 2.3 -0.8
v -0.4 2.3 -1
v -0.3 2.3 -1
v 0.3 2.3 -1
v 0.4 2.3 -1
v -0.4 2.3 -1.1
v -0.3 2.3 -1.1
v 0.3 2.3 -1.1
v 0.4 2.3 -1.1
v -0.4 2.3 -1.3
v -0.3 2.3 -1.3
v 0.3 2.3 -1.3
v 0.4 2.3 -1.3
v -0.4 2.3 -1.4
v -0.3 2.3 -1.4
v 0.3 2.3 -1.4
v 0.4 2.3 -1.4
v -0.4 2.3 -1.5
v -0.4 2.3 -1.6
v -0.3 2.3 -1.6
v 0.3 2.3 -1.6
v 0.4 2.3 -1.6
v -0.3 2.4 1.6
v -0.2 2.4 1.6
v 0.2 2.4 1.6
v 0.3 2.4 1.6
v -0.3 2.4 1.4
v -0.2 2.4 1.4
v 0.2 2.4 1.4
v 0.3 2.4 1.4
v -0.3 2.4 1.3
v -0.2 2.4 1.3
v 0.2 2.4 1.3
v 0.3 2.4 1.3
v -0.3 2.4 1.1
v -0.2 2.4 1.1
v 0.2 2.4 1.1
v 0.3 2.4 1.1
v -0.3 2.4 1
v -0.2 2.4 1
v 0.2 2.4 1
v 0.3 2.4 1
v -0.3 2.4 0.8
v -0.2 2.4 0.8
v 0.2 2.4 0.8
v 0.3 2.4 0.8
v -0.3 2.4 0.7
v -0.2 2.4 0.7
v 0.2 2.4 0.7
v 0.3 2.4 0.7
v -0.3 2.4 0.5
v -0.2 2.4 0.5
v 0.2 2.4 0.5
v 0.3 2.4 0.5
v -0.3 2.4 0.4
v -0.2 2.4 0.4
v 0.2 2.4 0.4
v 0.3 2.4 0.4
v -0.3 2.4 0.2
v -0.2 2.4 0.2
v 0.2 2.4 0.2
v 0.3 2.4 0.2
v -0.3 2.4 0.0999999
v -0.2 2.4 0.0999999
v 0.2 2.4 0.0999999
v 0.3 2.4 0.0999999
v -0.3 2.4 -0.1
v -0.2 2.4 -0.1
v 0.2 2.4 -0.1
v 0.3 2.4 -0.1
v -0.3 2.4 -0.2
v -0.2 2.4 -0.2
v 0.2 2.4 -0.2
v 0.3 2.4 -0.2
v -0.3 2.4 -0.4
v -0.2 2.4 -0.4
v 0.2 2.4 -0.4
v 0.3 2.4 -0.4
v -0.3 2.4 -0.5
v -0.2 2.4 -0.5
v 0.2 2.4 -0.5
v 0.3 2.4 -0.5
v -0.3 2.4 -0.7
v -0.2 2.4 -0.7
v 0.2 2.4 -0.7
v 0.3 2.4 -0.7
v -0.3 2.4 -0.8
v -0.2 2.4 -0.8
v 0.2 2.4 -0.8
v 0.3 2.4 -0.8
v -0.3 2.4 -1
v -0.2 2.4 -1
v 0.2 2.4 -1
v 0.3 2.4 -1
v -0.3 2.4 -1.1
v -0.2 2.4 -1.1
v 0.2 2.4 -1.1
v 0.3 2.4 -1.1
v -0.3 2.4 -1.3
v -0.2 2.4 -1.3
v 0.2 2.4 -1.3
v 0.3 2.4 -1.3
v -0.3 2.4 -1.4
v -0.2 2.4 -1.4
v 0.2 2.4 -1.4
v 0.3 2.4 -1.4
v -0.3 2.4 -1.6
v -0.2 2.4 -1.6
v 0.2 2.4 -1.6
v 0.3 2.4 -1.6
v -0.2 2.5 1.6
v -0.0999999 2.5 1.6
v 0.1 2.5 1.6
v 0.2 2.5 1.6
v -0.2 2.5 1.4
v -0.0999999 2.5 1.4
v 0.1 2.5 1.4
v 0.2 2.5 1.4
v -0.2 2.5 1.3
v -0.0999999 2.5 1.3
v 0.1 2.5 1.3
v 0.2 2.5 1.3
v -0.2 2.5 1.1
v -0.0999999 2.5 1.1
v 0.1 2.5 1.1
v 0.2 2.5 1.1
v -0.2 2.5 1
v -0.0999999 2.5 1
v 0.1 2.5 1
v 0.2 2.5 1
v -0.2 2.5 0.8
v -0.0999999 2.5 0.8
v 0.1 2.5 0.8
v 0.2 2.5 0.8
v -0.2 2.5 0.7
v -0.0999999 2.5 0.7
v 0.1 2.5 0.7
v 0.2 2.5 0.7
v -0.2 2.5 0.5
v -0.0999999 2.5 0.5
v 0.1 2.5 0.5
v 0.2 2.5 0.5
v -0.2 2.5 0.4
v -0.0999999 2.5 0.4
v 0.1 2.5 0.4
v 0.2 2.5 0.4
v -0.2 2.5 0.2
v -0.0999999 2.5 0.2
v 0.1 2.5 0.2
v 0.2 2.5 0.2
v -0.2 2.5 0.0999999
v -0.0999999 2.5 0.0999999
v 0.1 2.5 0.0999999
v 0.2 2.5 0.0999999
v -0.2 2.5 -0.1
v -0.0999999 2.5 -0.1
v 0.1 2.5 -0.1
v 0.2 2.5 -0.1
v -0.2 2.5 -0.2
v -0.0999999 2.5 -0.2
v 0.1 2.5 -0.2
v 0.2 2.5 -0.2
v -0.2 2.5 -0.4
v -0.0999999 2.5 -0.4
v 0.1 2.5 -0.4
v 0.2 2.5 -0.4
v -0.2 2.5 -0.5
v -0.0999999 2.5 -0.5
v 0.1 2.5 -0.5
v 0.2 2.5 -0.5
v -0.2 2.5 -0.7
v -0.0999999 2.5 -0.7
v 0.1 2.5 -0.7
v 0.2 2.5 -0.7
v -0.2 2.5 -0.8
v -0.0999999 2.5 -0.8
v 0.1 2.5 -0.8
v 0.2 2.5 -0.8
v -0.2 2.5 -1
v -0.0999999 2.5 -1
v 0.1 2.5 -1
v 0.2 2.5 -1
v -0.2 2.5 -1.1
v -0.0999999 2.5 -1.1
v 0.1 2.5 -1.1
v 0.2 2.5 -1.1
v -0.2 2.5 -1.3
v -0.0999999 2.5 -1.3
v 0.1 2.5 -1.3
v 0.2 2.5 -1.3
v -0.2 2.5 -1.4
v -0.0999999 2.5 -1.4
v 0.1 2.5 -1.4
v 0.2 2.5 -1.4
v -0.2 2.5 -1.6
v -0.0999999 2.5 -1.6
v 0.1 2.5 -1.6
v 0.2 2.5 -1.6
v -0.0999999 2.6 1.6
v 0.1 2.6 1.6
v -0.0999999 2.6 1.4
v 0.1 2.6 1.4
v -0.0999999 2.6 1.3
v 0.1 2.6 1.3
v -0.0999999 2.6 1.1
v 0.1 2.6 1.1
v -0.0999999 2.6 1
v 0.1 2.6 1
v -0.0999999 2.6 0.8
v 0.1 2.6 0.8
v -0.0999999 2.6 0.7
v 0.1 2.6 0.7
v -0.0999999 2.6 0.5
v 0.1 2.6 0.5
v -0.0999999 2.6 0.4
v 0.1 2.6 0.4
v -0.0999999 2.6 0.2
v 0.1 2.6 0.2
v -0.0999999 2.6 0.0999999
v 0.1 2.6 0.0999999
v -0.0999999 2.6 -0.1
v 0.1 2.6 -0.1
v -0.0999999 2.6 -0.2
v 0.1 2.6 -0.2
v -0.0999999 2.6 -0.4
v 0.1 2.6 -0.4
v -0.0999999 2.6 -0.5
v 0.1 2.6 -0.5
v -0.0999999 2.6 -0.7
v 0.1 2.6 -0.7
v -0.0999999 2.6 -0.8
v 0.1 2.6 -0.8
v -0.0999999 2.6 -1
v 0.1 2.6 -1
v -0.0999999 2.6 -1.1
v 0.1 2.6 -1.1
v -0.0999999 2.6 -1.3
v 0.1 2.6 -1.3
v -0.0999999 2.6 -1.4
v 0.1 2.6 -1.4
v -0.0999999 2.6 -1.6
v 0.1 2.6 -1.6
v -1.5 2.9 -1.4
v -1.2 2.9 -1.4
v -1.1 2.9 -1.4
v -0.8 2.9 -1.4
v -0.7 2.9 -1.4
v -0.4 2.9 -1.4
v -1.4 2.9 -1.5
v -1.3 2.9 -1.5
v -1 2.9 -1.5
v -0.9 2.9 -1.5
v -0.6 2.9 -1.5
v -0.5 2.9 -1.5
v -1.4 2.9 -1.6
v -1.3 2.9 -1.6
v -1 2.9 -1.6
v -0.9 2.9 -1.6
v -0.6 2.9 -1.6
v -0.5 2.9 -1.6
v -1.5 2.9 -1.7
v -1.2 2.9 -1.7
v -1.1 2.9 -1.7
v -0.8 2.9 -1.7
v -0.7 2.9 -1.7
v -0.4 2.9 -1.7

# faces
f 3/9/1 2/9/1 1/9/1
f 4/9/1 2/9/1 3/9/1
f 5/9/1 2/9/1 4/9/1
f 6/9/1 2/9/1 5/9/1
f 7/9/1 2/9/1 6/9/1
f 8/9/1 2/9/1 7/9/1
f 9/9/1 2/9/1 8/9/1
f 10/9/1 2/9/1 9/9/1
f 11/9/1 3/9/1 1/9/1
f 12/10/1 4/10/1 3/10/1
f 12/9/1 3/9/1 11/9/1
f 13/11/1 5/11/1 4/11/1
f 13/10/1 4/10/1 12/10/1
f 14/10/1 6/10/1 5/10/1
f 14/11/1 5/11/1 13/11/1
f 15/9/1 7/9/1 6/9/1
f 15/10/1 6/10/1 14/10/1
f 16/10/1 8/10/1 7/10/1
f 16/9/1 7/9/1 15/9/1
f 17/9/1 9/9/1 8/9/1
f 17/10/1 8/10/1 16/10/1
f 18/10/1 10/10/1 9/10/1
f 18/9/1 9/9/1 17/9/1
f 19/9/1 2/9/1 10/9/1
f 19/10/1 10/10/1 18/10/1
f 20/9/1 2/9/1 19/9/1
f 31/9/1 22/9/1 21/9/1
f 32/10/1 23/10/1 22/10/1
f 32/9/1 22/9/1 31/9/1
f 32/10/1 24/10/1 23/10/1
f 32/10/1 25/10/1 24/10/1
f 33/9/1 26/9/1 25/9/1
f 33/10/1 25/10/1 32/10/1
f 34/11/1 27/11/1 26/11/1
f 34/9/1 26/9/1 33/9/1
f 35/9/1 28/9/1 27/9/1
f 35/11/1 27/11/1 34/11/1
f 36/10/1 29/10/1 28/10/1
f 36/9/1 28/9/1 35/9/1
f 37/9/1 30/9/1 29/9/1
f 37/10/1 29/10/1 36/10/1
f 38/9/1 30/9/1 37/9/1
f 61/3/1 40/3/1 39/3/1
f 62/6/1 41/6/1 40/6/1
f 62/3/1 40/3/1 61/3/1
f 63/3/1 42/3/1 41/3/1
f 63/6/1 41/6/1 62/6/1
f 64/6/1 43/6/1 42/6/1
f 64/3/1 42/3/1 63/3/1
f 65/3/1 44/3/1 43/3/1
f 65/6/1 43/6/1 64/6/1
f 66/6/1 45/6/1 44/6/1
f 66/3/1 44/3/1 65/3/1
f 67/3/1 46/3/1 45/3/1
f 67/6/1 45/6/1 66/6/1
f 68/6/1 47/6/1 46/6/1
f 68/3/1 46/3/1 67/3/1
f 69/3/1 48/3/1 47/3/1
f 69/6/1 47/6/1 68/6/1
f 70/6/1 49/6/1 48/6/1
f 70/3/1 48/3/1 69/3/1
f 71/3/1 50/3/1 49/3/1
f 71/6/1 49/6/1 70/6/1
f 72/6/1 51/6/1 50/6/1
f 72/3/1 50/3/1 71/3/1
f 73/3/1 52/3/1 51/3/1
f 73/6/1 51/6/1 72/6/1
f 74/6/1 53/6/1 52/6/1
f 74/3/1 52/3/1 73/3/1
f 75/3/1 54/3/1 53/3/1
f 75/6/1 53/6/1 74/6/1
f 76/6/1 55/6/1 54/6/1
f 76/3/1 54/3/1 75/3/1
f 77/3/1 56/3/1 55/3/1
f 77/6/1 55/6/1 76/6/1
f 78/6/1 57/6/1 56/6/1
f 78/3/1 56/3/1 77/3/1
f 79/3/1 58/3/1 57/3/1
f 79/6/1 57/6/1 78/6/1
f 80/6/1 59/6/1 58/6/1
f 80/3/1 58/3/1 79/3/1
f 81/3/1 60/3/1 59/3/1
f 81/6/1 59/6/1 80/6/1
f 82/3/1 60/3/1 81/3/1
f 90/1/1 84/1/1 83/1/1
f 90/1/1 89/1/1 88/1/1
f 90/1/1 88/1/1 87/1/1
f 90/1/1 87/1/1 86/1/1
f 90/1/1 86/1/1 85/1/1
f 90/1/1 85/1/1 84/1/1
f 91/1/1 89/1/1 90/1/1
f 92/1/1 89/1/1 91/1/1
f 93/1/1 89/1/1 92/1/1
f 94/1/1 89/1/1 93/1/1
f 95/1/1 89/1/1 94/1/1
f 96/1/1 89/1/1 95/1/1
f 97/1/1 89/1/1 96/1/1
f 98/9/1 91/9/1 90/9/1
f 99/9/1 91/9/1 98/9/1
f 100/9/1 93/9/1 92/9/1
f 101/9/1 93/9/1 100/9/1
f 102/9/1 95/9/1 94/9/1
f 103/9/1 95/9/1 102/9/1
f 104/9/1 97/9/1 96/9/1
f 105/9/1 97/9/1 104/9/1
f 106/1/1 90/1/1 83/1/1
f 107/1/1 90/1/1 106/1/1
f 108/9/1 98/9/1 90/9/1
f 108/1/1 90/1/1 107/1/1
f 109/9/1 98/9/1 108/9/1
f 110/9/1 91/9/1 99/9/1
f 111/1/1 92/1/1 91/1/1
f 111/9/1 91/9/1 110/9/1
f 112/1/1 92/1/1 111/1/1
f 113/9/1 100/9/1 92/9/1
f 113/1/1 92/1/1 112/1/1
f 114/9/1 100/9/1 113/9/1
f 115/9/1 93/9/1 101/9/1
f 116/1/1 94/1/1 93/1/1
f 116/9/1 93/9/1 115/9/1
f 117/9/1 102/9/1 94/9/1
f 117/1/1 94/1/1 116/1/1
f 118/9/1 102/9/1 117/9/1
f 119/9/1 95/9/1 103/9/1
f 120/1/1 96/1/1 95/1/1
f 120/9/1 95/9/1 119/9/1
f 121/1/1 96/1/1 120/1/1
f 122/9/1 104/9/1 96/9/1
f 122/1/1 96/1/1 121/1/1
f 123/9/1 104/9/1 122/9/1
f 124/9/1 97/9/1 105/9/1
f 125/1/1 89/1/1 97/1/1
f 125/9/1 97/9/1 124/9/1
f 126/1/1 89/1/1 125/1/1
f 127/1/1 89/1/1 126/1/1
f 149/1/1 89/1/1 127/1/1
f 150/3/1 129/3/1 128/3/1
f 151/6/1 130/6/1 129/6/1
f 151/3/1 129/3/1 150/3/1
f 152/3/1 131/3/1 130/3/1
f 152/6/1 130/6/1 151/6/1
f 153/6/1 132/6/1 131/6/1
f 153/3/1 131/3/1 152/3/1
f 154/3/1 133/3/1 132/3/1
f 154/6/1 132/6/1 153/6/1
f 155/6/1 134/6/1 133/6/1
f 155/3/1 133/3/1 154/3/1
f 156/3/1 135/3/1 134/3/1
f 156/6/1 134/6/1 155/6/1
f 157/6/1 136/6/1 135/6/1
f 157/3/1 135/3/1 156/3/1
f 158/3/1 137/3/1 136/3/1
f 158/6/1 136/6/1 157/6/1
f 159/6/1 138/6/1 137/6/1
f 159/3/1 137/3/1 158/3/1
f 160/3/1 139/3/1 138/3/1
f 160/6/1 138/6/1 159/6/1
f 161/6/1 140/6/1 139/6/1
f 161/3/1 139/3/1 160/3/1
f 162/3/1 141/3/1 140/3/1
f 162/6/1 140/6/1 161/6/1
f 163/6/1 142/6/1 141/6/1
f 163/3/1 141/3/1 162/3/1
f 164/3/1 143/3/1 142/3/1
f 164/6/1 142/6/1 163/6/1
f 165/6/1 144/6/1 143/6/1
f 165/3/1 143/3/1 164/3/1
f 166/3/1 145/3/1 144/3/1
f 166/6/1 144/6/1 165/6/1
f 167/6/1 146/6/1 145/6/1
f 167/3/1 145/3/1 166/3/1
f 168/3/1 147/3/1 146/3/1
f 168/6/1 146/6/1 167/6/1
f 169/6/1 148/6/1 147/6/1
f 169/3/1 147/3/1 168/3/1
f 170/1/1 149/1/1 148/1/1
f 170/6/1 148/6/1 169/6/1
f 171/1/1 149/1/1 170/1/1
f 172/1/1 89/1/1 149/1/1
f 172/1/1 149/1/1 171/1/1
f 173/9/1 172/9/1 171/9/1
f 174/9/1 172/9/1 173/9/1
f 175/9/1 172/9/1 174/9/1
f 176/9/1 172/9/1 175/9/1
f 178/1/1 175/1/1 174/1/1
f 179/1/1 175/1/1 178/1/1
f 181/9/1 178/9/1 177/9/1
f 181/9/1 180/9/1 179/9/1
f 181/9/1 179/9/1 178/9/1
f 182/9/1 180/9/1 181/9/1
f 191/7/1 184/7/1 183/7/1
f 192/7/1 184/7/1 191/7/1
f 193/7/1 186/7/1 185/7/1
f 194/7/1 186/7/1 193/7/1
f 195/7/1 188/7/1 187/7/1
f 196/7/1 188/7/1 195/7/1
f 197/7/1 190/7/1 189/7/1
f 198/7/1 190/7/1 197/7/1
f 220/3/1 200/3/1 199/3/1
f 221/6/1 201/6/1 200/6/1
f 221/3/1 200/3/1 220/3/1
f 222/3/1 202/3/1 201/3/1
f 222/6/1 201/6/1 221/6/1
f 223/6/1 203/6/1 202/6/1
f 223/3/1 202/3/1 222/3/1
f 224/3/1 204/3/1 203/3/1
f 224/6/1 203/6/1 223/6/1
f 225/6/1 205/6/1 204/6/1
f 225/3/1 204/3/1 224/3/1
f 226/3/1 206/3/1 205/3/1
f 226/6/1 205/6/1 225/6/1
f 227/6/1 207/6/1 206/6/1
f 227/3/1 206/3/1 226/3/1
f 228/3/1 208/3/1 207/3/1
f 228/6/1 207/6/1 227/6/1
f 229/6/1 209/6/1 208/6/1
f 229/3/1 208/3/1 228/3/1
f 230/3/1 210/3/1 209/3/1
f 230/6/1 209/6/1 229/6/1
f 231/6/1 211/6/1 210/6/1
f 231/3/1 210/3/1 230/3/1
f 232/3/1 212/3/1 211/3/1
f 232/6/1 211/6/1 231/6/1
f 233/6/1 213/6/1 212/6/1
f 233/3/1 212/3/1 232/3/1
f 234/3/1 214/3/1 213/3/1
f 234/6/1 213/6/1 233/6/1
f 235/6/1 215/6/1 214/6/1
f 235/3/1 214/3/1 234/3/1
f 236/3/1 216/3/1 215/3/1
f 236/6/1 215/6/1 235/6/1
f 237/6/1 217/6/1 216/6/1
f 237/3/1 216/3/1 236/3/1
f 238/3/1 218/3/1 217/3/1
f 238/6/1 217/6/1 237/6/1
f 239/6/1 219/6/1 218/6/1
f 239/3/1 218/3/1 238/3/1
f 240/6/1 219/6/1 239/6/1
f 245/1/1 242/1/1 241/1/1
f 246/1/1 242/1/1 245/1/1
f 247/1/1 244/1/1 243/1/1
f 248/1/1 244/1/1 247/1/1
f 251/9/1 250/9/1 249/9/1
f 252/9/1 250/9/1 251/9/1
f 255/1/1 254/1/1 253/1/1
f 256/1/1 254/1/1 255/1/1
f 257/9/1 256/9/1 255/9/1
f 258/9/1 256/9/1 257/9/1
f 280/3/1 260/3/1 259/3/1
f 281/6/1 261/6/1 260/6/1
f 281/3/1 260/3/1 280/3/1
f 282/3/1 262/3/1 261/3/1
f 282/6/1 261/6/1 281/6/1
f 283/6/1 263/6/1 262/6/1
f 283/3/1 262/3/1 282/3/1
f 284/3/1 264/3/1 263/3/1
f 284/6/1 263/6/1 283/6/1
f 285/6/1 265/6/1 264/6/1
f 285/3/1 264/3/1 284/3/1
f 286/3/1 266/3/1 265/3/1
f 286/6/1 265/6/1 285/6/1
f 287/6/1 267/6/1 266/6/1
f 287/3/1 266/3/1 286/3/1
f 288/3/1 268/3/1 267/3/1
f 288/6/1 267/6/1 287/6/1
f 289/6/1 269/6/1 268/6/1
f 289/3/1 268/3/1 288/3/1
f 290/3/1 270/3/1 269/3/1
f 290/6/1 269/6/1 289/6/1
f 291/6/1 271/6/1 270/6/1
f 291/3/1 270/3/1 290/3/1
f 292/3/1 272/3/1 271/3/1
f 292/6/1 271/6/1 291/6/1
f 293/6/1 273/6/1 272/6/1
f 293/3/1 272/3/1 292/3/1
f 294/3/1 274/3/1 273/3/1
f 294/6/1 273/6/1 293/6/1
f 295/6/1 275/6/1 274/6/1
f 295/3/1 274/3/1 294/3/1
f 296/3/1 276/3/1 275/3/1
f 296/6/1 275/6/1 295/6/1
f 297/6/1 277/6/1 276/6/1
f 297/3/1 276/3/1 296/3/1
f 298/3/1 278/3/1 277/3/1
f 298/6/1 277/6/1 297/6/1
f 299/6/1 279/6/1 278/6/1
f 299/3/1 278/3/1 298/3/1
f 300/6/1 279/6/1 299/6/1
f 303/1/1 302/1/1 301/1/1
f 304/1/1 302/1/1 303/1/1
f 306/1/1 302/1/1 304/1/1
f 307/1/1 302/1/1 306/1/1
f 308/9/1 306/9/1 305/9/1
f 308/9/1 307/9/1 306/9/1
f 309/9/1 307/9/1 308/9/1
f 310/9/1 307/9/1 309/9/1
f 311/9/1 307/9/1 310/9/1
f 313/1/1 310/1/1 309/1/1
f 314/1/1 310/1/1 313/1/1
f 316/9/1 313/9/1 312/9/1
f 316/9/1 315/9/1 314/9/1
f 316/9/1 314/9/1 313/9/1
f 317/9/1 315/9/1 316/9/1
f 342/1/1 319/1/1 318/1/1
f 343/3/1 323/3/1 322/3/1
f 344/6/1 324/6/1 323/6/1
f 344/3/1 323/3/1 343/3/1
f 345/3/1 325/3/1 324/3/1
f 345/6/1 324/6/1 344/6/1
f 346/6/1 326/6/1 325/6/1
f 346/3/1 325/3/1 345/3/1
f 347/3/1 327/3/1 326/3/1
f 347/6/1 326/6/1 346/6/1
f 348/6/1 328/6/1 327/6/1
f 348/3/1 327/3/1 347/3/1
f 349/3/1 329/3/1 328/3/1
f 349/6/1 328/6/1 348/6/1
f 350/6/1 330/6/1 329/6/1
f 350/3/1 329/3/1 349/3/1
f 351/3/1 331/3/1 330/3/1
f 351/6/1 330/6/1 350/6/1
f 352/6/1 332/6/1 331/6/1
f 352/3/1 331/3/1 351/3/1
f 353/3/1 333/3/1 332/3/1
f 353/6/1 332/6/1 352/6/1
f 354/6/1 334/6/1 333/6/1
f 354/3/1 333/3/1 353/3/1
f 355/3/1 335/3/1 334/3/1
f 355/6/1 334/6/1 354/6/1
f 356/6/1 336/6/1 335/6/1
f 356/3/1 335/3/1 355/3/1
f 357/3/1 337/3/1 336/3/1
f 357/6/1 336/6/1 356/6/1
f 358/6/1 338/6/1 337/6/1
f 358/3/1 337/3/1 357/3/1
f 359/3/1 339/3/1 338/3/1
f 359/6/1 338/6/1 358/6/1
f 360/6/1 340/6/1 339/6/1
f 360/3/1 339/3/1 359/3/1
f 361/3/1 341/3/1 340/3/1
f 361/6/1 340/6/1 360/6/1
f 362/6/1 342/6/1 341/6/1
f 362/3/1 341/3/1 361/3/1
f 363/1/1 319/1/1 342/1/1
f 363/6/1 342/6/1 362/6/1
f 364/1/1 319/1/1 363/1/1
f 365/1/1 319/1/1 364/1/1
f 366/1/1 321/1/1 320/1/1
f 367/1/1 321/1/1 366/1/1
f 389/1/1 369/1/1 368/1/1
f 389/1/1 388/1/1 387/1/1
f 389/1/1 387/1/1 386/1/1
f 389/1/1 386/1/1 385/1/1
f 389/1/1 385/1/1 384/1/1
f 389/1/1 384/1/1 383/1/1
f 389/1/1 383/1/1 382/1/1
f 389/1/1 382/1/1 381/1/1
f 389/1/1 381/1/1 380/1/1
f 389/1/1 380/1/1 379/1/1
f 389/1/1 379/1/1 378/1/1
f 389/1/1 378/1/1 377/1/1
f 389/1/1 377/1/1 376/1/1
f 389/1/1 376/1/1 375/1/1
f 389/1/1 375/1/1 374/1/1
f 389/1/1 374/1/1 373/1/1
f 389/1/1 373/1/1 372/1/1
f 389/1/1 372/1/1 371/1/1
f 389/1/1 371/1/1 370/1/1
f 389/1/1 370/1/1 369/1/1
f 390/1/1 389/1/1 368/1/1
f 391/1/1 389/1/1 390/1/1
f 392/1/1 389/1/1 391/1/1
f 393/1/1 389/1/1 392/1/1
f 394/1/1 389/1/1 393/1/1
f 395/1/1 389/1/1 394/1/1
f 396/1/1 389/1/1 395/1/1
f 397/1/1 389/1/1 396/1/1
f 398/1/1 389/1/1 397/1/1
f 399/1/1 389/1/1 398/1/1
f 400/1/1 389/1/1 399/1/1
f 401/1/1 389/1/1 400/1/1
f 402/1/1 389/1/1 401/1/1
f 403/1/1 389/1/1 402/1/1
f 404/1/1 389/1/1 403/1/1
f 405/1/1 389/1/1 404/1/1
f 406/1/1 389/1/1 405/1/1
f 407/1/1 389/1/1 406/1/1
f 408/1/1 389/1/1 407/1/1
f 409/1/1 389/1/1 408/1/1
f 410/1/1 389/1/1 409/1/1
f 432/3/1 412/3/1 411/3/1
f 433/6/1 413/6/1 412/6/1
f 433/3/1 412/3/1 432/3/1
f 434/3/1 414/3/1 413/3/1
f 434/6/1 413/6/1 433/6/1
f 435/6/1 415/6/1 414/6/1
f 435/3/1 414/3/1 434/3/1
f 436/3/1 416/3/1 415/3/1
f 436/6/1 415/6/1 435/6/1
f 437/6/1 417/6/1 416/6/1
f 437/3/1 416/3/1 436/3/1
f 438/3/1 418/3/1 417/3/1
f 438/6/1 417/6/1 437/6/1
f 439/6/1 419/6/1 418/6/1
f 439/3/1 418/3/1 438/3/1
f 440/3/1 420/3/1 419/3/1
f 440/6/1 419/6/1 439/6/1
f 441/6/1 421/6/1 420/6/1
f 441/3/1 420/3/1 440/3/1
f 442/3/1 422/3/1 421/3/1
f 442/6/1 421/6/1 441/6/1
f 443/6/1 423/6/1 422/6/1
f 443/3/1 422/3/1 442/3/1
f 444/3/1 424/3/1 423/3/1
f 444/6/1 423/6/1 443/6/1
f 445/6/1 425/6/1 424/6/1
f 445/3/1 424/3/1 444/3/1
f 446/3/1 426/3/1 425/3/1
f 446/6/1 425/6/1 445/6/1
f 447/6/1 427/6/1 426/6/1
f 447/3/1 426/3/1 446/3/1
f 448/3/1 428/3/1 427/3/1
f 448/6/1 427/6/1 447/6/1
f 449/6/1 429/6/1 428/6/1
f 449/3/1 428/3/1 448/3/1
f 450/3/1 430/3/1 429/3/1
f 450/6/1 429/6/1 449/6/1
f 451/6/1 431/6/1 430/6/1
f 451/3/1 430/3/1 450/3/1
f 452/6/1 431/6/1 451/6/1
f 455/1/1 454/1/1 453/1/1
f 456/1/1 454/1/1 455/1/1
f 457/9/1 456/9/1 455/9/1
f 458/9/1 456/9/1 457/9/1
f 461/9/1 460/9/1 459/9/1
f 462/9/1 460/9/1 461/9/1
f 484/3/1 464/3/1 463/3/1
f 485/6/1 465/6/1 464/6/1
f 485/3/1 464/3/1 484/3/1
f 486/3/1 466/3/1 465/3/1
f 486/6/1 465/6/1 485/6/1
f 487/6/1 467/6/1 466/6/1
f 487/3/1 466/3/1 486/3/1
f 488/3/1 468/3/1 467/3/1
f 488/6/1 467/6/1 487/6/1
f 489/6/1 469/6/1 468/6/1
f 489/3/1 468/3/1 488/3/1
f 490/3/1 470/3/1 469/3/1
f 490/6/1 469/6/1 489/6/1
f 491/6/1 471/6/1 470/6/1
f 491/3/1 470/3/1 490/3/1
f 492/3/1 472/3/1 471/3/1
f 492/6/1 471/6/1 491/6/1
f 493/6/1 473/6/1 472/6/1
f 493/3/1 472/3/1 492/3/1
f 494/3/1 474/3/1 473/3/1
f 494/6/1 473/6/1 493/6/1
f 495/6/1 475/6/1 474/6/1
f 495/3/1 474/3/1 494/3/1
f 496/3/1 476/3/1 475/3/1
f 496/6/1 475/6/1 495/6/1
f 497/6/1 477/6/1 476/6/1
f 497/3/1 476/3/1 496/3/1
f 498/3/1 478/3/1 477/3/1
f 498/6/1 477/6/1 497/6/1
f 499/6/1 479/6/1 478/6/1
f 499/3/1 478/3/1 498/3/1
f 500/3/1 480/3/1 479/3/1
f 500/6/1 479/6/1 499/6/1
f 501/6/1 481/6/1 480/6/1
f 501/3/1 480/3/1 500/3/1
f 502/3/1 482/3/1 481/3/1
f 502/6/1 481/6/1 501/6/1
f 503/6/1 483/6/1 482/6/1
f 503/3/1 482/3/1 502/3/1
f 504/6/1 483/6/1 503/6/1
f 507/1/1 506/1/1 505/1/1
f 508/1/1 506/1/1 507/1/1
f 509/9/1 508/9/1 507/9/1
f 510/9/1 508/9/1 509/9/1
f 511/9/1 508/9/1 510/9/1
f 512/1/1 510/1/1 509/1/1
f 513/1/1 510/1/1 512/1/1
f 516/1/1 515/1/1 514/1/1
f 517/1/1 515/1/1 516/1/1
f 519/1/1 515/1/1 517/1/1
f 520/1/1 515/1/1 519/1/1
f 522/9/1 520/9/1 519/9/1
f 522/9/1 521/9/1 520/9/1
f 522/9/1 519/9/1 518/9/1
f 523/9/1 521/9/1 522/9/1
f 547/3/1 527/3/1 526/3/1
f 548/6/1 528/6/1 527/6/1
f 548/3/1 527/3/1 547/3/1
f 549/3/1 529/3/1 528/3/1
f 549/6/1 528/6/1 548/6/1
f 550/6/1 530/6/1 529/6/1
f 550/3/1 529/3/1 549/3/1
f 551/3/1 531/3/1 530/3/1
f 551/6/1 530/6/1 550/6/1
f 552/6/1 532/6/1 531/6/1
f 552/3/1 531/3/1 551/3/1
f 553/3/1 533/3/1 532/3/1
f 553/6/1 532/6/1 552/6/1
f 554/6/1 534/6/1 533/6/1
f 554/3/1 533/3/1 553/3/1
f 555/3/1 535/3/1 534/3/1
f 555/6/1 534/6/1 554/6/1
f 556/6/1 536/6/1 535/6/1
f 556/3/1 535/3/1 555/3/1
f 557/3/1 537/3/1 536/3/1
f 557/6/1 536/6/1 556/6/1
f 558/6/1 538/6/1 537/6/1
f 558/3/1 537/3/1 557/3/1
f 559/3/1 539/3/1 538/3/1
f 559/6/1 538/6/1 558/6/1
f 560/6/1 540/6/1 539/6/1
f 560/3/1 539/3/1 559/3/1
f 561/3/1 541/3/1 540/3/1
f 561/6/1 540/6/1 560/6/1
f 562/6/1 542/6/1 541/6/1
f 562/3/1 541/3/1 561/3/1
f 563/3/1 543/3/1 542/3/1
f 563/6/1 542/6/1 562/6/1
f 564/6/1 544/6/1 543/6/1
f 564/3/1 543/3/1 563/3/1
f 565/3/1 545/3/1 544/3/1
f 565/6/1 544/6/1 564/6/1
f 566/6/1 546/6/1 545/6/1
f 566/3/1 545/3/1 565/3/1
f 567/6/1 546/6/1 566/6/1
f 569/1/1 568/1/1 567/1/1
f 570/1/1 568/1/1 569/1/1
f 571/1/1 525/1/1 524/1/1
f 572/1/1 525/1/1 571/1/1
f 575/1/1 574/1/1 573/1/1
f 576/1/1 574/1/1 575/1/1
f 577/9/1 576/9/1 575/9/1
f 578/9/1 576/9/1 577/9/1
f 581/9/1 580/9/1 579/9/1
f 582/9/1 580/9/1 581/9/1
f 585/9/1 584/9/1 583/9/1
f 586/9/1 584/9/1 585/9/1
f 609/3/1 588/3/1 587/3/1
f 610/6/1 589/6/1 588/6/1
f 610/3/1 588/3/1 609/3/1
f 611/3/1 590/3/1 589/3/1
f 611/6/1 589/6/1 610/6/1
f 612/6/1 591/6/1 590/6/1
f 612/3/1 590/3/1 611/3/1
f 613/3/1 592/3/1 591/3/1
f 613/6/1 591/6/1 612/6/1
f 614/6/1 593/6/1 592/6/1
f 614/3/1 592/3/1 613/3/1
f 615/3/1 594/3/1 593/3/1
f 615/6/1 593/6/1 614/6/1
f 616/6/1 595/6/1 594/6/1
f 616/3/1 594/3/1 615/3/1
f 617/3/1 596/3/1 595/3/1
f 617/6/1 595/6/1 616/6/1
f 618/6/1 597/6/1 596/6/1
f 618/3/1 596/3/1 617/3/1
f 619/3/1 598/3/1 597/3/1
f 619/6/1 597/6/1 618/6/1
f 620/6/1 599/6/1 598/6/1
f 620/3/1 598/3/1 619/3/1
f 621/3/1 600/3/1 599/3/1
f 621/6/1 599/6/1 620/6/1
f 622/6/1 601/6/1 600/6/1
f 622/3/1 600/3/1 621/3/1
f 623/3/1 602/3/1 601/3/1
f 623/6/1 601/6/1 622/6/1
f 624/6/1 603/6/1 602/6/1
f 624/3/1 602/3/1 623/3/1
f 625/3/1 604/3/1 603/3/1
f 625/6/1 603/6/1 624/6/1
f 626/6/1 605/6/1 604/6/1
f 626/3/1 604/3/1 625/3/1
f 627/3/1 606/3/1 605/3/1
f 627/6/1 605/6/1 626/6/1
f 628/6/1 607/6/1 606/6/1
f 628/3/1 606/3/1 627/3/1
f 629/3/1 608/3/1 607/3/1
f 629/6/1 607/6/1 628/6/1
f 630/3/1 608/3/1 629/3/1
f 633/9/1 632/9/1 631/9/1
f 634/9/1 632/9/1 633/9/1
f 657/1/1 636/1/1 635/1/1
f 657/1/1 656/1/1 655/1/1
f 657/1/1 655/1/1 654/1/1
f 657/1/1 654/1/1 653/1/1
f 657/1/1 653/1/1 652/1/1
f 657/1/1 652/1/1 651/1/1
f 657/1/1 651/1/1 650/1/1
f 657/1/1 650/1/1 649/1/1
f 657/1/1 649/1/1 648/1/1
f 657/1/1 648/1/1 647/1/1
f 657/1/1 647/1/1 646/1/1
f 657/1/1 646/1/1 645/1/1
f 657/1/1 645/1/1 644/1/1
f 657/1/1 644/1/1 643/1/1
f 657/1/1 643/1/1 642/1/1
f 657/1/1 642/1/1 641/1/1
f 657/1/1 641/1/1 640/1/1
f 657/1/1 640/1/1 639/1/1
f 657/1/1 639/1/1 638/1/1
f 657/1/1 638/1/1 637/1/1
f 657/1/1 637/1/1 636/1/1
f 658/1/1 656/1/1 657/1/1
f 659/1/1 656/1/1 658/1/1
f 660/1/1 656/1/1 659/1/1
f 661/1/1 656/1/1 660/1/1
f 662/1/1 656/1/1 661/1/1
f 663/1/1 656/1/1 662/1/1
f 664/1/1 656/1/1 663/1/1
f 665/1/1 656/1/1 664/1/1
f 666/1/1 656/1/1 665/1/1
f 667/1/1 656/1/1 666/1/1
f 668/1/1 656/1/1 667/1/1
f 669/1/1 656/1/1 668/1/1
f 670/1/1 656/1/1 669/1/1
f 671/1/1 656/1/1 670/1/1
f 672/1/1 656/1/1 671/1/1
f 673/1/1 656/1/1 672/1/1
f 674/1/1 656/1/1 673/1/1
f 675/1/1 656/1/1 674/1/1
f 676/1/1 656/1/1 675/1/1
f 677/1/1 656/1/1 676/1/1
f 678/1/1 656/1/1 677/1/1
f 701/3/1 680/3/1 679/3/1
f 702/6/1 681/6/1 680/6/1
f 702/3/1 680/3/1 701/3/1
f 703/3/1 682/3/1 681/3/1
f 703/6/1 681/6/1 702/6/1
f 704/6/1 683/6/1 682/6/1
f 704/3/1 682/3/1 703/3/1
f 705/3/1 684/3/1 683/3/1
f 705/6/1 683/6/1 704/6/1
f 706/6/1 685/6/1 684/6/1
f 706/3/1 684/3/1 705/3/1
f 707/3/1 686/3/1 685/3/1
f 707/6/1 685/6/1 706/6/1
f 708/6/1 687/6/1 686/6/1
f 708/3/1 686/3/1 707/3/1
f 709/3/1 688/3/1 687/3/1
f 709/6/1 687/6/1 708/6/1
f 710/6/1 689/6/1 688/6/1
f 710/3/1 688/3/1 709/3/1
f 711/3/1 690/3/1 689/3/1
f 711/6/1 689/6/1 710/6/1
f 712/6/1 691/6/1 690/6/1
f 712/3/1 690/3/1 711/3/1
f 713/3/1 692/3/1 691/3/1
f 713/6/1 691/6/1 712/6/1
f 714/6/1 693/6/1 692/6/1
f 714/3/1 692/3/1 713/3/1
f 715/3/1 694/3/1 693/3/1
f 715/6/1 693/6/1 714/6/1
f 716/6/1 695/6/1 694/6/1
f 716/3/1 694/3/1 715/3/1
f 717/3/1 696/3/1 695/3/1
f 717/6/1 695/6/1 716/6/1
f 718/6/1 697/6/1 696/6/1
f 718/3/1 696/3/1 717/3/1
f 719/3/1 698/3/1 697/3/1
f 719/6/1 697/6/1 718/6/1
f 720/6/1 699/6/1 698/6/1
f 720/3/1 698/3/1 719/3/1
f 721/3/1 700/3/1 699/3/1
f 721/6/1 699/6/1 720/6/1
f 722/3/1 700/3/1 721/3/1
f 725/9/1 724/9/1 723/9/1
f 726/9/1 724/9/1 725/9/1
f 729/9/1 728/9/1 727/9/1
f 730/9/1 728/9/1 729/9/1
f 733/2/1 732/2/1 731/2/1
f 734/2/1 732/2/1 733/2/1
f 757/3/1 736/3/1 735/3/1
f 758/6/1 737/6/1 736/6/1
f 758/3/1 736/3/1 757/3/1
f 759/3/1 738/3/1 737/3/1
f 759/6/1 737/6/1 758/6/1
f 760/6/1 739/6/1 738/6/1
f 760/3/1 738/3/1 759/3/1
f 761/3/1 740/3/1 739/3/1
f 761/6/1 739/6/1 760/6/1
f 762/6/1 741/6/1 740/6/1
f 762/3/1 740/3/1 761/3/1
f 763/3/1 742/3/1 741/3/1
f 763/6/1 741/6/1 762/6/1
f 764/6/1 743/6/1 742/6/1
f 764/3/1 742/3/1 763/3/1
f 765/3/1 744/3/1 743/3/1
f 765/6/1 743/6/1 764/6/1
f 766/6/1 745/6/1 744/6/1
f 766/3/1 744/3/1 765/3/1
f 767/3/1 746/3/1 745/3/1
f 767/6/1 745/6/1 766/6/1
f 768/6/1 747/6/1 746/6/1
f 768/3/1 746/3/1 767/3/1
f 769/3/1 748/3/1 747/3/1
f 769/6/1 747/6/1 768/6/1
f 770/6/1 749/6/1 748/6/1
f 770/3/1 748/3/1 769/3/1
f 771/3/1 750/3/1 749/3/1
f 771/6/1 749/6/1 770/6/1
f 772/6/1 751/6/1 750/6/1
f 772/3/1 750/3/1 771/3/1
f 773/3/1 752/3/1 751/3/1
f 773/6/1 751/6/1 772/6/1
f 774/6/1 753/6/1 752/6/1
f 774/3/1 752/3/1 773/3/1
f 775/3/1 754/3/1 753/3/1
f 775/6/1 753/6/1 774/6/1
f 776/6/1 755/6/1 754/6/1
f 776/3/1 754/3/1 775/3/1
f 777/3/1 756/3/1 755/3/1
f 777/6/1 755/6/1 776/6/1
f 778/3/1 756/3/1 777/3/1
f 781/2/1 780/2/1 779/2/1
f 782/2/1 780/2/1 781/2/1
f 805/3/1 784/3/1 783/3/1
f 806/6/1 785/6/1 784/6/1
f 806/3/1 784/3/1 805/3/1
f 807/3/1 786/3/1 785/3/1
f 807/6/1 785/6/1 806/6/1
f 808/6/1 787/6/1 786/6/1
f 808/3/1 786/3/1 807/3/1
f 809/3/1 788/3/1 787/3/1
f 809/6/1 787/6/1 808/6/1
f 810/6/1 789/6/1 788/6/1
f 810/3/1 788/3/1 809/3/1
f 811/3/1 790/3/1 789/3/1
f 811/6/1 789/6/1 810/6/1
f 812/6/1 791/6/1 790/6/1
f 812/3/1 790/3/1 811/3/1
f 813/3/1 792/3/1 791/3/1
f 813/6/1 791/6/1 812/6/1
f 814/6/1 793/6/1 792/6/1
f 814/3/1 792/3/1 813/3/1
f 815/3/1 794/3/1 793/3/1
f 815/6/1 793/6/1 814/6/1
f 816/6/1 795/6/1 794/6/1
f 816/3/1 794/3/1 815/3/1
f 817/3/1 796/3/1 795/3/1
f 817/6/1 795/6/1 816/6/1
f 818/6/1 797/6/1 796/6/1
f 818/3/1 796/3/1 817/3/1
f 819/3/1 798/3/1 797/3/1
f 819/6/1 797/6/1 818/6/1
f 820/6/1 799/6/1 798/6/1
f 820/3/1 798/3/1 819/3/1
f 821/3/1 800/3/1 799/3/1
f 821/6/1 799/6/1 820/6/1
f 822/6/1 801/6/1 800/6/1
f 822/3/1 800/3/1 821/3/1
f 823/3/1 802/3/1 801/3/1
f 823/6/1 801/6/1 822/6/1
f 824/6/1 803/6/1 802/6/1
f 824/3/1 802/3/1 823/3/1
f 825/3/1 804/3/1 803/3/1
f 825/6/1 803/6/1 824/6/1
f 826/3/1 804/3/1 825/3/1
f 829/9/1 828/9/1 827/9/1
f 830/9/1 828/9/1 829/9/1
f 834/2/1 832/2/1 831/2/1
f 835/2/1 834/2/1 833/2/1
f 836/2/1 832/2/1 834/2/1
f 836/2/1 834/2/1 835/2/1
f 841/3/1 838/3/1 837/3/1
f 842/3/1 838/3/1 841/3/1
f 843/3/1 840/3/1 839/3/1
f 844/3/1 840/3/1 843/3/1
f 847/9/1 846/9/1 845/9/1
f 848/9/1 846/9/1 847/9/1
f 853/3/1 850/3/1 849/3/1
f 854/3/1 850/3/1 853/3/1
f 855/3/1 852/3/1 851/3/1
f 856/3/1 852/3/1 855/3/1
f 861/3/1 858/3/1 857/3/1
f 862/3/1 858/3/1 861/3/1
f 863/3/1 860/3/1 859/3/1
f 864/3/1 860/3/1 863/3/1
f 867/9/1 866/9/1 865/9/1
f 868/9/1 867/9/1 865/9/1
f 869/9/1 868/9/1 865/9/1
f 870/9/1 869/9/1 865/9/1
f 871/9/1 870/9/1 865/9/1
f 872/9/1 871/9/1 865/9/1
f 873/9/1 871/9/1 872/9/1
f 876/9/1 875/9/1 874/9/1
f 877/9/1 875/9/1 876/9/1
f 882/3/1 879/3/1 878/3/1
f 883/3/1 879/3/1 882/3/1
f 884/3/1 881/3/1 880/3/1
f 885/3/1 881/3/1 884/3/1
f 888/9/1 887/9/1 886/9/1
f 889/9/1 887/9/1 888/9/1
f 892/9/1 891/9/1 890/9/1
f 893/9/1 891/9/1 892/9/1
f 896/3/1 895/3/1 894/3/1
f 897/3/1 895/3/1 896/3/1
f 900/3/1 899/3/1 898/3/1
f 901/3/1 899/3/1 900/3/1
f 906/3/1 903/3/1 902/3/1
f 907/3/1 903/3/1 906/3/1
f 908/3/1 905/3/1 904/3/1
f 909/3/1 905/3/1 908/3/1
f 912/3/1 911/3/1 910/3/1
f 913/3/1 911/3/1 912/3/1
f 916/9/1 915/9/1 914/9/1
f 917/9/1 915/9/1 916/9/1
f 922/3/1 919/3/1 918/3/1
f 923/3/1 919/3/1 922/3/1
f 924/3/1 921/3/1 920/3/1
f 925/3/1 921/3/1 924/3/1
f 930/3/1 927/3/1 926/3/1
f 931/3/1 927/3/1 930/3/1
f 932/3/1 929/3/1 928/3/1
f 933/3/1 929/3/1 932/3/1
f 938/3/1 935/3/1 934/3/1
f 939/3/1 935/3/1 938/3/1
f 940/3/1 937/3/1 936/3/1
f 941/3/1 937/3/1 940/3/1
f 942/3/2 943/3/2 944/3/2
f 944/3/2 943/3/2 945/3/2
f 946/1/2 947/1/2 948/1/2
f 948/1/2 947/1/2 949/1/2
f 948/9/2 949/9/2 950/9/2
f 950/9/2 949/9/2 951/9/2
f 952/3/2 953/3/2 954/3/2
f 954/3/2 953/3/2 955/3/2
f 956/1/2 957/1/2 960/1/2
f 960/1/2 957/1/2 961/1/2
f 958/1/2 959/1/2 962/1/2
f 962/1/2 959/1/2 963/1/2
f 964/1/2 965/1/2 966/1/2
f 966/1/2 965/1/2 967/1/2
f 967/1/2 965/1/2 969/1/2
f 969/1/2 965/1/2 970/1/2
f 968/9/2 969/9/2 971/9/2
f 969/9/2 970/9/2 971/9/2
f 971/9/2 970/9/2 972/9/2
f 972/9/2 970/9/2 973/9/2
f 973/9/2 970/9/2 974/9/2
f 972/1/2 973/1/2 976/1/2
f 976/1/2 973/1/2 977/1/2
f 975/9/2 976/9/2 979/9/2
f 977/9/2 978/9/2 979/9/2
f 976/9/2 977/9/2 979/9/2
f 979/9/2 978/9/2 980/9/2
f 981/9/2 982/9/2 983/9/2
f 983/9/2 982/9/2 984/9/2
f 985/3/2 986/3/2 987/3/2
f 987/3/2 986/3/2 988/3/2
f 989/1/2 990/1/2 991/1/2
f 991/1/2 990/1/2 992/1/2
f 991/9/2 992/9/2 993/9/2
f 993/9/2 992/9/2 994/9/2
f 997/1/2 998/1/2 999/1/2
f 999/1/2 998/1/2 1000/1/2
f 995/1/2 996/1/2 1001/1/2
f 1001/1/2 996/1/2 1002/1/2
f 1005/3/2 1006/3/2 1007/3/2
f 1007/3/2 1006/3/2 1008/3/2
f 1003/1/2 1004/1/2 1009/1/2
f 1009/1/2 1004/1/2 1010/1/2
f 1009/9/2 1010/9/2 1011/9/2
f 1011/9/2 1010/9/2 1012/9/2
f 1012/9/2 1010/9/2 1013/9/2
f 1014/3/2 1015/3/2 1016/3/2
f 1016/3/2 1015/3/2 1017/3/2
f 1011/1/2 1012/1/2 1018/1/2
f 1018/1/2 1012/1/2 1019/1/2
f 1020/1/2 1021/1/2 1023/1/2
f 1023/1/2 1021/1/2 1024/1/2
f 1023/9/2 1024/9/2 1026/9/2
f 1024/9/2 1025/9/2 1026/9/2
f 1022/9/2 1023/9/2 1026/9/2
f 1026/9/2 1025/9/2 1027/9/2
f 1028/9/2 1029/9/2 1030/9/2
f 1030/9/2 1029/9/2 1031/9/2
f 1032/9/2 1033/9/2 1034/9/2
f 1034/9/2 1033/9/2 1035/9/2
f 1036/1/2 1037/1/2 1038/1/2
f 1038/1/2 1037/1/2 1039/1/2
f 1038/9/2 1039/9/2 1040/9/2
f 1040/9/2 1039/9/2 1041/9/2
f 1044/3/2 1045/3/2 1046/3/2
f 1046/3/2 1045/3/2 1047/3/2
f 1048/1/2 1049/1/2 1050/1/2
f 1050/1/2 1049/1/2 1051/1/2
f 1042/1/2 1043/1/2 1052/1/2
f 1052/1/2 1043/1/2 1053/1/2
f 1054/1/2 1055/1/2 1056/1/2
f 1056/1/2 1055/1/2 1057/1/2
f 1056/9/2 1057/9/2 1058/9/2
f 1058/9/2 1057/9/2 1059/9/2
f 1059/9/2 1057/9/2 1060/9/2
f 1058/1/2 1059/1/2 1061/1/2
f 1061/1/2 1059/1/2 1062/1/2
f 1063/1/2 1064/1/2 1065/1/2
f 1065/1/2 1064/1/2 1066/1/2
f 1066/1/2 1064/1/2 1067/1/2
f 1067/1/2 1064/1/2 1068/1/2
f 1069/1/2 1070/1/2 1072/1/2
f 1072/1/2 1070/1/2 1073/1/2
f 1072/9/2 1073/9/2 1075/9/2
f 1073/9/2 1074/9/2 1075/9/2
f 1071/9/2 1072/9/2 1075/9/2
f 1075/9/2 1074/9/2 1076/9/2
f 1077/9/2 1078/9/2 1079/9/2
f 1077/9/2 1079/9/2 1080/9/2
f 1077/9/2 1080/9/2 1081/9/2
f 1077/9/2 1081/9/2 1082/9/2
f 1077/9/2 1082/9/2 1083/9/2
f 1077/9/2 1083/9/2 1084/9/2
f 1084/9/2 1083/9/2 1085/9/2
f 1086/9/2 1087/9/2 1088/9/2
f 1088/9/2 1087/9/2 1089/9/2
f 1090/9/2 1091/9/2 1092/9/2
f 1092/9/2 1091/9/2 1093/9/2
f 1094/3/2 1095/3/2 1098/3/2
f 1098/3/2 1095/3/2 1099/3/2
f 1096/3/2 1097/3/2 1100/3/2
f 1100/3/2 1097/3/2 1101/3/2
f 1102/3/2 1103/3/2 1106/3/2
f 1106/3/2 1103/3/2 1107/3/2
f 1104/3/2 1105/3/2 1108/3/2
f 1108/3/2 1105/3/2 1109/3/2
f 1110/9/2 1111/9/2 1112/9/2
f 1112/9/2 1111/9/2 1113/9/2
f 1114/2/2 1115/2/2 1117/2/2
f 1116/2/2 1117/2/2 1118/2/2
f 1117/2/2 1115/2/2 1119/2/2
f 1118/2/2 1117/2/2 1119/2/2
f 1120/3/2 1121/3/2 1124/3/2
f 1124/3/2 1121/3/2 1125/3/2
f 1122/3/2 1123/3/2 1126/3/2
f 1126/3/2 1123/3/2 1127/3/2
f 1128/2/2 1129/2/2 1130/2/2
f 1130/2/2 1129/2/2 1131/2/2
f 1132/3/2 1133/3/2 1154/3/2
f 1133/6/2 1134/6/2 1155/6/2
f 1154/3/2 1133/3/2 1155/3/2
f 1134/3/2 1135/3/2 1156/3/2
f 1155/6/2 1134/6/2 1156/6/2
f 1135/6/2 1136/6/2 1157/6/2
f 1156/3/2 1135/3/2 1157/3/2
f 1136/3/2 1137/3/2 1158/3/2
f 1157/6/2 1136/6/2 1158/6/2
f 1137/6/2 1138/6/2 1159/6/2
f 1158/3/2 1137/3/2 1159/3/2
f 1138/3/2 1139/3/2 1160/3/2
f 1159/6/2 1138/6/2 1160/6/2
f 1139/6/2 1140/6/2 1161/6/2
f 1160/3/2 1139/3/2 1161/3/2
f 1140/3/2 1141/3/2 1162/3/2
f 1161/6/2 1140/6/2 1162/6/2
f 1141/6/2 1142/6/2 1163/6/2
f 1162/3/2 1141/3/2 1163/3/2
f 1142/3/2 1143/3/2 1164/3/2
f 1163/6/2 1142/6/2 1164/6/2
f 1143/6/2 1144/6/2 1165/6/2
f 1164/3/2 1143/3/2 1165/3/2
f 1144/3/2 1145/3/2 1166/3/2
f 1165/6/2 1144/6/2 1166/6/2
f 1145/6/2 1146/6/2 1167/6/2
f 1166/3/2 1145/3/2 1167/3/2
f 1146/3/2 1147/3/2 1168/3/2
f 1167/6/2 1146/6/2 1168/6/2
f 1147/6/2 1148/6/2 1169/6/2
f 1168/3/2 1147/3/2 1169/3/2
f 1148/3/2 1149/3/2 1170/3/2
f 1169/6/2 1148/6/2 1170/6/2
f 1149/6/2 1150/6/2 1171/6/2
f 1170/3/2 1149/3/2 1171/3/2
f 1150/3/2 1151/3/2 1172/3/2
f 1171/6/2 1150/6/2 1172/6/2
f 1151/6/2 1152/6/2 1173/6/2
f 1172/3/2 1151/3/2 1173/3/2
f 1152/3/2 1153/3/2 1174/3/2
f 1173/6/2 1152/6/2 1174/6/2
f 1174/3/2 1153/3/2 1175/3/2
f 1176/9/2 1177/9/2 1178/9/2
f 1178/9/2 1177/9/2 1179/9/2
f 1180/9/2 1181/9/2 1182/9/2
f 1182/9/2 1181/9/2 1183/9/2
f 1184/2/2 1185/2/2 1186/2/2
f 1186/2/2 1185/2/2 1187/2/2
f 1188/3/2 1189/3/2 1210/3/2
f 1189/6/2 1190/6/2 1211/6/2
f 1210/3/2 1189/3/2 1211/3/2
f 1190/3/2 1191/3/2 1212/3/2
f 1211/6/2 1190/6/2 1212/6/2
f 1191/6/2 1192/6/2 1213/6/2
f 1212/3/2 1191/3/2 1213/3/2
f 1192/3/2 1193/3/2 1214/3/2
f 1213/6/2 1192/6/2 1214/6/2
f 1193/6/2 1194/6/2 1215/6/2
f 1214/3/2 1193/3/2 1215/3/2
f 1194/3/2 1195/3/2 1216/3/2
f 1215/6/2 1194/6/2 1216/6/2
f 1195/6/2 1196/6/2 1217/6/2
f 1216/3/2 1195/3/2 1217/3/2
f 1196/3/2 1197/3/2 1218/3/2
f 1217/6/2 1196/6/2 1218/6/2
f 1197/6/2 1198/6/2 1219/6/2
f 1218/3/2 1197/3/2 1219/3/2
f 1198/3/2 1199/3/2 1220/3/2
f 1219/6/2 1198/6/2 1220/6/2
f 1199/6/2 1200/6/2 1221/6/2
f 1220/3/2 1199/3/2 1221/3/2
f 1200/3/2 1201/3/2 1222/3/2
f 1221/6/2 1200/6/2 1222/6/2
f 1201/6/2 1202/6/2 1223/6/2
f 1222/3/2 1201/3/2 1223/3/2
f 1202/3/2 1203/3/2 1224/3/2
f 1223/6/2 1202/6/2 1224/6/2
f 1203/6/2 1204/6/2 1225/6/2
f 1224/3/2 1203/3/2 1225/3/2
f 1204/3/2 1205/3/2 1226/3/2
f 1225/6/2 1204/6/2 1226/6/2
f 1205/6/2 1206/6/2 1227/6/2
f 1226/3/2 1205/3/2 1227/3/2
f 1206/3/2 1207/3/2 1228/3/2
f 1227/6/2 1206/6/2 1228/6/2
f 1207/6/2 1208/6/2 1229/6/2
f 1228/3/2 1207/3/2 1229/3/2
f 1208/3/2 1209/3/2 1230/3/2
f 1229/6/2 1208/6/2 1230/6/2
f 1230/3/2 1209/3/2 1231/3/2
f 1232/9/2 1233/9/2 1234/9/2
f 1234/9/2 1233/9/2 1235/9/2
f 1236/1/2 1237/1/2 1258/1/2
f 1256/1/2 1257/1/2 1258/1/2
f 1255/1/2 1256/1/2 1258/1/2
f 1254/1/2 1255/1/2 1258/1/2
f 1253/1/2 1254/1/2 1258/1/2
f 1252/1/2 1253/1/2 1258/1/2
f 1251/1/2 1252/1/2 1258/1/2
f 1250/1/2 1251/1/2 1258/1/2
f 1249/1/2 1250/1/2 1258/1/2
f 1248/1/2 1249/1/2 1258/1/2
f 1247/1/2 1248/1/2 1258/1/2
f 1246/1/2 1247/1/2 1258/1/2
f 1245/1/2 1246/1/2 1258/1/2
f 1244/1/2 1245/1/2 1258/1/2
f 1243/1/2 1244/1/2 1258/1/2
f 1242/1/2 1243/1/2 1258/1/2
f 1241/1/2 1242/1/2 1258/1/2
f 1240/1/2 1241/1/2 1258/1/2
f 1239/1/2 1240/1/2 1258/1/2
f 1238/1/2 1239/1/2 1258/1/2
f 1237/1/2 1238/1/2 1258/1/2
f 1258/1/2 1257/1/2 1259/1/2
f 1259/1/2 1257/1/2 1260/1/2
f 1260/1/2 1257/1/2 1261/1/2
f 1261/1/2 1257/1/2 1262/1/2
f 1262/1/2 1257/1/2 1263/1/2
f 1263/1/2 1257/1/2 1264/1/2
f 1264/1/2 1257/1/2 1265/1/2
f 1265/1/2 1257/1/2 1266/1/2
f 1266/1/2 1257/1/2 1267/1/2
f 1267/1/2 1257/1/2 1268/1/2
f 1268/1/2 1257/1/2 1269/1/2
f 1269/1/2 1257/1/2 1270/1/2
f 1270/1/2 1257/1/2 1271/1/2
f 1271/1/2 1257/1/2 1272/1/2
f 1272/1/2 1257/1/2 1273/1/2
f 1273/1/2 1257/1/2 1274/1/2
f 1274/1/2 1257/1/2 1275/1/2
f 1275/1/2 1257/1/2 1276/1/2
f 1276/1/2 1257/1/2 1277/1/2
f 1277/1/2 1257/1/2 1278/1/2
f 1278/1/2 1257/1/2 1279/1/2
f 1280/3/2 1281/3/2 1302/3/2
f 1281/6/2 1282/6/2 1303/6/2
f 1302/3/2 1281/3/2 1303/3/2
f 1282/3/2 1283/3/2 1304/3/2
f 1303/6/2 1282/6/2 1304/6/2
f 1283/6/2 1284/6/2 1305/6/2
f 1304/3/2 1283/3/2 1305/3/2
f 1284/3/2 1285/3/2 1306/3/2
f 1305/6/2 1284/6/2 1306/6/2
f 1285/6/2 1286/6/2 1307/6/2
f 1306/3/2 1285/3/2 1307/3/2
f 1286/3/2 1287/3/2 1308/3/2
f 1307/6/2 1286/6/2 1308/6/2
f 1287/6/2 1288/6/2 1309/6/2
f 1308/3/2 1287/3/2 1309/3/2
f 1288/3/2 1289/3/2 1310/3/2
f 1309/6/2 1288/6/2 1310/6/2
f 1289/6/2 1290/6/2 1311/6/2
f 1310/3/2 1289/3/2 1311/3/2
f 1290/3/2 1291/3/2 1312/3/2
f 1311/6/2 1290/6/2 1312/6/2
f 1291/6/2 1292/6/2 1313/6/2
f 1312/3/2 1291/3/2 1313/3/2
f 1292/3/2 1293/3/2 1314/3/2
f 1313/6/2 1292/6/2 1314/6/2
f 1293/6/2 1294/6/2 1315/6/2
f 1314/3/2 1293/3/2 1315/3/2
f 1294/3/2 1295/3/2 1316/3/2
f 1315/6/2 1294/6/2 1316/6/2
f 1295/6/2 1296/6/2 1317/6/2
f 1316/3/2 1295/3/2 1317/3/2
f 1296/3/2 1297/3/2 1318/3/2
f 1317/6/2 1296/6/2 1318/6/2
f 1297/6/2 1298/6/2 1319/6/2
f 1318/3/2 1297/3/2 1319/3/2
f 1298/3/2 1299/3/2 1320/3/2
f 1319/6/2 1298/6/2 1320/6/2
f 1299/6/2 1300/6/2 1321/6/2
f 1320/3/2 1299/3/2 1321/3/2
f 1300/3/2 1301/3/2 1322/3/2
f 1321/6/2 1300/6/2 1322/6/2
f 1322/3/2 1301/3/2 1323/3/2
f 1324/9/2 1325/9/2 1326/9/2
f 1326/9/2 1325/9/2 1327/9/2
f 1328/9/2 1329/9/2 1330/9/2
f 1330/9/2 1329/9/2 1331/9/2
f 1332/3/2 1333/3/2 1354/3/2
f 1333/6/2 1334/6/2 1355/6/2
f 1354/3/2 1333/3/2 1355/3/2
f 1334/3/2 1335/3/2 1356/3/2
f 1355/6/2 1334/6/2 1356/6/2
f 1335/6/2 1336/6/2 1357/6/2
f 1356/3/2 1335/3/2 1357/3/2
f 1336/3/2 1337/3/2 1358/3/2
f 1357/6/2 1336/6/2 1358/6/2
f 1337/6/2 1338/6/2 1359/6/2
f 1358/3/2 1337/3/2 1359/3/2
f 1338/3/2 1339/3/2 1360/3/2
f 1359/6/2 1338/6/2 1360/6/2
f 1339/6/2 1340/6/2 1361/6/2
f 1360/3/2 1339/3/2 1361/3/2
f 1340/3/2 1341/3/2 1362/3/2
f 1361/6/2 1340/6/2 1362/6/2
f 1341/6/2 1342/6/2 1363/6/2
f 1362/3/2 1341/3/2 1363/3/2
f 1342/3/2 1343/3/2 1364/3/2
f 1363/6/2 1342/6/2 1364/6/2
f 1343/6/2 1344/6/2 1365/6/2
f 1364/3/2 1343/3/2 1365/3/2
f 1344/3/2 1345/3/2 1366/3/2
f 1365/6/2 1344/6/2 1366/6/2
f 1345/6/2 1346/6/2 1367/6/2
f 1366/3/2 1345/3/2 1367/3/2
f 1346/3/2 1347/3/2 1368/3/2
f 1367/6/2 1346/6/2 1368/6/2
f 1347/6/2 1348/6/2 1369/6/2
f 1368/3/2 1347/3/2 1369/3/2
f 1348/3/2 1349/3/2 1370/3/2
f 1369/6/2 1348/6/2 1370/6/2
f 1349/6/2 1350/6/2 1371/6/2
f 1370/3/2 1349/3/2 1371/3/2
f 1350/3/2 1351/3/2 1372/3/2
f 1371/6/2 1350/6/2 1372/6/2
f 1351/6/2 1352/6/2 1373/6/2
f 1372/3/2 1351/3/2 1373/3/2
f 1352/3/2 1353/3/2 1374/3/2
f 1373/6/2 1352/6/2 1374/6/2
f 1374/3/2 1353/3/2 1375/3/2
f 1376/3/2 1377/3/2 1398/3/2
f 1377/6/2 1378/6/2 1399/6/2
f 1398/3/2 1377/3/2 1399/3/2
f 1378/3/2 1379/3/2 1400/3/2
f 1399/6/2 1378/6/2 1400/6/2
f 1379/6/2 1380/6/2 1401/6/2
f 1400/3/2 1379/3/2 1401/3/2
f 1380/3/2 1381/3/2 1402/3/2
f 1401/6/2 1380/6/2 1402/6/2
f 1381/6/2 1382/6/2 1403/6/2
f 1402/3/2 1381/3/2 1403/3/2
f 1382/3/2 1383/3/2 1404/3/2
f 1403/6/2 1382/6/2 1404/6/2
f 1383/6/2 1384/6/2 1405/6/2
f 1404/3/2 1383/3/2 1405/3/2
f 1384/3/2 1385/3/2 1406/3/2
f 1405/6/2 1384/6/2 1406/6/2
f 1385/6/2 1386/6/2 1407/6/2
f 1406/3/2 1385/3/2 1407/3/2
f 1386/3/2 1387/3/2 1408/3/2
f 1407/6/2 1386/6/2 1408/6/2
f 1387/6/2 1388/6/2 1409/6/2
f 1408/3/2 1387/3/2 1409/3/2
f 1388/3/2 1389/3/2 1410/3/2
f 1409/6/2 1388/6/2 1410/6/2
f 1389/6/2 1390/6/2 1411/6/2
f 1410/3/2 1389/3/2 1411/3/2
f 1390/3/2 1391/3/2 1412/3/2
f 1411/6/2 1390/6/2 1412/6/2
f 1391/6/2 1392/6/2 1413/6/2
f 1412/3/2 1391/3/2 1413/3/2
f 1392/3/2 1393/3/2 1414/3/2
f 1413/6/2 1392/6/2 1414/6/2
f 1393/6/2 1394/6/2 1415/6/2
f 1414/3/2 1393/3/2 1415/3/2
f 1394/3/2 1395/3/2 1416/3/2
f 1415/6/2 1394/6/2 1416/6/2
f 1395/6/2 1396/6/2 1417/6/2
f 1416/3/2 1395/3/2 1417/3/2
f 1396/3/2 1397/3/2 1418/3/2
f 1417/6/2 1396/6/2 1418/6/2
f 1418/3/2 1397/3/2 1419/3/2
f 1420/9/2 1421/9/2 1422/9/2
f 1422/9/2 1421/9/2 1423/9/2
f 1424/3/2 1425/3/2 1446/3/2
f 1425/6/2 1426/6/2 1447/6/2
f 1446/3/2 1425/3/2 1447/3/2
f 1426/3/2 1427/3/2 1448/3/2
f 1447/6/2 1426/6/2 1448/6/2
f 1427/6/2 1428/6/2 1449/6/2
f 1448/3/2 1427/3/2 1449/3/2
f 1428/3/2 1429/3/2 1450/3/2
f 1449/6/2 1428/6/2 1450/6/2
f 1429/6/2 1430/6/2 1451/6/2
f 1450/3/2 1429/3/2 1451/3/2
f 1430/3/2 1431/3/2 1452/3/2
f 1451/6/2 1430/6/2 1452/6/2
f 1431/6/2 1432/6/2 1453/6/2
f 1452/3/2 1431/3/2 1453/3/2
f 1432/3/2 1433/3/2 1454/3/2
f 1453/6/2 1432/6/2 1454/6/2
f 1433/6/2 1434/6/2 1455/6/2
f 1454/3/2 1433/3/2 1455/3/2
f 1434/3/2 1435/3/2 1456/3/2
f 1455/6/2 1434/6/2 1456/6/2
f 1435/6/2 1436/6/2 1457/6/2
f 1456/3/2 1435/3/2 1457/3/2
f 1436/3/2 1437/3/2 1458/3/2
f 1457/6/2 1436/6/2 1458/6/2
f 1437/6/2 1438/6/2 1459/6/2
f 1458/3/2 1437/3/2 1459/3/2
f 1438/3/2 1439/3/2 1460/3/2
f 1459/6/2 1438/6/2 1460/6/2
f 1439/6/2 1440/6/2 1461/6/2
f 1460/3/2 1439/3/2 1461/3/2
f 1440/3/2 1441/3/2 1462/3/2
f 1461/6/2 1440/6/2 1462/6/2
f 1441/6/2 1442/6/2 1463/6/2
f 1462/3/2 1441/3/2 1463/3/2
f 1442/3/2 1443/3/2 1464/3/2
f 1463/6/2 1442/6/2 1464/6/2
f 1443/6/2 1444/6/2 1465/6/2
f 1464/3/2 1443/3/2 1465/3/2
f 1444/3/2 1445/3/2 1466/3/2
f 1465/6/2 1444/6/2 1466/6/2
f 1466/3/2 1445/3/2 1467/3/2
f 1468/1/2 1469/1/2 1490/1/2
f 1488/1/2 1489/1/2 1490/1/2
f 1487/1/2 1488/1/2 1490/1/2
f 1486/1/2 1487/1/2 1490/1/2
f 1485/1/2 1486/1/2 1490/1/2
f 1484/1/2 1485/1/2 1490/1/2
f 1483/1/2 1484/1/2 1490/1/2
f 1482/1/2 1483/1/2 1490/1/2
f 1481/1/2 1482/1/2 1490/1/2
f 1480/1/2 1481/1/2 1490/1/2
f 1479/1/2 1480/1/2 1490/1/2
f 1478/1/2 1479/1/2 1490/1/2
f 1477/1/2 1478/1/2 1490/1/2
f 1476/1/2 1477/1/2 1490/1/2
f 1475/1/2 1476/1/2 1490/1/2
f 1474/1/2 1475/1/2 1490/1/2
f 1473/1/2 1474/1/2 1490/1/2
f 1472/1/2 1473/1/2 1490/1/2
f 1471/1/2 1472/1/2 1490/1/2
f 1470/1/2 1471/1/2 1490/1/2
f 1469/1/2 1470/1/2 1490/1/2
f 1490/1/2 1489/1/2 1491/1/2
f 1491/1/2 1489/1/2 1492/1/2
f 1492/1/2 1489/1/2 1493/1/2
f 1493/1/2 1489/1/2 1494/1/2
f 1494/1/2 1489/1/2 1495/1/2
f 1495/1/2 1489/1/2 1496/1/2
f 1496/1/2 1489/1/2 1497/1/2
f 1497/1/2 1489/1/2 1498/1/2
f 1498/1/2 1489/1/2 1499/1/2
f 1499/1/2 1489/1/2 1500/1/2
f 1500/1/2 1489/1/2 1501/1/2
f 1501/1/2 1489/1/2 1502/1/2
f 1502/1/2 1489/1/2 1503/1/2
f 1503/1/2 1489/1/2 1504/1/2
f 1504/1/2 1489/1/2 1505/1/2
f 1505/1/2 1489/1/2 1506/1/2
f 1506/1/2 1489/1/2 1507/1/2
f 1507/1/2 1489/1/2 1508/1/2
f 1508/1/2 1489/1/2 1509/1/2
f 1509/1/2 1489/1/2 1510/1/2
f 1510/1/2 1489/1/2 1511/1/2
f 1512/3/2 1513/3/2 1534/3/2
f 1513/6/2 1514/6/2 1535/6/2
f 1534/3/2 1513/3/2 1535/3/2
f 1514/3/2 1515/3/2 1536/3/2
f 1535/6/2 1514/6/2 1536/6/2
f 1515/6/2 1516/6/2 1537/6/2
f 1536/3/2 1515/3/2 1537/3/2
f 1516/3/2 1517/3/2 1538/3/2
f 1537/6/2 1516/6/2 1538/6/2
f 1517/6/2 1518/6/2 1539/6/2
f 1538/3/2 1517/3/2 1539/3/2
f 1518/3/2 1519/3/2 1540/3/2
f 1539/6/2 1518/6/2 1540/6/2
f 1519/6/2 1520/6/2 1541/6/2
f 1540/3/2 1519/3/2 1541/3/2
f 1520/3/2 1521/3/2 1542/3/2
f 1541/6/2 1520/6/2 1542/6/2
f 1521/6/2 1522/6/2 1543/6/2
f 1542/3/2 1521/3/2 1543/3/2
f 1522/3/2 1523/3/2 1544/3/2
f 1543/6/2 1522/6/2 1544/6/2
f 1523/6/2 1524/6/2 1545/6/2
f 1544/3/2 1523/3/2 1545/3/2
f 1524/3/2 1525/3/2 1546/3/2
f 1545/6/2 1524/6/2 1546/6/2
f 1525/6/2 1526/6/2 1547/6/2
f 1546/3/2 1525/3/2 1547/3/2
f 1526/3/2 1527/3/2 1548/3/2
f 1547/6/2 1526/6/2 1548/6/2
f 1527/6/2 1528/6/2 1549/6/2
f 1548/3/2 1527/3/2 1549/3/2
f 1528/3/2 1529/3/2 1550/3/2
f 1549/6/2 1528/6/2 1550/6/2
f 1529/6/2 1530/6/2 1551/6/2
f 1550/3/2 1529/3/2 1551/3/2
f 1530/3/2 1531/3/2 1552/3/2
f 1551/6/2 1530/6/2 1552/6/2
f 1531/6/2 1532/6/2 1553/6/2
f 1552/3/2 1531/3/2 1553/3/2
f 1532/3/2 1533/3/2 1554/3/2
f 1553/6/2 1532/6/2 1554/6/2
f 1554/3/2 1533/3/2 1555/3/2
f 1556/3/2 1557/3/2 1578/3/2
f 1557/6/2 1558/6/2 1579/6/2
f 1578/3/2 1557/3/2 1579/3/2
f 1558/3/2 1559/3/2 1580/3/2
f 1579/6/2 1558/6/2 1580/6/2
f 1559/6/2 1560/6/2 1581/6/2
f 1580/3/2 1559/3/2 1581/3/2
f 1560/3/2 1561/3/2 1582/3/2
f 1581/6/2 1560/6/2 1582/6/2
f 1561/6/2 1562/6/2 1583/6/2
f 1582/3/2 1561/3/2 1583/3/2
f 1562/3/2 1563/3/2 1584/3/2
f 1583/6/2 1562/6/2 1584/6/2
f 1563/6/2 1564/6/2 1585/6/2
f 1584/3/2 1563/3/2 1585/3/2
f 1564/3/2 1565/3/2 1586/3/2
f 1585/6/2 1564/6/2 1586/6/2
f 1565/6/2 1566/6/2 1587/6/2
f 1586/3/2 1565/3/2 1587/3/2
f 1566/3/2 1567/3/2 1588/3/2
f 1587/6/2 1566/6/2 1588/6/2
f 1567/6/2 1568/6/2 1589/6/2
f 1588/3/2 1567/3/2 1589/3/2
f 1568/3/2 1569/3/2 1590/3/2
f 1589/6/2 1568/6/2 1590/6/2
f 1569/6/2 1570/6/2 1591/6/2
f 1590/3/2 1569/3/2 1591/3/2
f 1570/3/2 1571/3/2 1592/3/2
f 1591/6/2 1570/6/2 1592/6/2
f 1571/6/2 1572/6/2 1593/6/2
f 1592/3/2 1571/3/2 1593/3/2
f 1572/3/2 1573/3/2 1594/3/2
f 1593/6/2 1572/6/2 1594/6/2
f 1573/6/2 1574/6/2 1595/6/2
f 1594/3/2 1573/3/2 1595/3/2
f 1574/3/2 1575/3/2 1596/3/2
f 1595/6/2 1574/6/2 1596/6/2
f 1575/6/2 1576/6/2 1597/6/2
f 1596/3/2 1575/3/2 1597/3/2
f 1576/3/2 1577/3/2 1598/3/2
f 1597/6/2 1576/6/2 1598/6/2
f 1598/3/2 1577/3/2 1599/3/2
f 1600/3/2 1601/3/2 1622/3/2
f 1601/6/2 1602/6/2 1623/6/2
f 1622/3/2 1601/3/2 1623/3/2
f 1602/3/2 1603/3/2 1624/3/2
f 1623/6/2 1602/6/2 1624/6/2
f 1603/6/2 1604/6/2 1625/6/2
f 1624/3/2 1603/3/2 1625/3/2
f 1604/3/2 1605/3/2 1626/3/2
f 1625/6/2 1604/6/2 1626/6/2
f 1605/6/2 1606/6/2 1627/6/2
f 1626/3/2 1605/3/2 1627/3/2
f 1606/3/2 1607/3/2 1628/3/2
f 1627/6/2 1606/6/2 1628/6/2
f 1607/6/2 1608/6/2 1629/6/2
f 1628/3/2 1607/3/2 1629/3/2
f 1608/3/2 1609/3/2 1630/3/2
f 1629/6/2 1608/6/2 1630/6/2
f 1609/6/2 1610/6/2 1631/6/2
f 1630/3/2 1609/3/2 1631/3/2
f 1610/3/2 1611/3/2 1632/3/2
f 1631/6/2 1610/6/2 1632/6/2
f 1611/6/2 1612/6/2 1633/6/2
f 1632/3/2 1611/3/2 1633/3/2
f 1612/3/2 1613/3/2 1634/3/2
f 1633/6/2 1612/6/2 1634/6/2
f 1613/6/2 1614/6/2 1635/6/2
f 1634/3/2 1613/3/2 1635/3/2
f 1614/3/2 1615/3/2 1636/3/2
f 1635/6/2 1614/6/2 1636/6/2
f 1615/6/2 1616/6/2 1637/6/2
f 1636/3/2 1615/3/2 1637/3/2
f 1616/3/2 1617/3/2 1638/3/2
f 1637/6/2 1616/6/2 1638/6/2
f 1617/6/2 1618/6/2 1639/6/2
f 1638/3/2 1617/3/2 1639/3/2
f 1618/3/2 1619/3/2 1640/3/2
f 1639/6/2 1618/6/2 1640/6/2
f 1619/6/2 1620/6/2 1641/6/2
f 1640/3/2 1619/3/2 1641/3/2
f 1620/3/2 1621/3/2 1642/3/2
f 1641/6/2 1620/6/2 1642/6/2
f 1642/3/2 1621/3/2 1643/3/2
f 1644/9/2 1645/9/2 1646/9/2
f 1646/9/2 1645/9/2 1647/9/2
f 1648/7/2 1649/7/2 1656/7/2
f 1656/7/2 1649/7/2 1657/7/2
f 1650/7/2 1651/7/2 1658/7/2
f 1658/7/2 1651/7/2 1659/7/2
f 1652/7/2 1653/7/2 1660/7/2
f 1660/7/2 1653/7/2 1661/7/2
f 1654/7/2 1655/7/2 1662/7/2
f 1662/7/2 1655/7/2 1663/7/2
f 1664/3/2 1665/3/2 1686/3/2
f 1665/6/2 1666/6/2 1687/6/2
f 1686/3/2 1665/3/2 1687/3/2
f 1666/3/2 1667/3/2 1688/3/2
f 1687/6/2 1666/6/2 1688/6/2
f 1667/6/2 1668/6/2 1689/6/2
f 1688/3/2 1667/3/2 1689/3/2
f 1668/3/2 1669/3/2 1690/3/2
f 1689/6/2 1668/6/2 1690/6/2
f 1669/6/2 1670/6/2 1691/6/2
f 1690/3/2 1669/3/2 1691/3/2
f 1670/3/2 1671/3/2 1692/3/2
f 1691/6/2 1670/6/2 1692/6/2
f 1671/6/2 1672/6/2 1693/6/2
f 1692/3/2 1671/3/2 1693/3/2
f 1672/3/2 1673/3/2 1694/3/2
f 1693/6/2 1672/6/2 1694/6/2
f 1673/6/2 1674/6/2 1695/6/2
f 1694/3/2 1673/3/2 1695/3/2
f 1674/3/2 1675/3/2 1696/3/2
f 1695/6/2 1674/6/2 1696/6/2
f 1675/6/2 1676/6/2 1697/6/2
f 1696/3/2 1675/3/2 1697/3/2
f 1676/3/2 1677/3/2 1698/3/2
f 1697/6/2 1676/6/2 1698/6/2
f 1677/6/2 1678/6/2 1699/6/2
f 1698/3/2 1677/3/2 1699/3/2
f 1678/3/2 1679/3/2 1700/3/2
f 1699/6/2 1678/6/2 1700/6/2
f 1679/6/2 1680/6/2 1701/6/2
f 1700/3/2 1679/3/2 1701/3/2
f 1680/3/2 1681/3/2 1702/3/2
f 1701/6/2 1680/6/2 1702/6/2
f 1681/6/2 1682/6/2 1703/6/2
f 1702/3/2 1681/3/2 1703/3/2
f 1682/3/2 1683/3/2 1704/3/2
f 1703/6/2 1682/6/2 1704/6/2
f 1683/6/2 1684/6/2 1705/6/2
f 1704/3/2 1683/3/2 1705/3/2
f 1684/3/2 1685/3/2 1706/3/2
f 1705/6/2 1684/6/2 1706/6/2
f 1706/3/2 1685/3/2 1707/3/2
f 1708/1/2 1709/1/2 1716/1/2
f 1714/1/2 1715/1/2 1716/1/2
f 1713/1/2 1714/1/2 1716/1/2
f 1712/1/2 1713/1/2 1716/1/2
f 1711/1/2 1712/1/2 1716/1/2
f 1710/1/2 1711/1/2 1716/1/2
f 1709/1/2 1710/1/2 1716/1/2
f 1716/1/2 1715/1/2 1717/1/2
f 1717/1/2 1715/1/2 1718/1/2
f 1718/1/2 1715/1/2 1719/1/2
f 1719/1/2 1715/1/2 1720/1/2
f 1720/1/2 1715/1/2 1721/1/2
f 1721/1/2 1715/1/2 1722/1/2
f 1722/1/2 1715/1/2 1723/1/2
f 1716/9/2 1717/9/2 1724/9/2
f 1724/9/2 1717/9/2 1725/9/2
f 1718/9/2 1719/9/2 1726/9/2
f 1726/9/2 1719/9/2 1727/9/2
f 1720/9/2 1721/9/2 1728/9/2
f 1728/9/2 1721/9/2 1729/9/2
f 1722/9/2 1723/9/2 1730/9/2
f 1730/9/2 1723/9/2 1731/9/2
f 1708/1/2 1716/1/2 1732/1/2
f 1732/1/2 1716/1/2 1733/1/2
f 1716/9/2 1724/9/2 1734/9/2
f 1733/1/2 1716/1/2 1734/1/2
f 1734/9/2 1724/9/2 1735/9/2
f 1725/9/2 1717/9/2 1736/9/2
f 1717/1/2 1718/1/2 1737/1/2
f 1736/9/2 1717/9/2 1737/9/2
f 1737/1/2 1718/1/2 1738/1/2
f 1718/9/2 1726/9/2 1739/9/2
f 1738/1/2 1718/1/2 1739/1/2
f 1739/9/2 1726/9/2 1740/9/2
f 1727/9/2 1719/9/2 1741/9/2
f 1719/1/2 1720/1/2 1742/1/2
f 1741/9/2 1719/9/2 1742/9/2
f 1720/9/2 1728/9/2 1743/9/2
f 1742/1/2 1720/1/2 1743/1/2
f 1743/9/2 1728/9/2 1744/9/2
f 1729/9/2 1721/9/2 1745/9/2
f 1721/1/2 1722/1/2 1746/1/2
f 1745/9/2 1721/9/2 1746/9/2
f 1746/1/2 1722/1/2 1747/1/2
f 1722/9/2 1730/9/2 1748/9/2
f 1747/1/2 1722/1/2 1748/1/2
f 1748/9/2 1730/9/2 1749/9/2
f 1731/9/2 1723/9/2 1750/9/2
f 1723/1/2 1715/1/2 1751/1/2
f 1750/9/2 1723/9/2 1751/9/2
f 1751/1/2 1715/1/2 1752/1/2
f 1752/1/2 1715/1/2 1753/1/2
f 1754/3/2 1755/3/2 1776/3/2
f 1755/6/2 1756/6/2 1777/6/2
f 1776/3/2 1755/3/2 1777/3/2
f 1756/3/2 1757/3/2 1778/3/2
f 1777/6/2 1756/6/2 1778/6/2
f 1757/6/2 1758/6/2 1779/6/2
f 1778/3/2 1757/3/2 1779/3/2
f 1758/3/2 1759/3/2 1780/3/2
f 1779/6/2 1758/6/2 1780/6/2
f 1759/6/2 1760/6/2 1781/6/2
f 1780/3/2 1759/3/2 1781/3/2
f 1760/3/2 1761/3/2 1782/3/2
f 1781/6/2 1760/6/2 1782/6/2
f 1761/6/2 1762/6/2 1783/6/2
f 1782/3/2 1761/3/2 1783/3/2
f 1762/3/2 1763/3/2 1784/3/2
f 1783/6/2 1762/6/2 1784/6/2
f 1763/6/2 1764/6/2 1785/6/2
f 1784/3/2 1763/3/2 1785/3/2
f 1764/3/2 1765/3/2 1786/3/2
f 1785/6/2 1764/6/2 1786/6/2
f 1765/6/2 1766/6/2 1787/6/2
f 1786/3/2 1765/3/2 1787/3/2
f 1766/3/2 1767/3/2 1788/3/2
f 1787/6/2 1766/6/2 1788/6/2
f 1767/6/2 1768/6/2 1789/6/2
f 1788/3/2 1767/3/2 1789/3/2
f 1768/3/2 1769/3/2 1790/3/2
f 1789/6/2 1768/6/2 1790/6/2
f 1769/6/2 1770/6/2 1791/6/2
f 1790/3/2 1769/3/2 1791/3/2
f 1770/3/2 1771/3/2 1792/3/2
f 1791/6/2 1770/6/2 1792/6/2
f 1771/6/2 1772/6/2 1793/6/2
f 1792/3/2 1771/3/2 1793/3/2
f 1772/3/2 1773/3/2 1794/3/2
f 1793/6/2 1772/6/2 1794/6/2
f 1773/6/2 1774/6/2 1795/6/2
f 1794/3/2 1773/3/2 1795/3/2
f 1774/3/2 1775/3/2 1796/3/2
f 1795/6/2 1774/6/2 1796/6/2
f 1796/3/2 1775/3/2 1797/3/2
f 1798/3/2 1799/3/2 1820/3/2
f 1799/6/2 1800/6/2 1821/6/2
f 1820/3/2 1799/3/2 1821/3/2
f 1800/3/2 1801/3/2 1822/3/2
f 1821/6/2 1800/6/2 1822/6/2
f 1801/6/2 1802/6/2 1823/6/2
f 1822/3/2 1801/3/2 1823/3/2
f 1802/3/2 1803/3/2 1824/3/2
f 1823/6/2 1802/6/2 1824/6/2
f 1803/6/2 1804/6/2 1825/6/2
f 1824/3/2 1803/3/2 1825/3/2
f 1804/3/2 1805/3/2 1826/3/2
f 1825/6/2 1804/6/2 1826/6/2
f 1805/6/2 1806/6/2 1827/6/2
f 1826/3/2 1805/3/2 1827/3/2
f 1806/3/2 1807/3/2 1828/3/2
f 1827/6/2 1806/6/2 1828/6/2
f 1807/6/2 1808/6/2 1829/6/2
f 1828/3/2 1807/3/2 1829/3/2
f 1808/3/2 1809/3/2 1830/3/2
f 1829/6/2 1808/6/2 1830/6/2
f 1809/6/2 1810/6/2 1831/6/2
f 1830/3/2 1809/3/2 1831/3/2
f 1810/3/2 1811/3/2 1832/3/2
f 1831/6/2 1810/6/2 1832/6/2
f 1811/6/2 1812/6/2 1833/6/2
f 1832/3/2 1811/3/2 1833/3/2
f 1812/3/2 1813/3/2 1834/3/2
f 1833/6/2 1812/6/2 1834/6/2
f 1813/6/2 1814/6/2 1835/6/2
f 1834/3/2 1813/3/2 1835/3/2
f 1814/3/2 1815/3/2 1836/3/2
f 1835/6/2 1814/6/2 1836/6/2
f 1815/6/2 1816/6/2 1837/6/2
f 1836/3/2 1815/3/2 1837/3/2
f 1816/3/2 1817/3/2 1838/3/2
f 1837/6/2 1816/6/2 1838/6/2
f 1817/6/2 1818/6/2 1839/6/2
f 1838/3/2 1817/3/2 1839/3/2
f 1818/3/2 1819/3/2 1840/3/2
f 1839/6/2 1818/6/2 1840/6/2
f 1840/3/2 1819/3/2 1841/3/2
f 1842/10/2 1843/10/2 1853/10/2
f 1843/10/2 1844/10/2 1853/10/2
f 1844/11/2 1845/11/2 1854/11/2
f 1853/10/2 1844/10/2 1854/10/2
f 1845/10/2 1846/10/2 1855/10/2
f 1854/11/2 1845/11/2 1855/11/2
f 1846/9/2 1847/9/2 1856/9/2
f 1855/10/2 1846/10/2 1856/10/2
f 1847/10/2 1848/10/2 1857/10/2
f 1856/9/2 1847/9/2 1857/9/2
f 1850/11/2 1851/11/2 1858/11/2
f 1857/10/2 1848/10/2 1858/10/2
f 1848/11/2 1849/11/2 1858/11/2
f 1849/11/2 1850/11/2 1858/11/2
f 1851/9/2 1852/9/2 1859/9/2
f 1858/11/2 1851/11/2 1859/11/2
f 1859/9/2 1852/9/2 1860/9/2
f 1861/9/2 1862/9/2 1863/9/2
f 1863/9/2 1862/9/2 1864/9/2
f 1864/9/2 1862/9/2 1865/9/2
f 1865/9/2 1862/9/2 1866/9/2
f 1866/9/2 1862/9/2 1867/9/2
f 1867/9/2 1862/9/2 1868/9/2
f 1861/9/2 1863/9/2 1869/9/2
f 1863/10/2 1864/10/2 1870/10/2
f 1869/9/2 1863/9/2 1870/9/2
f 1864/9/2 1865/9/2 1871/9/2
f 1870/10/2 1864/10/2 1871/10/2
f 1865/10/2 1866/10/2 1872/10/2
f 1871/9/2 1865/9/2 1872/9/2
f 1866/11/2 1867/11/2 1873/11/2
f 1872/10/2 1866/10/2 1873/10/2
f 1867/10/2 1868/10/2 1874/10/2
f 1873/11/2 1867/11/2 1874/11/2
f 1868/9/2 1862/9/2 1875/9/2
f 1874/10/2 1868/10/2 1875/10/2
f 1875/9/2 1862/9/2 1876/9/2
f 1879/9/3 1878/9/3 1877/9/3
f 1880/9/3 1878/9/3 1879/9/3
f 1881/9/3 1879/9/3 1877/9/3
f 1881/10/3 1880/10/3 1879/10/3
f 1882/10/3 1880/10/3 1881/10/3
f 1883/9/3 1881/9/3 1877/9/3
f 1883/9/3 1882/9/3 1881/9/3
f 1884/9/3 1882/9/3 1883/9/3
f 1887/9/3 1886/9/3 1885/9/3
f 1888/9/3 1886/9/3 1887/9/3
f 1889/10/3 1888/10/3 1887/10/3
f 1890/10/3 1888/10/3 1889/10/3
f 1891/9/3 1890/9/3 1889/9/3
f 1892/9/3 1890/9/3 1891/9/3
f 1893/10/3 1892/10/3 1891/10/3
f 1894/10/3 1892/10/3 1893/10/3
f 1897/3/3 1896/3/3 1895/3/3
f 1899/3/3 1897/3/3 1895/3/3
f 1899/3/3 1898/3/3 1897/3/3
f 1900/3/3 1898/3/3 1899/3/3
f 1901/3/3 1898/3/3 1900/3/3
f 1904/3/3 1902/3/3 1901/3/3
f 1904/3/3 1901/3/3 1900/3/3
f 1905/3/3 1902/3/3 1904/3/3
f 1906/3/3 1902/3/3 1905/3/3
f 1908/3/3 1906/3/3 1905/3/3
f 1908/3/3 1907/3/3 1906/3/3
f 1909/3/3 1907/3/3 1908/3/3
f 1912/3/3 1911/3/3 1910/3/3
f 1914/3/3 1907/3/3 1909/3/3
f 1915/3/3 1907/3/3 1914/3/3
f 1916/3/3 1913/3/3 1912/3/3
f 1916/3/3 1912/3/3 1910/3/3
f 1917/3/3 1913/3/3 1916/3/3
f 1918/3/3 1913/3/3 1917/3/3
f 1920/3/3 1919/3/3 1918/3/3
f 1920/3/3 1918/3/3 1917/3/3
f 1921/3/3 1919/3/3 1920/3/3
f 1922/9/3 1904/9/3 1903/9/3
f 1923/9/3 1904/9/3 1922/9/3
f 1924/3/3 1919/3/3 1921/3/3
f 1926/3/3 1925/3/3 1924/3/3
f 1926/3/3 1924/3/3 1921/3/3
f 1926/9/3 1921/9/3 1920/9/3
f 1927/3/3 1925/3/3 1926/3/3
f 1932/9/3 1929/9/3 1928/9/3
f 1933/9/3 1929/9/3 1932/9/3
f 1935/9/3 1926/9/3 1920/9/3
f 1936/9/3 1926/9/3 1935/9/3
f 1937/3/3 1931/3/3 1930/3/3
f 1939/9/3 1934/9/3 1933/9/3
f 1940/9/3 1934/9/3 1939/9/3
f 1944/3/3 1925/3/3 1927/3/3
f 1945/3/3 1925/3/3 1944/3/3
f 1947/3/3 1938/3/3 1937/3/3
f 1947/3/3 1937/3/3 1930/3/3
f 1948/3/3 1938/3/3 1947/3/3
f 1949/3/3 1938/3/3 1948/3/3
f 1951/2/3 1947/2/3 1946/2/3
f 1952/2/3 1947/2/3 1951/2/3
f 1953/3/3 1950/3/3 1949/3/3
f 1953/3/3 1949/3/3 1948/3/3
f 1954/3/3 1950/3/3 1953/3/3
f 1955/3/3 1950/3/3 1954/3/3
f 1958/2/3 1953/2/3 1952/2/3
f 1959/2/3 1953/2/3 1958/2/3
f 1960/3/3 1956/3/3 1955/3/3
f 1960/3/3 1955/3/3 1954/3/3
f 1961/3/3 1956/3/3 1960/3/3
f 1962/3/3 1956/3/3 1961/3/3
f 1964/9/3 1941/9/3 1940/9/3
f 1965/9/3 1941/9/3 1964/9/3
f 1966/9/3 1943/9/3 1942/9/3
f 1967/9/3 1943/9/3 1966/9/3
f 1970/2/3 1958/2/3 1957/2/3
f 1971/2/3 1958/2/3 1970/2/3
f 1972/3/3 1961/3/3 1960/3/3
f 1972/3/3 1960/3/3 1959/3/3
f 1973/3/3 1961/3/3 1972/3/3
f 1974/3/3 1961/3/3 1973/3/3
f 1976/9/3 1964/9/3 1963/9/3
f 1977/9/3 1964/9/3 1976/9/3
f 1980/3/3 1973/3/3 1972/3/3
f 1980/3/3 1972/3/3 1971/3/3
f 1981/3/3 1973/3/3 1980/3/3
f 1982/9/3 1976/9/3 1975/9/3
f 1983/9/3 1976/9/3 1982/9/3
f 1984/3/3 1980/3/3 1971/3/3
f 1985/3/3 1980/3/3 1984/3/3
f 1986/9/3 1979/9/3 1978/9/3
f 1987/3/3 1969/3/3 1968/3/3
f 1990/3/3 1969/3/3 1987/3/3
f 1990/3/3 1987/3/3 1986/3/3
f 1991/3/3 1969/3/3 1990/3/3
f 1992/9/3 1986/9/3 1978/9/3
f 1993/3/3 1990/3/3 1986/3/3
f 1993/9/3 1986/9/3 1992/9/3
f 1997/3/3 1993/3/3 1992/3/3
f 1998/3/3 1990/3/3 1993/3/3
f 1998/3/3 1993/3/3 1997/3/3
f 1999/3/3 1990/3/3 1998/3/3
f 2000/3/3 1997/3/3 1996/3/3
f 2000/3/3 1998/3/3 1997/3/3
f 2001/3/3 1998/3/3 2000/3/3
f 2002/3/3 2000/3/3 1996/3/3
f 2003/3/3 2000/3/3 2002/3/3
f 2005/3/3 1995/3/3 1994/3/3
f 2006/3/3 1995/3/3 2005/3/3
f 2006/3/3 2005/3/3 2004/3/3
f 2007/3/3 1995/3/3 2006/3/3
f 2008/9/3 1989/9/3 1988/9/3
f 2009/9/3 1989/9/3 2008/9/3
f 2010/3/3 2006/3/3 2004/3/3
f 2012/3/3 2010/3/3 2009/3/3
f 2013/3/3 2006/3/3 2010/3/3
f 2013/3/3 2010/3/3 2012/3/3
f 2014/3/3 2006/3/3 2013/3/3
f 2015/3/3 2012/3/3 2011/3/3
f 2015/3/3 2013/3/3 2012/3/3
f 2016/3/3 2013/3/3 2015/3/3
f 2017/3/3 2015/3/3 2011/3/3
f 2018/3/3 2015/3/3 2017/3/3
f 2021/1/3 2020/1/3 2019/1/3
f 2023/1/3 2021/1/3 2019/1/3
f 2023/1/3 2022/1/3 2021/1/3
f 2024/1/3 2022/1/3 2023/1/3
f 2026/1/3 2023/1/3 2019/1/3
f 2027/1/3 2023/1/3 2026/1/3
f 2028/1/3 2023/1/3 2027/1/3
f 2029/9/3 2028/9/3 2027/9/3
f 2030/9/3 2028/9/3 2029/9/3
f 2031/1/3 2025/1/3 2024/1/3
f 2033/1/3 2027/1/3 2026/1/3
f 2036/9/3 2029/9/3 2027/9/3
f 2038/1/3 2032/1/3 2031/1/3
f 2039/1/3 2035/1/3 2034/1/3
f 2040/1/3 2035/1/3 2039/1/3
f 2042/9/3 2037/9/3 2036/9/3
f 2042/1/3 2027/1/3 2033/1/3
f 2042/9/3 2036/9/3 2027/9/3
f 2043/9/3 2037/9/3 2042/9/3
f 2044/1/3 2041/1/3 2040/1/3
f 2044/1/3 2040/1/3 2039/1/3
f 2044/1/3 2039/1/3 2038/1/3
f 2045/1/3 2041/1/3 2044/1/3
f 2046/1/3 2043/1/3 2042/1/3
f 2047/1/3 2031/1/3 2024/1/3
f 2047/1/3 2038/1/3 2031/1/3
f 2047/1/3 2044/1/3 2038/1/3
f 2048/9/3 2045/9/3 2044/9/3
f 2049/9/3 2045/9/3 2048/9/3
f 2052/1/3 2046/1/3 2042/1/3
f 2052/1/3 2047/1/3 2046/1/3
f 2052/1/3 2042/1/3 2033/1/3
f 2053/1/3 2047/1/3 2052/1/3
f 2054/9/3 2048/9/3 2044/9/3
f 2062/1/3 2047/1/3 2053/1/3
f 2063/1/3 2047/1/3 2062/1/3
f 2064/1/3 2044/1/3 2047/1/3
f 2064/1/3 2047/1/3 2063/1/3
f 2064/9/3 2055/9/3 2054/9/3
f 2064/9/3 2054/9/3 2044/9/3
f 2065/9/3 2055/9/3 2064/9/3
f 2066/1/3 2051/1/3 2050/1/3
f 2069/5/3 2057/5/3 2056/5/3
f 2070/3/3 2058/3/3 2057/3/3
f 2070/5/3 2057/5/3 2069/5/3
f 2071/5/3 2059/5/3 2058/5/3
f 2071/3/3 2058/3/3 2070/3/3
f 2072/3/3 2060/3/3 2059/3/3
f 2072/5/3 2059/5/3 2071/5/3
f 2073/5/3 2061/5/3 2060/5/3
f 2073/3/3 2060/3/3 2072/3/3
f 2074/3/3 2062/3/3 2061/3/3
f 2074/5/3 2061/5/3 2073/5/3
f 2075/3/3 2062/3/3 2074/3/3
f 2076/1/3 2065/1/3 2064/1/3
f 2076/1/3 2066/1/3 2065/1/3
f 2076/1/3 2064/1/3 2063/1/3
f 2077/1/3 2066/1/3 2076/1/3
f 2078/1/3 2066/1/3 2077/1/3
f 2079/1/3 2066/1/3 2078/1/3
f 2080/1/3 2051/1/3 2066/1/3
f 2080/1/3 2066/1/3 2079/1/3
f 2081/1/3 2051/1/3 2080/1/3
f 2082/1/3 2068/1/3 2067/1/3
f 2083/1/3 2068/1/3 2082/1/3
f 2084/1/3 2068/1/3 2083/1/3
f 2086/9/3 2079/9/3 2078/9/3
f 2087/9/3 2079/9/3 2086/9/3
f 2088/1/3 2081/1/3 2080/1/3
f 2088/1/3 2082/1/3 2081/1/3
f 2089/2/3 2083/2/3 2082/2/3
f 2089/1/3 2082/1/3 2088/1/3
f 2090/2/3 2083/2/3 2089/2/3
f 2091/1/3 2085/1/3 2084/1/3
f 2092/1/3 2085/1/3 2091/1/3
f 2094/9/3 2086/9/3 2078/9/3
f 2096/1/3 2088/1/3 2080/1/3
f 2096/2/3 2089/2/3 2088/2/3
f 2097/2/3 2089/2/3 2096/2/3
f 2100/1/3 2093/1/3 2092/1/3
f 2101/1/3 2093/1/3 2100/1/3
f 2102/6/3 2070/6/3 2069/6/3
f 2103/4/3 2071/4/3 2070/4/3
f 2103/6/3 2070/6/3 2102/6/3
f 2104/6/3 2072/6/3 2071/6/3
f 2104/4/3 2071/4/3 2103/4/3
f 2105/4/3 2073/4/3 2072/4/3
f 2105/6/3 2072/6/3 2104/6/3
f 2106/6/3 2074/6/3 2073/6/3
f 2106/4/3 2073/4/3 2105/4/3
f 2107/4/3 2075/4/3 2074/4/3
f 2107/6/3 2074/6/3 2106/6/3
f 2108/5/3 2076/5/3 2075/5/3
f 2108/4/3 2075/4/3 2107/4/3
f 2109/5/3 2076/5/3 2108/5/3
f 2110/1/3 2078/1/3 2077/1/3
f 2111/9/3 2095/9/3 2094/9/3
f 2111/9/3 2094/9/3 2078/9/3
f 2111/1/3 2078/1/3 2110/1/3
f 2112/9/3 2095/9/3 2111/9/3
f 2113/1/3 2096/1/3 2080/1/3
f 2113/1/3 2097/1/3 2096/1/3
f 2114/1/3 2097/1/3 2113/1/3
f 2115/2/3 2098/2/3 2097/2/3
f 2115/1/3 2097/1/3 2114/1/3
f 2116/2/3 2098/2/3 2115/2/3
f 2117/1/3 2100/1/3 2099/1/3
f 2118/1/3 2100/1/3 2117/1/3
f 2119/5/3 2103/5/3 2102/5/3
f 2120/3/3 2104/3/3 2103/3/3
f 2120/5/3 2103/5/3 2119/5/3
f 2121/5/3 2105/5/3 2104/5/3
f 2121/3/3 2104/3/3 2120/3/3
f 2122/3/3 2106/3/3 2105/3/3
f 2122/5/3 2105/5/3 2121/5/3
f 2123/5/3 2107/5/3 2106/5/3
f 2123/3/3 2106/3/3 2122/3/3
f 2124/3/3 2108/3/3 2107/3/3
f 2124/5/3 2107/5/3 2123/5/3
f 2125/3/3 2108/3/3 2124/3/3
f 2126/1/3 2114/1/3 2113/1/3
f 2126/1/3 2110/1/3 2109/1/3
f 2126/1/3 2112/1/3 2111/1/3
f 2126/1/3 2111/1/3 2110/1/3
f 2126/1/3 2113/1/3 2112/1/3
f 2127/1/3 2114/1/3 2126/1/3
f 2128/1/3 2114/1/3 2127/1/3
f 2129/1/3 2114/1/3 2128/1/3
f 2130/1/3 2117/1/3 2116/1/3
f 2130/1/3 2116/1/3 2115/1/3
f 2131/1/3 2117/1/3 2130/1/3
f 2133/1/3 2127/1/3 2126/1/3
f 2133/1/3 2126/1/3 2125/1/3
f 2134/9/3 2128/9/3 2127/9/3
f 2135/9/3 2128/9/3 2134/9/3
f 2136/1/3 2114/1/3 2129/1/3
f 2137/1/3 2114/1/3 2136/1/3
f 2138/1/3 2133/1/3 2132/1/3
f 2138/1/3 2127/1/3 2133/1/3
f 2139/1/3 2127/1/3 2138/1/3
f 2140/9/3 2134/9/3 2127/9/3
f 2142/1/3 2138/1/3 2132/1/3
f 2143/1/3 2138/1/3 2142/1/3
f 2144/1/3 2127/1/3 2139/1/3
f 2144/9/3 2141/9/3 2140/9/3
f 2144/9/3 2140/9/3 2127/9/3
f 2145/9/3 2141/9/3 2144/9/3
f 2146/9/3 2143/9/3 2142/9/3
f 2147/9/3 2143/9/3 2146/9/3
f 2148/1/3 2144/1/3 2139/1/3
f 2148/1/3 2145/1/3 2144/1/3
f 2149/1/3 2145/1/3 2148/1/3
f 2150/1/3 2145/1/3 2149/1/3
f 2151/1/3 2145/1/3 2150/1/3
f 2152/1/3 2150/1/3 2149/1/3
f 2153/1/3 2150/1/3 2152/1/3
f 2154/9/3 2146/9/3 2142/9/3
f 2156/1/3 2148/1/3 2139/1/3
f 2157/1/3 2148/1/3 2156/1/3
f 2158/1/3 2142/1/3 2132/1/3
f 2159/9/3 2155/9/3 2154/9/3
f 2159/1/3 2142/1/3 2158/1/3
f 2159/9/3 2154/9/3 2142/9/3
f 2160/9/3 2155/9/3 2159/9/3
f 2161/1/3 2159/1/3 2158/1/3
f 2161/1/3 2160/1/3 2159/1/3
f 2162/1/3 2156/1/3 2139/1/3
f 2163/1/3 2156/1/3 2162/1/3
f 2164/1/3 2161/1/3 2158/1/3
f 2164/1/3 2162/1/3 2161/1/3
f 2165/1/3 2162/1/3 2164/1/3
f 2166/1/3 2164/1/3 2158/1/3
f 2167/1/3 2164/1/3 2166/1/3
f 2170/7/3 2169/7/3 2168/7/3
f 2171/7/3 2169/7/3 2170/7/3
f 2174/8/3 2173/8/3 2172/8/3
f 2175/8/3 2173/8/3 2174/8/3
f 2180/8/3 2177/8/3 2176/8/3
f 2181/8/3 2177/8/3 2180/8/3
f 2182/8/3 2179/8/3 2178/8/3
f 2183/8/3 2179/8/3 2182/8/3
f 2186/8/3 2185/8/3 2184/8/3
f 2187/8/3 2185/8/3 2186/8/3
f 2190/7/3 2189/7/3 2188/7/3
f 2191/7/3 2189/7/3 2190/7/3
f 2194/9/3 2193/9/3 2192/9/3
f 2195/9/3 2193/9/3 2194/9/3
f 2198/9/3 2197/9/3 2196/9/3
f 2199/9/3 2197/9/3 2198/9/3
f 2202/9/3 2201/9/3 2200/9/3
f 2203/9/3 2201/9/3 2202/9/3
f 2206/9/3 2205/9/3 2204/9/3
f 2207/9/3 2205/9/3 2206/9/3
f 2210/9/3 2209/9/3 2208/9/3
f 2211/9/3 2209/9/3 2210/9/3
f 2214/9/3 2213/9/3 2212/9/3
f 2215/9/3 2213/9/3 2214/9/3
f 2218/9/3 2217/9/3 2216/9/3
f 2219/9/3 2217/9/3 2218/9/3
f 2222/9/3 2221/9/3 2220/9/3
f 2223/9/3 2221/9/3 2222/9/3
f 2229/1/3 2225/1/3 2224/1/3
f 2230/1/3 2225/1/3 2229/1/3
f 2231/9/3 2226/9/3 2225/9/3
f 2232/9/3 2228/9/3 2227/9/3
f 2233/9/3 2231/9/3 2225/9/3
f 2233/1/3 2232/1/3 2231/1/3
f 2234/9/3 2228/9/3 2232/9/3
f 2234/1/3 2232/1/3 2233/1/3
f 2235/1/3 2225/1/3 2230/1/3
f 2236/9/3 2233/9/3 2225/9/3
f 2236/1/3 2225/1/3 2235/1/3
f 2237/9/3 2233/9/3 2236/9/3
f 2238/9/3 2228/9/3 2234/9/3
f 2239/9/3 2228/9/3 2238/9/3
f 2244/9/3 2241/9/3 2240/9/3
f 2247/9/3 2243/9/3 2242/9/3
f 2248/9/3 2244/9/3 2240/9/3
f 2249/1/3 2245/1/3 2244/1/3
f 2249/9/3 2244/9/3 2248/9/3
f 2250/1/3 2245/1/3 2249/1/3
f 2251/1/3 2247/1/3 2246/1/3
f 2252/1/3 2247/1/3 2251/1/3
f 2253/1/3 2247/1/3 2252/1/3
f 2254/9/3 2243/9/3 2247/9/3
f 2254/1/3 2247/1/3 2253/1/3
f 2255/1/3 2253/1/3 2252/1/3
f 2256/1/3 2253/1/3 2255/1/3
f 2257/9/3 2243/9/3 2254/9/3
f 2258/9/3 2243/9/3 2257/9/3
f 2263/1/3 2260/1/3 2259/1/3
f 2264/1/3 2260/1/3 2263/1/3
f 2265/9/3 2262/9/3 2261/9/3
f 2266/1/3 2265/1/3 2264/1/3
f 2267/9/3 2262/9/3 2265/9/3
f 2267/1/3 2265/1/3 2266/1/3
f 2268/1/3 2266/1/3 2264/1/3
f 2269/1/3 2266/1/3 2268/1/3
f 2270/9/3 2262/9/3 2267/9/3
f 2271/9/3 2262/9/3 2270/9/3
f 2274/1/3 2273/1/3 2272/1/3
f 2275/1/3 2273/1/3 2274/1/3
f 2278/1/3 2277/1/3 2276/1/3
f 2279/1/3 2277/1/3 2278/1/3
f 2282/1/3 2281/1/3 2280/1/3
f 2283/1/3 2281/1/3 2282/1/3
f 2286/1/3 2285/1/3 2284/1/3
f 2287/1/3 2285/1/3 2286/1/3
f 2290/1/3 2289/1/3 2288/1/3
f 2291/1/3 2289/1/3 2290/1/3
f 2294/1/3 2293/1/3 2292/1/3
f 2295/1/3 2293/1/3 2294/1/3
f 2296/1/3 2293/1/3 2295/1/3
f 2297/1/3 2293/1/3 2296/1/3
f 2301/1/3 2299/1/3 2298/1/3
f 2302/9/3 2300/9/3 2299/9/3
f 2302/1/3 2299/1/3 2301/1/3
f 2303/9/3 2300/9/3 2302/9/3
f 2307/1/3 2305/1/3 2304/1/3
f 2308/9/3 2306/9/3 2305/9/3
f 2308/1/3 2305/1/3 2307/1/3
f 2309/9/3 2306/9/3 2308/9/3
f 2313/1/3 2311/1/3 2310/1/3
f 2314/9/3 2312/9/3 2311/9/3
f 2314/1/3 2311/1/3 2313/1/3
f 2315/9/3 2312/9/3 2314/9/3
f 2316/9/4 2317/9/4 2318/9/4
f 2318/9/4 2317/9/4 2319/9/4
f 2320/9/4 2321/9/4 2322/9/4
f 2322/9/4 2321/9/4 2323/9/4
f 2324/9/4 2325/9/4 2326/9/4
f 2326/9/4 2325/9/4 2327/9/4
f 2328/9/4 2329/9/4 2330/9/4
f 2330/9/4 2329/9/4 2331/9/4
f 2332/9/4 2333/9/4 2334/9/4
f 2334/9/4 2333/9/4 2335/9/4
f 2336/9/4 2337/9/4 2338/9/4
f 2338/9/4 2337/9/4 2339/9/4
f 2340/9/4 2341/9/4 2342/9/4
f 2342/9/4 2341/9/4 2343/9/4
f 2344/9/4 2345/9/4 2346/9/4
f 2346/9/4 2345/9/4 2347/9/4
f 2348/1/4 2349/1/4 2351/1/4
f 2349/9/4 2350/9/4 2352/9/4
f 2351/1/4 2349/1/4 2352/1/4
f 2352/9/4 2350/9/4 2353/9/4
f 2354/1/4 2355/1/4 2356/1/4
f 2356/1/4 2355/1/4 2357/1/4
f 2358/1/4 2359/1/4 2361/1/4
f 2359/9/4 2360/9/4 2362/9/4
f 2361/1/4 2359/1/4 2362/1/4
f 2362/9/4 2360/9/4 2363/9/4
f 2364/1/4 2365/1/4 2368/1/4
f 2366/1/4 2367/1/4 2368/1/4
f 2365/1/4 2366/1/4 2368/1/4
f 2368/1/4 2367/1/4 2369/1/4
f 2369/1/4 2367/1/4 2370/1/4
f 2370/1/4 2367/1/4 2371/1/4
f 2372/1/4 2373/1/4 2375/1/4
f 2373/9/4 2374/9/4 2376/9/4
f 2375/1/4 2373/1/4 2376/1/4
f 2376/9/4 2374/9/4 2377/9/4
f 2378/1/4 2379/1/4 2384/1/4
f 2379/1/4 2380/1/4 2384/1/4
f 2380/1/4 2381/1/4 2384/1/4
f 2382/1/4 2383/1/4 2385/1/4
f 2385/1/4 2383/1/4 2386/1/4
f 2384/1/4 2385/1/4 2388/1/4
f 2386/1/4 2387/1/4 2388/1/4
f 2385/1/4 2386/1/4 2388/1/4
f 2384/1/4 2388/1/4 2390/1/4
f 2388/1/4 2389/1/4 2390/1/4
f 2390/1/4 2389/1/4 2391/1/4
f 2378/1/4 2384/1/4 2392/1/4
f 2384/1/4 2390/1/4 2392/1/4
f 2392/1/4 2390/1/4 2393/1/4
f 2393/1/4 2390/1/4 2394/1/4
f 2394/1/4 2390/1/4 2395/1/4
f 2393/1/4 2394/1/4 2396/1/4
f 2396/1/4 2394/1/4 2397/1/4
f 2378/1/4 2392/1/4 2398/1/4
f 2398/1/4 2392/1/4 2399/1/4
f 2378/1/4 2398/1/4 2400/1/4
f 2400/1/4 2398/1/4 2401/1/4
f 2378/1/4 2400/1/4 2402/1/4
f 2402/1/4 2400/1/4 2403/1/4
f 2378/1/4 2402/1/4 2404/1/4
f 2404/1/4 2402/1/4 2405/1/4
f 2405/1/4 2402/1/4 2406/1/4
f 2406/1/4 2402/1/4 2407/1/4
f 2404/1/4 2405/1/4 2408/1/4
f 2408/1/4 2405/1/4 2409/1/4
f 2404/1/4 2408/1/4 2410/1/4
f 2410/1/4 2408/1/4 2411/1/4
f 2411/1/4 2408/1/4 2412/1/4
f 2410/1/4 2411/1/4 2413/1/4
f 2413/1/4 2411/1/4 2414/1/4
f 2410/1/4 2413/1/4 2415/1/4
f 2415/1/4 2413/1/4 2416/1/4
f 2417/3/4 2418/3/4 2419/3/4
f 2419/3/4 2418/3/4 2420/3/4
f 2421/1/4 2422/1/4 2423/1/4
f 2423/1/4 2422/1/4 2424/1/4
f 2425/1/4 2426/1/4 2429/1/4
f 2429/1/4 2426/1/4 2430/1/4
f 2427/3/4 2428/3/4 2431/3/4
f 2431/3/4 2428/3/4 2432/3/4
f 2433/1/4 2434/1/4 2435/1/4
f 2435/1/4 2434/1/4 2436/1/4
f 2437/1/4 2438/1/4 2439/1/4
f 2439/1/4 2438/1/4 2440/1/4
f 2440/1/4 2438/1/4 2441/1/4
f 2441/1/4 2438/1/4 2442/1/4
f 2440/3/4 2441/3/4 2444/3/4
f 2444/3/4 2441/3/4 2445/3/4
f 2443/1/4 2444/1/4 2447/1/4
f 2445/1/4 2446/1/4 2447/1/4
f 2444/1/4 2445/1/4 2447/1/4
f 2447/1/4 2446/1/4 2448/1/4
f 2449/1/4 2450/1/4 2451/1/4
f 2451/1/4 2450/1/4 2452/1/4
f 2452/1/4 2450/1/4 2453/1/4
f 2453/1/4 2450/1/4 2454/1/4
f 2454/1/4 2450/1/4 2455/1/4
f 2455/1/4 2450/1/4 2456/1/4
f 2454/3/4 2455/3/4 2457/3/4
f 2452/3/4 2453/3/4 2459/3/4
f 2459/3/4 2453/3/4 2460/3/4
f 2457/3/4 2458/3/4 2461/3/4
f 2454/3/4 2457/3/4 2461/3/4
f 2461/3/4 2458/3/4 2462/3/4
f 2462/3/4 2458/3/4 2463/3/4
f 2463/3/4 2464/3/4 2465/3/4
f 2462/3/4 2463/3/4 2465/3/4
f 2465/3/4 2464/3/4 2466/3/4
f 2466/3/4 2464/3/4 2467/3/4
f 2467/3/4 2468/3/4 2470/3/4
f 2466/3/4 2467/3/4 2470/3/4
f 2470/3/4 2468/3/4 2471/3/4
f 2471/3/4 2468/3/4 2472/3/4
f 2469/3/4 2470/3/4 2476/3/4
f 2470/3/4 2471/3/4 2476/3/4
f 2476/3/4 2471/3/4 2477/3/4
f 2477/3/4 2471/3/4 2478/3/4
f 2475/3/4 2476/3/4 2479/3/4
f 2476/3/4 2477/3/4 2479/3/4
f 2479/3/4 2477/3/4 2480/3/4
f 2475/3/4 2479/3/4 2481/3/4
f 2481/3/4 2479/3/4 2482/3/4
f 2473/3/4 2474/3/4 2484/3/4
f 2484/3/4 2474/3/4 2485/3/4
f 2483/3/4 2484/3/4 2485/3/4
f 2485/3/4 2474/3/4 2486/3/4
f 2483/3/4 2485/3/4 2488/3/4
f 2487/3/4 2488/3/4 2490/3/4
f 2488/3/4 2485/3/4 2491/3/4
f 2490/3/4 2488/3/4 2491/3/4
f 2491/3/4 2485/3/4 2492/3/4
f 2489/3/4 2490/3/4 2495/3/4
f 2490/3/4 2491/3/4 2495/3/4
f 2495/3/4 2491/3/4 2496/3/4
f 2489/3/4 2495/3/4 2497/3/4
f 2497/3/4 2495/3/4 2498/3/4
f 2493/3/4 2494/3/4 2500/3/4
f 2500/3/4 2494/3/4 2501/3/4
f 2499/3/4 2500/3/4 2501/3/4
f 2501/3/4 2494/3/4 2502/3/4
f 2499/3/4 2501/3/4 2504/3/4
f 2503/3/4 2504/3/4 2506/3/4
f 2504/3/4 2501/3/4 2507/3/4
f 2506/3/4 2504/3/4 2507/3/4
f 2507/3/4 2501/3/4 2508/3/4
f 2505/3/4 2506/3/4 2509/3/4
f 2506/3/4 2507/3/4 2509/3/4
f 2509/3/4 2507/3/4 2510/3/4
f 2505/3/4 2509/3/4 2511/3/4
f 2511/3/4 2509/3/4 2512/3/4
f 2514/9/4 2515/9/4 2518/9/4
f 2516/9/4 2517/9/4 2519/9/4
f 2514/9/4 2518/9/4 2520/9/4
f 2518/1/4 2519/1/4 2520/1/4
f 2519/9/4 2517/9/4 2521/9/4
f 2520/1/4 2519/1/4 2521/1/4
f 2513/1/4 2514/1/4 2522/1/4
f 2514/9/4 2520/9/4 2523/9/4
f 2522/1/4 2514/1/4 2523/1/4
f 2523/9/4 2520/9/4 2524/9/4
f 2521/9/4 2517/9/4 2525/9/4
f 2525/9/4 2517/9/4 2526/9/4
f 2528/9/4 2529/9/4 2532/9/4
f 2530/9/4 2531/9/4 2533/9/4
f 2528/9/4 2532/9/4 2534/9/4
f 2532/1/4 2533/1/4 2534/1/4
f 2533/9/4 2531/9/4 2535/9/4
f 2534/1/4 2533/1/4 2535/1/4
f 2527/1/4 2528/1/4 2536/1/4
f 2528/9/4 2534/9/4 2537/9/4
f 2536/1/4 2528/1/4 2537/1/4
f 2537/9/4 2534/9/4 2538/9/4
f 2535/9/4 2531/9/4 2539/9/4
f 2539/9/4 2531/9/4 2540/9/4
f 2542/9/4 2543/9/4 2546/9/4
f 2544/9/4 2545/9/4 2547/9/4
f 2542/9/4 2546/9/4 2548/9/4
f 2546/1/4 2547/1/4 2548/1/4
f 2547/9/4 2545/9/4 2549/9/4
f 2548/1/4 2547/1/4 2549/1/4
f 2541/1/4 2542/1/4 2550/1/4
f 2542/9/4 2548/9/4 2551/9/4
f 2550/1/4 2542/1/4 2551/1/4
f 2551/9/4 2548/9/4 2552/9/4
f 2549/9/4 2545/9/4 2553/9/4
f 2553/9/4 2545/9/4 2554/9/4
f 2555/9/4 2556/9/4 2557/9/4
f 2557/9/4 2556/9/4 2558/9/4
f 2557/10/4 2558/10/4 2559/10/4
f 2559/10/4 2558/10/4 2560/10/4
f 2559/11/4 2560/11/4 2561/11/4
f 2561/11/4 2560/11/4 2562/11/4
f 2561/10/4 2562/10/4 2563/10/4
f 2563/10/4 2562/10/4 2564/10/4
f 2563/9/4 2564/9/4 2565/9/4
f 2565/9/4 2564/9/4 2566/9/4
f 2567/9/4 2568/9/4 2569/9/4
f 2569/9/4 2568/9/4 2570/9/4
f 2567/9/4 2569/9/4 2571/9/4
f 2569/10/4 2570/10/4 2571/10/4
f 2571/10/4 2570/10/4 2572/10/4
f 2567/9/4 2571/9/4 2573/9/4
f 2571/9/4 2572/9/4 2573/9/4
f 2573/9/4 2572/9/4 2574/9/4
f 2577/9/5 2576/9/5 2575/9/5
f 2578/9/5 2576/9/5 2577/9/5
f 2583/9/5 2580/9/5 2579/9/5
f 2584/9/5 2580/9/5 2583/9/5
f 2585/9/5 2582/9/5 2581/9/5
f 2586/9/5 2582/9/5 2585/9/5
f 2597/3/5 2588/3/5 2587/3/5
f 2598/3/5 2588/3/5 2597/3/5
f 2599/9/5 2590/9/5 2589/9/5
f 2600/9/5 2590/9/5 2599/9/5
f 2601/9/5 2590/9/5 2600/9/5
f 2602/9/5 2590/9/5 2601/9/5
f 2603/9/5 2590/9/5 2602/9/5
f 2604/9/5 2590/9/5 2603/9/5
f 2605/9/5 2592/9/5 2591/9/5
f 2606/9/5 2592/9/5 2605/9/5
f 2607/9/5 2594/9/5 2593/9/5
f 2608/9/5 2594/9/5 2607/9/5
f 2609/9/5 2594/9/5 2608/9/5
f 2610/9/5 2594/9/5 2609/9/5
f 2611/9/5 2594/9/5 2610/9/5
f 2612/9/5 2594/9/5 2611/9/5
f 2613/3/5 2596/3/5 2595/3/5
f 2614/3/5 2596/3/5 2613/3/5
f 2615/3/5 2597/3/5 2587/3/5
f 2616/3/5 2597/3/5 2615/3/5
f 2617/9/5 2602/9/5 2601/9/5
f 2618/9/5 2602/9/5 2617/9/5
f 2619/9/5 2610/9/5 2609/9/5
f 2620/9/5 2610/9/5 2619/9/5
f 2621/3/5 2596/3/5 2614/3/5
f 2622/3/5 2596/3/5 2621/3/5
f 2623/6/5 2616/6/5 2615/6/5
f 2624/6/5 2616/6/5 2623/6/5
f 2625/6/5 2622/6/5 2621/6/5
f 2626/6/5 2622/6/5 2625/6/5
f 2627/3/5 2624/3/5 2623/3/5
f 2630/3/5 2626/3/5 2625/3/5
f 2631/3/5 2627/3/5 2623/3/5
f 2632/9/5 2628/9/5 2627/9/5
f 2632/3/5 2627/3/5 2631/3/5
f 2633/9/5 2630/9/5 2629/9/5
f 2633/3/5 2626/3/5 2630/3/5
f 2634/3/5 2626/3/5 2633/3/5
f 2635/6/5 2632/6/5 2631/6/5
f 2636/9/5 2628/9/5 2632/9/5
f 2636/6/5 2632/6/5 2635/6/5
f 2637/9/5 2633/9/5 2629/9/5
f 2637/6/5 2634/6/5 2633/6/5
f 2638/6/5 2634/6/5 2637/6/5
f 2639/9/5 2628/9/5 2636/9/5
f 2639/3/5 2636/3/5 2635/3/5
f 2640/9/5 2628/9/5 2639/9/5
f 2641/9/5 2637/9/5 2629/9/5
f 2642/3/5 2638/3/5 2637/3/5
f 2642/9/5 2637/9/5 2641/9/5
f 2643/3/5 2639/3/5 2635/3/5
f 2644/3/5 2639/3/5 2643/3/5
f 2645/3/5 2638/3/5 2642/3/5
f 2646/3/5 2638/3/5 2645/3/5
f 2647/6/5 2644/6/5 2643/6/5
f 2648/6/5 2644/6/5 2647/6/5
f 2649/6/5 2646/6/5 2645/6/5
f 2650/6/5 2646/6/5 2649/6/5
f 2651/3/5 2648/3/5 2647/3/5
f 2652/3/5 2650/3/5 2649/3/5
f 2653/3/5 2651/3/5 2647/3/5
f 2654/3/5 2651/3/5 2653/3/5
f 2657/3/5 2650/3/5 2652/3/5
f 2658/3/5 2650/3/5 2657/3/5
f 2659/6/5 2654/6/5 2653/6/5
f 2660/9/5 2655/9/5 2654/9/5
f 2660/6/5 2654/6/5 2659/6/5
f 2661/9/5 2657/9/5 2656/9/5
f 2661/6/5 2658/6/5 2657/6/5
f 2662/6/5 2658/6/5 2661/6/5
f 2663/3/5 2660/3/5 2659/3/5
f 2664/9/5 2655/9/5 2660/9/5
f 2664/3/5 2660/3/5 2663/3/5
f 2665/9/5 2655/9/5 2664/9/5
f 2666/9/5 2661/9/5 2656/9/5
f 2667/3/5 2662/3/5 2661/3/5
f 2667/9/5 2661/9/5 2666/9/5
f 2668/3/5 2662/3/5 2667/3/5
f 2669/6/5 2664/6/5 2663/6/5
f 2670/6/5 2664/6/5 2669/6/5
f 2671/6/5 2668/6/5 2667/6/5
f 2672/6/5 2668/6/5 2671/6/5
f 2673/3/5 2670/3/5 2669/3/5
f 2674/3/5 2670/3/5 2673/3/5
f 2675/3/5 2672/3/5 2671/3/5
f 2676/3/5 2672/3/5 2675/3/5
f 2677/6/5 2674/6/5 2673/6/5
f 2678/6/5 2674/6/5 2677/6/5
f 2681/6/5 2676/6/5 2675/6/5
f 2682/6/5 2676/6/5 2681/6/5
f 2683/3/5 2678/3/5 2677/3/5
f 2684/9/5 2679/9/5 2678/9/5
f 2684/3/5 2678/3/5 2683/3/5
f 2685/9/5 2681/9/5 2680/9/5
f 2685/3/5 2682/3/5 2681/3/5
f 2686/3/5 2682/3/5 2685/3/5
f 2687/6/5 2684/6/5 2683/6/5
f 2688/9/5 2679/9/5 2684/9/5
f 2688/6/5 2684/6/5 2687/6/5
f 2689/9/5 2679/9/5 2688/9/5
f 2690/9/5 2685/9/5 2680/9/5
f 2691/6/5 2686/6/5 2685/6/5
f 2691/9/5 2685/9/5 2690/9/5
f 2692/6/5 2686/6/5 2691/6/5
f 2693/3/5 2688/3/5 2687/3/5
f 2694/3/5 2692/3/5 2691/3/5
f 2695/3/5 2693/3/5 2687/3/5
f 2696/3/5 2693/3/5 2695/3/5
f 2697/3/5 2692/3/5 2694/3/5
f 2698/3/5 2692/3/5 2697/3/5
f 2699/6/5 2696/6/5 2695/6/5
f 2700/6/5 2696/6/5 2699/6/5
f 2701/6/5 2698/6/5 2697/6/5
f 2702/6/5 2698/6/5 2701/6/5
f 2703/3/5 2700/3/5 2699/3/5
f 2706/3/5 2702/3/5 2701/3/5
f 2707/3/5 2703/3/5 2699/3/5
f 2708/9/5 2704/9/5 2703/9/5
f 2708/3/5 2703/3/5 2707/3/5
f 2709/9/5 2706/9/5 2705/9/5
f 2709/3/5 2702/3/5 2706/3/5
f 2710/3/5 2702/3/5 2709/3/5
f 2711/6/5 2708/6/5 2707/6/5
f 2712/9/5 2704/9/5 2708/9/5
f 2712/6/5 2708/6/5 2711/6/5
f 2713/9/5 2709/9/5 2705/9/5
f 2713/6/5 2710/6/5 2709/6/5
f 2714/6/5 2710/6/5 2713/6/5
f 2715/9/5 2704/9/5 2712/9/5
f 2715/3/5 2712/3/5 2711/3/5
f 2716/9/5 2704/9/5 2715/9/5
f 2717/9/5 2713/9/5 2705/9/5
f 2718/3/5 2714/3/5 2713/3/5
f 2718/9/5 2713/9/5 2717/9/5
f 2719/3/5 2715/3/5 2711/3/5
f 2720/3/5 2715/3/5 2719/3/5
f 2721/3/5 2714/3/5 2718/3/5
f 2722/3/5 2714/3/5 2721/3/5
f 2723/6/5 2720/6/5 2719/6/5
f 2724/6/5 2720/6/5 2723/6/5
f 2725/6/5 2722/6/5 2721/6/5
f 2726/6/5 2722/6/5 2725/6/5
f 2728/3/5 2726/3/5 2725/3/5
f 2729/3/5 2724/3/5 2723/3/5
f 2730/3/5 2724/3/5 2729/3/5
f 2731/3/5 2728/3/5 2727/3/5
f 2732/3/5 2726/3/5 2728/3/5
f 2732/3/5 2728/3/5 2731/3/5
f 2737/3/5 2734/3/5 2733/3/5
f 2738/3/5 2734/3/5 2737/3/5
f 2739/3/5 2736/3/5 2735/3/5
f 2740/3/5 2736/3/5 2739/3/5
f 2743/3/5 2742/3/5 2741/3/5
f 2744/3/5 2742/3/5 2743/3/5
f 2749/3/5 2746/3/5 2745/3/5
f 2750/3/5 2746/3/5 2749/3/5
f 2751/3/5 2748/3/5 2747/3/5
f 2752/3/5 2748/3/5 2751/3/5
f 2757/3/5 2754/3/5 2753/3/5
f 2758/3/5 2754/3/5 2757/3/5
f 2759/3/5 2756/3/5 2755/3/5
f 2760/3/5 2756/3/5 2759/3/5
f 2765/3/5 2762/3/5 2761/3/5
f 2766/3/5 2762/3/5 2765/3/5
f 2767/3/5 2764/3/5 2763/3/5
f 2768/3/5 2764/3/5 2767/3/5
f 2771/3/5 2770/3/5 2769/3/5
f 2772/3/5 2770/3/5 2771/3/5
f 2777/3/5 2774/3/5 2773/3/5
f 2778/3/5 2774/3/5 2777/3/5
f 2779/3/5 2776/3/5 2775/3/5
f 2780/3/5 2776/3/5 2779/3/5
f 2781/3/5 2777/3/5 2773/3/5
f 2782/3/5 2777/3/5 2781/3/5
f 2783/3/5 2776/3/5 2780/3/5
f 2784/3/5 2776/3/5 2783/3/5
f 2785/6/5 2782/6/5 2781/6/5
f 2786/6/5 2782/6/5 2785/6/5
f 2787/6/5 2784/6/5 2783/6/5
f 2788/6/5 2784/6/5 2787/6/5
f 2789/3/5 2786/3/5 2785/3/5
f 2790/3/5 2786/3/5 2789/3/5
f 2791/3/5 2788/3/5 2787/3/5
f 2792/3/5 2788/3/5 2791/3/5
f 2793/6/5 2790/6/5 2789/6/5
f 2794/6/5 2790/6/5 2793/6/5
f 2795/6/5 2792/6/5 2791/6/5
f 2796/6/5 2792/6/5 2795/6/5
f 2797/3/5 2794/3/5 2793/3/5
f 2798/3/5 2794/3/5 2797/3/5
f 2799/3/5 2796/3/5 2795/3/5
f 2800/3/5 2796/3/5 2799/3/5
f 2801/6/5 2798/6/5 2797/6/5
f 2802/6/5 2798/6/5 2801/6/5
f 2803/6/5 2800/6/5 2799/6/5
f 2804/6/5 2800/6/5 2803/6/5
f 2805/3/5 2802/3/5 2801/3/5
f 2806/3/5 2802/3/5 2805/3/5
f 2807/3/5 2804/3/5 2803/3/5
f 2808/3/5 2804/3/5 2807/3/5
f 2809/6/5 2806/6/5 2805/6/5
f 2810/6/5 2806/6/5 2809/6/5
f 2811/6/5 2808/6/5 2807/6/5
f 2812/6/5 2808/6/5 2811/6/5
f 2813/3/5 2810/3/5 2809/3/5
f 2814/3/5 2810/3/5 2813/3/5
f 2815/3/5 2812/3/5 2811/3/5
f 2816/3/5 2812/3/5 2815/3/5
f 2817/6/5 2814/6/5 2813/6/5
f 2818/6/5 2814/6/5 2817/6/5
f 2819/6/5 2816/6/5 2815/6/5
f 2820/6/5 2816/6/5 2819/6/5
f 2821/3/5 2818/3/5 2817/3/5
f 2822/3/5 2818/3/5 2821/3/5
f 2823/3/5 2820/3/5 2819/3/5
f 2824/3/5 2820/3/5 2823/3/5
f 2825/6/5 2822/6/5 2821/6/5
f 2826/6/5 2822/6/5 2825/6/5
f 2827/6/5 2824/6/5 2823/6/5
f 2828/6/5 2824/6/5 2827/6/5
f 2829/3/5 2826/3/5 2825/3/5
f 2830/3/5 2826/3/5 2829/3/5
f 2831/3/5 2828/3/5 2827/3/5
f 2832/3/5 2828/3/5 2831/3/5
f 2833/6/5 2830/6/5 2829/6/5
f 2834/6/5 2830/6/5 2833/6/5
f 2835/6/5 2832/6/5 2831/6/5
f 2836/6/5 2832/6/5 2835/6/5
f 2837/3/5 2834/3/5 2833/3/5
f 2838/3/5 2834/3/5 2837/3/5
f 2839/3/5 2836/3/5 2835/3/5
f 2840/3/5 2836/3/5 2839/3/5
f 2841/6/5 2838/6/5 2837/6/5
f 2842/6/5 2838/6/5 2841/6/5
f 2843/6/5 2840/6/5 2839/6/5
f 2844/6/5 2840/6/5 2843/6/5
f 2845/3/5 2842/3/5 2841/3/5
f 2846/3/5 2842/3/5 2845/3/5
f 2847/3/5 2844/3/5 2843/3/5
f 2848/3/5 2844/3/5 2847/3/5
f 2849/6/5 2846/6/5 2845/6/5
f 2850/6/5 2846/6/5 2849/6/5
f 2851/6/5 2848/6/5 2847/6/5
f 2852/6/5 2848/6/5 2851/6/5
f 2853/3/5 2850/3/5 2849/3/5
f 2854/3/5 2850/3/5 2853/3/5
f 2855/3/5 2852/3/5 2851/3/5
f 2856/3/5 2852/3/5 2855/3/5
f 2857/6/5 2854/6/5 2853/6/5
f 2858/6/5 2854/6/5 2857/6/5
f 2859/6/5 2856/6/5 2855/6/5
f 2860/6/5 2856/6/5 2859/6/5
f 2862/3/5 2860/3/5 2859/3/5
f 2863/3/5 2862/3/5 2861/3/5
f 2864/3/5 2860/3/5 2862/3/5
f 2864/3/5 2862/3/5 2863/3/5
f 2873/3/5 2866/3/5 2865/3/5
f 2874/9/5 2867/9/5 2866/9/5
f 2874/3/5 2866/3/5 2873/3/5
f 2875/9/5 2867/9/5 2874/9/5
f 2876/9/5 2867/9/5 2875/9/5
f 2877/9/5 2867/9/5 2876/9/5
f 2878/9/5 2869/9/5 2868/9/5
f 2879/9/5 2869/9/5 2878/9/5
f 2880/9/5 2869/9/5 2879/9/5
f 2881/9/5 2869/9/5 2880/9/5
f 2882/9/5 2871/9/5 2870/9/5
f 2883/9/5 2871/9/5 2882/9/5
f 2884/9/5 2871/9/5 2883/9/5
f 2885/3/5 2872/3/5 2871/3/5
f 2885/9/5 2871/9/5 2884/9/5
f 2886/3/5 2872/3/5 2885/3/5
f 2887/9/5 2876/9/5 2875/9/5
f 2888/9/5 2876/9/5 2887/9/5
f 2889/9/5 2880/9/5 2879/9/5
f 2890/9/5 2880/9/5 2889/9/5
f 2891/9/5 2884/9/5 2883/9/5
f 2892/9/5 2884/9/5 2891/9/5
f 2897/3/5 2894/3/5 2893/3/5
f 2898/3/5 2894/3/5 2897/3/5
f 2899/3/5 2896/3/5 2895/3/5
f 2900/3/5 2896/3/5 2899/3/5
f 2903/3/5 2902/3/5 2901/3/5
f 2904/3/5 2902/3/5 2903/3/5
f 2909/3/5 2906/3/5 2905/3/5
f 2910/3/5 2906/3/5 2909/3/5
f 2911/3/5 2908/3/5 2907/3/5
f 2912/3/5 2908/3/5 2911/3/5
f 2917/3/5 2914/3/5 2913/3/5
f 2918/3/5 2914/3/5 2917/3/5
f 2919/3/5 2916/3/5 2915/3/5
f 2920/3/5 2916/3/5 2919/3/5
f 2925/2/5 2922/2/5 2921/2/5
f 2926/2/5 2922/2/5 2925/2/5
f 2927/2/5 2924/2/5 2923/2/5
f 2928/2/5 2924/2/5 2927/2/5
f 2935/3/5 2930/3/5 2929/3/5
f 2936/3/5 2930/3/5 2935/3/5
f 2937/3/5 2934/3/5 2933/3/5
f 2938/3/5 2934/3/5 2937/3/5
f 2939/3/5 2935/3/5 2929/3/5
f 2940/3/5 2935/3/5 2939/3/5
f 2941/2/5 2932/2/5 2931/2/5
f 2942/2/5 2932/2/5 2941/2/5
f 2943/3/5 2934/3/5 2938/3/5
f 2944/3/5 2934/3/5 2943/3/5
f 2945/6/5 2940/6/5 2939/6/5
f 2946/6/5 2940/6/5 2945/6/5
f 2947/6/5 2944/6/5 2943/6/5
f 2948/6/5 2944/6/5 2947/6/5
f 2949/3/5 2946/3/5 2945/3/5
f 2950/3/5 2946/3/5 2949/3/5
f 2951/3/5 2948/3/5 2947/3/5
f 2952/3/5 2948/3/5 2951/3/5
f 2953/6/5 2950/6/5 2949/6/5
f 2954/6/5 2950/6/5 2953/6/5
f 2955/6/5 2952/6/5 2951/6/5
f 2956/6/5 2952/6/5 2955/6/5
f 2957/3/5 2954/3/5 2953/3/5
f 2958/3/5 2954/3/5 2957/3/5
f 2959/3/5 2956/3/5 2955/3/5
f 2960/3/5 2956/3/5 2959/3/5
f 2961/6/5 2958/6/5 2957/6/5
f 2962/6/5 2958/6/5 2961/6/5
f 2963/6/5 2960/6/5 2959/6/5
f 2964/6/5 2960/6/5 2963/6/5
f 2965/3/5 2962/3/5 2961/3/5
f 2966/3/5 2962/3/5 2965/3/5
f 2967/3/5 2964/3/5 2963/3/5
f 2968/3/5 2964/3/5 2967/3/5
f 2969/6/5 2966/6/5 2965/6/5
f 2970/6/5 2966/6/5 2969/6/5
f 2971/6/5 2968/6/5 2967/6/5
f 2972/6/5 2968/6/5 2971/6/5
f 2973/3/5 2970/3/5 2969/3/5
f 2974/3/5 2970/3/5 2973/3/5
f 2975/3/5 2972/3/5 2971/3/5
f 2976/3/5 2972/3/5 2975/3/5
f 2977/6/5 2974/6/5 2973/6/5
f 2978/6/5 2974/6/5 2977/6/5
f 2979/6/5 2976/6/5 2975/6/5
f 2980/6/5 2976/6/5 2979/6/5
f 2981/3/5 2978/3/5 2977/3/5
f 2982/3/5 2978/3/5 2981/3/5
f 2983/3/5 2980/3/5 2979/3/5
f 2984/3/5 2980/3/5 2983/3/5
f 2985/6/5 2982/6/5 2981/6/5
f 2986/6/5 2982/6/5 2985/6/5
f 2987/6/5 2984/6/5 2983/6/5
f 2988/6/5 2984/6/5 2987/6/5
f 2989/3/5 2986/3/5 2985/3/5
f 2990/3/5 2986/3/5 2989/3/5
f 2991/3/5 2988/3/5 2987/3/5
f 2992/3/5 2988/3/5 2991/3/5
f 2993/6/5 2990/6/5 2989/6/5
f 2994/6/5 2990/6/5 2993/6/5
f 2995/6/5 2992/6/5 2991/6/5
f 2996/6/5 2992/6/5 2995/6/5
f 2997/3/5 2994/3/5 2993/3/5
f 2998/3/5 2994/3/5 2997/3/5
f 2999/3/5 2996/3/5 2995/3/5
f 3000/3/5 2996/3/5 2999/3/5
f 3001/6/5 2998/6/5 2997/6/5
f 3002/6/5 2998/6/5 3001/6/5
f 3003/6/5 3000/6/5 2999/6/5
f 3004/6/5 3000/6/5 3003/6/5
f 3005/3/5 3002/3/5 3001/3/5
f 3006/3/5 3002/3/5 3005/3/5
f 3007/3/5 3004/3/5 3003/3/5
f 3008/3/5 3004/3/5 3007/3/5
f 3009/6/5 3006/6/5 3005/6/5
f 3010/6/5 3006/6/5 3009/6/5
f 3011/6/5 3008/6/5 3007/6/5
f 3012/6/5 3008/6/5 3011/6/5
f 3013/3/5 3010/3/5 3009/3/5
f 3014/3/5 3010/3/5 3013/3/5
f 3015/3/5 3012/3/5 3011/3/5
f 3016/3/5 3012/3/5 3015/3/5
f 3017/6/5 3014/6/5 3013/6/5
f 3018/6/5 3014/6/5 3017/6/5
f 3019/6/5 3016/6/5 3015/6/5
f 3020/6/5 3016/6/5 3019/6/5
f 3021/3/5 3018/3/5 3017/3/5
f 3022/3/5 3018/3/5 3021/3/5
f 3025/3/5 3020/3/5 3019/3/5
f 3026/3/5 3023/3/5 3022/3/5
f 3026/3/5 3022/3/5 3021/3/5
f 3027/3/5 3023/3/5 3026/3/5
f 3028/3/5 3025/3/5 3024/3/5
f 3029/3/5 3020/3/5 3025/3/5
f 3029/3/5 3025/3/5 3028/3/5
f 3034/3/5 3031/3/5 3030/3/5
f 3035/3/5 3031/3/5 3034/3/5
f 3036/3/5 3033/3/5 3032/3/5
f 3037/3/5 3033/3/5 3036/3/5
f 3042/3/5 3039/3/5 3038/3/5
f 3043/3/5 3039/3/5 3042/3/5
f 3044/3/5 3041/3/5 3040/3/5
f 3045/3/5 3041/3/5 3044/3/5
f 3048/3/5 3047/3/5 3046/3/5
f 3049/3/5 3047/3/5 3048/3/5
f 3052/3/5 3051/3/5 3050/3/5
f 3053/3/5 3051/3/5 3052/3/5
f 3066/9/5 3055/9/5 3054/9/5
f 3067/9/5 3055/9/5 3066/9/5
f 3068/9/5 3057/9/5 3056/9/5
f 3069/9/5 3057/9/5 3068/9/5
f 3070/9/5 3059/9/5 3058/9/5
f 3071/9/5 3059/9/5 3070/9/5
f 3072/9/5 3061/9/5 3060/9/5
f 3073/9/5 3061/9/5 3072/9/5
f 3074/9/5 3063/9/5 3062/9/5
f 3075/9/5 3063/9/5 3074/9/5
f 3076/9/5 3065/9/5 3064/9/5
f 3077/9/5 3065/9/5 3076/9/5
f 3090/9/5 3079/9/5 3078/9/5
f 3091/9/5 3079/9/5 3090/9/5
f 3092/9/5 3081/9/5 3080/9/5
f 3093/9/5 3081/9/5 3092/9/5
f 3094/9/5 3083/9/5 3082/9/5
f 3095/9/5 3083/9/5 3094/9/5
f 3096/9/5 3085/9/5 3084/9/5
f 3097/9/5 3085/9/5 3096/9/5
f 3098/9/5 3087/9/5 3086/9/5
f 3099/9/5 3087/9/5 3098/9/5
f 3100/9/5 3089/9/5 3088/9/5
f 3101/9/5 3089/9/5 3100/9/5
f 3102/9/6 3103/9/6 3106/9/6
f 3106/9/6 3103/9/6 3107/9/6
f 3107/9/6 3103/9/6 3108/9/6
f 3103/10/6 3104/10/6 3109/10/6
f 3108/9/6 3103/9/6 3109/9/6
f 3104/9/6 3105/9/6 3110/9/6
f 3109/10/6 3104/10/6 3110/10/6
f 3110/9/6 3105/9/6 3111/9/6
f 3111/9/6 3105/9/6 3112/9/6
f 3111/10/6 3112/10/6 3113/10/6
f 3102/9/6 3106/9/6 3114/9/6
f 3114/9/6 3106/9/6 3115/9/6
f 3114/10/6 3115/10/6 3116/10/6
f 3116/10/6 3115/10/6 3117/10/6
f 3116/11/6 3117/11/6 3118/11/6
f 3118/11/6 3117/11/6 3119/11/6
f 3118/10/6 3119/10/6 3120/10/6
f 3120/10/6 3119/10/6 3121/10/6
f 3113/10/6 3112/10/6 3122/10/6
f 3120/9/6 3121/9/6 3123/9/6
f 3123/9/6 3121/9/6 3124/9/6
f 3122/10/6 3112/10/6 3125/10/6
f 3125/10/6 3112/10/6 3126/10/6
f 3125/9/6 3126/9/6 3127/9/6
f 3127/9/6 3126/9/6 3128/9/6
f 3123/10/6 3124/10/6 3129/10/6
f 3129/10/6 3124/10/6 3130/10/6
f 3127/10/6 3128/10/6 3131/10/6
f 3129/9/6 3130/9/6 3132/9/6
f 3132/9/6 3130/9/6 3133/9/6
f 3131/10/6 3128/10/6 3134/10/6
f 3134/10/6 3128/10/6 3135/10/6
f 3134/11/6 3135/11/6 3136/11/6
f 3136/11/6 3135/11/6 3137/11/6
f 3132/10/6 3133/10/6 3138/10/6
f 3138/10/6 3133/10/6 3139/10/6
f 3136/10/6 3137/10/6 3140/10/6
f 3140/10/6 3137/10/6 3141/10/6
f 3138/9/6 3139/9/6 3142/9/6
f 3140/9/6 3141/9/6 3147/9/6
f 3138/9/6 3142/9/6 3148/9/6
f 3142/9/6 3143/9/6 3148/9/6
f 3145/10/6 3146/10/6 3149/10/6
f 3148/9/6 3143/9/6 3149/9/6
f 3143/10/6 3144/10/6 3149/10/6
f 3144/10/6 3145/10/6 3149/10/6
f 3146/9/6 3147/9/6 3150/9/6
f 3149/10/6 3146/10/6 3150/10/6
f 3147/9/6 3141/9/6 3151/9/6
f 3150/9/6 3147/9/6 3151/9/6
f 3153/10/6 3154/10/6 3157/10/6
f 3154/9/6 3155/9/6 3158/9/6
f 3157/10/6 3154/10/6 3158/10/6
f 3158/9/6 3155/9/6 3159/9/6
f 3155/10/6 3156/10/6 3160/10/6
f 3159/9/6 3155/9/6 3160/9/6
f 3158/11/6 3159/11/6 3161/11/6
f 3157/11/6 3158/11/6 3161/11/6
f 3159/10/6 3160/10/6 3161/10/6
f 3161/10/6 3160/10/6 3162/10/6
f 3162/10/6 3160/10/6 3163/10/6
f 3163/10/6 3160/10/6 3164/10/6
f 3160/10/6 3156/10/6 3165/10/6
f 3164/10/6 3160/10/6 3165/10/6
f 3165/10/6 3156/10/6 3166/10/6
f 3152/9/6 3153/9/6 3167/9/6
f 3153/10/6 3157/10/6 3168/10/6
f 3167/9/6 3153/9/6 3168/9/6
f 3157/11/6 3161/11/6 3169/11/6
f 3168/10/6 3157/10/6 3169/10/6
f 3169/11/6 3161/11/6 3170/11/6
f 3162/10/6 3163/10/6 3171/10/6
f 3171/10/6 3163/10/6 3172/10/6
f 3172/10/6 3163/10/6 3173/10/6
f 3173/10/6 3163/10/6 3174/10/6
f 3164/10/6 3165/10/6 3175/10/6
f 3165/12/6 3166/12/6 3176/12/6
f 3175/10/6 3165/10/6 3176/10/6
f 3176/12/6 3166/12/6 3177/12/6
f 3166/10/6 3156/10/6 3178/10/6
f 3177/12/6 3166/12/6 3178/12/6
f 3178/10/6 3156/10/6 3179/10/6
f 3152/9/6 3167/9/6 3180/9/6
f 3180/9/6 3167/9/6 3181/9/6
f 3152/9/6 3180/9/6 3182/9/6
f 3180/10/6 3181/10/6 3183/10/6
f 3182/9/6 3180/9/6 3183/9/6
f 3182/10/6 3183/10/6 3184/10/6
f 3183/10/6 3181/10/6 3184/10/6
f 3184/10/6 3181/10/6 3185/10/6
f 3182/10/6 3184/10/6 3186/10/6
f 3184/11/6 3185/11/6 3187/11/6
f 3186/10/6 3184/10/6 3187/10/6
f 3187/11/6 3185/11/6 3188/11/6
f 3188/11/6 3185/11/6 3189/11/6
f 3178/11/6 3179/11/6 3190/11/6
f 3177/12/6 3178/12/6 3190/12/6
f 3190/11/6 3179/11/6 3191/11/6
f 3186/9/6 3187/9/6 3192/9/6
f 3187/11/6 3188/11/6 3193/11/6
f 3192/9/6 3187/9/6 3193/9/6
f 3177/12/6 3190/12/6 3194/12/6
f 3190/10/6 3191/10/6 3195/10/6
f 3194/12/6 3190/12/6 3195/12/6
f 3194/10/6 3195/10/6 3196/10/6
f 3195/10/6 3191/10/6 3197/10/6
f 3196/10/6 3195/10/6 3197/10/6
f 3196/9/6 3197/9/6 3198/9/6
f 3198/9/6 3197/9/6 3199/9/6
f 3188/12/6 3189/12/6 3200/12/6
f 3193/11/6 3188/11/6 3200/11/6
f 3192/11/6 3193/11/6 3200/11/6
f 3200/12/6 3189/12/6 3201/12/6
f 3198/10/6 3199/10/6 3202/10/6
f 3202/10/6 3199/10/6 3203/10/6
f 3200/11/6 3201/11/6 3204/11/6
f 3192/11/6 3200/11/6 3204/11/6
f 3204/11/6 3201/11/6 3205/11/6
f 3202/12/6 3203/12/6 3206/12/6
f 3203/10/6 3199/10/6 3207/10/6
f 3206/12/6 3203/12/6 3207/12/6
f 3206/10/6 3207/10/6 3208/10/6
f 3207/10/6 3199/10/6 3209/10/6
f 3208/10/6 3207/10/6 3209/10/6
f 3204/9/6 3205/9/6 3210/9/6
f 3205/11/6 3201/11/6 3211/11/6
f 3210/9/6 3205/9/6 3211/9/6
f 3210/10/6 3211/10/6 3212/10/6
f 3211/11/6 3201/11/6 3212/11/6
f 3212/11/6 3201/11/6 3213/11/6
f 3208/11/6 3209/11/6 3221/11/6
f 3210/10/6 3212/10/6 3222/10/6
f 3212/10/6 3213/10/6 3222/10/6
f 3222/10/6 3213/10/6 3223/10/6
f 3218/11/6 3219/11/6 3224/11/6
f 3224/11/6 3219/11/6 3225/11/6
f 3219/10/6 3220/10/6 3226/10/6
f 3220/11/6 3221/11/6 3226/11/6
f 3226/11/6 3221/11/6 3227/11/6
f 3221/11/6 3209/11/6 3228/11/6
f 3227/11/6 3221/11/6 3228/11/6
f 3223/10/6 3213/10/6 3229/10/6
f 3214/10/6 3215/10/6 3230/10/6
f 3230/10/6 3215/10/6 3231/10/6
f 3216/10/6 3217/10/6 3232/10/6
f 3232/10/6 3217/10/6 3233/10/6
f 3218/11/6 3224/11/6 3234/11/6
f 3224/10/6 3225/10/6 3235/10/6
f 3234/11/6 3224/11/6 3235/11/6
f 3225/11/6 3219/11/6 3236/11/6
f 3235/10/6 3225/10/6 3236/10/6
f 3226/10/6 3227/10/6 3237/10/6
f 3236/11/6 3219/11/6 3237/11/6
f 3219/10/6 3226/10/6 3237/10/6
f 3237/10/6 3227/10/6 3238/10/6
f 3238/10/6 3227/10/6 3239/10/6
f 3222/9/6 3223/9/6 3240/9/6
f 3234/10/6 3235/10/6 3241/10/6
f 3240/9/6 3223/9/6 3241/9/6
f 3233/10/6 3234/10/6 3241/10/6
f 3235/10/6 3236/10/6 3241/10/6
f 3237/10/6 3238/10/6 3241/10/6
f 3236/10/6 3237/10/6 3241/10/6
f 3231/10/6 3232/10/6 3241/10/6
f 3223/10/6 3229/10/6 3241/10/6
f 3229/10/6 3230/10/6 3241/10/6
f 3230/10/6 3231/10/6 3241/10/6
f 3232/10/6 3233/10/6 3241/10/6
f 3238/11/6 3239/11/6 3242/11/6
f 3241/10/6 3238/10/6 3242/10/6
f 3239/10/6 3227/10/6 3243/10/6
f 3242/11/6 3239/11/6 3243/11/6
f 3227/9/6 3228/9/6 3244/9/6
f 3243/10/6 3227/10/6 3244/10/6
f 3244/9/6 3228/9/6 3245/9/6
f 3246/9/6 3247/9/6 3250/9/6
f 3250/9/6 3247/9/6 3251/9/6
f 3248/9/6 3249/9/6 3252/9/6
f 3252/9/6 3249/9/6 3253/9/6
f 3254/9/6 3255/9/6 3258/9/6
f 3258/9/6 3255/9/6 3259/9/6
f 3256/9/6 3257/9/6 3260/9/6
f 3260/9/6 3257/9/6 3261/9/6
f 3262/9/6 3263/9/6 3266/9/6
f 3266/9/6 3263/9/6 3267/9/6
f 3264/9/6 3265/9/6 3268/9/6
f 3268/9/6 3265/9/6 3269/9/6
f 3270/9/6 3271/9/6 3274/9/6
f 3274/9/6 3271/9/6 3275/9/6
f 3272/9/6 3273/9/6 3276/9/6
f 3276/9/6 3273/9/6 3277/9/6
f 3278/9/6 3279/9/6 3282/9/6
f 3282/9/6 3279/9/6 3283/9/6
f 3280/9/6 3281/9/6 3284/9/6
f 3284/9/6 3281/9/6 3285/9/6
f 3286/9/6 3287/9/6 3290/9/6
f 3290/9/6 3287/9/6 3291/9/6
f 3288/9/6 3289/9/6 3292/9/6
f 3292/9/6 3289/9/6 3293/9/6
f 3294/9/6 3295/9/6 3298/9/6
f 3298/9/6 3295/9/6 3299/9/6
f 3296/9/6 3297/9/6 3300/9/6
f 3300/9/6 3297/9/6 3301/9/6
f 3304/9/6 3305/9/6 3312/9/6
f 3312/9/6 3305/9/6 3313/9/6
f 3306/9/6 3307/9/6 3314/9/6
f 3314/9/6 3307/9/6 3315/9/6
f 3308/9/6 3309/9/6 3316/9/6
f 3316/9/6 3309/9/6 3317/9/6
f 3302/3/6 3303/3/6 3318/3/6
f 3318/3/6 3303/3/6 3319/3/6
f 3310/3/6 3311/3/6 3320/3/6
f 3320/3/6 3311/3/6 3321/3/6
f 3318/6/6 3319/6/6 3322/6/6
f 3322/6/6 3319/6/6 3323/6/6
f 3320/6/6 3321/6/6 3324/6/6
f 3324/6/6 3321/6/6 3325/6/6
f 3322/3/6 3323/3/6 3326/3/6
f 3326/3/6 3323/3/6 3327/3/6
f 3324/3/6 3325/3/6 3328/3/6
f 3328/3/6 3325/3/6 3329/3/6
f 3326/6/6 3327/6/6 3330/6/6
f 3330/6/6 3327/6/6 3331/6/6
f 3328/6/6 3329/6/6 3332/6/6
f 3332/6/6 3329/6/6 3333/6/6
f 3330/3/6 3331/3/6 3334/3/6
f 3334/3/6 3331/3/6 3335/3/6
f 3332/3/6 3333/3/6 3336/3/6
f 3336/3/6 3333/3/6 3337/3/6
f 3334/6/6 3335/6/6 3338/6/6
f 3338/6/6 3335/6/6 3339/6/6
f 3336/6/6 3337/6/6 3340/6/6
f 3340/6/6 3337/6/6 3341/6/6
f 3338/3/6 3339/3/6 3342/3/6
f 3342/3/6 3339/3/6 3343/3/6
f 3340/3/6 3341/3/6 3344/3/6
f 3344/3/6 3341/3/6 3345/3/6
f 3342/6/6 3343/6/6 3346/6/6
f 3346/6/6 3343/6/6 3347/6/6
f 3344/6/6 3345/6/6 3348/6/6
f 3348/6/6 3345/6/6 3349/6/6
f 3346/3/6 3347/3/6 3350/3/6
f 3350/3/6 3347/3/6 3351/3/6
f 3348/3/6 3349/3/6 3352/3/6
f 3352/3/6 3349/3/6 3353/3/6
f 3350/6/6 3351/6/6 3354/6/6
f 3354/6/6 3351/6/6 3355/6/6
f 3352/6/6 3353/6/6 3356/6/6
f 3356/6/6 3353/6/6 3357/6/6
f 3354/3/6 3355/3/6 3358/3/6
f 3358/3/6 3355/3/6 3359/3/6
f 3356/3/6 3357/3/6 3360/3/6
f 3360/3/6 3357/3/6 3361/3/6
f 3358/6/6 3359/6/6 3362/6/6
f 3362/6/6 3359/6/6 3363/6/6
f 3360/6/6 3361/6/6 3364/6/6
f 3364/6/6 3361/6/6 3365/6/6
f 3362/3/6 3363/3/6 3366/3/6
f 3366/3/6 3363/3/6 3367/3/6
f 3364/3/6 3365/3/6 3368/3/6
f 3368/3/6 3365/3/6 3369/3/6
f 3366/6/6 3367/6/6 3370/6/6
f 3370/6/6 3367/6/6 3371/6/6
f 3368/6/6 3369/6/6 3372/6/6
f 3372/6/6 3369/6/6 3373/6/6
f 3370/3/6 3371/3/6 3374/3/6
f 3374/3/6 3371/3/6 3375/3/6
f 3372/3/6 3373/3/6 3376/3/6
f 3376/3/6 3373/3/6 3377/3/6
f 3374/6/6 3375/6/6 3378/6/6
f 3378/6/6 3375/6/6 3379/6/6
f 3376/6/6 3377/6/6 3380/6/6
f 3380/6/6 3377/6/6 3381/6/6
f 3378/3/6 3379/3/6 3382/3/6
f 3382/3/6 3379/3/6 3383/3/6
f 3380/3/6 3381/3/6 3384/3/6
f 3384/3/6 3381/3/6 3385/3/6
f 3382/6/6 3383/6/6 3386/6/6
f 3386/6/6 3383/6/6 3387/6/6
f 3384/6/6 3385/6/6 3388/6/6
f 3388/6/6 3385/6/6 3389/6/6
f 3386/3/6 3387/3/6 3390/3/6
f 3390/3/6 3387/3/6 3391/3/6
f 3388/3/6 3389/3/6 3392/3/6
f 3392/3/6 3389/3/6 3393/3/6
f 3390/6/6 3391/6/6 3394/6/6
f 3394/6/6 3391/6/6 3395/6/6
f 3392/6/6 3393/6/6 3396/6/6
f 3396/6/6 3393/6/6 3397/6/6
f 3394/3/6 3395/3/6 3398/3/6
f 3398/3/6 3395/3/6 3399/3/6
f 3396/3/6 3397/3/6 3400/3/6
f 3400/3/6 3397/3/6 3401/3/6
f 3402/3/6 3403/3/6 3406/3/6
f 3406/3/6 3403/3/6 3407/3/6
f 3404/3/6 3405/3/6 3408/3/6
f 3408/3/6 3405/3/6 3409/3/6
f 3406/6/6 3407/6/6 3410/6/6
f 3410/6/6 3407/6/6 3411/6/6
f 3408/6/6 3409/6/6 3412/6/6
f 3412/6/6 3409/6/6 3413/6/6
f 3410/3/6 3411/3/6 3414/3/6
f 3414/3/6 3411/3/6 3415/3/6
f 3412/3/6 3413/3/6 3416/3/6
f 3416/3/6 3413/3/6 3417/3/6
f 3414/6/6 3415/6/6 3418/6/6
f 3418/6/6 3415/6/6 3419/6/6
f 3416/6/6 3417/6/6 3420/6/6
f 3420/6/6 3417/6/6 3421/6/6
f 3418/3/6 3419/3/6 3422/3/6
f 3422/3/6 3419/3/6 3423/3/6
f 3420/3/6 3421/3/6 3424/3/6
f 3424/3/6 3421/3/6 3425/3/6
f 3422/6/6 3423/6/6 3426/6/6
f 3426/6/6 3423/6/6 3427/6/6
f 3424/6/6 3425/6/6 3428/6/6
f 3428/6/6 3425/6/6 3429/6/6
f 3426/3/6 3427/3/6 3430/3/6
f 3430/3/6 3427/3/6 3431/3/6
f 3428/3/6 3429/3/6 3432/3/6
f 3432/3/6 3429/3/6 3433/3/6
f 3430/6/6 3431/6/6 3434/6/6
f 3434/6/6 3431/6/6 3435/6/6
f 3432/6/6 3433/6/6 3436/6/6
f 3436/6/6 3433/6/6 3437/6/6
f 3434/3/6 3435/3/6 3438/3/6
f 3438/3/6 3435/3/6 3439/3/6
f 3436/3/6 3437/3/6 3440/3/6
f 3440/3/6 3437/3/6 3441/3/6
f 3438/6/6 3439/6/6 3442/6/6
f 3442/6/6 3439/6/6 3443/6/6
f 3440/6/6 3441/6/6 3444/6/6
f 3444/6/6 3441/6/6 3445/6/6
f 3442/3/6 3443/3/6 3446/3/6
f 3446/3/6 3443/3/6 3447/3/6
f 3444/3/6 3445/3/6 3448/3/6
f 3448/3/6 3445/3/6 3449/3/6
f 3446/6/6 3447/6/6 3450/6/6
f 3450/6/6 3447/6/6 3451/6/6
f 3448/6/6 3449/6/6 3452/6/6
f 3452/6/6 3449/6/6 3453/6/6
f 3450/3/6 3451/3/6 3454/3/6
f 3454/3/6 3451/3/6 3455/3/6
f 3452/3/6 3453/3/6 3456/3/6
f 3456/3/6 3453/3/6 3457/3/6
f 3454/6/6 3455/6/6 3458/6/6
f 3458/6/6 3455/6/6 3459/6/6
f 3456/6/6 3457/6/6 3460/6/6
f 3460/6/6 3457/6/6 3461/6/6
f 3458/3/6 3459/3/6 3462/3/6
f 3462/3/6 3459/3/6 3463/3/6
f 3460/3/6 3461/3/6 3464/3/6
f 3464/3/6 3461/3/6 3465/3/6
f 3462/6/6 3463/6/6 3466/6/6
f 3466/6/6 3463/6/6 3467/6/6
f 3464/6/6 3465/6/6 3468/6/6
f 3468/6/6 3465/6/6 3469/6/6
f 3466/3/6 3467/3/6 3470/3/6
f 3470/3/6 3467/3/6 3471/3/6
f 3468/3/6 3469/3/6 3472/3/6
f 3472/3/6 3469/3/6 3473/3/6
f 3470/6/6 3471/6/6 3474/6/6
f 3474/6/6 3471/6/6 3475/6/6
f 3472/6/6 3473/6/6 3476/6/6
f 3476/6/6 3473/6/6 3477/6/6
f 3474/3/6 3475/3/6 3478/3/6
f 3478/3/6 3475/3/6 3479/3/6
f 3476/3/6 3477/3/6 3480/3/6
f 3480/3/6 3477/3/6 3481/3/6
f 3478/6/6 3479/6/6 3482/6/6
f 3482/6/6 3479/6/6 3483/6/6
f 3480/6/6 3481/6/6 3484/6/6
f 3484/6/6 3481/6/6 3485/6/6
f 3484/3/6 3485/3/6 3486/3/6
f 3486/3/6 3485/3/6 3487/3/6
f 3488/3/6 3489/3/6 3492/3/6
f 3492/3/6 3489/3/6 3493/3/6
f 3490/3/6 3491/3/6 3494/3/6
f 3494/3/6 3491/3/6 3495/3/6
f 3492/6/6 3493/6/6 3496/6/6
f 3496/6/6 3493/6/6 3497/6/6
f 3494/6/6 3495/6/6 3498/6/6
f 3498/6/6 3495/6/6 3499/6/6
f 3496/3/6 3497/3/6 3500/3/6
f 3500/3/6 3497/3/6 3501/3/6
f 3498/3/6 3499/3/6 3502/3/6
f 3502/3/6 3499/3/6 3503/3/6
f 3500/6/6 3501/6/6 3504/6/6
f 3504/6/6 3501/6/6 3505/6/6
f 3502/6/6 3503/6/6 3506/6/6
f 3506/6/6 3503/6/6 3507/6/6
f 3504/3/6 3505/3/6 3508/3/6
f 3508/3/6 3505/3/6 3509/3/6
f 3506/3/6 3507/3/6 3510/3/6
f 3510/3/6 3507/3/6 3511/3/6
f 3508/6/6 3509/6/6 3512/6/6
f 3512/6/6 3509/6/6 3513/6/6
f 3510/6/6 3511/6/6 3514/6/6
f 3514/6/6 3511/6/6 3515/6/6
f 3512/3/6 3513/3/6 3516/3/6
f 3516/3/6 3513/3/6 3517/3/6
f 3514/3/6 3515/3/6 3518/3/6
f 3518/3/6 3515/3/6 3519/3/6
f 3516/6/6 3517/6/6 3520/6/6
f 3520/6/6 3517/6/6 3521/6/6
f 3518/6/6 3519/6/6 3522/6/6
f 3522/6/6 3519/6/6 3523/6/6
f 3520/3/6 3521/3/6 3524/3/6
f 3524/3/6 3521/3/6 3525/3/6
f 3522/3/6 3523/3/6 3526/3/6
f 3526/3/6 3523/3/6 3527/3/6
f 3524/6/6 3525/6/6 3528/6/6
f 3528/6/6 3525/6/6 3529/6/6
f 3526/6/6 3527/6/6 3530/6/6
f 3530/6/6 3527/6/6 3531/6/6
f 3528/3/6 3529/3/6 3532/3/6
f 3532/3/6 3529/3/6 3533/3/6
f 3530/3/6 3531/3/6 3534/3/6
f 3534/3/6 3531/3/6 3535/3/6
f 3532/6/6 3533/6/6 3536/6/6
f 3536/6/6 3533/6/6 3537/6/6
f 3534/6/6 3535/6/6 3538/6/6
f 3538/6/6 3535/6/6 3539/6/6
f 3536/3/6 3537/3/6 3540/3/6
f 3540/3/6 3537/3/6 3541/3/6
f 3538/3/6 3539/3/6 3542/3/6
f 3542/3/6 3539/3/6 3543/3/6
f 3540/6/6 3541/6/6 3544/6/6
f 3544/6/6 3541/6/6 3545/6/6
f 3542/6/6 3543/6/6 3546/6/6
f 3546/6/6 3543/6/6 3547/6/6
f 3544/3/6 3545/3/6 3548/3/6
f 3548/3/6 3545/3/6 3549/3/6
f 3546/3/6 3547/3/6 3550/3/6
f 3550/3/6 3547/3/6 3551/3/6
f 3548/6/6 3549/6/6 3552/6/6
f 3552/6/6 3549/6/6 3553/6/6
f 3550/6/6 3551/6/6 3554/6/6
f 3554/6/6 3551/6/6 3555/6/6
f 3552/3/6 3553/3/6 3556/3/6
f 3556/3/6 3553/3/6 3557/3/6
f 3554/3/6 3555/3/6 3558/3/6
f 3558/3/6 3555/3/6 3559/3/6
f 3556/6/6 3557/6/6 3560/6/6
f 3560/6/6 3557/6/6 3561/6/6
f 3558/6/6 3559/6/6 3562/6/6
f 3562/6/6 3559/6/6 3563/6/6
f 3560/3/6 3561/3/6 3564/3/6
f 3564/3/6 3561/3/6 3565/3/6
f 3562/3/6 3563/3/6 3566/3/6
f 3566/3/6 3563/3/6 3567/3/6
f 3564/6/6 3565/6/6 3568/6/6
f 3568/6/6 3565/6/6 3569/6/6
f 3566/6/6 3567/6/6 3570/6/6
f 3570/6/6 3567/6/6 3571/6/6
f 3570/3/6 3571/3/6 3572/3/6
f 3572/3/6 3571/3/6 3573/3/6
f 3574/3/6 3575/3/6 3578/3/6
f 3578/3/6 3575/3/6 3579/3/6
f 3576/3/6 3577/3/6 3580/3/6
f 3580/3/6 3577/3/6 3581/3/6
f 3574/3/6 3578/3/6 3582/3/6
f 3582/3/6 3578/3/6 3583/3/6
f 3581/3/6 3577/3/6 3584/3/6
f 3584/3/6 3577/3/6 3585/3/6
f 3582/6/6 3583/6/6 3586/6/6
f 3586/6/6 3583/6/6 3587/6/6
f 3584/6/6 3585/6/6 3588/6/6
f 3588/6/6 3585/6/6 3589/6/6
f 3586/3/6 3587/3/6 3590/3/6
f 3590/3/6 3587/3/6 3591/3/6
f 3588/3/6 3589/3/6 3592/3/6
f 3592/3/6 3589/3/6 3593/3/6
f 3590/6/6 3591/6/6 3594/6/6
f 3594/6/6 3591/6/6 3595/6/6
f 3592/6/6 3593/6/6 3596/6/6
f 3596/6/6 3593/6/6 3597/6/6
f 3594/3/6 3595/3/6 3598/3/6
f 3598/3/6 3595/3/6 3599/3/6
f 3596/3/6 3597/3/6 3600/3/6
f 3600/3/6 3597/3/6 3601/3/6
f 3598/6/6 3599/6/6 3602/6/6
f 3602/6/6 3599/6/6 3603/6/6
f 3600/6/6 3601/6/6 3604/6/6
f 3604/6/6 3601/6/6 3605/6/6
f 3602/3/6 3603/3/6 3606/3/6
f 3606/3/6 3603/3/6 3607/3/6
f 3604/3/6 3605/3/6 3608/3/6
f 3608/3/6 3605/3/6 3609/3/6
f 3606/6/6 3607/6/6 3610/6/6
f 3610/6/6 3607/6/6 3611/6/6
f 3608/6/6 3609/6/6 3612/6/6
f 3612/6/6 3609/6/6 3613/6/6
f 3610/3/6 3611/3/6 3614/3/6
f 3614/3/6 3611/3/6 3615/3/6
f 3612/3/6 3613/3/6 3616/3/6
f 3616/3/6 3613/3/6 3617/3/6
f 3614/6/6 3615/6/6 3618/6/6
f 3618/6/6 3615/6/6 3619/6/6
f 3616/6/6 3617/6/6 3620/6/6
f 3620/6/6 3617/6/6 3621/6/6
f 3618/3/6 3619/3/6 3622/3/6
f 3622/3/6 3619/3/6 3623/3/6
f 3620/3/6 3621/3/6 3624/3/6
f 3624/3/6 3621/3/6 3625/3/6
f 3622/6/6 3623/6/6 3626/6/6
f 3626/6/6 3623/6/6 3627/6/6
f 3624/6/6 3625/6/6 3628/6/6
f 3628/6/6 3625/6/6 3629/6/6
f 3626/3/6 3627/3/6 3630/3/6
f 3630/3/6 3627/3/6 3631/3/6
f 3628/3/6 3629/3/6 3632/3/6
f 3632/3/6 3629/3/6 3633/3/6
f 3630/6/6 3631/6/6 3634/6/6
f 3634/6/6 3631/6/6 3635/6/6
f 3632/6/6 3633/6/6 3636/6/6
f 3636/6/6 3633/6/6 3637/6/6
f 3634/3/6 3635/3/6 3638/3/6
f 3638/3/6 3635/3/6 3639/3/6
f 3636/3/6 3637/3/6 3640/3/6
f 3640/3/6 3637/3/6 3641/3/6
f 3638/6/6 3639/6/6 3642/6/6
f 3642/6/6 3639/6/6 3643/6/6
f 3640/6/6 3641/6/6 3644/6/6
f 3644/6/6 3641/6/6 3645/6/6
f 3642/3/6 3643/3/6 3646/3/6
f 3646/3/6 3643/3/6 3647/3/6
f 3644/3/6 3645/3/6 3648/3/6
f 3648/3/6 3645/3/6 3649/3/6
f 3646/6/6 3647/6/6 3650/6/6
f 3650/6/6 3647/6/6 3651/6/6
f 3648/6/6 3649/6/6 3652/6/6
f 3652/6/6 3649/6/6 3653/6/6
f 3650/3/6 3651/3/6 3654/3/6
f 3654/3/6 3651/3/6 3655/3/6
f 3652/3/6 3653/3/6 3656/3/6
f 3656/3/6 3653/3/6 3657/3/6
f 3654/6/6 3655/6/6 3658/6/6
f 3658/6/6 3655/6/6 3659/6/6
f 3659/6/6 3655/6/6 3660/6/6
f 3656/6/6 3657/6/6 3661/6/6
f 3661/6/6 3657/6/6 3662/6/6
f 3661/3/6 3662/3/6 3663/3/6
f 3658/3/6 3659/3/6 3664/3/6
f 3664/3/6 3659/3/6 3665/3/6
f 3663/3/6 3662/3/6 3666/3/6
f 3666/3/6 3662/3/6 3667/3/6
f 3668/9/6 3669/9/6 3674/9/6
f 3674/9/6 3669/9/6 3675/9/6
f 3670/9/6 3671/9/6 3676/9/6
f 3676/9/6 3671/9/6 3677/9/6
f 3672/9/6 3673/9/6 3678/9/6
f 3678/9/6 3673/9/6 3679/9/6
f 3680/9/6 3681/9/6 3686/9/6
f 3686/9/6 3681/9/6 3687/9/6
f 3682/9/6 3683/9/6 3688/9/6
f 3688/9/6 3683/9/6 3689/9/6
f 3684/9/6 3685/9/6 3690/9/6
f 3690/9/6 3685/9/6 3691/9/6
f 3692/9/6 3693/9/6 3704/9/6
f 3704/9/6 3693/9/6 3705/9/6
f 3694/9/6 3695/9/6 3706/9/6
f 3706/9/6 3695/9/6 3707/9/6
f 3696/9/6 3697/9/6 3708/9/6
f 3708/9/6 3697/9/6 3709/9/6
f 3698/9/6 3699/9/6 3710/9/6
f 3710/9/6 3699/9/6 3711/9/6
f 3700/9/6 3701/9/6 3712/9/6
f 3712/9/6 3701/9/6 3713/9/6
f 3702/9/6 3703/9/6 3714/9/6
f 3714/9/6 3703/9/6 3715/9/6
f 3716/3/6 3717/3/6 3720/3/6
f 3720/3/6 3717/3/6 3721/3/6
f 3718/3/6 3719/3/6 3722/3/6
f 3722/3/6 3719/3/6 3723/3/6
f 3720/6/6 3721/6/6 3724/6/6
f 3724/6/6 3721/6/6 3725/6/6
f 3722/6/6 3723/6/6 3726/6/6
f 3726/6/6 3723/6/6 3727/6/6
f 3724/3/6 3725/3/6 3728/3/6
f 3728/3/6 3725/3/6 3729/3/6
f 3726/3/6 3727/3/6 3730/3/6
f 3730/3/6 3727/3/6 3731/3/6
f 3728/6/6 3729/6/6 3732/6/6
f 3732/6/6 3729/6/6 3733/6/6
f 3730/6/6 3731/6/6 3734/6/6
f 3734/6/6 3731/6/6 3735/6/6
f 3732/3/6 3733/3/6 3736/3/6
f 3736/3/6 3733/3/6 3737/3/6
f 3734/3/6 3735/3/6 3738/3/6
f 3738/3/6 3735/3/6 3739/3/6
f 3736/6/6 3737/6/6 3740/6/6
f 3740/6/6 3737/6/6 3741/6/6
f 3738/6/6 3739/6/6 3742/6/6
f 3742/6/6 3739/6/6 3743/6/6
f 3740/3/6 3741/3/6 3744/3/6
f 3744/3/6 3741/3/6 3745/3/6
f 3742/3/6 3743/3/6 3746/3/6
f 3746/3/6 3743/3/6 3747/3/6
f 3744/6/6 3745/6/6 3748/6/6
f 3748/6/6 3745/6/6 3749/6/6
f 3746/6/6 3747/6/6 3750/6/6
f 3750/6/6 3747/6/6 3751/6/6
f 3748/3/6 3749/3/6 3752/3/6
f 3752/3/6 3749/3/6 3753/3/6
f 3750/3/6 3751/3/6 3754/3/6
f 3754/3/6 3751/3/6 3755/3/6
f 3752/6/6 3753/6/6 3756/6/6
f 3756/6/6 3753/6/6 3757/6/6
f 3754/6/6 3755/6/6 3758/6/6
f 3758/6/6 3755/6/6 3759/6/6
f 3756/3/6 3757/3/6 3760/3/6
f 3760/3/6 3757/3/6 3761/3/6
f 3758/3/6 3759/3/6 3762/3/6
f 3762/3/6 3759/3/6 3763/3/6
f 3760/6/6 3761/6/6 3764/6/6
f 3764/6/6 3761/6/6 3765/6/6
f 3762/6/6 3763/6/6 3766/6/6
f 3766/6/6 3763/6/6 3767/6/6
f 3764/3/6 3765/3/6 3768/3/6
f 3768/3/6 3765/3/6 3769/3/6
f 3766/3/6 3767/3/6 3770/3/6
f 3770/3/6 3767/3/6 3771/3/6
f 3768/6/6 3769/6/6 3772/6/6
f 3772/6/6 3769/6/6 3773/6/6
f 3770/6/6 3771/6/6 3774/6/6
f 3774/6/6 3771/6/6 3775/6/6
f 3772/3/6 3773/3/6 3776/3/6
f 3776/3/6 3773/3/6 3777/3/6
f 3774/3/6 3775/3/6 3778/3/6
f 3778/3/6 3775/3/6 3779/3/6
f 3776/6/6 3777/6/6 3780/6/6
f 3780/6/6 3777/6/6 3781/6/6
f 3778/6/6 3779/6/6 3782/6/6
f 3782/6/6 3779/6/6 3783/6/6
f 3780/3/6 3781/3/6 3784/3/6
f 3784/3/6 3781/3/6 3785/3/6
f 3782/3/6 3783/3/6 3786/3/6
f 3786/3/6 3783/3/6 3787/3/6
f 3784/6/6 3785/6/6 3788/6/6
f 3788/6/6 3785/6/6 3789/6/6
f 3786/6/6 3787/6/6 3790/6/6
f 3790/6/6 3787/6/6 3791/6/6
f 3788/3/6 3789/3/6 3792/3/6
f 3792/3/6 3789/3/6 3793/3/6
f 3790/3/6 3791/3/6 3794/3/6
f 3794/3/6 3791/3/6 3795/3/6
f 3792/6/6 3793/6/6 3796/6/6
f 3796/6/6 3793/6/6 3797/6/6
f 3794/6/6 3795/6/6 3798/6/6
f 3798/6/6 3795/6/6 3799/6/6
f 3798/3/6 3799/3/6 3800/3/6
f 3800/3/6 3799/3/6 3801/3/6
f 3804/9/6 3805/9/6 3812/9/6
f 3812/9/6 3805/9/6 3813/9/6
f 3806/9/6 3807/9/6 3814/9/6
f 3814/9/6 3807/9/6 3815/9/6
f 3808/9/6 3809/9/6 3816/9/6
f 3816/9/6 3809/9/6 3817/9/6
f 3802/3/6 3803/3/6 3818/3/6
f 3818/3/6 3803/3/6 3819/3/6
f 3810/3/6 3811/3/6 3820/3/6
f 3820/3/6 3811/3/6 3821/3/6
f 3818/6/6 3819/6/6 3822/6/6
f 3822/6/6 3819/6/6 3823/6/6
f 3820/6/6 3821/6/6 3824/6/6
f 3824/6/6 3821/6/6 3825/6/6
f 3822/3/6 3823/3/6 3826/3/6
f 3826/3/6 3823/3/6 3827/3/6
f 3824/3/6 3825/3/6 3828/3/6
f 3828/3/6 3825/3/6 3829/3/6
f 3826/6/6 3827/6/6 3830/6/6
f 3830/6/6 3827/6/6 3831/6/6
f 3828/6/6 3829/6/6 3832/6/6
f 3832/6/6 3829/6/6 3833/6/6
f 3830/3/6 3831/3/6 3834/3/6
f 3834/3/6 3831/3/6 3835/3/6
f 3832/3/6 3833/3/6 3836/3/6
f 3836/3/6 3833/3/6 3837/3/6
f 3834/6/6 3835/6/6 3838/6/6
f 3838/6/6 3835/6/6 3839/6/6
f 3836/6/6 3837/6/6 3840/6/6
f 3840/6/6 3837/6/6 3841/6/6
f 3838/3/6 3839/3/6 3842/3/6
f 3842/3/6 3839/3/6 3843/3/6
f 3840/3/6 3841/3/6 3844/3/6
f 3844/3/6 3841/3/6 3845/3/6
f 3842/6/6 3843/6/6 3846/6/6
f 3846/6/6 3843/6/6 3847/6/6
f 3844/6/6 3845/6/6 3848/6/6
f 3848/6/6 3845/6/6 3849/6/6
f 3846/3/6 3847/3/6 3850/3/6
f 3850/3/6 3847/3/6 3851/3/6
f 3848/3/6 3849/3/6 3852/3/6
f 3852/3/6 3849/3/6 3853/3/6
f 3850/6/6 3851/6/6 3854/6/6
f 3854/6/6 3851/6/6 3855/6/6
f 3852/6/6 3853/6/6 3856/6/6
f 3856/6/6 3853/6/6 3857/6/6
f 3854/3/6 3855/3/6 3858/3/6
f 3858/3/6 3855/3/6 3859/3/6
f 3856/3/6 3857/3/6 3860/3/6
f 3860/3/6 3857/3/6 3861/3/6
f 3858/6/6 3859/6/6 3862/6/6
f 3862/6/6 3859/6/6 3863/6/6
f 3860/6/6 3861/6/6 3864/6/6
f 3864/6/6 3861/6/6 3865/6/6
f 3862/3/6 3863/3/6 3866/3/6
f 3866/3/6 3863/3/6 3867/3/6
f 3864/3/6 3865/3/6 3868/3/6
f 3868/3/6 3865/3/6 3869/3/6
f 3866/6/6 3867/6/6 3870/6/6
f 3870/6/6 3867/6/6 3871/6/6
f 3868/6/6 3869/6/6 3872/6/6
f 3872/6/6 3869/6/6 3873/6/6
f 3870/3/6 3871/3/6 3874/3/6
f 3874/3/6 3871/3/6 3875/3/6
f 3872/3/6 3873/3/6 3876/3/6
f 3876/3/6 3873/3/6 3877/3/6
f 3874/6/6 3875/6/6 3878/6/6
f 3878/6/6 3875/6/6 3879/6/6
f 3876/6/6 3877/6/6 3880/6/6
f 3880/6/6 3877/6/6 3881/6/6
f 3878/3/6 3879/3/6 3882/3/6
f 3882/3/6 3879/3/6 3883/3/6
f 3880/3/6 3881/3/6 3884/3/6
f 3884/3/6 3881/3/6 3885/3/6
f 3882/6/6 3883/6/6 3886/6/6
f 3886/6/6 3883/6/6 3887/6/6
f 3884/6/6 3885/6/6 3888/6/6
f 3888/6/6 3885/6/6 3889/6/6
f 3886/3/6 3887/3/6 3890/3/6
f 3890/3/6 3887/3/6 3891/3/6
f 3888/3/6 3889/3/6 3892/3/6
f 3892/3/6 3889/3/6 3893/3/6
f 3890/6/6 3891/6/6 3894/6/6
f 3894/6/6 3891/6/6 3895/6/6
f 3892/6/6 3893/6/6 3896/6/6
f 3896/6/6 3893/6/6 3897/6/6
f 3896/3/6 3897/3/6 3898/3/6
f 3898/3/6 3897/3/6 3899/3/6
f 3900/3/6 3901/3/6 3904/3/6
f 3904/3/6 3901/3/6 3905/3/6
f 3902/3/6 3903/3/6 3906/3/6
f 3906/3/6 3903/3/6 3907/3/6
f 3904/6/6 3905/6/6 3908/6/6
f 3908/6/6 3905/6/6 3909/6/6
f 3906/6/6 3907/6/6 3910/6/6
f 3910/6/6 3907/6/6 3911/6/6
f 3908/3/6 3909/3/6 3912/3/6
f 3912/3/6 3909/3/6 3913/3/6
f 3910/3/6 3911/3/6 3914/3/6
f 3914/3/6 3911/3/6 3915/3/6
f 3912/6/6 3913/6/6 3916/6/6
f 3916/6/6 3913/6/6 3917/6/6
f 3914/6/6 3915/6/6 3918/6/6
f 3918/6/6 3915/6/6 3919/6/6
f 3916/3/6 3917/3/6 3920/3/6
f 3920/3/6 3917/3/6 3921/3/6
f 3918/3/6 3919/3/6 3922/3/6
f 3922/3/6 3919/3/6 3923/3/6
f 3920/6/6 3921/6/6 3924/6/6
f 3924/6/6 3921/6/6 3925/6/6
f 3922/6/6 3923/6/6 3926/6/6
f 3926/6/6 3923/6/6 3927/6/6
f 3924/3/6 3925/3/6 3928/3/6
f 3928/3/6 3925/3/6 3929/3/6
f 3926/3/6 3927/3/6 3930/3/6
f 3930/3/6 3927/3/6 3931/3/6
f 3928/6/6 3929/6/6 3932/6/6
f 3932/6/6 3929/6/6 3933/6/6
f 3930/6/6 3931/6/6 3934/6/6
f 3934/6/6 3931/6/6 3935/6/6
f 3932/3/6 3933/3/6 3936/3/6
f 3936/3/6 3933/3/6 3937/3/6
f 3934/3/6 3935/3/6 3938/3/6
f 3938/3/6 3935/3/6 3939/3/6
f 3936/6/6 3937/6/6 3940/6/6
f 3940/6/6 3937/6/6 3941/6/6
f 3938/6/6 3939/6/6 3942/6/6
f 3942/6/6 3939/6/6 3943/6/6
f 3940/3/6 3941/3/6 3944/3/6
f 3944/3/6 3941/3/6 3945/3/6
f 3942/3/6 3943/3/6 3946/3/6
f 3946/3/6 3943/3/6 3947/3/6
f 3944/6/6 3945/6/6 3948/6/6
f 3948/6/6 3945/6/6 3949/6/6
f 3946/6/6 3947/6/6 3950/6/6
f 3950/6/6 3947/6/6 3951/6/6
f 3948/3/6 3949/3/6 3952/3/6
f 3952/3/6 3949/3/6 3953/3/6
f 3950/3/6 3951/3/6 3954/3/6
f 3954/3/6 3951/3/6 3955/3/6
f 3952/6/6 3953/6/6 3956/6/6
f 3956/6/6 3953/6/6 3957/6/6
f 3954/6/6 3955/6/6 3958/6/6
f 3958/6/6 3955/6/6 3959/6/6
f 3956/3/6 3957/3/6 3960/3/6
f 3960/3/6 3957/3/6 3961/3/6
f 3958/3/6 3959/3/6 3962/3/6
f 3962/3/6 3959/3/6 3963/3/6
f 3960/6/6 3961/6/6 3964/6/6
f 3964/6/6 3961/6/6 3965/6/6
f 3962/6/6 3963/6/6 3966/6/6
f 3966/6/6 3963/6/6 3967/6/6
f 3964/3/6 3965/3/6 3968/3/6
f 3968/3/6 3965/3/6 3969/3/6
f 3966/3/6 3967/3/6 3970/3/6
f 3970/3/6 3967/3/6 3971/3/6
f 3968/6/6 3969/6/6 3972/6/6
f 3972/6/6 3969/6/6 3973/6/6
f 3970/6/6 3971/6/6 3974/6/6
f 3974/6/6 3971/6/6 3975/6/6
f 3972/3/6 3973/3/6 3976/3/6
f 3976/3/6 3973/3/6 3977/3/6
f 3974/3/6 3975/3/6 3978/3/6
f 3978/3/6 3975/3/6 3979/3/6
f 3976/6/6 3977/6/6 3981/6/6
f 3981/6/6 3977/6/6 3982/6/6
f 3982/6/6 3977/6/6 3983/6/6
f 3978/6/6 3979/6/6 3984/6/6
f 3984/6/6 3979/6/6 3985/6/6
f 3980/1/6 3981/1/6 3986/1/6
f 3981/3/6 3982/3/6 3987/3/6
f 3986/1/6 3981/1/6 3987/1/6
f 3987/3/6 3982/3/6 3988/3/6
f 3988/3/6 3982/3/6 3989/3/6
f 3984/3/6 3985/3/6 3990/3/6
f 3990/3/6 3985/3/6 3991/3/6
f 3992/3/6 3993/3/6 3996/3/6
f 3996/3/6 3993/3/6 3997/3/6
f 3994/3/6 3995/3/6 4000/3/6
f 4000/3/6 3995/3/6 4001/3/6
f 3992/3/6 3996/3/6 4002/3/6
f 4002/3/6 3996/3/6 4003/3/6
f 3998/2/6 3999/2/6 4004/2/6
f 4004/2/6 3999/2/6 4005/2/6
f 4001/3/6 3995/3/6 4006/3/6
f 4006/3/6 3995/3/6 4007/3/6
f 4002/6/6 4003/6/6 4008/6/6
f 4008/6/6 4003/6/6 4009/6/6
f 4006/6/6 4007/6/6 4010/6/6
f 4010/6/6 4007/6/6 4011/6/6
f 4008/3/6 4009/3/6 4012/3/6
f 4012/3/6 4009/3/6 4013/3/6
f 4010/3/6 4011/3/6 4014/3/6
f 4014/3/6 4011/3/6 4015/3/6
f 4012/6/6 4013/6/6 4016/6/6
f 4016/6/6 4013/6/6 4017/6/6
f 4014/6/6 4015/6/6 4018/6/6
f 4018/6/6 4015/6/6 4019/6/6
f 4016/3/6 4017/3/6 4020/3/6
f 4020/3/6 4017/3/6 4021/3/6
f 4018/3/6 4019/3/6 4022/3/6
f 4022/3/6 4019/3/6 4023/3/6
f 4020/6/6 4021/6/6 4024/6/6
f 4024/6/6 4021/6/6 4025/6/6
f 4022/6/6 4023/6/6 4026/6/6
f 4026/6/6 4023/6/6 4027/6/6
f 4024/3/6 4025/3/6 4028/3/6
f 4028/3/6 4025/3/6 4029/3/6
f 4026/3/6 4027/3/6 4030/3/6
f 4030/3/6 4027/3/6 4031/3/6
f 4028/6/6 4029/6/6 4032/6/6
f 4032/6/6 4029/6/6 4033/6/6
f 4030/6/6 4031/6/6 4034/6/6
f 4034/6/6 4031/6/6 4035/6/6
f 4032/3/6 4033/3/6 4036/3/6
f 4036/3/6 4033/3/6 4037/3/6
f 4034/3/6 4035/3/6 4038/3/6
f 4038/3/6 4035/3/6 4039/3/6
f 4036/6/6 4037/6/6 4040/6/6
f 4040/6/6 4037/6/6 4041/6/6
f 4038/6/6 4039/6/6 4042/6/6
f 4042/6/6 4039/6/6 4043/6/6
f 4040/3/6 4041/3/6 4044/3/6
f 4044/3/6 4041/3/6 4045/3/6
f 4042/3/6 4043/3/6 4046/3/6
f 4046/3/6 4043/3/6 4047/3/6
f 4044/6/6 4045/6/6 4048/6/6
f 4048/6/6 4045/6/6 4049/6/6
f 4046/6/6 4047/6/6 4050/6/6
f 4050/6/6 4047/6/6 4051/6/6
f 4048/3/6 4049/3/6 4052/3/6
f 4052/3/6 4049/3/6 4053/3/6
f 4050/3/6 4051/3/6 4054/3/6
f 4054/3/6 4051/3/6 4055/3/6
f 4052/6/6 4053/6/6 4056/6/6
f 4056/6/6 4053/6/6 4057/6/6
f 4054/6/6 4055/6/6 4058/6/6
f 4058/6/6 4055/6/6 4059/6/6
f 4056/3/6 4057/3/6 4060/3/6
f 4060/3/6 4057/3/6 4061/3/6
f 4058/3/6 4059/3/6 4062/3/6
f 4062/3/6 4059/3/6 4063/3/6
f 4060/6/6 4061/6/6 4064/6/6
f 4064/6/6 4061/6/6 4065/6/6
f 4062/6/6 4063/6/6 4066/6/6
f 4066/6/6 4063/6/6 4067/6/6
f 4064/3/6 4065/3/6 4068/3/6
f 4068/3/6 4065/3/6 4069/3/6
f 4066/3/6 4067/3/6 4070/3/6
f 4070/3/6 4067/3/6 4071/3/6
f 4068/6/6 4069/6/6 4072/6/6
f 4072/6/6 4069/6/6 4073/6/6
f 4070/6/6 4071/6/6 4074/6/6
f 4074/6/6 4071/6/6 4075/6/6
f 4072/3/6 4073/3/6 4076/3/6
f 4076/3/6 4073/3/6 4077/3/6
f 4074/3/6 4075/3/6 4078/3/6
f 4078/3/6 4075/3/6 4079/3/6
f 4076/6/6 4077/6/6 4081/6/6
f 4081/6/6 4077/6/6 4082/6/6
f 4082/6/6 4077/6/6 4083/6/6
f 4078/6/6 4079/6/6 4084/6/6
f 4084/6/6 4079/6/6 4085/6/6
f 4080/1/6 4081/1/6 4088/1/6
f 4088/1/6 4081/1/6 4089/1/6
f 4082/3/6 4083/3/6 4090/3/6
f 4084/3/6 4085/3/6 4093/3/6
f 4086/1/6 4087/1/6 4094/1/6
f 4094/1/6 4087/1/6 4095/1/6
f 4090/3/6 4091/3/6 4096/3/6
f 4082/3/6 4090/3/6 4096/3/6
f 4096/3/6 4091/3/6 4097/3/6
f 4092/3/6 4093/3/6 4098/3/6
f 4093/3/6 4085/3/6 4099/3/6
f 4098/3/6 4093/3/6 4099/3/6
f 4100/1/6 4101/1/6 4102/1/6
f 4102/1/6 4101/1/6 4103/1/6
f 4104/2/6 4105/2/6 4108/2/6
f 4108/2/6 4105/2/6 4109/2/6
f 4106/2/6 4107/2/6 4110/2/6
f 4110/2/6 4107/2/6 4111/2/6
f 4112/1/6 4113/1/6 4116/1/6
f 4116/1/6 4113/1/6 4117/1/6
f 4114/1/6 4115/1/6 4118/1/6
f 4118/1/6 4115/1/6 4119/1/6
f 4122/2/6 4123/2/6 4126/2/6
f 4126/2/6 4123/2/6 4127/2/6
f 4120/3/6 4121/3/6 4128/3/6
f 4128/3/6 4121/3/6 4129/3/6
f 4124/3/6 4125/3/6 4130/3/6
f 4130/3/6 4125/3/6 4131/3/6
f 4128/6/6 4129/6/6 4132/6/6
f 4132/6/6 4129/6/6 4133/6/6
f 4130/6/6 4131/6/6 4134/6/6
f 4134/6/6 4131/6/6 4135/6/6
f 4132/3/6 4133/3/6 4136/3/6
f 4136/3/6 4133/3/6 4137/3/6
f 4134/3/6 4135/3/6 4138/3/6
f 4138/3/6 4135/3/6 4139/3/6
f 4136/6/6 4137/6/6 4140/6/6
f 4140/6/6 4137/6/6 4141/6/6
f 4138/6/6 4139/6/6 4142/6/6
f 4142/6/6 4139/6/6 4143/6/6
f 4140/3/6 4141/3/6 4144/3/6
f 4144/3/6 4141/3/6 4145/3/6
f 4142/3/6 4143/3/6 4146/3/6
f 4146/3/6 4143/3/6 4147/3/6
f 4144/6/6 4145/6/6 4148/6/6
f 4148/6/6 4145/6/6 4149/6/6
f 4146/6/6 4147/6/6 4150/6/6
f 4150/6/6 4147/6/6 4151/6/6
f 4148/3/6 4149/3/6 4152/3/6
f 4152/3/6 4149/3/6 4153/3/6
f 4150/3/6 4151/3/6 4154/3/6
f 4154/3/6 4151/3/6 4155/3/6
f 4152/6/6 4153/6/6 4156/6/6
f 4156/6/6 4153/6/6 4157/6/6
f 4154/6/6 4155/6/6 4158/6/6
f 4158/6/6 4155/6/6 4159/6/6
f 4156/3/6 4157/3/6 4160/3/6
f 4160/3/6 4157/3/6 4161/3/6
f 4158/3/6 4159/3/6 4162/3/6
f 4162/3/6 4159/3/6 4163/3/6
f 4160/6/6 4161/6/6 4164/6/6
f 4164/6/6 4161/6/6 4165/6/6
f 4162/6/6 4163/6/6 4166/6/6
f 4166/6/6 4163/6/6 4167/6/6
f 4164/3/6 4165/3/6 4168/3/6
f 4168/3/6 4165/3/6 4169/3/6
f 4166/3/6 4167/3/6 4170/3/6
f 4170/3/6 4167/3/6 4171/3/6
f 4168/6/6 4169/6/6 4172/6/6
f 4172/6/6 4169/6/6 4173/6/6
f 4170/6/6 4171/6/6 4174/6/6
f 4174/6/6 4171/6/6 4175/6/6
f 4172/3/6 4173/3/6 4176/3/6
f 4176/3/6 4173/3/6 4177/3/6
f 4174/3/6 4175/3/6 4178/3/6
f 4178/3/6 4175/3/6 4179/3/6
f 4176/6/6 4177/6/6 4180/6/6
f 4180/6/6 4177/6/6 4181/6/6
f 4178/6/6 4179/6/6 4182/6/6
f 4182/6/6 4179/6/6 4183/6/6
f 4180/3/6 4181/3/6 4184/3/6
f 4184/3/6 4181/3/6 4185/3/6
f 4182/3/6 4183/3/6 4186/3/6
f 4186/3/6 4183/3/6 4187/3/6
f 4184/6/6 4185/6/6 4188/6/6
f 4188/6/6 4185/6/6 4189/6/6
f 4186/6/6 4187/6/6 4190/6/6
f 4190/6/6 4187/6/6 4191/6/6
f 4188/3/6 4189/3/6 4192/3/6
f 4192/3/6 4189/3/6 4193/3/6
f 4190/3/6 4191/3/6 4194/3/6
f 4194/3/6 4191/3/6 4195/3/6
f 4192/6/6 4193/6/6 4196/6/6
f 4196/6/6 4193/6/6 4197/6/6
f 4194/6/6 4195/6/6 4198/6/6
f 4198/6/6 4195/6/6 4199/6/6
f 4196/3/6 4197/3/6 4200/3/6
f 4200/3/6 4197/3/6 4201/3/6
f 4198/3/6 4199/3/6 4202/3/6
f 4202/3/6 4199/3/6 4203/3/6
f 4200/6/6 4201/6/6 4204/6/6
f 4204/6/6 4201/6/6 4205/6/6
f 4202/6/6 4203/6/6 4206/6/6
f 4206/6/6 4203/6/6 4207/6/6
f 4204/3/6 4205/3/6 4208/3/6
f 4208/3/6 4205/3/6 4209/3/6
f 4209/3/6 4205/3/6 4210/3/6
f 4206/3/6 4207/3/6 4211/3/6
f 4211/3/6 4207/3/6 4212/3/6
f 4213/3/6 4214/3/6 4217/3/6
f 4217/3/6 4214/3/6 4218/3/6
f 4215/3/6 4216/3/6 4219/3/6
f 4219/3/6 4216/3/6 4220/3/6
f 4217/6/6 4218/6/6 4221/6/6
f 4221/6/6 4218/6/6 4222/6/6
f 4219/6/6 4220/6/6 4223/6/6
f 4223/6/6 4220/6/6 4224/6/6
f 4221/3/6 4222/3/6 4225/3/6
f 4225/3/6 4222/3/6 4226/3/6
f 4223/3/6 4224/3/6 4227/3/6
f 4227/3/6 4224/3/6 4228/3/6
f 4225/6/6 4226/6/6 4229/6/6
f 4229/6/6 4226/6/6 4230/6/6
f 4227/6/6 4228/6/6 4231/6/6
f 4231/6/6 4228/6/6 4232/6/6
f 4229/3/6 4230/3/6 4233/3/6
f 4233/3/6 4230/3/6 4234/3/6
f 4231/3/6 4232/3/6 4235/3/6
f 4235/3/6 4232/3/6 4236/3/6
f 4233/6/6 4234/6/6 4237/6/6
f 4237/6/6 4234/6/6 4238/6/6
f 4235/6/6 4236/6/6 4239/6/6
f 4239/6/6 4236/6/6 4240/6/6
f 4237/3/6 4238/3/6 4241/3/6
f 4241/3/6 4238/3/6 4242/3/6
f 4239/3/6 4240/3/6 4243/3/6
f 4243/3/6 4240/3/6 4244/3/6
f 4241/6/6 4242/6/6 4245/6/6
f 4245/6/6 4242/6/6 4246/6/6
f 4243/6/6 4244/6/6 4247/6/6
f 4247/6/6 4244/6/6 4248/6/6
f 4245/3/6 4246/3/6 4249/3/6
f 4249/3/6 4246/3/6 4250/3/6
f 4247/3/6 4248/3/6 4251/3/6
f 4251/3/6 4248/3/6 4252/3/6
f 4249/6/6 4250/6/6 4253/6/6
f 4253/6/6 4250/6/6 4254/6/6
f 4251/6/6 4252/6/6 4255/6/6
f 4255/6/6 4252/6/6 4256/6/6
f 4253/3/6 4254/3/6 4257/3/6
f 4257/3/6 4254/3/6 4258/3/6
f 4255/3/6 4256/3/6 4259/3/6
f 4259/3/6 4256/3/6 4260/3/6
f 4257/6/6 4258/6/6 4261/6/6
f 4261/6/6 4258/6/6 4262/6/6
f 4259/6/6 4260/6/6 4263/6/6
f 4263/6/6 4260/6/6 4264/6/6
f 4261/3/6 4262/3/6 4265/3/6
f 4265/3/6 4262/3/6 4266/3/6
f 4263/3/6 4264/3/6 4267/3/6
f 4267/3/6 4264/3/6 4268/3/6
f 4265/6/6 4266/6/6 4269/6/6
f 4269/6/6 4266/6/6 4270/6/6
f 4267/6/6 4268/6/6 4271/6/6
f 4271/6/6 4268/6/6 4272/6/6
f 4269/3/6 4270/3/6 4273/3/6
f 4273/3/6 4270/3/6 4274/3/6
f 4271/3/6 4272/3/6 4275/3/6
f 4275/3/6 4272/3/6 4276/3/6
f 4273/6/6 4274/6/6 4277/6/6
f 4277/6/6 4274/6/6 4278/6/6
f 4275/6/6 4276/6/6 4279/6/6
f 4279/6/6 4276/6/6 4280/6/6
f 4277/3/6 4278/3/6 4281/3/6
f 4281/3/6 4278/3/6 4282/3/6
f 4279/3/6 4280/3/6 4283/3/6
f 4283/3/6 4280/3/6 4284/3/6
f 4281/6/6 4282/6/6 4285/6/6
f 4285/6/6 4282/6/6 4286/6/6
f 4283/6/6 4284/6/6 4287/6/6
f 4287/6/6 4284/6/6 4288/6/6
f 4285/3/6 4286/3/6 4289/3/6
f 4289/3/6 4286/3/6 4290/3/6
f 4287/3/6 4288/3/6 4291/3/6
f 4291/3/6 4288/3/6 4292/3/6
f 4289/6/6 4290/6/6 4293/6/6
f 4293/6/6 4290/6/6 4294/6/6
f 4291/6/6 4292/6/6 4295/6/6
f 4295/6/6 4292/6/6 4296/6/6
f 4293/3/6 4294/3/6 4297/3/6
f 4297/3/6 4294/3/6 4298/3/6
f 4295/3/6 4296/3/6 4299/3/6
f 4299/3/6 4296/3/6 4300/3/6
f 4301/3/6 4302/3/6 4305/3/6
f 4305/3/6 4302/3/6 4306/3/6
f 4303/3/6 4304/3/6 4307/3/6
f 4307/3/6 4304/3/6 4308/3/6
f 4305/6/6 4306/6/6 4309/6/6
f 4309/6/6 4306/6/6 4310/6/6
f 4307/6/6 4308/6/6 4311/6/6
f 4311/6/6 4308/6/6 4312/6/6
f 4309/3/6 4310/3/6 4313/3/6
f 4313/3/6 4310/3/6 4314/3/6
f 4311/3/6 4312/3/6 4315/3/6
f 4315/3/6 4312/3/6 4316/3/6
f 4313/6/6 4314/6/6 4317/6/6
f 4317/6/6 4314/6/6 4318/6/6
f 4315/6/6 4316/6/6 4319/6/6
f 4319/6/6 4316/6/6 4320/6/6
f 4317/3/6 4318/3/6 4321/3/6
f 4321/3/6 4318/3/6 4322/3/6
f 4319/3/6 4320/3/6 4323/3/6
f 4323/3/6 4320/3/6 4324/3/6
f 4321/6/6 4322/6/6 4325/6/6
f 4325/6/6 4322/6/6 4326/6/6
f 4323/6/6 4324/6/6 4327/6/6
f 4327/6/6 4324/6/6 4328/6/6
f 4325/3/6 4326/3/6 4329/3/6
f 4329/3/6 4326/3/6 4330/3/6
f 4327/3/6 4328/3/6 4331/3/6
f 4331/3/6 4328/3/6 4332/3/6
f 4329/6/6 4330/6/6 4333/6/6
f 4333/6/6 4330/6/6 4334/6/6
f 4331/6/6 4332/6/6 4335/6/6
f 4335/6/6 4332/6/6 4336/6/6
f 4333/3/6 4334/3/6 4337/3/6
f 4337/3/6 4334/3/6 4338/3/6
f 4335/3/6 4336/3/6 4339/3/6
f 4339/3/6 4336/3/6 4340/3/6
f 4337/6/6 4338/6/6 4341/6/6
f 4341/6/6 4338/6/6 4342/6/6
f 4339/6/6 4340/6/6 4343/6/6
f 4343/6/6 4340/6/6 4344/6/6
f 4341/3/6 4342/3/6 4345/3/6
f 4345/3/6 4342/3/6 4346/3/6
f 4343/3/6 4344/3/6 4347/3/6
f 4347/3/6 4344/3/6 4348/3/6
f 4345/6/6 4346/6/6 4349/6/6
f 4349/6/6 4346/6/6 4350/6/6
f 4347/6/6 4348/6/6 4351/6/6
f 4351/6/6 4348/6/6 4352/6/6
f 4349/3/6 4350/3/6 4353/3/6
f 4353/3/6 4350/3/6 4354/3/6
f 4351/3/6 4352/3/6 4355/3/6
f 4355/3/6 4352/3/6 4356/3/6
f 4353/6/6 4354/6/6 4357/6/6
f 4357/6/6 4354/6/6 4358/6/6
f 4355/6/6 4356/6/6 4359/6/6
f 4359/6/6 4356/6/6 4360/6/6
f 4357/3/6 4358/3/6 4361/3/6
f 4361/3/6 4358/3/6 4362/3/6
f 4359/3/6 4360/3/6 4363/3/6
f 4363/3/6 4360/3/6 4364/3/6
f 4361/6/6 4362/6/6 4365/6/6
f 4365/6/6 4362/6/6 4366/6/6
f 4363/6/6 4364/6/6 4367/6/6
f 4367/6/6 4364/6/6 4368/6/6
f 4365/3/6 4366/3/6 4369/3/6
f 4369/3/6 4366/3/6 4370/3/6
f 4367/3/6 4368/3/6 4371/3/6
f 4371/3/6 4368/3/6 4372/3/6
f 4369/6/6 4370/6/6 4373/6/6
f 4373/6/6 4370/6/6 4374/6/6
f 4371/6/6 4372/6/6 4375/6/6
f 4375/6/6 4372/6/6 4376/6/6
f 4373/3/6 4374/3/6 4377/3/6
f 4377/3/6 4374/3/6 4378/3/6
f 4375/3/6 4376/3/6 4379/3/6
f 4379/3/6 4376/3/6 4380/3/6
f 4377/6/6 4378/6/6 4381/6/6
f 4381/6/6 4378/6/6 4382/6/6
f 4379/6/6 4380/6/6 4383/6/6
f 4383/6/6 4380/6/6 4384/6/6
f 4381/3/6 4382/3/6 4385/3/6
f 4385/3/6 4382/3/6 4386/3/6
f 4383/3/6 4384/3/6 4387/3/6
f 4387/3/6 4384/3/6 4388/3/6
f 4389/3/6 4390/3/6 4391/3/6
f 4391/3/6 4390/3/6 4392/3/6
f 4391/6/6 4392/6/6 4393/6/6
f 4393/6/6 4392/6/6 4394/6/6
f 4393/3/6 4394/3/6 4395/3/6
f 4395/3/6 4394/3/6 4396/3/6
f 4395/6/6 4396/6/6 4397/6/6
f 4397/6/6 4396/6/6 4398/6/6
f 4397/3/6 4398/3/6 4399/3/6
f 4399/3/6 4398/3/6 4400/3/6
f 4399/6/6 4400/6/6 4401/6/6
f 4401/6/6 4400/6/6 4402/6/6
f 4401/3/6 4402/3/6 4403/3/6
f 4403/3/6 4402/3/6 4404/3/6
f 4403/6/6 4404/6/6 4405/6/6
f 4405/6/6 4404/6/6 4406/6/6
f 4405/3/6 4406/3/6 4407/3/6
f 4407/3/6 4406/3/6 4408/3/6
f 4407/6/6 4408/6/6 4409/6/6
f 4409/6/6 4408/6/6 4410/6/6
f 4409/3/6 4410/3/6 4411/3/6
f 4411/3/6 4410/3/6 4412/3/6
f 4411/6/6 4412/6/6 4413/6/6
f 4413/6/6 4412/6/6 4414/6/6
f 4413/3/6 4414/3/6 4415/3/6
f 4415/3/6 4414/3/6 4416/3/6
f 4415/6/6 4416/6/6 4417/6/6
f 4417/6/6 4416/6/6 4418/6/6
f 4417/3/6 4418/3/6 4419/3/6
f 4419/3/6 4418/3/6 4420/3/6
f 4419/6/6 4420/6/6 4421/6/6
f 4421/6/6 4420/6/6 4422/6/6
f 4421/3/6 4422/3/6 4423/3/6
f 4423/3/6 4422/3/6 4424/3/6
f 4423/6/6 4424/6/6 4425/6/6
f 4425/6/6 4424/6/6 4426/6/6
f 4425/3/6 4426/3/6 4427/3/6
f 4427/3/6 4426/3/6 4428/3/6
f 4427/6/6 4428/6/6 4429/6/6
f 4429/6/6 4428/6/6 4430/6/6
f 4429/3/6 4430/3/6 4431/3/6
f 4431/3/6 4430/3/6 4432/3/6
f 4433/9/6 4434/9/6 4439/9/6
f 4439/9/6 4434/9/6 4440/9/6
f 4435/9/6 4436/9/6 4441/9/6
f 4441/9/6 4436/9/6 4442/9/6
f 4437/9/6 4438/9/6 4443/9/6
f 4443/9/6 4438/9/6 4444/9/6
f 4433/9/6 4439/9/6 4445/9/6
f 4440/9/6 4434/9/6 4446/9/6
f 4435/9/6 4441/9/6 4447/9/6
f 4442/9/6 4436/9/6 4448/9/6
f 4437/9/6 4443/9/6 4449/9/6
f 4444/9/6 4438/9/6 4450/9/6
f 4433/9/6 4445/9/6 4451/9/6
f 4445/9/6 4446/9/6 4451/9/6
f 4446/9/6 4434/9/6 4452/9/6
f 4451/9/6 4446/9/6 4452/9/6
f 4435/9/6 4447/9/6 4453/9/6
f 4447/9/6 4448/9/6 4453/9/6
f 4448/9/6 4436/9/6 4454/9/6
f 4453/9/6 4448/9/6 4454/9/6
f 4449/9/6 4450/9/6 4455/9/6
f 4437/9/6 4449/9/6 4455/9/6
f 4450/9/6 4438/9/6 4456/9/6
f 4455/9/6 4450/9/6 4456/9/6
