# MagicaVoxel @ Ephtracy

# group
o 

# material
mtllib Rein_Wall.mtl
usemtl palette

# normals
vn -1 0 0
vn 1 0 0
vn 0 0 1
vn 0 0 -1
vn 0 -1 0
vn 0 1 0

# texcoords
vt 0.00195312 0.5
vt 0.158203 0.5
vt 0.162109 0.5
vt 0.166016 0.5
vt 0.169922 0.5

# verts
v -2 0 2
v -2 0 0.5
v -2 0 0.3
v -2 0 -0.4
v -2 0 -1
v -2 0 -1.9
v -2 0 -2
v -2 0.1 1.1
v -2 0.1 0.9
v -2 0.1 0.7
v -2 0.1 0.5
v -2 0.1 0.4
v -2 0.1 0.3
v -2 0.1 -0.3
v -2 0.1 -0.4
v -2 0.1 -0.5
v -2 0.1 -0.6
v -2 0.1 -0.8
v -2 0.1 -0.9
v -2 0.1 -1
v -2 0.1 -1.5
v -2 0.1 -1.7
v -2 0.1 -1.8
v -2 0.1 -1.9
v -2 0.1 -2
v -2 0.2 2
v -2 0.2 1.1
v -2 0.2 0.9
v -2 0.2 0.7
v -2 0.2 0.4
v -2 0.2 -0.3
v -2 0.2 -0.5
v -2 0.2 -0.6
v -2 0.2 -0.8
v -2 0.2 -0.9
v -2 0.2 -1.5
v -2 0.2 -1.7
v -2 0.2 -1.8
v -2 0.2 -1.9
v -2 0.2 -2
v -1.9 0.2 1.9
v -1.9 0.2 1.1
v -1.9 0.2 0.9
v -1.9 0.2 0.7
v -1.9 0.2 0.5
v -1.9 0.2 0.4
v -1.9 0.2 0.0999999
v -1.9 0.2 -0.2
v -1.9 0.2 -0.3
v -1.9 0.2 -0.5
v -1.9 0.2 -0.6
v -1.9 0.2 -0.8
v -1.9 0.2 -0.9
v -1.9 0.2 -1.1
v -1.9 0.2 -1.5
v -1.9 0.2 -1.7
v -1.9 0.2 -1.8
v -1.9 0.2 -1.9
v -1.9 0.3 1.9
v -1.9 0.3 1.1
v -1.9 0.3 0.9
v -1.9 0.3 0.7
v -1.9 0.3 0.5
v -1.9 0.3 0.0999999
v -1.9 0.3 -0.2
v -1.9 0.3 -0.6
v -1.9 0.3 -0.8
v -1.9 0.3 -0.9
v -1.9 0.3 -1.1
v -1.9 0.3 -1.7
v -1.9 0.3 -1.8
v -1.9 0.3 -1.9
v -1 0.3 1.7
v -1 0.3 1.6
v -1 0.3 1.4
v -1 0.3 0.7
v -1 0.3 0.4
v -1 0.3 -0.4
v -1 0.3 -0.5
v -1 0.3 -0.6
v -1 0.3 -0.7
v -1 0.3 -1.4
v -1 0.3 -1.5
v -1 0.3 -1.7
v -1 0.6 1.7
v -1 0.6 1.4
v -1 0.6 0.7
v -1 0.6 0.4
v -1 0.6 -0.4
v -1 0.6 -0.7
v -1 0.6 -1.4
v -1 0.6 -1.7
v -0.9 0.6 1.7
v -0.9 0.6 1.4
v -0.9 0.6 0.7
v -0.9 0.6 0.4
v -0.9 0.6 -0.4
v -0.9 0.6 -0.7
v -0.9 0.6 -1.4
v -0.9 0.6 -1.7
v -0.9 1.6 1.7
v -0.9 1.6 1.4
v -0.9 1.6 0.7
v -0.9 1.6 0.4
v -0.9 1.6 -0.4
v -0.9 1.6 -0.7
v -0.9 1.6 -1.4
v -0.9 1.6 -1.7
v -0.8 1.6 1.7
v -0.8 1.6 1.4
v -0.8 1.6 0.7
v -0.8 1.6 0.4
v -0.8 1.6 -0.4
v -0.8 1.6 -0.7
v -0.8 1.6 -1.4
v -0.8 1.6 -1.7
v -0.8 2.6 1.7
v -0.8 2.6 1.4
v -0.8 2.6 0.7
v -0.8 2.6 0.4
v -0.8 2.6 -0.4
v -0.8 2.6 -0.7
v -0.8 2.6 -1.4
v -0.8 2.6 -1.7
v -0.8 3.3 1.9
v -0.8 3.3 -1.9
v -0.8 3.6 1.9
v -0.8 3.6 -1.9
v -0.7 2.6 1.7
v -0.7 2.6 1.4
v -0.7 2.6 0.7
v -0.7 2.6 0.4
v -0.7 2.6 -0.4
v -0.7 2.6 -0.7
v -0.7 2.6 -1.4
v -0.7 2.6 -1.7
v -0.7 3.2 1.7
v -0.7 3.2 1.4
v -0.7 3.2 0.7
v -0.7 3.2 0.4
v -0.7 3.2 -0.4
v -0.7 3.2 -0.7
v -0.7 3.2 -1.4
v -0.7 3.2 -1.7
v -0.7 3.6 1.8
v -0.7 3.6 -1.8
v -0.7 3.7 1.8
v -0.7 3.7 -1.8
v -0.6 0.3 1.8
v -0.6 0.3 1.7
v -0.6 0.3 1.4
v -0.6 0.3 0.7
v -0.6 0.3 0.4
v -0.6 0.3 0.0999999
v -0.6 0.3 -0.4
v -0.6 0.3 -0.7
v -0.6 0.3 -1.2
v -0.6 0.3 -1.4
v -0.6 0.3 -1.7
v -0.6 0.3 -1.8
v -0.6 0.4 1.4
v -0.6 0.4 0.7
v -0.6 0.4 0.4
v -0.6 0.4 -0.4
v -0.6 0.4 -0.7
v -0.6 0.4 -1.4
v -0.6 3.2 1.8
v -0.6 3.2 1.7
v -0.6 3.2 1.4
v -0.6 3.2 0.7
v -0.6 3.2 0.4
v -0.6 3.2 -0.4
v -0.6 3.2 -0.7
v -0.6 3.2 -1.4
v -0.6 3.2 -1.7
v -0.6 3.2 -1.8
v -0.6 3.3 1.7
v -0.6 3.3 -1.7
v -0.5 0.4 1.4
v -0.5 0.4 0.7
v -0.5 0.4 0.4
v -0.5 0.4 -0.4
v -0.5 0.4 -0.7
v -0.5 0.4 -1.4
v -0.5 0.6 1.4
v -0.5 0.6 0.7
v -0.5 0.6 0.4
v -0.5 0.6 -0.4
v -0.5 0.6 -0.7
v -0.5 0.6 -1.4
v -0.5 1.7 1.4
v -0.5 1.7 0.7
v -0.5 1.7 0.4
v -0.5 1.7 -0.4
v -0.5 1.7 -0.7
v -0.5 1.7 -1.4
v -0.5 2 1.4
v -0.5 2 0.7
v -0.5 2 0.4
v -0.5 2 -0.4
v -0.5 2 -0.7
v -0.5 2 -1.4
v -0.5 3 1.4
v -0.5 3 0.7
v -0.5 3 0.4
v -0.5 3 -0.4
v -0.5 3 -0.7
v -0.5 3 -1.4
v -0.5 3.2 1.4
v -0.5 3.2 0.7
v -0.5 3.2 0.4
v -0.5 3.2 -0.4
v -0.5 3.2 -0.7
v -0.5 3.2 -1.4
v -0.4 0.6 1.4
v -0.4 0.6 0.7
v -0.4 0.6 0.4
v -0.4 0.6 -0.4
v -0.4 0.6 -0.7
v -0.4 0.6 -1.4
v -0.4 1.7 1.4
v -0.4 1.7 0.7
v -0.4 1.7 0.4
v -0.4 1.7 -0.4
v -0.4 1.7 -0.7
v -0.4 1.7 -1.4
v -0.4 2 1.4
v -0.4 2 0.7
v -0.4 2 0.4
v -0.4 2 -0.4
v -0.4 2 -0.7
v -0.4 2 -1.4
v -0.4 3 1.4
v -0.4 3 0.7
v -0.4 3 0.4
v -0.4 3 -0.4
v -0.4 3 -0.7
v -0.4 3 -1.4
v 0.3 0.3 1.8
v 0.3 0.3 1.7
v 0.3 0.3 -1.7
v 0.3 0.3 -1.8
v 0.3 0.4 1.7
v 0.3 0.4 1.6
v 0.3 0.4 -1.6
v 0.3 0.4 -1.7
v 0.3 0.6 1.6
v 0.3 0.6 1.5
v 0.3 0.6 -1.5
v 0.3 0.6 -1.6
v 0.3 1.7 1.6
v 0.3 1.7 1.5
v 0.3 1.7 -1.5
v 0.3 1.7 -1.6
v 0.3 2 1.6
v 0.3 2 1.5
v 0.3 2 -1.5
v 0.3 2 -1.6
v 0.3 3 1.6
v 0.3 3 1.5
v 0.3 3 -1.5
v 0.3 3 -1.6
v 0.3 3.2 1.8
v 0.3 3.2 1.7
v 0.3 3.2 1.6
v 0.3 3.2 -1.6
v 0.3 3.2 -1.7
v 0.3 3.2 -1.8
v 0.3 3.5 1.4
v 0.3 3.5 0.9
v 0.3 3.5 0.7
v 0.3 3.5 0.2
v 0.3 3.5 -0.2
v 0.3 3.5 -0.7
v 0.3 3.5 -0.9
v 0.3 3.5 -1.4
v 0.3 3.6 1.4
v 0.3 3.6 0.9
v 0.3 3.6 0.7
v 0.3 3.6 0.2
v 0.3 3.6 -0.2
v 0.3 3.6 -0.7
v 0.3 3.6 -0.9
v 0.3 3.6 -1.4
v 0.5 3.6 1.6
v 0.5 3.6 0.0999999
v 0.5 3.6 -0.1
v 0.5 3.6 -1.6
v 0.5 3.7 1.6
v 0.5 3.7 0.0999999
v 0.5 3.7 -0.1
v 0.5 3.7 -1.6
v -0.5 3.6 1.6
v -0.5 3.6 0.0999999
v -0.5 3.6 -0.1
v -0.5 3.6 -1.6
v -0.5 3.7 1.6
v -0.5 3.7 0.0999999
v -0.5 3.7 -0.1
v -0.5 3.7 -1.6
v -0.3 0.3 1.8
v -0.3 0.3 1.7
v -0.3 0.3 -1.7
v -0.3 0.3 -1.8
v -0.3 0.4 1.7
v -0.3 0.4 1.6
v -0.3 0.4 -1.6
v -0.3 0.4 -1.7
v -0.3 0.6 1.6
v -0.3 0.6 1.5
v -0.3 0.6 -1.5
v -0.3 0.6 -1.6
v -0.3 1.7 1.6
v -0.3 1.7 1.5
v -0.3 1.7 -1.5
v -0.3 1.7 -1.6
v -0.3 2 1.6
v -0.3 2 1.5
v -0.3 2 -1.5
v -0.3 2 -1.6
v -0.3 3 1.6
v -0.3 3 1.5
v -0.3 3 -1.5
v -0.3 3 -1.6
v -0.3 3.2 1.8
v -0.3 3.2 1.7
v -0.3 3.2 1.6
v -0.3 3.2 -1.6
v -0.3 3.2 -1.7
v -0.3 3.2 -1.8
v -0.3 3.5 1.4
v -0.3 3.5 0.9
v -0.3 3.5 0.7
v -0.3 3.5 0.2
v -0.3 3.5 -0.2
v -0.3 3.5 -0.7
v -0.3 3.5 -0.9
v -0.3 3.5 -1.4
v -0.3 3.6 1.4
v -0.3 3.6 0.9
v -0.3 3.6 0.7
v -0.3 3.6 0.2
v -0.3 3.6 -0.2
v -0.3 3.6 -0.7
v -0.3 3.6 -0.9
v -0.3 3.6 -1.4
v 0.4 0.6 1.4
v 0.4 0.6 0.7
v 0.4 0.6 0.4
v 0.4 0.6 -0.4
v 0.4 0.6 -0.7
v 0.4 0.6 -1.4
v 0.4 1.7 1.4
v 0.4 1.7 0.7
v 0.4 1.7 0.4
v 0.4 1.7 -0.4
v 0.4 1.7 -0.7
v 0.4 1.7 -1.4
v 0.4 2 1.4
v 0.4 2 0.7
v 0.4 2 0.4
v 0.4 2 -0.4
v 0.4 2 -0.7
v 0.4 2 -1.4
v 0.4 3 1.4
v 0.4 3 0.7
v 0.4 3 0.4
v 0.4 3 -0.4
v 0.4 3 -0.7
v 0.4 3 -1.4
v 0.5 0.4 1.4
v 0.5 0.4 0.7
v 0.5 0.4 0.4
v 0.5 0.4 -0.4
v 0.5 0.4 -0.7
v 0.5 0.4 -1.4
v 0.5 0.6 1.4
v 0.5 0.6 0.7
v 0.5 0.6 0.4
v 0.5 0.6 -0.4
v 0.5 0.6 -0.7
v 0.5 0.6 -1.4
v 0.5 1.7 1.4
v 0.5 1.7 0.7
v 0.5 1.7 0.4
v 0.5 1.7 -0.4
v 0.5 1.7 -0.7
v 0.5 1.7 -1.4
v 0.5 2 1.4
v 0.5 2 0.7
v 0.5 2 0.4
v 0.5 2 -0.4
v 0.5 2 -0.7
v 0.5 2 -1.4
v 0.5 3 1.4
v 0.5 3 0.7
v 0.5 3 0.4
v 0.5 3 -0.4
v 0.5 3 -0.7
v 0.5 3 -1.4
v 0.5 3.2 1.4
v 0.5 3.2 0.7
v 0.5 3.2 0.4
v 0.5 3.2 -0.4
v 0.5 3.2 -0.7
v 0.5 3.2 -1.4
v 0.6 0.3 1.8
v 0.6 0.3 1.7
v 0.6 0.3 1.4
v 0.6 0.3 1.2
v 0.6 0.3 0.8
v 0.6 0.3 0.7
v 0.6 0.3 0.4
v 0.6 0.3 0.0999999
v 0.6 0.3 -0.1
v 0.6 0.3 -0.3
v 0.6 0.3 -0.4
v 0.6 0.3 -0.7
v 0.6 0.3 -0.8
v 0.6 0.3 -1.4
v 0.6 0.3 -1.7
v 0.6 0.3 -1.8
v 0.6 0.4 1.4
v 0.6 0.4 0.7
v 0.6 0.4 0.4
v 0.6 0.4 -0.4
v 0.6 0.4 -0.7
v 0.6 0.4 -1.4
v 0.6 3.2 1.8
v 0.6 3.2 1.7
v 0.6 3.2 1.4
v 0.6 3.2 0.7
v 0.6 3.2 0.4
v 0.6 3.2 -0.4
v 0.6 3.2 -0.7
v 0.6 3.2 -1.4
v 0.6 3.2 -1.7
v 0.6 3.2 -1.8
v 0.6 3.3 1.7
v 0.6 3.3 -1.7
v 0.7 2.6 1.7
v 0.7 2.6 1.4
v 0.7 2.6 0.7
v 0.7 2.6 0.4
v 0.7 2.6 -0.4
v 0.7 2.6 -0.7
v 0.7 2.6 -1.4
v 0.7 2.6 -1.7
v 0.7 3.2 1.7
v 0.7 3.2 1.4
v 0.7 3.2 0.7
v 0.7 3.2 0.4
v 0.7 3.2 -0.4
v 0.7 3.2 -0.7
v 0.7 3.2 -1.4
v 0.7 3.2 -1.7
v 0.7 3.6 1.8
v 0.7 3.6 -1.8
v 0.7 3.7 1.8
v 0.7 3.7 -1.8
v 0.8 1.6 1.7
v 0.8 1.6 1.4
v 0.8 1.6 0.7
v 0.8 1.6 0.4
v 0.8 1.6 -0.4
v 0.8 1.6 -0.7
v 0.8 1.6 -1.4
v 0.8 1.6 -1.7
v 0.8 2.6 1.7
v 0.8 2.6 1.4
v 0.8 2.6 0.7
v 0.8 2.6 0.4
v 0.8 2.6 -0.4
v 0.8 2.6 -0.7
v 0.8 2.6 -1.4
v 0.8 2.6 -1.7
v 0.8 3.3 1.9
v 0.8 3.3 -1.9
v 0.8 3.6 1.9
v 0.8 3.6 -1.9
v 0.9 0.6 1.7
v 0.9 0.6 1.4
v 0.9 0.6 0.7
v 0.9 0.6 0.4
v 0.9 0.6 -0.4
v 0.9 0.6 -0.7
v 0.9 0.6 -1.4
v 0.9 0.6 -1.7
v 0.9 1.6 1.7
v 0.9 1.6 1.4
v 0.9 1.6 0.7
v 0.9 1.6 0.4
v 0.9 1.6 -0.4
v 0.9 1.6 -0.7
v 0.9 1.6 -1.4
v 0.9 1.6 -1.7
v 1 0.3 1.7
v 1 0.3 1.5
v 1 0.3 1.4
v 1 0.3 0.7
v 1 0.3 0.6
v 1 0.3 0.5
v 1 0.3 0.4
v 1 0.3 -0.4
v 1 0.3 -0.7
v 1 0.3 -1.4
v 1 0.3 -1.7
v 1 0.6 1.7
v 1 0.6 1.4
v 1 0.6 0.7
v 1 0.6 0.4
v 1 0.6 -0.4
v 1 0.6 -0.7
v 1 0.6 -1.4
v 1 0.6 -1.7
v 1.9 0.2 1.9
v 1.9 0.2 1.8
v 1.9 0.2 1.7
v 1.9 0.2 1.6
v 1.9 0.2 1.5
v 1.9 0.2 1.4
v 1.9 0.2 1.3
v 1.9 0.2 1.2
v 1.9 0.2 1.1
v 1.9 0.2 0.6
v 1.9 0.2 0.4
v 1.9 0.2 0.3
v 1.9 0.2 0.2
v 1.9 0.2 0.0999999
v 1.9 0.2 -0.1
v 1.9 0.2 -0.2
v 1.9 0.2 -0.4
v 1.9 0.2 -0.8
v 1.9 0.2 -1
v 1.9 0.2 -1.1
v 1.9 0.2 -1.2
v 1.9 0.2 -1.3
v 1.9 0.2 -1.4
v 1.9 0.2 -1.6
v 1.9 0.2 -1.7
v 1.9 0.2 -1.9
v 1.9 0.3 1.9
v 1.9 0.3 1.8
v 1.9 0.3 1.7
v 1.9 0.3 1.6
v 1.9 0.3 1.5
v 1.9 0.3 1.4
v 1.9 0.3 1.1
v 1.9 0.3 0.6
v 1.9 0.3 0.4
v 1.9 0.3 0.3
v 1.9 0.3 0.0999999
v 1.9 0.3 -0.2
v 1.9 0.3 -0.4
v 1.9 0.3 -1.2
v 1.9 0.3 -1.3
v 1.9 0.3 -1.4
v 1.9 0.3 -1.7
v 1.9 0.3 -1.9
v 2 0 2
v 2 0 1.7
v 2 0 1.6
v 2 0 1.5
v 2 0 1.2
v 2 0 0.3
v 2 0 0.2
v 2 0 0.0999999
v 2 0 -2.38419e-07
v 2 0 -0.1
v 2 0 -0.3
v 2 0 -1
v 2 0 -1.5
v 2 0 -2
v 2 0.1 2
v 2 0.1 1.9
v 2 0.1 1.7
v 2 0.1 1.5
v 2 0.1 1.3
v 2 0.1 1.2
v 2 0.1 1.1
v 2 0.1 0.4
v 2 0.1 0.3
v 2 0.1 0.2
v 2 0.1 0.0999999
v 2 0.1 -2.38419e-07
v 2 0.1 -0.1
v 2 0.1 -0.3
v 2 0.1 -0.4
v 2 0.1 -0.8
v 2 0.1 -1
v 2 0.1 -1.1
v 2 0.1 -1.3
v 2 0.1 -1.5
v 2 0.1 -1.6
v 2 0.2 2
v 2 0.2 1.9
v 2 0.2 1.6
v 2 0.2 1.5
v 2 0.2 1.3
v 2 0.2 1.2
v 2 0.2 1.1
v 2 0.2 0.4
v 2 0.2 0.3
v 2 0.2 0.2
v 2 0.2 0.0999999
v 2 0.2 -0.1
v 2 0.2 -0.4
v 2 0.2 -0.8
v 2 0.2 -1
v 2 0.2 -1.1
v 2 0.2 -1.3
v 2 0.2 -1.6
v 2 0.2 -2
v -2 0 2
v -2 0.2 2
v -1.4 0.1 2
v -1.4 0.2 2
v -1 0 2
v -1 0.1 2
v -0.9 0 2
v -0.9 0.1 2
v -0.9 0.2 2
v -0.8 0 2
v -0.8 0.1 2
v -0.8 0.2 2
v -0.7 0 2
v -0.7 0.2 2
v -0.5 0 2
v -0.5 0.1 2
v -0.5 0.2 2
v -0.4 0.1 2
v -0.4 0.2 2
v -0.0999999 0 2
v -0.0999999 0.2 2
v 2.38419e-07 0 2
v 2.38419e-07 0.1 2
v 0.1 0.1 2
v 0.1 0.2 2
v 0.2 0.1 2
v 0.2 0.2 2
v 0.3 0 2
v 0.3 0.1 2
v 0.4 0 2
v 0.4 0.2 2
v 0.5 0.1 2
v 0.5 0.2 2
v 0.6 0 2
v 0.6 0.1 2
v 0.6 0.2 2
v 0.8 0 2
v 0.8 0.1 2
v 0.8 0.2 2
v 1 0.1 2
v 1 0.2 2
v 1.2 0.1 2
v 1.2 0.2 2
v 1.3 0.1 2
v 1.3 0.2 2
v 1.4 0 2
v 1.4 0.1 2
v 1.4 0.2 2
v 1.5 0 2
v 1.5 0.1 2
v 1.6 0 2
v 1.6 0.1 2
v 1.6 0.2 2
v 1.8 0 2
v 1.8 0.1 2
v 1.8 0.2 2
v 2 0 2
v 2 0.1 2
v 2 0.2 2
v -1.9 0.2 1.9
v -1.9 0.3 1.9
v -1.6 0.2 1.9
v -1.6 0.3 1.9
v -1.4 0.2 1.9
v -1 0.2 1.9
v -1 0.3 1.9
v -0.9 0.2 1.9
v -0.8 0.2 1.9
v -0.8 0.3 1.9
v -0.8 3.3 1.9
v -0.8 3.6 1.9
v -0.7 0.2 1.9
v -0.6 0.2 1.9
v -0.6 0.3 1.9
v -0.5 0.2 1.9
v -0.4 0.2 1.9
v -0.0999999 0.2 1.9
v 0.1 0.2 1.9
v 0.2 0.2 1.9
v 0.2 0.3 1.9
v 0.4 0.2 1.9
v 0.4 0.3 1.9
v 0.5 0.2 1.9
v 0.5 0.3 1.9
v 0.6 0.2 1.9
v 0.6 0.3 1.9
v 0.7 0.2 1.9
v 0.7 0.3 1.9
v 0.8 0.2 1.9
v 0.8 3.3 1.9
v 0.8 3.6 1.9
v 1 0.2 1.9
v 1 0.3 1.9
v 1.2 0.2 1.9
v 1.3 0.2 1.9
v 1.4 0.2 1.9
v 1.5 0.2 1.9
v 1.5 0.3 1.9
v 1.6 0.2 1.9
v 1.7 0.2 1.9
v 1.7 0.3 1.9
v 1.8 0.2 1.9
v 1.9 0.2 1.9
v 1.9 0.3 1.9
v -0.7 3.6 1.8
v -0.7 3.7 1.8
v -0.6 0.3 1.8
v -0.6 3.2 1.8
v -0.3 0.3 1.8
v -0.3 3.2 1.8
v 0.3 0.3 1.8
v 0.3 3.2 1.8
v 0.4 0.3 1.8
v 0.5 0.3 1.8
v 0.6 0.3 1.8
v 0.6 3.2 1.8
v 0.7 3.6 1.8
v 0.7 3.7 1.8
v -1 0.3 1.7
v -1 0.6 1.7
v -0.9 0.6 1.7
v -0.9 1.6 1.7
v -0.8 1.6 1.7
v -0.8 2.6 1.7
v -0.7 2.6 1.7
v -0.7 3.2 1.7
v -0.6 0.3 1.7
v -0.6 3.2 1.7
v -0.6 3.3 1.7
v -0.3 0.3 1.7
v -0.3 0.4 1.7
v -0.3 3.2 1.7
v -0.2 0.3 1.7
v 0.3 0.3 1.7
v 0.3 0.4 1.7
v 0.3 3.2 1.7
v 0.6 0.3 1.7
v 0.6 3.2 1.7
v 0.6 3.3 1.7
v 0.7 2.6 1.7
v 0.7 3.2 1.7
v 0.8 1.6 1.7
v 0.8 2.6 1.7
v 0.9 0.6 1.7
v 0.9 1.6 1.7
v 1 0.3 1.7
v 1 0.6 1.7
v -0.3 0.4 1.6
v -0.3 0.6 1.6
v -0.3 1.7 1.6
v -0.3 2 1.6
v -0.3 3 1.6
v -0.3 3.2 1.6
v 0.3 0.4 1.6
v 0.3 0.6 1.6
v 0.3 1.7 1.6
v 0.3 2 1.6
v 0.3 3 1.6
v 0.3 3.2 1.6
v -0.3 0.6 1.5
v -0.3 1.7 1.5
v -0.3 2 1.5
v -0.3 3 1.5
v 0.3 0.6 1.5
v 0.3 1.7 1.5
v 0.3 2 1.5
v 0.3 3 1.5
v -0.3 3.5 0.9
v -0.3 3.6 0.9
v 0.3 3.5 0.9
v 0.3 3.6 0.9
v -1 0.3 0.7
v -1 0.6 0.7
v -0.9 0.6 0.7
v -0.9 1.6 0.7
v -0.8 1.6 0.7
v -0.8 2.6 0.7
v -0.7 2.6 0.7
v -0.7 3.2 0.7
v -0.6 0.3 0.7
v -0.6 0.4 0.7
v -0.6 3.2 0.7
v -0.5 0.4 0.7
v -0.5 0.6 0.7
v -0.5 1.7 0.7
v -0.5 2 0.7
v -0.5 3 0.7
v -0.5 3.2 0.7
v -0.4 0.6 0.7
v -0.4 1.7 0.7
v -0.4 2 0.7
v -0.4 3 0.7
v 0.4 0.6 0.7
v 0.4 1.7 0.7
v 0.4 2 0.7
v 0.4 3 0.7
v 0.5 0.4 0.7
v 0.5 0.6 0.7
v 0.5 1.7 0.7
v 0.5 2 0.7
v 0.5 3 0.7
v 0.5 3.2 0.7
v 0.6 0.3 0.7
v 0.6 0.4 0.7
v 0.6 3.2 0.7
v 0.7 0.3 0.7
v 0.7 2.6 0.7
v 0.7 3.2 0.7
v 0.8 1.6 0.7
v 0.8 2.6 0.7
v 0.9 0.6 0.7
v 0.9 1.6 0.7
v 1 0.3 0.7
v 1 0.6 0.7
v -0.3 3.5 0.2
v -0.3 3.6 0.2
v 0.3 3.5 0.2
v 0.3 3.6 0.2
v -0.5 3.6 0.0999999
v -0.5 3.7 0.0999999
v 0.5 3.6 0.0999999
v 0.5 3.7 0.0999999
v -1 0.3 -0.4
v -1 0.6 -0.4
v -0.9 0.3 -0.4
v -0.9 0.6 -0.4
v -0.9 1.6 -0.4
v -0.8 1.6 -0.4
v -0.8 2.6 -0.4
v -0.7 2.6 -0.4
v -0.7 3.2 -0.4
v -0.6 0.3 -0.4
v -0.6 0.4 -0.4
v -0.6 3.2 -0.4
v -0.5 0.4 -0.4
v -0.5 0.6 -0.4
v -0.5 1.7 -0.4
v -0.5 2 -0.4
v -0.5 3 -0.4
v -0.5 3.2 -0.4
v -0.4 0.6 -0.4
v -0.4 1.7 -0.4
v -0.4 2 -0.4
v -0.4 3 -0.4
v 0.4 0.6 -0.4
v 0.4 1.7 -0.4
v 0.4 2 -0.4
v 0.4 3 -0.4
v 0.5 0.4 -0.4
v 0.5 0.6 -0.4
v 0.5 1.7 -0.4
v 0.5 2 -0.4
v 0.5 3 -0.4
v 0.5 3.2 -0.4
v 0.6 0.3 -0.4
v 0.6 0.4 -0.4
v 0.6 3.2 -0.4
v 0.7 2.6 -0.4
v 0.7 3.2 -0.4
v 0.8 0.3 -0.4
v 0.8 1.6 -0.4
v 0.8 2.6 -0.4
v 0.9 0.3 -0.4
v 0.9 0.6 -0.4
v 0.9 1.6 -0.4
v 1 0.3 -0.4
v 1 0.6 -0.4
v -0.3 3.5 -0.7
v -0.3 3.6 -0.7
v 0.3 3.5 -0.7
v 0.3 3.6 -0.7
v -1 0.3 -1.4
v -1 0.6 -1.4
v -0.9 0.3 -1.4
v -0.9 0.6 -1.4
v -0.9 1.6 -1.4
v -0.8 1.6 -1.4
v -0.8 2.6 -1.4
v -0.7 0.3 -1.4
v -0.7 2.6 -1.4
v -0.7 3.2 -1.4
v -0.6 0.3 -1.4
v -0.6 0.4 -1.4
v -0.6 3.2 -1.4
v -0.5 0.4 -1.4
v -0.5 0.6 -1.4
v -0.5 1.7 -1.4
v -0.5 2 -1.4
v -0.5 3 -1.4
v -0.5 3.2 -1.4
v -0.4 0.6 -1.4
v -0.4 1.7 -1.4
v -0.4 2 -1.4
v -0.4 3 -1.4
v -0.3 3.5 -1.4
v -0.3 3.6 -1.4
v 0.3 3.5 -1.4
v 0.3 3.6 -1.4
v 0.4 0.6 -1.4
v 0.4 1.7 -1.4
v 0.4 2 -1.4
v 0.4 3 -1.4
v 0.5 0.4 -1.4
v 0.5 0.6 -1.4
v 0.5 1.7 -1.4
v 0.5 2 -1.4
v 0.5 3 -1.4
v 0.5 3.2 -1.4
v 0.6 0.3 -1.4
v 0.6 0.4 -1.4
v 0.6 3.2 -1.4
v 0.7 0.3 -1.4
v 0.7 2.6 -1.4
v 0.7 3.2 -1.4
v 0.8 1.6 -1.4
v 0.8 2.6 -1.4
v 0.9 0.6 -1.4
v 0.9 1.6 -1.4
v 1 0.3 -1.4
v 1 0.6 -1.4
v -0.5 3.6 -1.6
v -0.5 3.7 -1.6
v 0.5 3.6 -1.6
v 0.5 3.7 -1.6
v -0.5 3.6 1.6
v -0.5 3.7 1.6
v 0.5 3.6 1.6
v 0.5 3.7 1.6
v -1 0.3 1.4
v -1 0.6 1.4
v -0.9 0.3 1.4
v -0.9 0.6 1.4
v -0.9 1.6 1.4
v -0.8 1.6 1.4
v -0.8 2.6 1.4
v -0.7 2.6 1.4
v -0.7 3.2 1.4
v -0.6 0.3 1.4
v -0.6 0.4 1.4
v -0.6 3.2 1.4
v -0.5 0.4 1.4
v -0.5 0.6 1.4
v -0.5 1.7 1.4
v -0.5 2 1.4
v -0.5 3 1.4
v -0.5 3.2 1.4
v -0.4 0.6 1.4
v -0.4 1.7 1.4
v -0.4 2 1.4
v -0.4 3 1.4
v -0.3 3.5 1.4
v -0.3 3.6 1.4
v 0.3 3.5 1.4
v 0.3 3.6 1.4
v 0.4 0.6 1.4
v 0.4 1.7 1.4
v 0.4 2 1.4
v 0.4 3 1.4
v 0.5 0.4 1.4
v 0.5 0.6 1.4
v 0.5 1.7 1.4
v 0.5 2 1.4
v 0.5 3 1.4
v 0.5 3.2 1.4
v 0.6 0.3 1.4
v 0.6 0.4 1.4
v 0.6 3.2 1.4
v 0.7 2.6 1.4
v 0.7 3.2 1.4
v 0.8 0.3 1.4
v 0.8 1.6 1.4
v 0.8 2.6 1.4
v 0.9 0.3 1.4
v 0.9 0.6 1.4
v 0.9 1.6 1.4
v 1 0.3 1.4
v 1 0.6 1.4
v -0.3 3.5 0.7
v -0.3 3.6 0.7
v 0.3 3.5 0.7
v 0.3 3.6 0.7
v -1 0.3 0.4
v -1 0.6 0.4
v -0.9 0.3 0.4
v -0.9 0.6 0.4
v -0.9 1.6 0.4
v -0.8 0.3 0.4
v -0.8 1.6 0.4
v -0.8 2.6 0.4
v -0.7 2.6 0.4
v -0.7 3.2 0.4
v -0.6 0.3 0.4
v -0.6 0.4 0.4
v -0.6 3.2 0.4
v -0.5 0.4 0.4
v -0.5 0.6 0.4
v -0.5 1.7 0.4
v -0.5 2 0.4
v -0.5 3 0.4
v -0.5 3.2 0.4
v -0.4 0.6 0.4
v -0.4 1.7 0.4
v -0.4 2 0.4
v -0.4 3 0.4
v 0.4 0.6 0.4
v 0.4 1.7 0.4
v 0.4 2 0.4
v 0.4 3 0.4
v 0.5 0.4 0.4
v 0.5 0.6 0.4
v 0.5 1.7 0.4
v 0.5 2 0.4
v 0.5 3 0.4
v 0.5 3.2 0.4
v 0.6 0.3 0.4
v 0.6 0.4 0.4
v 0.6 3.2 0.4
v 0.7 0.3 0.4
v 0.7 2.6 0.4
v 0.7 3.2 0.4
v 0.8 1.6 0.4
v 0.8 2.6 0.4
v 0.9 0.3 0.4
v 0.9 0.6 0.4
v 0.9 1.6 0.4
v 1 0.3 0.4
v 1 0.6 0.4
v -0.5 3.6 -0.1
v -0.5 3.7 -0.1
v 0.5 3.6 -0.1
v 0.5 3.7 -0.1
v -0.3 3.5 -0.2
v -0.3 3.6 -0.2
v 0.3 3.5 -0.2
v 0.3 3.6 -0.2
v -1 0.3 -0.7
v -1 0.6 -0.7
v -0.9 0.6 -0.7
v -0.9 1.6 -0.7
v -0.8 0.3 -0.7
v -0.8 1.6 -0.7
v -0.8 2.6 -0.7
v -0.7 0.3 -0.7
v -0.7 2.6 -0.7
v -0.7 3.2 -0.7
v -0.6 0.3 -0.7
v -0.6 0.4 -0.7
v -0.6 3.2 -0.7
v -0.5 0.4 -0.7
v -0.5 0.6 -0.7
v -0.5 1.7 -0.7
v -0.5 2 -0.7
v -0.5 3 -0.7
v -0.5 3.2 -0.7
v -0.4 0.6 -0.7
v -0.4 1.7 -0.7
v -0.4 2 -0.7
v -0.4 3 -0.7
v 0.4 0.6 -0.7
v 0.4 1.7 -0.7
v 0.4 2 -0.7
v 0.4 3 -0.7
v 0.5 0.4 -0.7
v 0.5 0.6 -0.7
v 0.5 1.7 -0.7
v 0.5 2 -0.7
v 0.5 3 -0.7
v 0.5 3.2 -0.7
v 0.6 0.3 -0.7
v 0.6 0.4 -0.7
v 0.6 3.2 -0.7
v 0.7 2.6 -0.7
v 0.7 3.2 -0.7
v 0.8 1.6 -0.7
v 0.8 2.6 -0.7
v 0.9 0.3 -0.7
v 0.9 0.6 -0.7
v 0.9 1.6 -0.7
v 1 0.3 -0.7
v 1 0.6 -0.7
v -0.3 3.5 -0.9
v -0.3 3.6 -0.9
v 0.3 3.5 -0.9
v 0.3 3.6 -0.9
v -0.3 0.6 -1.5
v -0.3 1.7 -1.5
v -0.3 2 -1.5
v -0.3 3 -1.5
v 0.3 0.6 -1.5
v 0.3 1.7 -1.5
v 0.3 2 -1.5
v 0.3 3 -1.5
v -0.3 0.4 -1.6
v -0.3 0.6 -1.6
v -0.3 1.7 -1.6
v -0.3 2 -1.6
v -0.3 3 -1.6
v -0.3 3.2 -1.6
v 0.3 0.4 -1.6
v 0.3 0.6 -1.6
v 0.3 1.7 -1.6
v 0.3 2 -1.6
v 0.3 3 -1.6
v 0.3 3.2 -1.6
v -1 0.3 -1.7
v -1 0.6 -1.7
v -0.9 0.6 -1.7
v -0.9 1.6 -1.7
v -0.8 1.6 -1.7
v -0.8 2.6 -1.7
v -0.7 0.3 -1.7
v -0.7 2.6 -1.7
v -0.7 3.2 -1.7
v -0.6 0.3 -1.7
v -0.6 3.2 -1.7
v -0.6 3.3 -1.7
v -0.3 0.3 -1.7
v -0.3 0.4 -1.7
v -0.3 3.2 -1.7
v -0.0999999 0.3 -1.7
v 0.1 0.3 -1.7
v 0.3 0.3 -1.7
v 0.3 0.4 -1.7
v 0.3 3.2 -1.7
v 0.6 0.3 -1.7
v 0.6 3.2 -1.7
v 0.6 3.3 -1.7
v 0.7 2.6 -1.7
v 0.7 3.2 -1.7
v 0.8 1.6 -1.7
v 0.8 2.6 -1.7
v 0.9 0.6 -1.7
v 0.9 1.6 -1.7
v 1 0.3 -1.7
v 1 0.6 -1.7
v -0.7 3.6 -1.8
v -0.7 3.7 -1.8
v -0.6 0.3 -1.8
v -0.6 3.2 -1.8
v -0.4 0.3 -1.8
v -0.3 0.3 -1.8
v -0.3 3.2 -1.8
v 0.3 0.3 -1.8
v 0.3 3.2 -1.8
v 0.4 0.3 -1.8
v 0.5 0.3 -1.8
v 0.6 0.3 -1.8
v 0.6 3.2 -1.8
v 0.7 3.6 -1.8
v 0.7 3.7 -1.8
v -1.9 0.2 -1.9
v -1.9 0.3 -1.9
v -1.7 0.2 -1.9
v -1.7 0.3 -1.9
v -1.6 0.2 -1.9
v -1.6 0.3 -1.9
v -1.4 0.2 -1.9
v -1 0.2 -1.9
v -1 0.3 -1.9
v -0.8 0.2 -1.9
v -0.8 3.3 -1.9
v -0.8 3.6 -1.9
v -0.7 0.2 -1.9
v -0.7 0.3 -1.9
v -0.4 0.2 -1.9
v -0.4 0.3 -1.9
v -0.3 0.2 -1.9
v 2.38419e-07 0.2 -1.9
v 2.38419e-07 0.3 -1.9
v 0.1 0.2 -1.9
v 0.2 0.2 -1.9
v 0.2 0.3 -1.9
v 0.3 0.2 -1.9
v 0.4 0.2 -1.9
v 0.4 0.3 -1.9
v 0.5 0.2 -1.9
v 0.5 0.3 -1.9
v 0.8 0.2 -1.9
v 0.8 0.3 -1.9
v 0.8 3.3 -1.9
v 0.8 3.6 -1.9
v 1 0.2 -1.9
v 1 0.3 -1.9
v 1.3 0.2 -1.9
v 1.3 0.3 -1.9
v 1.4 0.2 -1.9
v 1.4 0.3 -1.9
v 1.5 0.2 -1.9
v 1.5 0.3 -1.9
v 1.6 0.2 -1.9
v 1.6 0.3 -1.9
v 1.7 0.2 -1.9
v 1.7 0.3 -1.9
v 1.8 0.2 -1.9
v 1.9 0.2 -1.9
v 1.9 0.3 -1.9
v -2 0 -2
v -2 0.1 -2
v -2 0.2 -2
v -1.9 0.1 -2
v -1.9 0.2 -2
v -1.7 0 -2
v -1.7 0.1 -2
v -1.7 0.2 -2
v -1.4 0 -2
v -1.4 0.1 -2
v -1.4 0.2 -2
v -1.2 0 -2
v -1.2 0.1 -2
v -1 0.1 -2
v -1 0.2 -2
v -0.8 0.1 -2
v -0.8 0.2 -2
v -0.3 0.1 -2
v -0.3 0.2 -2
v 0.1 0.1 -2
v 0.1 0.2 -2
v 0.3 0.1 -2
v 0.3 0.2 -2
v 0.5 0 -2
v 0.5 0.1 -2
v 0.5 0.2 -2
v 0.7 0 -2
v 0.7 0.1 -2
v 0.8 0 -2
v 0.8 0.1 -2
v 0.8 0.2 -2
v 1 0.1 -2
v 1 0.2 -2
v 1.4 0 -2
v 1.4 0.1 -2
v 1.4 0.2 -2
v 1.5 0.1 -2
v 1.5 0.2 -2
v 1.6 0 -2
v 1.6 0.1 -2
v 1.6 0.2 -2
v 1.7 0 -2
v 1.7 0.1 -2
v 1.7 0.2 -2
v 1.8 0 -2
v 1.8 0.2 -2
v 2 0 -2
v 2 0.2 -2
v -2 0 2
v -1 0 2
v -0.9 0 2
v -0.8 0 2
v -0.7 0 2
v -0.5 0 2
v -0.0999999 0 2
v 2.38419e-07 0 2
v 0.3 0 2
v 0.4 0 2
v 0.6 0 2
v 0.8 0 2
v 1.4 0 2
v 1.5 0 2
v 1.6 0 2
v 1.8 0 2
v 2 0 2
v -1 0 1.9
v -0.9 0 1.9
v -0.8 0 1.9
v -0.7 0 1.9
v -0.5 0 1.9
v -0.0999999 0 1.9
v 2.38419e-07 0 1.9
v 0.3 0 1.9
v 0.4 0 1.9
v 0.6 0 1.9
v 0.8 0 1.9
v 1.4 0 1.9
v 1.5 0 1.9
v 1.6 0 1.9
v 1.8 0 1.9
v 1.9 0 1.7
v 2 0 1.7
v 1.9 0 1.6
v 2 0 1.6
v 1.9 0 1.5
v 2 0 1.5
v 1.9 0 1.2
v 2 0 1.2
v -2 0 0.5
v -1.9 0 0.5
v -2 0 0.3
v -1.9 0 0.3
v 1.9 0 0.3
v 2 0 0.3
v 1.9 0 0.2
v 2 0 0.2
v 1.9 0 0.0999999
v 2 0 0.0999999
v 1.9 0 -2.38419e-07
v 2 0 -2.38419e-07
v 1.9 0 -0.1
v 2 0 -0.1
v 1.9 0 -0.3
v 2 0 -0.3
v -2 0 -0.4
v -1.9 0 -0.4
v -2 0 -1
v -1.9 0 -1
v 1.9 0 -1
v 2 0 -1
v 1.9 0 -1.5
v 2 0 -1.5
v -2 0 -1.9
v -1.7 0 -1.9
v -1.4 0 -1.9
v -1.2 0 -1.9
v 0.5 0 -1.9
v 0.7 0 -1.9
v 0.8 0 -1.9
v 1.4 0 -1.9
v 1.6 0 -1.9
v 1.7 0 -1.9
v 1.8 0 -1.9
v -2 0 -2
v -1.7 0 -2
v -1.4 0 -2
v -1.2 0 -2
v 0.5 0 -2
v 0.7 0 -2
v 0.8 0 -2
v 1.4 0 -2
v 1.6 0 -2
v 1.7 0 -2
v 1.8 0 -2
v 2 0 -2
v -0.3 1.7 1.6
v 0.3 1.7 1.6
v -0.3 1.7 1.5
v 0.3 1.7 1.5
v -0.5 1.7 1.4
v -0.4 1.7 1.4
v 0.4 1.7 1.4
v 0.5 1.7 1.4
v -0.5 1.7 0.7
v -0.4 1.7 0.7
v 0.4 1.7 0.7
v 0.5 1.7 0.7
v -0.5 1.7 0.4
v -0.4 1.7 0.4
v 0.4 1.7 0.4
v 0.5 1.7 0.4
v -0.5 1.7 -0.4
v -0.4 1.7 -0.4
v 0.4 1.7 -0.4
v 0.5 1.7 -0.4
v -0.5 1.7 -0.7
v -0.4 1.7 -0.7
v 0.4 1.7 -0.7
v 0.5 1.7 -0.7
v -0.5 1.7 -1.4
v -0.4 1.7 -1.4
v 0.4 1.7 -1.4
v 0.5 1.7 -1.4
v -0.3 1.7 -1.5
v 0.3 1.7 -1.5
v -0.3 1.7 -1.6
v 0.3 1.7 -1.6
v -0.3 3 1.6
v 0.3 3 1.6
v -0.3 3 1.5
v 0.3 3 1.5
v -0.5 3 1.4
v -0.4 3 1.4
v 0.4 3 1.4
v 0.5 3 1.4
v -0.5 3 0.7
v -0.4 3 0.7
v 0.4 3 0.7
v 0.5 3 0.7
v -0.5 3 0.4
v -0.4 3 0.4
v 0.4 3 0.4
v 0.5 3 0.4
v -0.5 3 -0.4
v -0.4 3 -0.4
v 0.4 3 -0.4
v 0.5 3 -0.4
v -0.5 3 -0.7
v -0.4 3 -0.7
v 0.4 3 -0.7
v 0.5 3 -0.7
v -0.5 3 -1.4
v -0.4 3 -1.4
v 0.4 3 -1.4
v 0.5 3 -1.4
v -0.3 3 -1.5
v 0.3 3 -1.5
v -0.3 3 -1.6
v 0.3 3 -1.6
v -0.3 3.2 1.7
v 0.3 3.2 1.7
v -0.3 3.2 1.6
v 0.3 3.2 1.6
v -0.6 3.2 1.4
v -0.5 3.2 1.4
v 0.5 3.2 1.4
v 0.6 3.2 1.4
v -0.6 3.2 0.7
v -0.5 3.2 0.7
v 0.5 3.2 0.7
v 0.6 3.2 0.7
v -0.6 3.2 0.4
v -0.5 3.2 0.4
v 0.5 3.2 0.4
v 0.6 3.2 0.4
v -0.6 3.2 -0.4
v -0.5 3.2 -0.4
v 0.5 3.2 -0.4
v 0.6 3.2 -0.4
v -0.6 3.2 -0.7
v -0.5 3.2 -0.7
v 0.5 3.2 -0.7
v 0.6 3.2 -0.7
v -0.6 3.2 -1.4
v -0.5 3.2 -1.4
v 0.5 3.2 -1.4
v 0.6 3.2 -1.4
v -0.3 3.2 -1.6
v 0.3 3.2 -1.6
v -0.3 3.2 -1.7
v 0.3 3.2 -1.7
v -0.8 3.3 1.9
v 0.8 3.3 1.9
v -0.6 3.3 1.7
v 0.6 3.3 1.7
v -0.6 3.3 -1.7
v 0.6 3.3 -1.7
v -0.8 3.3 -1.9
v 0.8 3.3 -1.9
v -2 0.2 2
v -1.4 0.2 2
v -0.9 0.2 2
v -0.8 0.2 2
v -0.7 0.2 2
v -0.5 0.2 2
v -0.4 0.2 2
v -0.0999999 0.2 2
v 0.1 0.2 2
v 0.2 0.2 2
v 0.4 0.2 2
v 0.5 0.2 2
v 0.6 0.2 2
v 0.8 0.2 2
v 1 0.2 2
v 1.2 0.2 2
v 1.3 0.2 2
v 1.4 0.2 2
v 1.6 0.2 2
v 1.8 0.2 2
v 2 0.2 2
v -1.9 0.2 1.9
v -1.6 0.2 1.9
v -1.4 0.2 1.9
v -1 0.2 1.9
v -0.9 0.2 1.9
v -0.8 0.2 1.9
v -0.7 0.2 1.9
v -0.6 0.2 1.9
v -0.5 0.2 1.9
v -0.4 0.2 1.9
v -0.0999999 0.2 1.9
v 0.1 0.2 1.9
v 0.2 0.2 1.9
v 0.4 0.2 1.9
v 0.5 0.2 1.9
v 0.6 0.2 1.9
v 0.7 0.2 1.9
v 0.8 0.2 1.9
v 1 0.2 1.9
v 1.2 0.2 1.9
v 1.3 0.2 1.9
v 1.4 0.2 1.9
v 1.5 0.2 1.9
v 1.6 0.2 1.9
v 1.7 0.2 1.9
v 1.8 0.2 1.9
v 1.9 0.2 1.9
v 2 0.2 1.9
v 1.9 0.2 1.8
v 1.9 0.2 1.7
v 1.9 0.2 1.6
v 2 0.2 1.6
v 1.9 0.2 1.5
v 2 0.2 1.5
v 1.9 0.2 1.4
v 1.9 0.2 1.3
v 2 0.2 1.3
v 1.9 0.2 1.2
v 2 0.2 1.2
v -2 0.2 1.1
v -1.9 0.2 1.1
v 1.9 0.2 1.1
v 2 0.2 1.1
v -2 0.2 0.9
v -1.9 0.2 0.9
v -2 0.2 0.7
v -1.9 0.2 0.7
v 1.9 0.2 0.6
v -1.9 0.2 0.5
v -2 0.2 0.4
v -1.9 0.2 0.4
v 1.9 0.2 0.4
v 2 0.2 0.4
v 1.9 0.2 0.3
v 2 0.2 0.3
v 1.9 0.2 0.2
v 2 0.2 0.2
v -1.9 0.2 0.0999999
v 1.9 0.2 0.0999999
v 2 0.2 0.0999999
v 1.9 0.2 -0.1
v 2 0.2 -0.1
v -1.9 0.2 -0.2
v 1.9 0.2 -0.2
v -2 0.2 -0.3
v -1.9 0.2 -0.3
v 1.9 0.2 -0.4
v 2 0.2 -0.4
v -2 0.2 -0.5
v -1.9 0.2 -0.5
v -2 0.2 -0.6
v -1.9 0.2 -0.6
v -2 0.2 -0.8
v -1.9 0.2 -0.8
v 1.9 0.2 -0.8
v 2 0.2 -0.8
v -2 0.2 -0.9
v -1.9 0.2 -0.9
v 1.9 0.2 -1
v 2 0.2 -1
v -1.9 0.2 -1.1
v 1.9 0.2 -1.1
v 2 0.2 -1.1
v 1.9 0.2 -1.2
v 1.9 0.2 -1.3
v 2 0.2 -1.3
v 1.9 0.2 -1.4
v -2 0.2 -1.5
v -1.9 0.2 -1.5
v 1.9 0.2 -1.6
v 2 0.2 -1.6
v -2 0.2 -1.7
v -1.9 0.2 -1.7
v 1.9 0.2 -1.7
v -2 0.2 -1.8
v -1.9 0.2 -1.8
v -2 0.2 -1.9
v -1.9 0.2 -1.9
v -1.7 0.2 -1.9
v -1.6 0.2 -1.9
v -1.4 0.2 -1.9
v -1 0.2 -1.9
v -0.8 0.2 -1.9
v -0.7 0.2 -1.9
v -0.4 0.2 -1.9
v -0.3 0.2 -1.9
v 2.38419e-07 0.2 -1.9
v 0.1 0.2 -1.9
v 0.2 0.2 -1.9
v 0.3 0.2 -1.9
v 0.4 0.2 -1.9
v 0.5 0.2 -1.9
v 0.8 0.2 -1.9
v 1 0.2 -1.9
v 1.3 0.2 -1.9
v 1.4 0.2 -1.9
v 1.5 0.2 -1.9
v 1.6 0.2 -1.9
v 1.7 0.2 -1.9
v 1.8 0.2 -1.9
v 1.9 0.2 -1.9
v -2 0.2 -2
v -1.9 0.2 -2
v -1.7 0.2 -2
v -1.4 0.2 -2
v -1 0.2 -2
v -0.8 0.2 -2
v -0.3 0.2 -2
v 0.1 0.2 -2
v 0.3 0.2 -2
v 0.5 0.2 -2
v 0.8 0.2 -2
v 1 0.2 -2
v 1.4 0.2 -2
v 1.5 0.2 -2
v 1.6 0.2 -2
v 1.7 0.2 -2
v 1.8 0.2 -2
v 2 0.2 -2
v -1.9 0.3 1.9
v -1.6 0.3 1.9
v -1 0.3 1.9
v -0.8 0.3 1.9
v -0.6 0.3 1.9
v 0.2 0.3 1.9
v 0.4 0.3 1.9
v 0.5 0.3 1.9
v 0.6 0.3 1.9
v 0.7 0.3 1.9
v 1 0.3 1.9
v 1.5 0.3 1.9
v 1.7 0.3 1.9
v 1.9 0.3 1.9
v -1.6 0.3 1.8
v -1.1 0.3 1.8
v -0.8 0.3 1.8
v -0.6 0.3 1.8
v -0.3 0.3 1.8
v -0.2 0.3 1.8
v 0.2 0.3 1.8
v 0.3 0.3 1.8
v 0.4 0.3 1.8
v 0.5 0.3 1.8
v 0.6 0.3 1.8
v 0.7 0.3 1.8
v 1 0.3 1.8
v 1.3 0.3 1.8
v 1.5 0.3 1.8
v 1.7 0.3 1.8
v 1.8 0.3 1.8
v 1.9 0.3 1.8
v -1.4 0.3 1.7
v -1.2 0.3 1.7
v -1.1 0.3 1.7
v -1 0.3 1.7
v -0.6 0.3 1.7
v -0.3 0.3 1.7
v -0.2 0.3 1.7
v 0.3 0.3 1.7
v 0.6 0.3 1.7
v 1 0.3 1.7
v 1.3 0.3 1.7
v 1.4 0.3 1.7
v 1.5 0.3 1.7
v 1.6 0.3 1.7
v 1.8 0.3 1.7
v 1.9 0.3 1.7
v -1.8 0.3 1.6
v -1.7 0.3 1.6
v -1.6 0.3 1.6
v -1.4 0.3 1.6
v -1.1 0.3 1.6
v -1 0.3 1.6
v 1.1 0.3 1.6
v 1.2 0.3 1.6
v 1.8 0.3 1.6
v 1.9 0.3 1.6
v -1.7 0.3 1.5
v -1.6 0.3 1.5
v -1.5 0.3 1.5
v -1.3 0.3 1.5
v -1.2 0.3 1.5
v -1.1 0.3 1.5
v 1 0.3 1.5
v 1.1 0.3 1.5
v 1.2 0.3 1.5
v 1.3 0.3 1.5
v 1.4 0.3 1.5
v 1.8 0.3 1.5
v 1.9 0.3 1.5
v -1.6 0.3 1.4
v -1.5 0.3 1.4
v -1.3 0.3 1.4
v -1.2 0.3 1.4
v -1.1 0.3 1.4
v -1 0.3 1.4
v -0.9 0.3 1.4
v -0.6 0.3 1.4
v 0.6 0.3 1.4
v 0.8 0.3 1.4
v 0.9 0.3 1.4
v 1 0.3 1.4
v 1.1 0.3 1.4
v 1.4 0.3 1.4
v 1.5 0.3 1.4
v 1.8 0.3 1.4
v 1.9 0.3 1.4
v -1.5 0.3 1.3
v -1.4 0.3 1.3
v -1.1 0.3 1.3
v -1 0.3 1.3
v 0.7 0.3 1.3
v 0.8 0.3 1.3
v 0.9 0.3 1.3
v 1 0.3 1.3
v 1.1 0.3 1.3
v -1.6 0.3 1.2
v -1.5 0.3 1.2
v -1.4 0.3 1.2
v -1.2 0.3 1.2
v -1.1 0.3 1.2
v 0.6 0.3 1.2
v 0.7 0.3 1.2
v 0.8 0.3 1.2
v 0.9 0.3 1.2
v 1 0.3 1.2
v 1.2 0.3 1.2
v 1.4 0.3 1.2
v 1.5 0.3 1.2
v 1.6 0.3 1.2
v -1.9 0.3 1.1
v -1.8 0.3 1.1
v -1.6 0.3 1.1
v -1.4 0.3 1.1
v -1.2 0.3 1.1
v -1.1 0.3 1.1
v -1 0.3 1.1
v -0.9 0.3 1.1
v 0.8 0.3 1.1
v 1 0.3 1.1
v 1.2 0.3 1.1
v 1.3 0.3 1.1
v 1.4 0.3 1.1
v 1.6 0.3 1.1
v 1.7 0.3 1.1
v 1.8 0.3 1.1
v 1.9 0.3 1.1
v -1.6 0.3 1
v -1.5 0.3 1
v -1.4 0.3 1
v -1.3 0.3 1
v -1.1 0.3 1
v -1 0.3 1
v 0.7 0.3 1
v 0.8 0.3 1
v 0.9 0.3 1
v 1.2 0.3 1
v 1.3 0.3 1
v 1.4 0.3 1
v 1.7 0.3 1
v -1.9 0.3 0.9
v -1.8 0.3 0.9
v -1.4 0.3 0.9
v -1.3 0.3 0.9
v -1.2 0.3 0.9
v -1.1 0.3 0.9
v 0.7 0.3 0.9
v 0.9 0.3 0.9
v 1 0.3 0.9
v 1.3 0.3 0.9
v 1.4 0.3 0.9
v 1.5 0.3 0.9
v 1.6 0.3 0.9
v -1.8 0.3 0.8
v -1.6 0.3 0.8
v -1.5 0.3 0.8
v -1.4 0.3 0.8
v -1.3 0.3 0.8
v 0.6 0.3 0.8
v 0.7 0.3 0.8
v 0.9 0.3 0.8
v 1 0.3 0.8
v 1.2 0.3 0.8
v 1.3 0.3 0.8
v 1.4 0.3 0.8
v 1.5 0.3 0.8
v 1.6 0.3 0.8
v 1.7 0.3 0.8
v 1.8 0.3 0.8
v -1.9 0.3 0.7
v -1.8 0.3 0.7
v -1.7 0.3 0.7
v -1.5 0.3 0.7
v -1.4 0.3 0.7
v -1 0.3 0.7
v -0.6 0.3 0.7
v 0.6 0.3 0.7
v 0.7 0.3 0.7
v 1 0.3 0.7
v -1.8 0.3 0.6
v -1.7 0.3 0.6
v -1.5 0.3 0.6
v -1.4 0.3 0.6
v -1.2 0.3 0.6
v -1.1 0.3 0.6
v 1 0.3 0.6
v 1.2 0.3 0.6
v 1.4 0.3 0.6
v 1.5 0.3 0.6
v 1.7 0.3 0.6
v 1.8 0.3 0.6
v 1.9 0.3 0.6
v -1.9 0.3 0.5
v -1.8 0.3 0.5
v -1.7 0.3 0.5
v -1.5 0.3 0.5
v -1.3 0.3 0.5
v -1.2 0.3 0.5
v -1.1 0.3 0.5
v 1 0.3 0.5
v 1.1 0.3 0.5
v 1.3 0.3 0.5
v 1.5 0.3 0.5
v 1.6 0.3 0.5
v -1.5 0.3 0.4
v -1.4 0.3 0.4
v -1.3 0.3 0.4
v -1.2 0.3 0.4
v -1.1 0.3 0.4
v -1 0.3 0.4
v -0.9 0.3 0.4
v -0.8 0.3 0.4
v -0.6 0.3 0.4
v 0.6 0.3 0.4
v 0.7 0.3 0.4
v 0.9 0.3 0.4
v 1 0.3 0.4
v 1.1 0.3 0.4
v 1.4 0.3 0.4
v 1.5 0.3 0.4
v 1.6 0.3 0.4
v 1.7 0.3 0.4
v 1.8 0.3 0.4
v 1.9 0.3 0.4
v -1.7 0.3 0.3
v -1.5 0.3 0.3
v -1.4 0.3 0.3
v -1.2 0.3 0.3
v -1.1 0.3 0.3
v -1 0.3 0.3
v -0.9 0.3 0.3
v -0.8 0.3 0.3
v -0.7 0.3 0.3
v 0.7 0.3 0.3
v 0.8 0.3 0.3
v 0.9 0.3 0.3
v 1.1 0.3 0.3
v 1.4 0.3 0.3
v 1.5 0.3 0.3
v 1.6 0.3 0.3
v 1.7 0.3 0.3
v 1.9 0.3 0.3
v -1.6 0.3 0.2
v -1.5 0.3 0.2
v -1.4 0.3 0.2
v -1.3 0.3 0.2
v -1.2 0.3 0.2
v -1 0.3 0.2
v -0.9 0.3 0.2
v 1.1 0.3 0.2
v 1.2 0.3 0.2
v 1.4 0.3 0.2
v 1.5 0.3 0.2
v 1.6 0.3 0.2
v 1.7 0.3 0.2
v -1.9 0.3 0.0999999
v -1.8 0.3 0.0999999
v -1.5 0.3 0.0999999
v -1.3 0.3 0.0999999
v -1.1 0.3 0.0999999
v -1 0.3 0.0999999
v -0.9 0.3 0.0999999
v -0.8 0.3 0.0999999
v -0.7 0.3 0.0999999
v -0.6 0.3 0.0999999
v 0.6 0.3 0.0999999
v 0.7 0.3 0.0999999
v 0.8 0.3 0.0999999
v 1 0.3 0.0999999
v 1.1 0.3 0.0999999
v 1.2 0.3 0.0999999
v 1.4 0.3 0.0999999
v 1.5 0.3 0.0999999
v 1.6 0.3 0.0999999
v 1.7 0.3 0.0999999
v 1.8 0.3 0.0999999
v 1.9 0.3 0.0999999
v -1.7 0.3 -2.38419e-07
v -1.6 0.3 -2.38419e-07
v -1.4 0.3 -2.38419e-07
v -1.3 0.3 -2.38419e-07
v -1.2 0.3 -2.38419e-07
v -1.1 0.3 -2.38419e-07
v -1 0.3 -2.38419e-07
v 0.7 0.3 -2.38419e-07
v 0.9 0.3 -2.38419e-07
v 1 0.3 -2.38419e-07
v 1.1 0.3 -2.38419e-07
v 1.2 0.3 -2.38419e-07
v 1.4 0.3 -2.38419e-07
v 1.5 0.3 -2.38419e-07
v 1.6 0.3 -2.38419e-07
v 1.7 0.3 -2.38419e-07
v 1.8 0.3 -2.38419e-07
v -1.4 0.3 -0.1
v -1.3 0.3 -0.1
v -1.2 0.3 -0.1
v -1 0.3 -0.1
v -0.9 0.3 -0.1
v 0.6 0.3 -0.1
v 0.7 0.3 -0.1
v 1 0.3 -0.1
v 1.1 0.3 -0.1
v 1.3 0.3 -0.1
v 1.4 0.3 -0.1
v 1.5 0.3 -0.1
v 1.6 0.3 -0.1
v 1.8 0.3 -0.1
v -1.9 0.3 -0.2
v -1.8 0.3 -0.2
v -1.7 0.3 -0.2
v -1.6 0.3 -0.2
v -1.5 0.3 -0.2
v -1.2 0.3 -0.2
v -1.1 0.3 -0.2
v 0.8 0.3 -0.2
v 0.9 0.3 -0.2
v 1 0.3 -0.2
v 1.1 0.3 -0.2
v 1.3 0.3 -0.2
v 1.5 0.3 -0.2
v 1.6 0.3 -0.2
v 1.8 0.3 -0.2
v 1.9 0.3 -0.2
v -1.6 0.3 -0.3
v -1.5 0.3 -0.3
v -1.4 0.3 -0.3
v -1.2 0.3 -0.3
v 0.6 0.3 -0.3
v 0.7 0.3 -0.3
v 0.8 0.3 -0.3
v 0.9 0.3 -0.3
v 1 0.3 -0.3
v 1.4 0.3 -0.3
v 1.5 0.3 -0.3
v -1.7 0.3 -0.4
v -1.5 0.3 -0.4
v -1.1 0.3 -0.4
v -1 0.3 -0.4
v -0.9 0.3 -0.4
v -0.6 0.3 -0.4
v 0.6 0.3 -0.4
v 0.8 0.3 -0.4
v 0.9 0.3 -0.4
v 1 0.3 -0.4
v 1.1 0.3 -0.4
v 1.2 0.3 -0.4
v 1.3 0.3 -0.4
v 1.4 0.3 -0.4
v 1.5 0.3 -0.4
v 1.6 0.3 -0.4
v 1.7 0.3 -0.4
v 1.8 0.3 -0.4
v 1.9 0.3 -0.4
v -1.5 0.3 -0.5
v -1.3 0.3 -0.5
v -1.2 0.3 -0.5
v -1 0.3 -0.5
v 1.7 0.3 -0.5
v 1.8 0.3 -0.5
v -1.9 0.3 -0.6
v -1.8 0.3 -0.6
v -1.7 0.3 -0.6
v -1.6 0.3 -0.6
v -1.3 0.3 -0.6
v -1.2 0.3 -0.6
v -1 0.3 -0.6
v 1.1 0.3 -0.6
v 1.2 0.3 -0.6
v 1.3 0.3 -0.6
v 1.4 0.3 -0.6
v 1.5 0.3 -0.6
v 1.6 0.3 -0.6
v 1.8 0.3 -0.6
v -1.6 0.3 -0.7
v -1.5 0.3 -0.7
v -1.2 0.3 -0.7
v -1.1 0.3 -0.7
v -1 0.3 -0.7
v -0.8 0.3 -0.7
v -0.7 0.3 -0.7
v -0.6 0.3 -0.7
v 0.6 0.3 -0.7
v 0.9 0.3 -0.7
v 1 0.3 -0.7
v 1.2 0.3 -0.7
v 1.3 0.3 -0.7
v 1.4 0.3 -0.7
v 1.6 0.3 -0.7
v 1.7 0.3 -0.7
v -1.9 0.3 -0.8
v -1.8 0.3 -0.8
v -1.3 0.3 -0.8
v -1.2 0.3 -0.8
v -1.1 0.3 -0.8
v -1 0.3 -0.8
v -0.9 0.3 -0.8
v -0.8 0.3 -0.8
v -0.7 0.3 -0.8
v 0.6 0.3 -0.8
v 0.8 0.3 -0.8
v 1.3 0.3 -0.8
v 1.4 0.3 -0.8
v 1.5 0.3 -0.8
v -1.9 0.3 -0.9
v -1.8 0.3 -0.9
v -1.7 0.3 -0.9
v -1.5 0.3 -0.9
v -1.3 0.3 -0.9
v -1 0.3 -0.9
v -0.9 0.3 -0.9
v 0.9 0.3 -0.9
v 1.2 0.3 -0.9
v 1.3 0.3 -0.9
v 1.4 0.3 -0.9
v -1.4 0.3 -1
v -1.2 0.3 -1
v -1.1 0.3 -1
v -1 0.3 -1
v -0.9 0.3 -1
v 0.7 0.3 -1
v 0.8 0.3 -1
v 1 0.3 -1
v 1.6 0.3 -1
v 1.7 0.3 -1
v -1.9 0.3 -1.1
v -1.8 0.3 -1.1
v -1.7 0.3 -1.1
v -1.6 0.3 -1.1
v -1.5 0.3 -1.1
v -1.4 0.3 -1.1
v -1.1 0.3 -1.1
v 0.7 0.3 -1.1
v 0.8 0.3 -1.1
v 1 0.3 -1.1
v 1.1 0.3 -1.1
v 1.5 0.3 -1.1
v 1.6 0.3 -1.1
v -1.6 0.3 -1.2
v -1.5 0.3 -1.2
v -1.4 0.3 -1.2
v -1.2 0.3 -1.2
v -0.9 0.3 -1.2
v -0.6 0.3 -1.2
v 0.7 0.3 -1.2
v 0.9 0.3 -1.2
v 1.4 0.3 -1.2
v 1.5 0.3 -1.2
v 1.8 0.3 -1.2
v 1.9 0.3 -1.2
v -1.7 0.3 -1.3
v -1.5 0.3 -1.3
v -1.4 0.3 -1.3
v -1.3 0.3 -1.3
v -1.2 0.3 -1.3
v -1.1 0.3 -1.3
v -1 0.3 -1.3
v -0.9 0.3 -1.3
v -0.7 0.3 -1.3
v 0.9 0.3 -1.3
v 1.1 0.3 -1.3
v 1.2 0.3 -1.3
v 1.4 0.3 -1.3
v 1.5 0.3 -1.3
v 1.6 0.3 -1.3
v 1.7 0.3 -1.3
v 1.8 0.3 -1.3
v 1.9 0.3 -1.3
v -1.7 0.3 -1.4
v -1.6 0.3 -1.4
v -1.5 0.3 -1.4
v -1.3 0.3 -1.4
v -1.1 0.3 -1.4
v -1 0.3 -1.4
v -0.9 0.3 -1.4
v -0.7 0.3 -1.4
v -0.6 0.3 -1.4
v 0.6 0.3 -1.4
v 0.7 0.3 -1.4
v 1 0.3 -1.4
v 1.2 0.3 -1.4
v 1.4 0.3 -1.4
v 1.5 0.3 -1.4
v 1.8 0.3 -1.4
v 1.9 0.3 -1.4
v -1.6 0.3 -1.5
v -1.3 0.3 -1.5
v -1.1 0.3 -1.5
v -1 0.3 -1.5
v 1.1 0.3 -1.5
v 1.3 0.3 -1.5
v 1.4 0.3 -1.5
v 1.5 0.3 -1.5
v 1.6 0.3 -1.5
v 1.2 0.3 -1.6
v 1.3 0.3 -1.6
v 1.5 0.3 -1.6
v 1.6 0.3 -1.6
v -1.9 0.3 -1.7
v -1.8 0.3 -1.7
v -1.7 0.3 -1.7
v -1.6 0.3 -1.7
v -1.1 0.3 -1.7
v -1 0.3 -1.7
v -0.7 0.3 -1.7
v -0.6 0.3 -1.7
v -0.3 0.3 -1.7
v -0.0999999 0.3 -1.7
v 0.1 0.3 -1.7
v 0.3 0.3 -1.7
v 0.6 0.3 -1.7
v 1 0.3 -1.7
v 1.2 0.3 -1.7
v 1.3 0.3 -1.7
v 1.5 0.3 -1.7
v 1.6 0.3 -1.7
v 1.7 0.3 -1.7
v 1.8 0.3 -1.7
v 1.9 0.3 -1.7
v -1.9 0.3 -1.8
v -1.8 0.3 -1.8
v -1.7 0.3 -1.8
v -1.6 0.3 -1.8
v -0.6 0.3 -1.8
v -0.4 0.3 -1.8
v -0.3 0.3 -1.8
v -0.0999999 0.3 -1.8
v 2.38419e-07 0.3 -1.8
v 0.1 0.3 -1.8
v 0.2 0.3 -1.8
v 0.3 0.3 -1.8
v 0.4 0.3 -1.8
v 0.5 0.3 -1.8
v 0.6 0.3 -1.8
v 0.8 0.3 -1.8
v 1 0.3 -1.8
v 1.3 0.3 -1.8
v 1.4 0.3 -1.8
v 1.5 0.3 -1.8
v 1.6 0.3 -1.8
v 1.7 0.3 -1.8
v -1.9 0.3 -1.9
v -1.7 0.3 -1.9
v -1.6 0.3 -1.9
v -1 0.3 -1.9
v -0.7 0.3 -1.9
v -0.4 0.3 -1.9
v 2.38419e-07 0.3 -1.9
v 0.2 0.3 -1.9
v 0.4 0.3 -1.9
v 0.5 0.3 -1.9
v 0.8 0.3 -1.9
v 1 0.3 -1.9
v 1.3 0.3 -1.9
v 1.4 0.3 -1.9
v 1.5 0.3 -1.9
v 1.6 0.3 -1.9
v 1.7 0.3 -1.9
v 1.9 0.3 -1.9
v -0.3 0.4 1.7
v 0.3 0.4 1.7
v -0.3 0.4 1.6
v 0.3 0.4 1.6
v -0.6 0.4 1.4
v -0.5 0.4 1.4
v 0.5 0.4 1.4
v 0.6 0.4 1.4
v -0.6 0.4 0.7
v -0.5 0.4 0.7
v 0.5 0.4 0.7
v 0.6 0.4 0.7
v -0.6 0.4 0.4
v -0.5 0.4 0.4
v 0.5 0.4 0.4
v 0.6 0.4 0.4
v -0.6 0.4 -0.4
v -0.5 0.4 -0.4
v 0.5 0.4 -0.4
v 0.6 0.4 -0.4
v -0.6 0.4 -0.7
v -0.5 0.4 -0.7
v 0.5 0.4 -0.7
v 0.6 0.4 -0.7
v -0.6 0.4 -1.4
v -0.5 0.4 -1.4
v 0.5 0.4 -1.4
v 0.6 0.4 -1.4
v -0.3 0.4 -1.6
v 0.3 0.4 -1.6
v -0.3 0.4 -1.7
v 0.3 0.4 -1.7
v -1 0.6 1.7
v -0.9 0.6 1.7
v 0.9 0.6 1.7
v 1 0.6 1.7
v -0.3 0.6 1.6
v 0.3 0.6 1.6
v -0.3 0.6 1.5
v 0.3 0.6 1.5
v -1 0.6 1.4
v -0.9 0.6 1.4
v -0.5 0.6 1.4
v -0.4 0.6 1.4
v 0.4 0.6 1.4
v 0.5 0.6 1.4
v 0.9 0.6 1.4
v 1 0.6 1.4
v -1 0.6 0.7
v -0.9 0.6 0.7
v -0.5 0.6 0.7
v -0.4 0.6 0.7
v 0.4 0.6 0.7
v 0.5 0.6 0.7
v 0.9 0.6 0.7
v 1 0.6 0.7
v -1 0.6 0.4
v -0.9 0.6 0.4
v -0.5 0.6 0.4
v -0.4 0.6 0.4
v 0.4 0.6 0.4
v 0.5 0.6 0.4
v 0.9 0.6 0.4
v 1 0.6 0.4
v -1 0.6 -0.4
v -0.9 0.6 -0.4
v -0.5 0.6 -0.4
v -0.4 0.6 -0.4
v 0.4 0.6 -0.4
v 0.5 0.6 -0.4
v 0.9 0.6 -0.4
v 1 0.6 -0.4
v -1 0.6 -0.7
v -0.9 0.6 -0.7
v -0.5 0.6 -0.7
v -0.4 0.6 -0.7
v 0.4 0.6 -0.7
v 0.5 0.6 -0.7
v 0.9 0.6 -0.7
v 1 0.6 -0.7
v -1 0.6 -1.4
v -0.9 0.6 -1.4
v -0.5 0.6 -1.4
v -0.4 0.6 -1.4
v 0.4 0.6 -1.4
v 0.5 0.6 -1.4
v 0.9 0.6 -1.4
v 1 0.6 -1.4
v -0.3 0.6 -1.5
v 0.3 0.6 -1.5
v -0.3 0.6 -1.6
v 0.3 0.6 -1.6
v -1 0.6 -1.7
v -0.9 0.6 -1.7
v 0.9 0.6 -1.7
v 1 0.6 -1.7
v -0.9 1.6 1.7
v -0.8 1.6 1.7
v 0.8 1.6 1.7
v 0.9 1.6 1.7
v -0.9 1.6 1.4
v -0.8 1.6 1.4
v 0.8 1.6 1.4
v 0.9 1.6 1.4
v -0.9 1.6 0.7
v -0.8 1.6 0.7
v 0.8 1.6 0.7
v 0.9 1.6 0.7
v -0.9 1.6 0.4
v -0.8 1.6 0.4
v 0.8 1.6 0.4
v 0.9 1.6 0.4
v -0.9 1.6 -0.4
v -0.8 1.6 -0.4
v 0.8 1.6 -0.4
v 0.9 1.6 -0.4
v -0.9 1.6 -0.7
v -0.8 1.6 -0.7
v 0.8 1.6 -0.7
v 0.9 1.6 -0.7
v -0.9 1.6 -1.4
v -0.8 1.6 -1.4
v 0.8 1.6 -1.4
v 0.9 1.6 -1.4
v -0.9 1.6 -1.7
v -0.8 1.6 -1.7
v 0.8 1.6 -1.7
v 0.9 1.6 -1.7
v -0.3 2 1.6
v 0.3 2 1.6
v -0.3 2 1.5
v 0.3 2 1.5
v -0.5 2 1.4
v -0.4 2 1.4
v 0.4 2 1.4
v 0.5 2 1.4
v -0.5 2 0.7
v -0.4 2 0.7
v 0.4 2 0.7
v 0.5 2 0.7
v -0.5 2 0.4
v -0.4 2 0.4
v 0.4 2 0.4
v 0.5 2 0.4
v -0.5 2 -0.4
v -0.4 2 -0.4
v 0.4 2 -0.4
v 0.5 2 -0.4
v -0.5 2 -0.7
v -0.4 2 -0.7
v 0.4 2 -0.7
v 0.5 2 -0.7
v -0.5 2 -1.4
v -0.4 2 -1.4
v 0.4 2 -1.4
v 0.5 2 -1.4
v -0.3 2 -1.5
v 0.3 2 -1.5
v -0.3 2 -1.6
v 0.3 2 -1.6
v -0.8 2.6 1.7
v -0.7 2.6 1.7
v 0.7 2.6 1.7
v 0.8 2.6 1.7
v -0.8 2.6 1.4
v -0.7 2.6 1.4
v 0.7 2.6 1.4
v 0.8 2.6 1.4
v -0.8 2.6 0.7
v -0.7 2.6 0.7
v 0.7 2.6 0.7
v 0.8 2.6 0.7
v -0.8 2.6 0.4
v -0.7 2.6 0.4
v 0.7 2.6 0.4
v 0.8 2.6 0.4
v -0.8 2.6 -0.4
v -0.7 2.6 -0.4
v 0.7 2.6 -0.4
v 0.8 2.6 -0.4
v -0.8 2.6 -0.7
v -0.7 2.6 -0.7
v 0.7 2.6 -0.7
v 0.8 2.6 -0.7
v -0.8 2.6 -1.4
v -0.7 2.6 -1.4
v 0.7 2.6 -1.4
v 0.8 2.6 -1.4
v -0.8 2.6 -1.7
v -0.7 2.6 -1.7
v 0.7 2.6 -1.7
v 0.8 2.6 -1.7
v -0.6 3.2 1.8
v -0.3 3.2 1.8
v 0.3 3.2 1.8
v 0.6 3.2 1.8
v -0.7 3.2 1.7
v -0.6 3.2 1.7
v -0.3 3.2 1.7
v 0.3 3.2 1.7
v 0.6 3.2 1.7
v 0.7 3.2 1.7
v -0.7 3.2 1.4
v -0.6 3.2 1.4
v 0.6 3.2 1.4
v 0.7 3.2 1.4
v -0.7 3.2 0.7
v -0.6 3.2 0.7
v 0.6 3.2 0.7
v 0.7 3.2 0.7
v -0.7 3.2 0.4
v -0.6 3.2 0.4
v 0.6 3.2 0.4
v 0.7 3.2 0.4
v -0.7 3.2 -0.4
v -0.6 3.2 -0.4
v 0.6 3.2 -0.4
v 0.7 3.2 -0.4
v -0.7 3.2 -0.7
v -0.6 3.2 -0.7
v 0.6 3.2 -0.7
v 0.7 3.2 -0.7
v -0.7 3.2 -1.4
v -0.6 3.2 -1.4
v 0.6 3.2 -1.4
v 0.7 3.2 -1.4
v -0.7 3.2 -1.7
v -0.6 3.2 -1.7
v -0.3 3.2 -1.7
v 0.3 3.2 -1.7
v 0.6 3.2 -1.7
v 0.7 3.2 -1.7
v -0.6 3.2 -1.8
v -0.3 3.2 -1.8
v 0.3 3.2 -1.8
v 0.6 3.2 -1.8
v -0.3 3.5 1.4
v 0.3 3.5 1.4
v -0.3 3.5 0.9
v 0.3 3.5 0.9
v -0.3 3.5 0.7
v 0.3 3.5 0.7
v -0.3 3.5 0.2
v 0.3 3.5 0.2
v -0.3 3.5 -0.2
v 0.3 3.5 -0.2
v -0.3 3.5 -0.7
v 0.3 3.5 -0.7
v -0.3 3.5 -0.9
v 0.3 3.5 -0.9
v -0.3 3.5 -1.4
v 0.3 3.5 -1.4
v -0.8 3.6 1.9
v 0.8 3.6 1.9
v -0.7 3.6 1.8
v 0.7 3.6 1.8
v -0.5 3.6 1.6
v 0.5 3.6 1.6
v -0.3 3.6 1.4
v 0.3 3.6 1.4
v -0.3 3.6 0.9
v 0.3 3.6 0.9
v -0.3 3.6 0.7
v 0.3 3.6 0.7
v -0.3 3.6 0.2
v 0.3 3.6 0.2
v -0.5 3.6 0.0999999
v 0.5 3.6 0.0999999
v -0.5 3.6 -0.1
v 0.5 3.6 -0.1
v -0.3 3.6 -0.2
v 0.3 3.6 -0.2
v -0.3 3.6 -0.7
v 0.3 3.6 -0.7
v -0.3 3.6 -0.9
v 0.3 3.6 -0.9
v -0.3 3.6 -1.4
v 0.3 3.6 -1.4
v -0.5 3.6 -1.6
v 0.5 3.6 -1.6
v -0.7 3.6 -1.8
v 0.7 3.6 -1.8
v -0.8 3.6 -1.9
v 0.8 3.6 -1.9
v -0.7 3.7 1.8
v 0.7 3.7 1.8
v -0.5 3.7 1.6
v 0.5 3.7 1.6
v -0.5 3.7 0.0999999
v 0.5 3.7 0.0999999
v -0.5 3.7 -0.1
v 0.5 3.7 -0.1
v -0.5 3.7 -1.6
v 0.5 3.7 -1.6
v -0.7 3.7 -1.8
v 0.7 3.7 -1.8

# faces
f 8/2/1 2/2/1 1/2/1
f 9/2/1 2/2/1 8/2/1
f 10/2/1 2/2/1 9/2/1
f 11/3/1 3/3/1 2/3/1
f 11/2/1 2/2/1 10/2/1
f 12/3/1 3/3/1 11/3/1
f 13/2/1 4/2/1 3/2/1
f 13/3/1 3/3/1 12/3/1
f 14/2/1 4/2/1 13/2/1
f 15/3/1 5/3/1 4/3/1
f 15/2/1 4/2/1 14/2/1
f 16/3/1 5/3/1 15/3/1
f 17/3/1 5/3/1 16/3/1
f 18/3/1 5/3/1 17/3/1
f 19/3/1 5/3/1 18/3/1
f 20/2/1 6/2/1 5/2/1
f 20/3/1 5/3/1 19/3/1
f 21/2/1 6/2/1 20/2/1
f 22/2/1 6/2/1 21/2/1
f 23/2/1 6/2/1 22/2/1
f 24/3/1 7/3/1 6/3/1
f 24/2/1 6/2/1 23/2/1
f 25/3/1 7/3/1 24/3/1
f 26/2/1 8/2/1 1/2/1
f 27/3/1 9/3/1 8/3/1
f 27/2/1 8/2/1 26/2/1
f 28/5/1 10/5/1 9/5/1
f 28/3/1 9/3/1 27/3/1
f 29/3/1 12/3/1 11/3/1
f 29/5/1 10/5/1 28/5/1
f 29/3/1 11/3/1 10/3/1
f 30/2/1 14/2/1 13/2/1
f 30/3/1 12/3/1 29/3/1
f 30/2/1 13/2/1 12/2/1
f 31/3/1 15/3/1 14/3/1
f 31/2/1 14/2/1 30/2/1
f 31/3/1 16/3/1 15/3/1
f 32/4/1 17/4/1 16/4/1
f 32/3/1 16/3/1 31/3/1
f 33/5/1 18/5/1 17/5/1
f 33/4/1 17/4/1 32/4/1
f 34/4/1 19/4/1 18/4/1
f 34/5/1 18/5/1 33/5/1
f 35/3/1 20/3/1 19/3/1
f 35/4/1 19/4/1 34/4/1
f 35/3/1 21/3/1 20/3/1
f 36/2/1 22/2/1 21/2/1
f 36/3/1 21/3/1 35/3/1
f 37/3/1 23/3/1 22/3/1
f 37/2/1 22/2/1 36/2/1
f 38/4/1 24/4/1 23/4/1
f 38/3/1 23/3/1 37/3/1
f 39/5/1 25/5/1 24/5/1
f 39/4/1 24/4/1 38/4/1
f 40/5/1 25/5/1 39/5/1
f 59/2/1 42/2/1 41/2/1
f 60/3/1 43/3/1 42/3/1
f 60/2/1 42/2/1 59/2/1
f 61/5/1 44/5/1 43/5/1
f 61/3/1 43/3/1 60/3/1
f 62/4/1 45/4/1 44/4/1
f 62/5/1 44/5/1 61/5/1
f 63/3/1 46/3/1 45/3/1
f 63/4/1 45/4/1 62/4/1
f 63/3/1 47/3/1 46/3/1
f 64/2/1 48/2/1 47/2/1
f 64/3/1 47/3/1 63/3/1
f 65/3/1 49/3/1 48/3/1
f 65/2/1 48/2/1 64/2/1
f 65/3/1 50/3/1 49/3/1
f 65/3/1 51/3/1 50/3/1
f 66/5/1 52/5/1 51/5/1
f 66/3/1 51/3/1 65/3/1
f 67/4/1 53/4/1 52/4/1
f 67/5/1 52/5/1 66/5/1
f 68/3/1 54/3/1 53/3/1
f 68/4/1 53/4/1 67/4/1
f 69/2/1 56/2/1 55/2/1
f 69/3/1 54/3/1 68/3/1
f 69/2/1 55/2/1 54/2/1
f 70/3/1 57/3/1 56/3/1
f 70/2/1 56/2/1 69/2/1
f 71/5/1 58/5/1 57/5/1
f 71/3/1 57/3/1 70/3/1
f 72/5/1 58/5/1 71/5/1
f 85/2/1 74/2/1 73/2/1
f 85/2/1 75/2/1 74/2/1
f 86/2/1 75/2/1 85/2/1
f 87/2/1 77/2/1 76/2/1
f 88/2/1 77/2/1 87/2/1
f 89/2/1 79/2/1 78/2/1
f 89/2/1 80/2/1 79/2/1
f 89/2/1 81/2/1 80/2/1
f 90/2/1 81/2/1 89/2/1
f 91/2/1 84/2/1 83/2/1
f 91/2/1 83/2/1 82/2/1
f 92/2/1 84/2/1 91/2/1
f 101/2/1 94/2/1 93/2/1
f 102/2/1 94/2/1 101/2/1
f 103/2/1 96/2/1 95/2/1
f 104/2/1 96/2/1 103/2/1
f 105/2/1 98/2/1 97/2/1
f 106/2/1 98/2/1 105/2/1
f 107/2/1 100/2/1 99/2/1
f 108/2/1 100/2/1 107/2/1
f 117/2/1 110/2/1 109/2/1
f 118/2/1 110/2/1 117/2/1
f 119/2/1 112/2/1 111/2/1
f 120/2/1 112/2/1 119/2/1
f 121/2/1 114/2/1 113/2/1
f 122/2/1 114/2/1 121/2/1
f 123/2/1 116/2/1 115/2/1
f 124/2/1 116/2/1 123/2/1
f 127/2/1 126/2/1 125/2/1
f 128/2/1 126/2/1 127/2/1
f 137/2/1 130/2/1 129/2/1
f 138/2/1 130/2/1 137/2/1
f 139/2/1 132/2/1 131/2/1
f 140/2/1 132/2/1 139/2/1
f 141/2/1 134/2/1 133/2/1
f 142/2/1 134/2/1 141/2/1
f 143/2/1 136/2/1 135/2/1
f 144/2/1 136/2/1 143/2/1
f 147/2/1 146/2/1 145/2/1
f 148/2/1 146/2/1 147/2/1
f 161/2/1 152/2/1 151/2/1
f 162/2/1 152/2/1 161/2/1
f 163/2/1 154/2/1 153/2/1
f 163/2/1 155/2/1 154/2/1
f 164/2/1 155/2/1 163/2/1
f 165/2/1 157/2/1 156/2/1
f 165/2/1 158/2/1 157/2/1
f 166/2/1 158/2/1 165/2/1
f 167/2/1 150/2/1 149/2/1
f 168/2/1 150/2/1 167/2/1
f 175/2/1 160/2/1 159/2/1
f 176/2/1 160/2/1 175/2/1
f 177/2/1 174/2/1 173/2/1
f 177/2/1 173/2/1 172/2/1
f 177/2/1 175/2/1 174/2/1
f 177/2/1 172/2/1 171/2/1
f 177/2/1 171/2/1 170/2/1
f 177/2/1 170/2/1 169/2/1
f 177/2/1 169/2/1 168/2/1
f 178/2/1 175/2/1 177/2/1
f 185/2/1 180/2/1 179/2/1
f 186/2/1 180/2/1 185/2/1
f 187/2/1 182/2/1 181/2/1
f 188/2/1 182/2/1 187/2/1
f 189/2/1 184/2/1 183/2/1
f 190/2/1 184/2/1 189/2/1
f 197/2/1 192/2/1 191/2/1
f 198/2/1 192/2/1 197/2/1
f 199/2/1 194/2/1 193/2/1
f 200/2/1 194/2/1 199/2/1
f 201/2/1 196/2/1 195/2/1
f 202/2/1 196/2/1 201/2/1
f 209/2/1 204/2/1 203/2/1
f 210/2/1 204/2/1 209/2/1
f 211/2/1 206/2/1 205/2/1
f 212/2/1 206/2/1 211/2/1
f 213/2/1 208/2/1 207/2/1
f 214/2/1 208/2/1 213/2/1
f 221/1/1 216/1/1 215/1/1
f 222/1/1 216/1/1 221/1/1
f 223/1/1 218/1/1 217/1/1
f 224/1/1 218/1/1 223/1/1
f 225/1/1 220/1/1 219/1/1
f 226/1/1 220/1/1 225/1/1
f 233/1/1 228/1/1 227/1/1
f 234/1/1 228/1/1 233/1/1
f 235/1/1 230/1/1 229/1/1
f 236/1/1 230/1/1 235/1/1
f 237/1/1 232/1/1 231/1/1
f 238/1/1 232/1/1 237/1/1
f 243/2/1 240/2/1 239/2/1
f 246/2/1 242/2/1 241/2/1
f 247/2/1 244/2/1 243/2/1
f 250/2/1 246/2/1 245/2/1
f 251/2/1 248/2/1 247/2/1
f 251/2/1 247/2/1 243/2/1
f 252/2/1 248/2/1 251/2/1
f 253/2/1 250/2/1 249/2/1
f 254/2/1 246/2/1 250/2/1
f 254/2/1 250/2/1 253/2/1
f 255/2/1 251/2/1 243/2/1
f 258/2/1 246/2/1 254/2/1
f 259/2/1 256/2/1 255/2/1
f 259/2/1 255/2/1 243/2/1
f 260/2/1 256/2/1 259/2/1
f 261/2/1 258/2/1 257/2/1
f 262/2/1 246/2/1 258/2/1
f 262/2/1 258/2/1 261/2/1
f 263/2/1 243/2/1 239/2/1
f 263/2/1 259/2/1 243/2/1
f 264/2/1 259/2/1 263/2/1
f 265/2/1 259/2/1 264/2/1
f 266/2/1 246/2/1 262/2/1
f 267/2/1 242/2/1 246/2/1
f 267/2/1 246/2/1 266/2/1
f 268/2/1 242/2/1 267/2/1
f 277/2/1 270/2/1 269/2/1
f 278/2/1 270/2/1 277/2/1
f 279/2/1 272/2/1 271/2/1
f 280/2/1 272/2/1 279/2/1
f 281/2/1 274/2/1 273/2/1
f 282/2/1 274/2/1 281/2/1
f 283/2/1 276/2/1 275/2/1
f 284/2/1 276/2/1 283/2/1
f 289/2/1 286/2/1 285/2/1
f 290/2/1 286/2/1 289/2/1
f 291/2/1 288/2/1 287/2/1
f 292/2/1 288/2/1 291/2/1
f 293/2/2 294/2/2 297/2/2
f 297/2/2 294/2/2 298/2/2
f 295/2/2 296/2/2 299/2/2
f 299/2/2 296/2/2 300/2/2
f 301/2/2 302/2/2 305/2/2
f 303/2/2 304/2/2 308/2/2
f 305/2/2 306/2/2 309/2/2
f 307/2/2 308/2/2 312/2/2
f 309/2/2 310/2/2 313/2/2
f 305/2/2 309/2/2 313/2/2
f 313/2/2 310/2/2 314/2/2
f 311/2/2 312/2/2 315/2/2
f 312/2/2 308/2/2 316/2/2
f 315/2/2 312/2/2 316/2/2
f 305/2/2 313/2/2 317/2/2
f 316/2/2 308/2/2 320/2/2
f 317/2/2 318/2/2 321/2/2
f 305/2/2 317/2/2 321/2/2
f 321/2/2 318/2/2 322/2/2
f 319/2/2 320/2/2 323/2/2
f 320/2/2 308/2/2 324/2/2
f 323/2/2 320/2/2 324/2/2
f 301/2/2 305/2/2 325/2/2
f 305/2/2 321/2/2 325/2/2
f 325/2/2 321/2/2 326/2/2
f 326/2/2 321/2/2 327/2/2
f 324/2/2 308/2/2 328/2/2
f 308/2/2 304/2/2 329/2/2
f 328/2/2 308/2/2 329/2/2
f 329/2/2 304/2/2 330/2/2
f 331/2/2 332/2/2 339/2/2
f 339/2/2 332/2/2 340/2/2
f 333/2/2 334/2/2 341/2/2
f 341/2/2 334/2/2 342/2/2
f 335/2/2 336/2/2 343/2/2
f 343/2/2 336/2/2 344/2/2
f 337/2/2 338/2/2 345/2/2
f 345/2/2 338/2/2 346/2/2
f 347/1/2 348/1/2 353/1/2
f 353/1/2 348/1/2 354/1/2
f 349/1/2 350/1/2 355/1/2
f 355/1/2 350/1/2 356/1/2
f 351/1/2 352/1/2 357/1/2
f 357/1/2 352/1/2 358/1/2
f 359/1/2 360/1/2 365/1/2
f 365/1/2 360/1/2 366/1/2
f 361/1/2 362/1/2 367/1/2
f 367/1/2 362/1/2 368/1/2
f 363/1/2 364/1/2 369/1/2
f 369/1/2 364/1/2 370/1/2
f 371/2/2 372/2/2 377/2/2
f 377/2/2 372/2/2 378/2/2
f 373/2/2 374/2/2 379/2/2
f 379/2/2 374/2/2 380/2/2
f 375/2/2 376/2/2 381/2/2
f 381/2/2 376/2/2 382/2/2
f 383/2/2 384/2/2 389/2/2
f 389/2/2 384/2/2 390/2/2
f 385/2/2 386/2/2 391/2/2
f 391/2/2 386/2/2 392/2/2
f 387/2/2 388/2/2 393/2/2
f 393/2/2 388/2/2 394/2/2
f 395/2/2 396/2/2 401/2/2
f 401/2/2 396/2/2 402/2/2
f 397/2/2 398/2/2 403/2/2
f 403/2/2 398/2/2 404/2/2
f 399/2/2 400/2/2 405/2/2
f 405/2/2 400/2/2 406/2/2
f 409/2/2 410/2/2 423/2/2
f 410/2/2 411/2/2 423/2/2
f 411/2/2 412/2/2 423/2/2
f 423/2/2 412/2/2 424/2/2
f 413/2/2 414/2/2 425/2/2
f 414/2/2 415/2/2 425/2/2
f 415/2/2 416/2/2 425/2/2
f 416/2/2 417/2/2 425/2/2
f 425/2/2 417/2/2 426/2/2
f 419/2/2 420/2/2 427/2/2
f 418/2/2 419/2/2 427/2/2
f 427/2/2 420/2/2 428/2/2
f 407/2/2 408/2/2 429/2/2
f 429/2/2 408/2/2 430/2/2
f 421/2/2 422/2/2 437/2/2
f 437/2/2 422/2/2 438/2/2
f 435/2/2 436/2/2 439/2/2
f 434/2/2 435/2/2 439/2/2
f 436/2/2 437/2/2 439/2/2
f 433/2/2 434/2/2 439/2/2
f 432/2/2 433/2/2 439/2/2
f 431/2/2 432/2/2 439/2/2
f 430/2/2 431/2/2 439/2/2
f 439/2/2 437/2/2 440/2/2
f 441/2/2 442/2/2 449/2/2
f 449/2/2 442/2/2 450/2/2
f 443/2/2 444/2/2 451/2/2
f 451/2/2 444/2/2 452/2/2
f 445/2/2 446/2/2 453/2/2
f 453/2/2 446/2/2 454/2/2
f 447/2/2 448/2/2 455/2/2
f 455/2/2 448/2/2 456/2/2
f 457/2/2 458/2/2 459/2/2
f 459/2/2 458/2/2 460/2/2
f 461/2/2 462/2/2 469/2/2
f 469/2/2 462/2/2 470/2/2
f 463/2/2 464/2/2 471/2/2
f 471/2/2 464/2/2 472/2/2
f 465/2/2 466/2/2 473/2/2
f 473/2/2 466/2/2 474/2/2
f 467/2/2 468/2/2 475/2/2
f 475/2/2 468/2/2 476/2/2
f 477/2/2 478/2/2 479/2/2
f 479/2/2 478/2/2 480/2/2
f 481/2/2 482/2/2 489/2/2
f 489/2/2 482/2/2 490/2/2
f 483/2/2 484/2/2 491/2/2
f 491/2/2 484/2/2 492/2/2
f 485/2/2 486/2/2 493/2/2
f 493/2/2 486/2/2 494/2/2
f 487/2/2 488/2/2 495/2/2
f 495/2/2 488/2/2 496/2/2
f 497/2/2 498/2/2 508/2/2
f 498/2/2 499/2/2 508/2/2
f 508/2/2 499/2/2 509/2/2
f 500/2/2 501/2/2 510/2/2
f 501/2/2 502/2/2 510/2/2
f 502/2/2 503/2/2 510/2/2
f 510/2/2 503/2/2 511/2/2
f 504/2/2 505/2/2 512/2/2
f 512/2/2 505/2/2 513/2/2
f 506/2/2 507/2/2 514/2/2
f 514/2/2 507/2/2 515/2/2
f 516/2/2 517/2/2 542/2/2
f 517/3/2 518/3/2 543/3/2
f 542/2/2 517/2/2 543/2/2
f 518/2/2 519/2/2 544/2/2
f 543/3/2 518/3/2 544/3/2
f 519/3/2 520/3/2 545/3/2
f 544/2/2 519/2/2 545/2/2
f 520/5/2 521/5/2 546/5/2
f 545/3/2 520/3/2 546/3/2
f 521/3/2 522/3/2 547/3/2
f 546/5/2 521/5/2 547/5/2
f 522/3/2 523/3/2 547/3/2
f 523/3/2 524/3/2 547/3/2
f 524/2/2 525/2/2 548/2/2
f 547/3/2 524/3/2 548/3/2
f 525/3/2 526/3/2 549/3/2
f 548/2/2 525/2/2 549/2/2
f 526/4/2 527/4/2 550/4/2
f 549/3/2 526/3/2 550/3/2
f 527/5/2 528/5/2 551/5/2
f 550/4/2 527/4/2 551/4/2
f 528/5/2 529/5/2 551/5/2
f 529/4/2 530/4/2 552/4/2
f 551/5/2 529/5/2 552/5/2
f 530/4/2 531/4/2 552/4/2
f 531/3/2 532/3/2 553/3/2
f 552/4/2 531/4/2 553/4/2
f 532/2/2 533/2/2 554/2/2
f 553/3/2 532/3/2 554/3/2
f 533/2/2 534/2/2 554/2/2
f 535/2/2 536/2/2 554/2/2
f 534/2/2 535/2/2 554/2/2
f 536/4/2 537/4/2 555/4/2
f 554/2/2 536/2/2 555/2/2
f 537/5/2 538/5/2 556/5/2
f 555/4/2 537/4/2 556/4/2
f 539/3/2 540/3/2 557/3/2
f 556/5/2 538/5/2 557/5/2
f 538/3/2 539/3/2 557/3/2
f 540/2/2 541/2/2 558/2/2
f 557/3/2 540/3/2 558/3/2
f 558/2/2 541/2/2 559/2/2
f 560/2/2 561/2/2 574/2/2
f 574/2/2 561/2/2 575/2/2
f 561/3/2 562/3/2 576/3/2
f 575/2/2 561/2/2 576/2/2
f 562/4/2 563/4/2 577/4/2
f 563/3/2 564/3/2 577/3/2
f 577/3/2 564/3/2 578/3/2
f 564/2/2 565/2/2 579/2/2
f 578/3/2 564/3/2 579/3/2
f 579/2/2 565/2/2 580/2/2
f 580/2/2 565/2/2 581/2/2
f 565/3/2 566/3/2 582/3/2
f 581/2/2 565/2/2 582/2/2
f 566/4/2 567/4/2 583/4/2
f 582/3/2 566/3/2 583/3/2
f 567/3/2 568/3/2 584/3/2
f 583/4/2 567/4/2 584/4/2
f 568/2/2 569/2/2 585/2/2
f 584/3/2 568/3/2 585/3/2
f 569/3/2 570/3/2 586/3/2
f 585/2/2 569/2/2 586/2/2
f 570/2/2 571/2/2 587/2/2
f 586/3/2 570/3/2 587/3/2
f 587/2/2 571/2/2 588/2/2
f 588/2/2 571/2/2 589/2/2
f 571/3/2 572/3/2 590/3/2
f 589/2/2 571/2/2 590/2/2
f 590/3/2 572/3/2 591/3/2
f 591/3/2 572/3/2 592/3/2
f 572/2/2 573/2/2 593/2/2
f 592/3/2 572/3/2 593/3/2
f 593/2/2 573/2/2 594/2/2
f 574/4/2 575/4/2 595/4/2
f 575/3/2 576/3/2 596/3/2
f 595/4/2 575/4/2 596/4/2
f 576/3/2 562/3/2 597/3/2
f 596/3/2 576/3/2 597/3/2
f 562/4/2 577/4/2 597/4/2
f 577/5/2 578/5/2 598/5/2
f 597/4/2 577/4/2 598/4/2
f 578/4/2 579/4/2 599/4/2
f 598/5/2 578/5/2 599/5/2
f 579/3/2 580/3/2 600/3/2
f 599/4/2 579/4/2 600/4/2
f 580/2/2 581/2/2 601/2/2
f 600/3/2 580/3/2 601/3/2
f 581/3/2 582/3/2 602/3/2
f 601/2/2 581/2/2 602/2/2
f 582/4/2 583/4/2 603/4/2
f 602/3/2 582/3/2 603/3/2
f 583/5/2 584/5/2 604/5/2
f 603/4/2 583/4/2 604/4/2
f 584/4/2 585/4/2 605/4/2
f 604/5/2 584/5/2 605/5/2
f 585/4/2 586/4/2 605/4/2
f 586/3/2 587/3/2 606/3/2
f 605/4/2 586/4/2 606/4/2
f 587/3/2 588/3/2 606/3/2
f 588/2/2 589/2/2 607/2/2
f 606/3/2 588/3/2 607/3/2
f 589/3/2 590/3/2 608/3/2
f 607/2/2 589/2/2 608/2/2
f 590/4/2 591/4/2 609/4/2
f 608/3/2 590/3/2 609/3/2
f 591/5/2 592/5/2 610/5/2
f 609/4/2 591/4/2 610/4/2
f 592/3/2 593/3/2 611/3/2
f 610/5/2 592/5/2 611/5/2
f 593/3/2 594/3/2 611/3/2
f 594/2/2 573/2/2 612/2/2
f 611/3/2 594/3/2 612/3/2
f 612/2/2 573/2/2 613/2/2
f 616/2/3 615/2/3 614/2/3
f 617/2/3 615/2/3 616/2/3
f 618/2/3 616/2/3 614/2/3
f 619/3/3 617/3/3 616/3/3
f 619/2/3 616/2/3 618/2/3
f 620/3/3 619/3/3 618/3/3
f 621/3/3 617/3/3 619/3/3
f 621/3/3 619/3/3 620/3/3
f 622/3/3 617/3/3 621/3/3
f 623/2/3 621/2/3 620/2/3
f 624/5/3 622/5/3 621/5/3
f 624/2/3 621/2/3 623/2/3
f 625/5/3 622/5/3 624/5/3
f 626/4/3 624/4/3 623/4/3
f 626/4/3 625/4/3 624/4/3
f 627/4/3 625/4/3 626/4/3
f 628/3/3 627/3/3 626/3/3
f 629/3/3 627/3/3 628/3/3
f 630/3/3 627/3/3 629/3/3
f 631/2/3 629/2/3 628/2/3
f 631/4/3 630/4/3 629/4/3
f 632/4/3 630/4/3 631/4/3
f 633/2/3 631/2/3 628/2/3
f 633/2/3 632/2/3 631/2/3
f 634/2/3 632/2/3 633/2/3
f 635/3/3 634/3/3 633/3/3
f 636/3/3 634/3/3 635/3/3
f 637/2/3 636/2/3 635/2/3
f 637/3/3 634/3/3 636/3/3
f 638/3/3 634/3/3 637/3/3
f 639/2/3 637/2/3 635/2/3
f 639/2/3 638/2/3 637/2/3
f 640/2/3 638/2/3 639/2/3
f 641/2/3 639/2/3 635/2/3
f 642/3/3 640/3/3 639/3/3
f 642/2/3 639/2/3 641/2/3
f 643/3/3 642/3/3 641/3/3
f 644/3/3 640/3/3 642/3/3
f 644/3/3 642/3/3 643/3/3
f 645/4/3 644/4/3 643/4/3
f 646/4/3 644/4/3 645/4/3
f 647/4/3 645/4/3 643/4/3
f 648/5/3 646/5/3 645/5/3
f 648/4/3 645/4/3 647/4/3
f 649/5/3 646/5/3 648/5/3
f 650/3/3 648/3/3 647/3/3
f 651/4/3 649/4/3 648/4/3
f 651/3/3 648/3/3 650/3/3
f 652/4/3 649/4/3 651/4/3
f 653/2/3 651/2/3 650/2/3
f 653/3/3 652/3/3 651/3/3
f 654/3/3 652/3/3 653/3/3
f 655/2/3 653/2/3 650/2/3
f 655/2/3 654/2/3 653/2/3
f 656/2/3 654/2/3 655/2/3
f 657/2/3 655/2/3 650/2/3
f 657/3/3 656/3/3 655/3/3
f 658/3/3 656/3/3 657/3/3
f 659/2/3 657/2/3 650/2/3
f 660/4/3 658/4/3 657/4/3
f 660/2/3 657/2/3 659/2/3
f 661/4/3 658/4/3 660/4/3
f 662/3/3 660/3/3 659/3/3
f 662/3/3 661/3/3 660/3/3
f 663/3/3 661/3/3 662/3/3
f 664/2/3 663/2/3 662/2/3
f 665/3/3 661/3/3 663/3/3
f 665/2/3 663/2/3 664/2/3
f 666/3/3 661/3/3 665/3/3
f 667/3/3 665/3/3 664/3/3
f 668/2/3 666/2/3 665/2/3
f 668/3/3 665/3/3 667/3/3
f 669/2/3 666/2/3 668/2/3
f 670/2/3 668/2/3 667/2/3
f 671/4/3 669/4/3 668/4/3
f 671/2/3 668/2/3 670/2/3
f 672/4/3 669/4/3 671/4/3
f 675/2/3 674/2/3 673/2/3
f 676/2/3 674/2/3 675/2/3
f 677/3/3 676/3/3 675/3/3
f 678/3/3 676/3/3 677/3/3
f 679/3/3 676/3/3 678/3/3
f 680/4/3 679/4/3 678/4/3
f 681/4/3 679/4/3 680/4/3
f 682/4/3 679/4/3 681/4/3
f 685/3/3 682/3/3 681/3/3
f 686/3/3 682/3/3 685/3/3
f 687/3/3 682/3/3 686/3/3
f 688/2/3 687/2/3 686/2/3
f 689/2/3 687/2/3 688/2/3
f 690/2/3 687/2/3 689/2/3
f 691/2/3 687/2/3 690/2/3
f 692/2/3 687/2/3 691/2/3
f 693/2/3 687/2/3 692/2/3
f 694/3/3 693/3/3 692/3/3
f 695/3/3 693/3/3 694/3/3
f 696/4/3 695/4/3 694/4/3
f 697/4/3 695/4/3 696/4/3
f 698/5/3 697/5/3 696/5/3
f 699/5/3 697/5/3 698/5/3
f 700/4/3 699/4/3 698/4/3
f 701/4/3 699/4/3 700/4/3
f 702/3/3 701/3/3 700/3/3
f 703/2/3 684/2/3 683/2/3
f 704/2/3 684/2/3 703/2/3
f 705/3/3 701/3/3 702/3/3
f 706/3/3 701/3/3 705/3/3
f 707/2/3 706/2/3 705/2/3
f 708/2/3 706/2/3 707/2/3
f 709/2/3 706/2/3 708/2/3
f 710/2/3 706/2/3 709/2/3
f 711/2/3 706/2/3 710/2/3
f 712/3/3 711/3/3 710/3/3
f 713/3/3 711/3/3 712/3/3
f 714/3/3 711/3/3 713/3/3
f 715/2/3 714/2/3 713/2/3
f 716/2/3 714/2/3 715/2/3
f 717/2/3 714/2/3 716/2/3
f 722/2/3 721/2/3 720/2/3
f 723/2/3 721/2/3 722/2/3
f 726/2/3 725/2/3 724/2/3
f 727/2/3 725/2/3 726/2/3
f 728/2/3 725/2/3 727/2/3
f 729/2/3 725/2/3 728/2/3
f 730/2/3 719/2/3 718/2/3
f 731/2/3 719/2/3 730/2/3
f 734/2/3 733/2/3 732/2/3
f 736/2/3 735/2/3 734/2/3
f 738/2/3 737/2/3 736/2/3
f 740/2/3 734/2/3 732/2/3
f 740/2/3 739/2/3 738/2/3
f 740/2/3 738/2/3 736/2/3
f 740/2/3 736/2/3 734/2/3
f 741/2/3 739/2/3 740/2/3
f 745/2/3 742/2/3 741/2/3
f 746/2/3 744/2/3 743/2/3
f 747/2/3 744/2/3 746/2/3
f 748/2/3 744/2/3 747/2/3
f 749/2/3 742/2/3 745/2/3
f 751/2/3 742/2/3 749/2/3
f 752/2/3 742/2/3 751/2/3
f 753/2/3 751/2/3 750/2/3
f 754/2/3 751/2/3 753/2/3
f 755/2/3 753/2/3 750/2/3
f 756/2/3 753/2/3 755/2/3
f 757/2/3 755/2/3 750/2/3
f 758/2/3 755/2/3 757/2/3
f 759/2/3 757/2/3 750/2/3
f 760/2/3 757/2/3 759/2/3
f 767/2/3 762/2/3 761/2/3
f 768/2/3 762/2/3 767/2/3
f 769/2/3 764/2/3 763/2/3
f 770/2/3 764/2/3 769/2/3
f 771/2/3 766/2/3 765/2/3
f 772/2/3 766/2/3 771/2/3
f 777/1/3 774/1/3 773/1/3
f 778/1/3 774/1/3 777/1/3
f 779/1/3 776/1/3 775/1/3
f 780/1/3 776/1/3 779/1/3
f 783/2/3 782/2/3 781/2/3
f 784/2/3 782/2/3 783/2/3
f 787/2/3 786/2/3 785/2/3
f 789/2/3 788/2/3 787/2/3
f 791/2/3 790/2/3 789/2/3
f 793/2/3 787/2/3 785/2/3
f 793/2/3 792/2/3 791/2/3
f 793/2/3 791/2/3 789/2/3
f 793/2/3 789/2/3 787/2/3
f 794/2/3 792/2/3 793/2/3
f 795/2/3 792/2/3 794/2/3
f 796/2/3 795/2/3 794/2/3
f 797/2/3 795/2/3 796/2/3
f 798/2/3 795/2/3 797/2/3
f 799/2/3 795/2/3 798/2/3
f 800/2/3 795/2/3 799/2/3
f 801/2/3 795/2/3 800/2/3
f 802/2/3 798/2/3 797/2/3
f 803/2/3 798/2/3 802/2/3
f 804/2/3 800/2/3 799/2/3
f 805/2/3 800/2/3 804/2/3
f 811/2/3 807/2/3 806/2/3
f 812/2/3 807/2/3 811/2/3
f 813/2/3 809/2/3 808/2/3
f 814/2/3 809/2/3 813/2/3
f 817/2/3 814/2/3 813/2/3
f 817/2/3 815/2/3 814/2/3
f 817/2/3 813/2/3 812/2/3
f 817/2/3 812/2/3 811/2/3
f 817/2/3 811/2/3 810/2/3
f 818/2/3 815/2/3 817/2/3
f 819/2/3 817/2/3 816/2/3
f 819/2/3 818/2/3 817/2/3
f 820/2/3 818/2/3 819/2/3
f 821/2/3 818/2/3 820/2/3
f 822/2/3 820/2/3 819/2/3
f 823/2/3 820/2/3 822/2/3
f 824/2/3 822/2/3 819/2/3
f 825/2/3 822/2/3 824/2/3
f 826/2/3 824/2/3 819/2/3
f 827/2/3 824/2/3 826/2/3
f 830/2/3 829/2/3 828/2/3
f 831/2/3 829/2/3 830/2/3
f 834/2/3 833/2/3 832/2/3
f 835/2/3 833/2/3 834/2/3
f 838/2/3 837/2/3 836/2/3
f 839/2/3 837/2/3 838/2/3
f 841/2/3 839/2/3 838/2/3
f 841/2/3 840/2/3 839/2/3
f 843/2/3 842/2/3 841/2/3
f 845/2/3 841/2/3 838/2/3
f 845/2/3 844/2/3 843/2/3
f 845/2/3 843/2/3 841/2/3
f 846/2/3 844/2/3 845/2/3
f 847/2/3 844/2/3 846/2/3
f 848/2/3 847/2/3 846/2/3
f 849/2/3 847/2/3 848/2/3
f 850/2/3 847/2/3 849/2/3
f 851/2/3 847/2/3 850/2/3
f 852/2/3 847/2/3 851/2/3
f 853/2/3 847/2/3 852/2/3
f 854/2/3 850/2/3 849/2/3
f 855/2/3 850/2/3 854/2/3
f 856/2/3 852/2/3 851/2/3
f 857/2/3 852/2/3 856/2/3
f 863/2/3 859/2/3 858/2/3
f 864/2/3 859/2/3 863/2/3
f 865/2/3 861/2/3 860/2/3
f 866/2/3 861/2/3 865/2/3
f 869/2/3 866/2/3 865/2/3
f 869/2/3 867/2/3 866/2/3
f 869/2/3 865/2/3 864/2/3
f 869/2/3 864/2/3 863/2/3
f 869/2/3 863/2/3 862/2/3
f 870/2/3 867/2/3 869/2/3
f 871/2/3 869/2/3 868/2/3
f 871/2/3 870/2/3 869/2/3
f 872/2/3 870/2/3 871/2/3
f 873/2/3 871/2/3 868/2/3
f 874/2/3 871/2/3 873/2/3
f 875/2/3 871/2/3 874/2/3
f 876/2/3 874/2/3 873/2/3
f 877/2/3 874/2/3 876/2/3
f 878/2/3 874/2/3 877/2/3
f 879/2/3 877/2/3 876/2/3
f 880/2/3 877/2/3 879/2/3
f 883/2/3 882/2/3 881/2/3
f 884/2/3 882/2/3 883/2/3
f 887/2/3 886/2/3 885/2/3
f 888/2/3 886/2/3 887/2/3
f 890/2/3 888/2/3 887/2/3
f 890/2/3 889/2/3 888/2/3
f 892/2/3 890/2/3 887/2/3
f 892/2/3 891/2/3 890/2/3
f 893/2/3 891/2/3 892/2/3
f 895/2/3 893/2/3 892/2/3
f 895/2/3 894/2/3 893/2/3
f 896/2/3 894/2/3 895/2/3
f 897/2/3 894/2/3 896/2/3
f 898/2/3 897/2/3 896/2/3
f 899/2/3 897/2/3 898/2/3
f 900/2/3 897/2/3 899/2/3
f 901/2/3 897/2/3 900/2/3
f 902/2/3 897/2/3 901/2/3
f 903/2/3 897/2/3 902/2/3
f 904/2/3 900/2/3 899/2/3
f 905/2/3 900/2/3 904/2/3
f 906/2/3 902/2/3 901/2/3
f 907/2/3 902/2/3 906/2/3
f 910/2/3 909/2/3 908/2/3
f 911/2/3 909/2/3 910/2/3
f 917/2/3 913/2/3 912/2/3
f 918/2/3 913/2/3 917/2/3
f 919/2/3 915/2/3 914/2/3
f 920/2/3 915/2/3 919/2/3
f 923/2/3 918/2/3 917/2/3
f 923/2/3 921/2/3 920/2/3
f 923/2/3 920/2/3 919/2/3
f 923/2/3 919/2/3 918/2/3
f 923/2/3 917/2/3 916/2/3
f 924/2/3 921/2/3 923/2/3
f 925/2/3 923/2/3 922/2/3
f 925/2/3 924/2/3 923/2/3
f 926/2/3 924/2/3 925/2/3
f 927/2/3 924/2/3 926/2/3
f 928/2/3 926/2/3 925/2/3
f 929/2/3 926/2/3 928/2/3
f 930/2/3 928/2/3 925/2/3
f 931/2/3 928/2/3 930/2/3
f 932/2/3 930/2/3 925/2/3
f 933/2/3 930/2/3 932/2/3
f 936/2/3 935/2/3 934/2/3
f 937/2/3 935/2/3 936/2/3
f 938/2/4 939/2/4 940/2/4
f 940/2/4 939/2/4 941/2/4
f 942/2/4 943/2/4 944/2/4
f 944/2/4 943/2/4 945/2/4
f 944/2/4 945/2/4 947/2/4
f 945/2/4 946/2/4 947/2/4
f 947/2/4 948/2/4 949/2/4
f 944/2/4 947/2/4 951/2/4
f 949/2/4 950/2/4 951/2/4
f 947/2/4 949/2/4 951/2/4
f 951/2/4 950/2/4 952/2/4
f 952/2/4 950/2/4 953/2/4
f 952/2/4 953/2/4 954/2/4
f 954/2/4 953/2/4 955/2/4
f 955/2/4 953/2/4 956/2/4
f 956/2/4 953/2/4 957/2/4
f 957/2/4 953/2/4 958/2/4
f 958/2/4 953/2/4 959/2/4
f 955/2/4 956/2/4 960/2/4
f 960/2/4 956/2/4 961/2/4
f 957/2/4 958/2/4 962/2/4
f 962/2/4 958/2/4 963/2/4
f 964/2/4 965/2/4 966/2/4
f 966/2/4 965/2/4 967/2/4
f 968/2/4 969/2/4 973/2/4
f 973/2/4 969/2/4 974/2/4
f 970/2/4 971/2/4 975/2/4
f 975/2/4 971/2/4 976/2/4
f 973/2/4 974/2/4 979/2/4
f 976/2/4 977/2/4 979/2/4
f 975/2/4 976/2/4 979/2/4
f 974/2/4 975/2/4 979/2/4
f 972/2/4 973/2/4 979/2/4
f 979/2/4 977/2/4 980/2/4
f 978/2/4 979/2/4 981/2/4
f 979/2/4 980/2/4 981/2/4
f 981/2/4 980/2/4 982/2/4
f 978/2/4 981/2/4 983/2/4
f 983/2/4 981/2/4 984/2/4
f 984/2/4 981/2/4 985/2/4
f 983/2/4 984/2/4 986/2/4
f 986/2/4 984/2/4 987/2/4
f 987/2/4 984/2/4 988/2/4
f 986/2/4 987/2/4 989/2/4
f 989/2/4 987/2/4 990/2/4
f 991/2/4 992/2/4 993/2/4
f 993/2/4 992/2/4 994/2/4
f 995/2/4 996/2/4 997/2/4
f 997/2/4 996/2/4 998/2/4
f 997/2/4 998/2/4 1000/2/4
f 998/2/4 999/2/4 1000/2/4
f 1000/2/4 999/2/4 1001/2/4
f 1000/2/4 1001/2/4 1003/2/4
f 1001/2/4 1002/2/4 1003/2/4
f 1000/2/4 1003/2/4 1005/2/4
f 1003/2/4 1004/2/4 1005/2/4
f 1005/2/4 1004/2/4 1006/2/4
f 1006/2/4 1004/2/4 1007/2/4
f 1006/2/4 1007/2/4 1008/2/4
f 1008/2/4 1007/2/4 1009/2/4
f 1009/2/4 1007/2/4 1010/2/4
f 1010/2/4 1007/2/4 1011/2/4
f 1011/2/4 1007/2/4 1012/2/4
f 1012/2/4 1007/2/4 1013/2/4
f 1009/2/4 1010/2/4 1014/2/4
f 1014/2/4 1010/2/4 1015/2/4
f 1011/2/4 1012/2/4 1016/2/4
f 1016/2/4 1012/2/4 1017/2/4
f 1018/2/4 1019/2/4 1023/2/4
f 1023/2/4 1019/2/4 1024/2/4
f 1020/2/4 1021/2/4 1025/2/4
f 1025/2/4 1021/2/4 1026/2/4
f 1025/2/4 1026/2/4 1029/2/4
f 1026/2/4 1027/2/4 1029/2/4
f 1024/2/4 1025/2/4 1029/2/4
f 1023/2/4 1024/2/4 1029/2/4
f 1022/2/4 1023/2/4 1029/2/4
f 1029/2/4 1027/2/4 1030/2/4
f 1028/2/4 1029/2/4 1031/2/4
f 1029/2/4 1030/2/4 1031/2/4
f 1031/2/4 1030/2/4 1032/2/4
f 1032/2/4 1030/2/4 1033/2/4
f 1031/2/4 1032/2/4 1034/2/4
f 1034/2/4 1032/2/4 1035/2/4
f 1031/2/4 1034/2/4 1036/2/4
f 1036/2/4 1034/2/4 1037/2/4
f 1037/2/4 1034/2/4 1038/2/4
f 1036/2/4 1037/2/4 1039/2/4
f 1039/2/4 1037/2/4 1040/2/4
f 1041/2/4 1042/2/4 1043/2/4
f 1043/2/4 1042/2/4 1044/2/4
f 1045/2/4 1046/2/4 1047/2/4
f 1047/2/4 1046/2/4 1048/2/4
f 1049/2/4 1050/2/4 1051/2/4
f 1049/2/4 1051/2/4 1053/2/4
f 1051/2/4 1052/2/4 1053/2/4
f 1053/2/4 1052/2/4 1054/2/4
f 1053/2/4 1054/2/4 1056/2/4
f 1054/2/4 1055/2/4 1056/2/4
f 1056/2/4 1055/2/4 1057/2/4
f 1056/2/4 1057/2/4 1059/2/4
f 1057/2/4 1058/2/4 1059/2/4
f 1059/2/4 1058/2/4 1060/2/4
f 1060/2/4 1058/2/4 1061/2/4
f 1060/2/4 1061/2/4 1062/2/4
f 1062/2/4 1061/2/4 1063/2/4
f 1063/2/4 1061/2/4 1064/2/4
f 1064/2/4 1061/2/4 1065/2/4
f 1065/2/4 1061/2/4 1066/2/4
f 1066/2/4 1061/2/4 1067/2/4
f 1063/2/4 1064/2/4 1068/2/4
f 1068/2/4 1064/2/4 1069/2/4
f 1065/2/4 1066/2/4 1070/2/4
f 1070/2/4 1066/2/4 1071/2/4
f 1072/2/4 1073/2/4 1077/2/4
f 1077/2/4 1073/2/4 1078/2/4
f 1074/2/4 1075/2/4 1079/2/4
f 1079/2/4 1075/2/4 1080/2/4
f 1079/2/4 1080/2/4 1083/2/4
f 1080/2/4 1081/2/4 1083/2/4
f 1078/2/4 1079/2/4 1083/2/4
f 1077/2/4 1078/2/4 1083/2/4
f 1076/2/4 1077/2/4 1083/2/4
f 1083/2/4 1081/2/4 1084/2/4
f 1082/2/4 1083/2/4 1085/2/4
f 1083/2/4 1084/2/4 1085/2/4
f 1085/2/4 1084/2/4 1086/2/4
f 1082/2/4 1085/2/4 1087/2/4
f 1087/2/4 1085/2/4 1088/2/4
f 1082/2/4 1087/2/4 1089/2/4
f 1089/2/4 1087/2/4 1090/2/4
f 1090/2/4 1087/2/4 1091/2/4
f 1089/2/4 1090/2/4 1092/2/4
f 1092/2/4 1090/2/4 1093/2/4
f 1094/2/4 1095/2/4 1096/2/4
f 1096/2/4 1095/2/4 1097/2/4
f 1098/1/4 1099/1/4 1102/1/4
f 1102/1/4 1099/1/4 1103/1/4
f 1100/1/4 1101/1/4 1104/1/4
f 1104/1/4 1101/1/4 1105/1/4
f 1106/2/4 1107/2/4 1112/2/4
f 1112/2/4 1107/2/4 1113/2/4
f 1108/2/4 1109/2/4 1114/2/4
f 1114/2/4 1109/2/4 1115/2/4
f 1110/2/4 1111/2/4 1116/2/4
f 1116/2/4 1111/2/4 1117/2/4
f 1118/2/4 1119/2/4 1120/2/4
f 1120/2/4 1121/2/4 1122/2/4
f 1118/2/4 1120/2/4 1124/2/4
f 1122/2/4 1123/2/4 1124/2/4
f 1120/2/4 1122/2/4 1124/2/4
f 1124/2/4 1123/2/4 1125/2/4
f 1124/2/4 1125/2/4 1127/2/4
f 1125/2/4 1126/2/4 1127/2/4
f 1127/2/4 1126/2/4 1128/2/4
f 1128/2/4 1129/2/4 1132/2/4
f 1130/2/4 1131/2/4 1133/2/4
f 1133/2/4 1131/2/4 1134/2/4
f 1134/2/4 1131/2/4 1135/2/4
f 1135/2/4 1131/2/4 1136/2/4
f 1132/2/4 1129/2/4 1137/2/4
f 1137/2/4 1129/2/4 1139/2/4
f 1139/2/4 1129/2/4 1140/2/4
f 1138/2/4 1139/2/4 1141/2/4
f 1141/2/4 1139/2/4 1142/2/4
f 1138/2/4 1141/2/4 1143/2/4
f 1143/2/4 1141/2/4 1144/2/4
f 1138/2/4 1143/2/4 1145/2/4
f 1145/2/4 1143/2/4 1146/2/4
f 1138/2/4 1145/2/4 1147/2/4
f 1147/2/4 1145/2/4 1148/2/4
f 1151/2/4 1152/2/4 1153/2/4
f 1153/2/4 1152/2/4 1154/2/4
f 1154/2/4 1152/2/4 1155/2/4
f 1156/2/4 1157/2/4 1158/2/4
f 1158/2/4 1157/2/4 1159/2/4
f 1159/2/4 1157/2/4 1160/2/4
f 1160/2/4 1157/2/4 1161/2/4
f 1149/2/4 1150/2/4 1162/2/4
f 1162/2/4 1150/2/4 1163/2/4
f 1164/5/4 1165/5/4 1166/5/4
f 1166/5/4 1165/5/4 1167/5/4
f 1166/4/4 1167/4/4 1168/4/4
f 1168/4/4 1167/4/4 1169/4/4
f 1168/2/4 1169/2/4 1170/2/4
f 1170/2/4 1169/2/4 1171/2/4
f 1171/2/4 1169/2/4 1172/2/4
f 1171/3/4 1172/3/4 1173/3/4
f 1173/3/4 1172/3/4 1176/3/4
f 1176/3/4 1172/3/4 1177/3/4
f 1176/2/4 1177/2/4 1178/2/4
f 1178/2/4 1177/2/4 1179/2/4
f 1178/3/4 1179/3/4 1180/3/4
f 1180/3/4 1179/3/4 1181/3/4
f 1181/3/4 1179/3/4 1182/3/4
f 1181/2/4 1182/2/4 1183/2/4
f 1183/2/4 1182/2/4 1184/2/4
f 1184/2/4 1182/2/4 1185/2/4
f 1184/3/4 1185/3/4 1186/3/4
f 1186/3/4 1185/3/4 1187/3/4
f 1187/3/4 1185/3/4 1188/3/4
f 1187/4/4 1188/4/4 1189/4/4
f 1189/4/4 1188/4/4 1190/4/4
f 1189/5/4 1190/5/4 1191/5/4
f 1191/5/4 1190/5/4 1192/5/4
f 1174/2/4 1175/2/4 1193/2/4
f 1193/2/4 1175/2/4 1194/2/4
f 1191/3/4 1192/3/4 1195/3/4
f 1195/3/4 1192/3/4 1196/3/4
f 1195/2/4 1196/2/4 1197/2/4
f 1197/2/4 1196/2/4 1198/2/4
f 1197/3/4 1198/3/4 1199/3/4
f 1199/3/4 1198/3/4 1200/3/4
f 1199/4/4 1200/4/4 1201/4/4
f 1201/4/4 1200/4/4 1202/4/4
f 1201/5/4 1202/5/4 1203/5/4
f 1203/5/4 1202/5/4 1204/5/4
f 1203/4/4 1204/4/4 1205/4/4
f 1205/4/4 1204/4/4 1206/4/4
f 1205/2/4 1206/2/4 1207/2/4
f 1207/2/4 1206/2/4 1208/2/4
f 1208/2/4 1206/2/4 1209/2/4
f 1210/3/4 1211/3/4 1213/3/4
f 1211/5/4 1212/5/4 1213/5/4
f 1213/5/4 1212/5/4 1214/5/4
f 1210/3/4 1213/3/4 1215/3/4
f 1213/4/4 1214/4/4 1216/4/4
f 1215/3/4 1213/3/4 1216/3/4
f 1216/4/4 1214/4/4 1217/4/4
f 1215/2/4 1216/2/4 1218/2/4
f 1216/3/4 1217/3/4 1219/3/4
f 1218/2/4 1216/2/4 1219/2/4
f 1219/3/4 1217/3/4 1220/3/4
f 1218/3/4 1219/3/4 1221/3/4
f 1219/2/4 1220/2/4 1222/2/4
f 1221/3/4 1219/3/4 1222/3/4
f 1221/2/4 1222/2/4 1223/2/4
f 1222/2/4 1220/2/4 1223/2/4
f 1223/2/4 1220/2/4 1224/2/4
f 1221/2/4 1223/2/4 1225/2/4
f 1223/3/4 1224/3/4 1225/3/4
f 1225/3/4 1224/3/4 1226/3/4
f 1221/2/4 1225/2/4 1227/2/4
f 1225/2/4 1226/2/4 1227/2/4
f 1227/2/4 1226/2/4 1228/2/4
f 1221/2/4 1227/2/4 1229/2/4
f 1227/3/4 1228/3/4 1229/3/4
f 1229/3/4 1228/3/4 1230/3/4
f 1221/2/4 1229/2/4 1231/2/4
f 1229/5/4 1230/5/4 1231/5/4
f 1231/5/4 1230/5/4 1232/5/4
f 1221/2/4 1231/2/4 1233/2/4
f 1231/4/4 1232/4/4 1234/4/4
f 1233/2/4 1231/2/4 1234/2/4
f 1234/4/4 1232/4/4 1235/4/4
f 1233/3/4 1234/3/4 1236/3/4
f 1234/5/4 1235/5/4 1237/5/4
f 1236/3/4 1234/3/4 1237/3/4
f 1236/5/4 1237/5/4 1238/5/4
f 1237/5/4 1235/5/4 1239/5/4
f 1238/5/4 1237/5/4 1239/5/4
f 1239/5/4 1235/5/4 1240/5/4
f 1238/2/4 1239/2/4 1241/2/4
f 1239/3/4 1240/3/4 1241/3/4
f 1241/3/4 1240/3/4 1242/3/4
f 1238/2/4 1241/2/4 1243/2/4
f 1241/2/4 1242/2/4 1243/2/4
f 1243/2/4 1242/2/4 1244/2/4
f 1244/2/4 1242/2/4 1245/2/4
f 1243/3/4 1244/3/4 1246/3/4
f 1244/4/4 1245/4/4 1246/4/4
f 1246/4/4 1245/4/4 1247/4/4
f 1243/3/4 1246/3/4 1248/3/4
f 1246/5/4 1247/5/4 1249/5/4
f 1248/3/4 1246/3/4 1249/3/4
f 1249/5/4 1247/5/4 1250/5/4
f 1248/2/4 1249/2/4 1251/2/4
f 1249/4/4 1250/4/4 1252/4/4
f 1251/2/4 1249/2/4 1252/2/4
f 1252/4/4 1250/4/4 1253/4/4
f 1251/3/4 1252/3/4 1254/3/4
f 1252/3/4 1253/3/4 1254/3/4
f 1254/3/4 1253/3/4 1255/3/4
f 1254/2/4 1255/2/4 1256/2/4
f 1256/2/4 1255/2/4 1257/2/4
f 1275/2/5 1259/2/5 1258/2/5
f 1275/3/5 1260/3/5 1259/3/5
f 1276/2/5 1261/2/5 1260/2/5
f 1276/3/5 1260/3/5 1275/3/5
f 1277/4/5 1262/4/5 1261/4/5
f 1277/2/5 1261/2/5 1276/2/5
f 1278/3/5 1263/3/5 1262/3/5
f 1278/4/5 1262/4/5 1277/4/5
f 1279/2/5 1264/2/5 1263/2/5
f 1279/3/5 1263/3/5 1278/3/5
f 1280/3/5 1265/3/5 1264/3/5
f 1280/2/5 1264/2/5 1279/2/5
f 1281/2/5 1266/2/5 1265/2/5
f 1281/3/5 1265/3/5 1280/3/5
f 1282/3/5 1267/3/5 1266/3/5
f 1282/2/5 1266/2/5 1281/2/5
f 1283/4/5 1268/4/5 1267/4/5
f 1283/3/5 1267/3/5 1282/3/5
f 1284/3/5 1269/3/5 1268/3/5
f 1284/4/5 1268/4/5 1283/4/5
f 1285/2/5 1270/2/5 1269/2/5
f 1285/3/5 1269/3/5 1284/3/5
f 1286/3/5 1271/3/5 1270/3/5
f 1286/2/5 1270/2/5 1285/2/5
f 1287/2/5 1272/2/5 1271/2/5
f 1287/3/5 1271/3/5 1286/3/5
f 1288/3/5 1273/3/5 1272/3/5
f 1288/2/5 1272/2/5 1287/2/5
f 1289/2/5 1274/2/5 1273/2/5
f 1289/3/5 1273/3/5 1288/3/5
f 1290/2/5 1288/2/5 1287/2/5
f 1290/2/5 1274/2/5 1289/2/5
f 1290/2/5 1289/2/5 1288/2/5
f 1290/2/5 1286/2/5 1285/2/5
f 1290/2/5 1285/2/5 1284/2/5
f 1290/2/5 1284/2/5 1283/2/5
f 1290/2/5 1283/2/5 1282/2/5
f 1290/2/5 1282/2/5 1281/2/5
f 1290/2/5 1281/2/5 1280/2/5
f 1290/2/5 1280/2/5 1279/2/5
f 1290/2/5 1279/2/5 1278/2/5
f 1290/2/5 1278/2/5 1277/2/5
f 1290/2/5 1277/2/5 1276/2/5
f 1290/2/5 1276/2/5 1275/2/5
f 1290/2/5 1287/2/5 1286/2/5
f 1291/2/5 1274/2/5 1290/2/5
f 1292/2/5 1290/2/5 1275/2/5
f 1292/3/5 1291/3/5 1290/3/5
f 1293/3/5 1291/3/5 1292/3/5
f 1294/2/5 1292/2/5 1275/2/5
f 1294/4/5 1293/4/5 1292/4/5
f 1295/4/5 1293/4/5 1294/4/5
f 1296/2/5 1294/2/5 1275/2/5
f 1296/3/5 1295/3/5 1294/3/5
f 1297/3/5 1295/3/5 1296/3/5
f 1298/2/5 1275/2/5 1258/2/5
f 1298/2/5 1296/2/5 1275/2/5
f 1298/2/5 1297/2/5 1296/2/5
f 1299/2/5 1297/2/5 1298/2/5
f 1300/3/5 1299/3/5 1298/3/5
f 1301/2/5 1297/2/5 1299/2/5
f 1301/3/5 1299/3/5 1300/3/5
f 1302/2/5 1297/2/5 1301/2/5
f 1303/2/5 1297/2/5 1302/2/5
f 1304/2/5 1301/2/5 1300/2/5
f 1304/2/5 1302/2/5 1301/2/5
f 1304/3/5 1303/3/5 1302/3/5
f 1305/3/5 1303/3/5 1304/3/5
f 1306/2/5 1304/2/5 1300/2/5
f 1306/4/5 1305/4/5 1304/4/5
f 1307/4/5 1305/4/5 1306/4/5
f 1308/2/5 1306/2/5 1300/2/5
f 1308/3/5 1307/3/5 1306/3/5
f 1309/3/5 1307/3/5 1308/3/5
f 1310/2/5 1308/2/5 1300/2/5
f 1310/2/5 1309/2/5 1308/2/5
f 1311/2/5 1309/2/5 1310/2/5
f 1312/2/5 1310/2/5 1300/2/5
f 1312/3/5 1311/3/5 1310/3/5
f 1313/3/5 1311/3/5 1312/3/5
f 1314/2/5 1312/2/5 1300/2/5
f 1314/2/5 1313/2/5 1312/2/5
f 1315/2/5 1313/2/5 1314/2/5
f 1316/3/5 1315/3/5 1314/3/5
f 1317/2/5 1313/2/5 1315/2/5
f 1317/3/5 1315/3/5 1316/3/5
f 1318/2/5 1313/2/5 1317/2/5
f 1319/2/5 1313/2/5 1318/2/5
f 1320/2/5 1317/2/5 1316/2/5
f 1320/2/5 1318/2/5 1317/2/5
f 1320/3/5 1319/3/5 1318/3/5
f 1321/3/5 1319/3/5 1320/3/5
f 1322/2/5 1320/2/5 1316/2/5
f 1322/2/5 1321/2/5 1320/2/5
f 1323/2/5 1321/2/5 1322/2/5
f 1324/2/5 1321/2/5 1323/2/5
f 1325/2/5 1321/2/5 1324/2/5
f 1326/2/5 1321/2/5 1325/2/5
f 1327/2/5 1321/2/5 1326/2/5
f 1328/2/5 1321/2/5 1327/2/5
f 1329/2/5 1321/2/5 1328/2/5
f 1330/2/5 1321/2/5 1329/2/5
f 1331/2/5 1321/2/5 1330/2/5
f 1332/2/5 1321/2/5 1331/2/5
f 1333/3/5 1323/3/5 1322/3/5
f 1334/2/5 1324/2/5 1323/2/5
f 1334/3/5 1323/3/5 1333/3/5
f 1335/3/5 1325/3/5 1324/3/5
f 1335/2/5 1324/2/5 1334/2/5
f 1336/2/5 1326/2/5 1325/2/5
f 1336/3/5 1325/3/5 1335/3/5
f 1337/3/5 1327/3/5 1326/3/5
f 1337/2/5 1326/2/5 1336/2/5
f 1338/5/5 1328/5/5 1327/5/5
f 1338/3/5 1327/3/5 1337/3/5
f 1339/2/5 1329/2/5 1328/2/5
f 1339/5/5 1328/5/5 1338/5/5
f 1340/3/5 1330/3/5 1329/3/5
f 1340/2/5 1329/2/5 1339/2/5
f 1341/2/5 1331/2/5 1330/2/5
f 1341/3/5 1330/3/5 1340/3/5
f 1342/3/5 1332/3/5 1331/3/5
f 1342/2/5 1331/2/5 1341/2/5
f 1343/2/5 1321/2/5 1332/2/5
f 1343/3/5 1332/3/5 1342/3/5
f 1344/2/5 1321/2/5 1343/2/5
f 1347/2/5 1346/2/5 1345/2/5
f 1348/2/5 1346/2/5 1347/2/5
f 1353/2/5 1350/2/5 1349/2/5
f 1354/2/5 1350/2/5 1353/2/5
f 1355/2/5 1352/2/5 1351/2/5
f 1356/2/5 1352/2/5 1355/2/5
f 1361/2/5 1358/2/5 1357/2/5
f 1362/2/5 1358/2/5 1361/2/5
f 1363/2/5 1360/2/5 1359/2/5
f 1364/2/5 1360/2/5 1363/2/5
f 1369/2/5 1366/2/5 1365/2/5
f 1370/2/5 1366/2/5 1369/2/5
f 1371/2/5 1368/2/5 1367/2/5
f 1372/2/5 1368/2/5 1371/2/5
f 1375/2/5 1374/2/5 1373/2/5
f 1376/2/5 1374/2/5 1375/2/5
f 1379/2/5 1378/2/5 1377/2/5
f 1380/2/5 1378/2/5 1379/2/5
f 1385/2/5 1382/2/5 1381/2/5
f 1386/2/5 1382/2/5 1385/2/5
f 1387/2/5 1384/2/5 1383/2/5
f 1388/2/5 1384/2/5 1387/2/5
f 1393/2/5 1390/2/5 1389/2/5
f 1394/2/5 1390/2/5 1393/2/5
f 1395/2/5 1392/2/5 1391/2/5
f 1396/2/5 1392/2/5 1395/2/5
f 1401/2/5 1398/2/5 1397/2/5
f 1402/2/5 1398/2/5 1401/2/5
f 1403/2/5 1400/2/5 1399/2/5
f 1404/2/5 1400/2/5 1403/2/5
f 1407/2/5 1406/2/5 1405/2/5
f 1408/2/5 1406/2/5 1407/2/5
f 1411/2/5 1410/2/5 1409/2/5
f 1412/2/5 1410/2/5 1411/2/5
f 1417/2/5 1414/2/5 1413/2/5
f 1418/2/5 1414/2/5 1417/2/5
f 1419/2/5 1416/2/5 1415/2/5
f 1420/2/5 1416/2/5 1419/2/5
f 1425/2/5 1422/2/5 1421/2/5
f 1426/2/5 1422/2/5 1425/2/5
f 1427/2/5 1424/2/5 1423/2/5
f 1428/2/5 1424/2/5 1427/2/5
f 1433/2/5 1430/2/5 1429/2/5
f 1434/2/5 1430/2/5 1433/2/5
f 1435/2/5 1432/2/5 1431/2/5
f 1436/2/5 1432/2/5 1435/2/5
f 1439/2/5 1438/2/5 1437/2/5
f 1440/2/5 1438/2/5 1439/2/5
f 1443/2/5 1442/2/5 1441/2/5
f 1444/2/5 1442/2/5 1443/2/5
f 1445/2/5 1443/2/5 1441/2/5
f 1446/2/5 1442/2/5 1444/2/5
f 1447/2/5 1445/2/5 1441/2/5
f 1447/2/5 1446/2/5 1445/2/5
f 1448/2/5 1442/2/5 1446/2/5
f 1448/2/5 1446/2/5 1447/2/5
f 1449/2/6 1450/2/6 1470/2/6
f 1470/2/6 1450/2/6 1471/2/6
f 1450/3/6 1451/3/6 1472/3/6
f 1471/2/6 1450/2/6 1472/2/6
f 1472/3/6 1451/3/6 1473/3/6
f 1451/5/6 1452/5/6 1474/5/6
f 1473/3/6 1451/3/6 1474/3/6
f 1452/4/6 1453/4/6 1475/4/6
f 1474/5/6 1452/5/6 1475/5/6
f 1453/3/6 1454/3/6 1476/3/6
f 1475/4/6 1453/4/6 1476/4/6
f 1476/3/6 1454/3/6 1477/3/6
f 1454/4/6 1455/4/6 1478/4/6
f 1477/3/6 1454/3/6 1478/3/6
f 1455/2/6 1456/2/6 1479/2/6
f 1478/4/6 1455/4/6 1479/4/6
f 1456/3/6 1457/3/6 1480/3/6
f 1479/2/6 1456/2/6 1480/2/6
f 1457/2/6 1458/2/6 1481/2/6
f 1480/3/6 1457/3/6 1481/3/6
f 1458/3/6 1459/3/6 1482/3/6
f 1481/2/6 1458/2/6 1482/2/6
f 1459/4/6 1460/4/6 1483/4/6
f 1482/3/6 1459/3/6 1483/3/6
f 1460/5/6 1461/5/6 1484/5/6
f 1483/4/6 1460/4/6 1484/4/6
f 1461/4/6 1462/4/6 1485/4/6
f 1484/5/6 1461/5/6 1485/5/6
f 1485/4/6 1462/4/6 1486/4/6
f 1462/3/6 1463/3/6 1487/3/6
f 1486/4/6 1462/4/6 1487/4/6
f 1463/2/6 1464/2/6 1488/2/6
f 1487/3/6 1463/3/6 1488/3/6
f 1464/3/6 1465/3/6 1489/3/6
f 1488/2/6 1464/2/6 1489/2/6
f 1465/4/6 1466/4/6 1490/4/6
f 1489/3/6 1465/3/6 1490/3/6
f 1466/3/6 1467/3/6 1491/3/6
f 1490/4/6 1466/4/6 1491/4/6
f 1491/3/6 1467/3/6 1492/3/6
f 1467/2/6 1468/2/6 1493/2/6
f 1492/3/6 1467/3/6 1493/3/6
f 1493/2/6 1468/2/6 1494/2/6
f 1468/4/6 1469/4/6 1495/4/6
f 1494/2/6 1468/2/6 1495/2/6
f 1495/4/6 1469/4/6 1496/4/6
f 1496/4/6 1469/4/6 1497/4/6
f 1496/3/6 1497/3/6 1498/3/6
f 1498/3/6 1497/3/6 1499/3/6
f 1499/3/6 1497/3/6 1500/3/6
f 1500/3/6 1497/3/6 1501/3/6
f 1500/4/6 1501/4/6 1502/4/6
f 1502/4/6 1501/4/6 1503/4/6
f 1502/5/6 1503/5/6 1504/5/6
f 1504/5/6 1503/5/6 1505/5/6
f 1505/5/6 1503/5/6 1506/5/6
f 1505/4/6 1506/4/6 1507/4/6
f 1507/4/6 1506/4/6 1508/4/6
f 1449/2/6 1470/2/6 1509/2/6
f 1509/2/6 1470/2/6 1510/2/6
f 1507/3/6 1508/3/6 1511/3/6
f 1511/3/6 1508/3/6 1512/3/6
f 1509/3/6 1510/3/6 1513/3/6
f 1513/3/6 1510/3/6 1514/3/6
f 1513/5/6 1514/5/6 1515/5/6
f 1515/5/6 1514/5/6 1516/5/6
f 1511/2/6 1512/2/6 1517/2/6
f 1515/3/6 1516/3/6 1518/3/6
f 1515/3/6 1518/3/6 1519/3/6
f 1519/3/6 1518/3/6 1520/3/6
f 1517/2/6 1512/2/6 1521/2/6
f 1521/2/6 1512/2/6 1522/2/6
f 1521/3/6 1522/3/6 1523/3/6
f 1523/3/6 1522/3/6 1524/3/6
f 1523/4/6 1524/4/6 1525/4/6
f 1525/4/6 1524/4/6 1526/4/6
f 1519/2/6 1520/2/6 1527/2/6
f 1525/5/6 1526/5/6 1528/5/6
f 1528/5/6 1526/5/6 1529/5/6
f 1528/4/6 1529/4/6 1530/4/6
f 1530/4/6 1529/4/6 1531/4/6
f 1519/2/6 1527/2/6 1532/2/6
f 1530/3/6 1531/3/6 1533/3/6
f 1519/2/6 1532/2/6 1534/2/6
f 1534/2/6 1532/2/6 1535/2/6
f 1533/3/6 1531/3/6 1536/3/6
f 1536/3/6 1531/3/6 1537/3/6
f 1534/3/6 1535/3/6 1538/3/6
f 1538/3/6 1535/3/6 1539/3/6
f 1538/4/6 1539/4/6 1540/4/6
f 1540/4/6 1539/4/6 1541/4/6
f 1540/5/6 1541/5/6 1542/5/6
f 1542/5/6 1541/5/6 1543/5/6
f 1536/2/6 1537/2/6 1544/2/6
f 1544/2/6 1537/2/6 1545/2/6
f 1542/4/6 1543/4/6 1546/4/6
f 1546/4/6 1543/4/6 1547/4/6
f 1544/3/6 1545/3/6 1548/3/6
f 1548/3/6 1545/3/6 1549/3/6
f 1546/3/6 1547/3/6 1550/3/6
f 1548/4/6 1549/4/6 1551/4/6
f 1551/4/6 1549/4/6 1552/4/6
f 1551/5/6 1552/5/6 1553/5/6
f 1553/5/6 1552/5/6 1554/5/6
f 1554/5/6 1552/5/6 1555/5/6
f 1554/3/6 1555/3/6 1556/3/6
f 1546/3/6 1550/3/6 1557/3/6
f 1557/3/6 1550/3/6 1558/3/6
f 1556/3/6 1555/3/6 1559/3/6
f 1559/3/6 1555/3/6 1560/3/6
f 1557/2/6 1558/2/6 1561/2/6
f 1561/2/6 1558/2/6 1562/2/6
f 1559/2/6 1560/2/6 1563/2/6
f 1561/3/6 1562/3/6 1564/3/6
f 1564/3/6 1562/3/6 1565/3/6
f 1564/4/6 1565/4/6 1566/4/6
f 1566/4/6 1565/4/6 1567/4/6
f 1563/2/6 1560/2/6 1590/2/6
f 1566/5/6 1567/5/6 1591/5/6
f 1567/4/6 1568/4/6 1592/4/6
f 1591/5/6 1567/5/6 1592/5/6
f 1568/3/6 1569/3/6 1593/3/6
f 1592/4/6 1568/4/6 1593/4/6
f 1569/3/6 1570/3/6 1593/3/6
f 1570/2/6 1571/2/6 1594/2/6
f 1593/3/6 1570/3/6 1594/3/6
f 1571/3/6 1572/3/6 1595/3/6
f 1594/2/6 1571/2/6 1595/2/6
f 1572/2/6 1573/2/6 1596/2/6
f 1595/3/6 1572/3/6 1596/3/6
f 1573/2/6 1574/2/6 1596/2/6
f 1574/2/6 1575/2/6 1596/2/6
f 1575/3/6 1576/3/6 1597/3/6
f 1596/2/6 1575/2/6 1597/2/6
f 1576/3/6 1577/3/6 1597/3/6
f 1577/5/6 1578/5/6 1598/5/6
f 1597/3/6 1577/3/6 1598/3/6
f 1578/5/6 1579/5/6 1598/5/6
f 1579/4/6 1580/4/6 1599/4/6
f 1598/5/6 1579/5/6 1599/5/6
f 1580/4/6 1581/4/6 1599/4/6
f 1581/5/6 1582/5/6 1600/5/6
f 1599/4/6 1581/4/6 1600/4/6
f 1582/3/6 1583/3/6 1601/3/6
f 1600/5/6 1582/5/6 1601/5/6
f 1584/2/6 1585/2/6 1602/2/6
f 1601/3/6 1583/3/6 1602/3/6
f 1583/2/6 1584/2/6 1602/2/6
f 1585/4/6 1586/4/6 1603/4/6
f 1602/2/6 1585/2/6 1603/2/6
f 1586/5/6 1587/5/6 1604/5/6
f 1603/4/6 1586/4/6 1604/4/6
f 1587/4/6 1588/4/6 1605/4/6
f 1604/5/6 1587/5/6 1605/5/6
f 1588/3/6 1589/3/6 1606/3/6
f 1605/4/6 1588/4/6 1606/4/6
f 1589/2/6 1590/2/6 1607/2/6
f 1606/3/6 1589/3/6 1607/3/6
f 1590/2/6 1560/2/6 1608/2/6
f 1607/2/6 1590/2/6 1608/2/6
f 1609/2/6 1610/2/6 1623/2/6
f 1610/3/6 1611/3/6 1623/3/6
f 1623/3/6 1611/3/6 1624/3/6
f 1611/4/6 1612/4/6 1625/4/6
f 1612/3/6 1613/3/6 1625/3/6
f 1613/2/6 1614/2/6 1626/2/6
f 1625/3/6 1613/3/6 1626/3/6
f 1626/2/6 1614/2/6 1627/2/6
f 1627/2/6 1614/2/6 1628/2/6
f 1614/3/6 1615/3/6 1629/3/6
f 1628/2/6 1614/2/6 1629/2/6
f 1629/3/6 1615/3/6 1630/3/6
f 1615/4/6 1616/4/6 1631/4/6
f 1630/3/6 1615/3/6 1631/3/6
f 1616/5/6 1617/5/6 1632/5/6
f 1631/4/6 1616/4/6 1632/4/6
f 1617/4/6 1618/4/6 1633/4/6
f 1632/5/6 1617/5/6 1633/5/6
f 1618/3/6 1619/3/6 1634/3/6
f 1633/4/6 1618/4/6 1634/4/6
f 1619/2/6 1620/2/6 1635/2/6
f 1634/3/6 1619/3/6 1635/3/6
f 1635/2/6 1620/2/6 1636/2/6
f 1620/3/6 1621/3/6 1637/3/6
f 1636/2/6 1620/2/6 1637/2/6
f 1621/2/6 1622/2/6 1638/2/6
f 1637/3/6 1621/3/6 1638/3/6
f 1638/2/6 1622/2/6 1639/2/6
f 1639/2/6 1622/2/6 1640/2/6
f 1623/2/6 1624/2/6 1641/2/6
f 1641/2/6 1624/2/6 1642/2/6
f 1624/3/6 1611/3/6 1643/3/6
f 1642/2/6 1624/2/6 1643/2/6
f 1611/4/6 1625/4/6 1644/4/6
f 1643/3/6 1611/3/6 1644/3/6
f 1625/4/6 1626/4/6 1644/4/6
f 1644/4/6 1626/4/6 1645/4/6
f 1627/3/6 1628/3/6 1646/3/6
f 1629/2/6 1630/2/6 1647/2/6
f 1646/3/6 1628/3/6 1647/3/6
f 1628/2/6 1629/2/6 1647/2/6
f 1647/2/6 1630/2/6 1648/2/6
f 1635/2/6 1636/2/6 1649/2/6
f 1633/2/6 1634/2/6 1649/2/6
f 1634/2/6 1635/2/6 1649/2/6
f 1649/2/6 1636/2/6 1650/2/6
f 1636/3/6 1637/3/6 1651/3/6
f 1650/2/6 1636/2/6 1651/2/6
f 1651/3/6 1637/3/6 1652/3/6
f 1638/2/6 1639/2/6 1653/2/6
f 1652/3/6 1637/3/6 1653/3/6
f 1637/2/6 1638/2/6 1653/2/6
f 1653/2/6 1639/2/6 1654/2/6
f 1639/3/6 1640/3/6 1655/3/6
f 1654/2/6 1639/2/6 1655/2/6
f 1655/3/6 1640/3/6 1656/3/6
f 1609/2/6 1623/2/6 1657/2/6
f 1623/2/6 1641/2/6 1657/2/6
f 1657/2/6 1641/2/6 1658/2/6
f 1658/2/6 1641/2/6 1659/2/6
f 1641/3/6 1642/3/6 1660/3/6
f 1659/2/6 1641/2/6 1660/2/6
f 1642/2/6 1643/2/6 1661/2/6
f 1643/2/6 1644/2/6 1661/2/6
f 1661/2/6 1644/2/6 1662/2/6
f 1650/3/6 1651/3/6 1663/3/6
f 1663/3/6 1651/3/6 1664/3/6
f 1655/2/6 1656/2/6 1665/2/6
f 1654/2/6 1655/2/6 1665/2/6
f 1665/2/6 1656/2/6 1666/2/6
f 1658/2/6 1659/2/6 1667/2/6
f 1657/3/6 1658/3/6 1667/3/6
f 1659/3/6 1660/3/6 1668/3/6
f 1667/2/6 1659/2/6 1668/2/6
f 1668/3/6 1660/3/6 1669/3/6
f 1660/3/6 1642/3/6 1670/3/6
f 1669/3/6 1660/3/6 1670/3/6
f 1642/2/6 1661/2/6 1671/2/6
f 1670/3/6 1642/3/6 1671/3/6
f 1661/3/6 1662/3/6 1672/3/6
f 1671/2/6 1661/2/6 1672/2/6
f 1650/3/6 1663/3/6 1673/3/6
f 1663/4/6 1664/4/6 1674/4/6
f 1673/3/6 1663/3/6 1674/3/6
f 1664/3/6 1651/3/6 1675/3/6
f 1674/4/6 1664/4/6 1675/4/6
f 1651/2/6 1652/2/6 1676/2/6
f 1675/3/6 1651/3/6 1676/3/6
f 1653/3/6 1654/3/6 1677/3/6
f 1676/2/6 1652/2/6 1677/2/6
f 1652/3/6 1653/3/6 1677/3/6
f 1665/3/6 1666/3/6 1678/3/6
f 1654/2/6 1665/2/6 1678/2/6
f 1678/3/6 1666/3/6 1679/3/6
f 1668/3/6 1669/3/6 1680/3/6
f 1667/3/6 1668/3/6 1680/3/6
f 1669/5/6 1670/5/6 1681/5/6
f 1680/3/6 1669/3/6 1681/3/6
f 1670/4/6 1671/4/6 1682/4/6
f 1681/5/6 1670/5/6 1682/5/6
f 1671/3/6 1672/3/6 1683/3/6
f 1682/4/6 1671/4/6 1683/4/6
f 1672/3/6 1662/3/6 1684/3/6
f 1683/3/6 1672/3/6 1684/3/6
f 1684/3/6 1662/3/6 1685/3/6
f 1673/4/6 1674/4/6 1691/4/6
f 1675/4/6 1676/4/6 1691/4/6
f 1674/4/6 1675/4/6 1691/4/6
f 1676/4/6 1677/4/6 1691/4/6
f 1691/4/6 1677/4/6 1692/4/6
f 1677/3/6 1654/3/6 1693/3/6
f 1692/4/6 1677/4/6 1693/4/6
f 1693/3/6 1654/3/6 1694/3/6
f 1678/5/6 1679/5/6 1695/5/6
f 1654/2/6 1678/2/6 1695/2/6
f 1695/5/6 1679/5/6 1696/5/6
f 1680/4/6 1681/4/6 1697/4/6
f 1681/5/6 1682/5/6 1697/5/6
f 1682/5/6 1683/5/6 1697/5/6
f 1697/5/6 1683/5/6 1698/5/6
f 1683/4/6 1684/4/6 1699/4/6
f 1684/3/6 1685/3/6 1699/3/6
f 1685/4/6 1686/4/6 1700/4/6
f 1699/3/6 1685/3/6 1700/3/6
f 1688/4/6 1689/4/6 1701/4/6
f 1689/3/6 1690/3/6 1702/3/6
f 1701/4/6 1689/4/6 1702/4/6
f 1690/2/6 1691/2/6 1703/2/6
f 1702/3/6 1690/3/6 1703/3/6
f 1691/4/6 1692/4/6 1704/4/6
f 1703/2/6 1691/2/6 1704/2/6
f 1692/5/6 1693/5/6 1705/5/6
f 1704/4/6 1692/4/6 1705/4/6
f 1667/3/6 1680/3/6 1706/3/6
f 1697/4/6 1698/4/6 1706/4/6
f 1680/4/6 1697/4/6 1706/4/6
f 1706/4/6 1698/4/6 1707/4/6
f 1698/5/6 1683/5/6 1708/5/6
f 1707/4/6 1698/4/6 1708/4/6
f 1683/4/6 1699/4/6 1709/4/6
f 1708/5/6 1683/5/6 1709/5/6
f 1699/4/6 1700/4/6 1709/4/6
f 1709/4/6 1700/4/6 1710/4/6
f 1688/4/6 1701/4/6 1711/4/6
f 1701/5/6 1702/5/6 1712/5/6
f 1711/4/6 1701/4/6 1712/4/6
f 1702/4/6 1703/4/6 1713/4/6
f 1712/5/6 1702/5/6 1713/5/6
f 1704/5/6 1705/5/6 1714/5/6
f 1713/4/6 1703/4/6 1714/4/6
f 1703/5/6 1704/5/6 1714/5/6
f 1714/5/6 1705/5/6 1715/5/6
f 1705/5/6 1693/5/6 1716/5/6
f 1715/5/6 1705/5/6 1716/5/6
f 1693/4/6 1694/4/6 1717/4/6
f 1716/5/6 1693/5/6 1717/5/6
f 1694/3/6 1654/3/6 1718/3/6
f 1717/4/6 1694/4/6 1718/4/6
f 1654/2/6 1695/2/6 1719/2/6
f 1718/3/6 1654/3/6 1719/3/6
f 1609/2/6 1657/2/6 1720/2/6
f 1657/3/6 1667/3/6 1721/3/6
f 1720/2/6 1657/2/6 1721/2/6
f 1667/3/6 1706/3/6 1721/3/6
f 1706/2/6 1707/2/6 1722/2/6
f 1721/3/6 1706/3/6 1722/3/6
f 1707/3/6 1708/3/6 1723/3/6
f 1708/4/6 1709/4/6 1723/4/6
f 1709/3/6 1710/3/6 1724/3/6
f 1723/4/6 1709/4/6 1724/4/6
f 1710/4/6 1700/4/6 1725/4/6
f 1724/3/6 1710/3/6 1725/3/6
f 1700/4/6 1686/4/6 1726/4/6
f 1725/4/6 1700/4/6 1726/4/6
f 1686/5/6 1687/5/6 1727/5/6
f 1726/4/6 1686/4/6 1727/4/6
f 1711/5/6 1712/5/6 1728/5/6
f 1714/5/6 1715/5/6 1728/5/6
f 1712/5/6 1713/5/6 1728/5/6
f 1713/5/6 1714/5/6 1728/5/6
f 1715/3/6 1716/3/6 1729/3/6
f 1728/5/6 1715/5/6 1729/5/6
f 1717/4/6 1718/4/6 1730/4/6
f 1729/3/6 1716/3/6 1730/3/6
f 1716/4/6 1717/4/6 1730/4/6
f 1718/4/6 1719/4/6 1730/4/6
f 1730/4/6 1719/4/6 1731/4/6
f 1731/4/6 1719/4/6 1732/4/6
f 1719/2/6 1695/2/6 1733/2/6
f 1732/4/6 1719/4/6 1733/4/6
f 1733/2/6 1695/2/6 1734/2/6
f 1695/3/6 1696/3/6 1735/3/6
f 1734/2/6 1695/2/6 1735/2/6
f 1735/3/6 1696/3/6 1736/3/6
f 1722/2/6 1707/2/6 1737/2/6
f 1721/2/6 1722/2/6 1737/2/6
f 1723/3/6 1724/3/6 1738/3/6
f 1737/2/6 1707/2/6 1738/2/6
f 1707/3/6 1723/3/6 1738/3/6
f 1738/3/6 1724/3/6 1739/3/6
f 1739/3/6 1724/3/6 1740/3/6
f 1724/4/6 1725/4/6 1741/4/6
f 1725/4/6 1726/4/6 1741/4/6
f 1726/5/6 1727/5/6 1742/5/6
f 1741/4/6 1726/4/6 1742/4/6
f 1711/5/6 1728/5/6 1743/5/6
f 1728/4/6 1729/4/6 1744/4/6
f 1743/5/6 1728/5/6 1744/5/6
f 1744/4/6 1729/4/6 1745/4/6
f 1729/5/6 1730/5/6 1746/5/6
f 1730/3/6 1731/3/6 1746/3/6
f 1731/4/6 1732/4/6 1747/4/6
f 1746/3/6 1731/3/6 1747/3/6
f 1733/3/6 1734/3/6 1748/3/6
f 1747/4/6 1732/4/6 1748/4/6
f 1732/3/6 1733/3/6 1748/3/6
f 1734/2/6 1735/2/6 1749/2/6
f 1748/3/6 1734/3/6 1749/3/6
f 1735/2/6 1736/2/6 1749/2/6
f 1720/3/6 1721/3/6 1750/3/6
f 1721/2/6 1737/2/6 1751/2/6
f 1750/3/6 1721/3/6 1751/3/6
f 1739/4/6 1740/4/6 1752/4/6
f 1737/3/6 1738/3/6 1752/3/6
f 1738/3/6 1739/3/6 1752/3/6
f 1740/3/6 1724/3/6 1753/3/6
f 1752/4/6 1740/4/6 1753/4/6
f 1724/4/6 1741/4/6 1754/4/6
f 1753/3/6 1724/3/6 1754/3/6
f 1741/5/6 1742/5/6 1755/5/6
f 1754/4/6 1741/4/6 1755/4/6
f 1711/5/6 1743/5/6 1756/5/6
f 1744/3/6 1745/3/6 1756/3/6
f 1743/3/6 1744/3/6 1756/3/6
f 1745/4/6 1729/4/6 1757/4/6
f 1756/3/6 1745/3/6 1757/3/6
f 1746/5/6 1747/5/6 1758/5/6
f 1757/4/6 1729/4/6 1758/4/6
f 1729/5/6 1746/5/6 1758/5/6
f 1747/4/6 1748/4/6 1759/4/6
f 1758/5/6 1747/5/6 1759/5/6
f 1748/2/6 1749/2/6 1760/2/6
f 1759/4/6 1748/4/6 1760/4/6
f 1760/2/6 1749/2/6 1761/2/6
f 1761/2/6 1749/2/6 1762/2/6
f 1751/2/6 1737/2/6 1763/2/6
f 1750/5/6 1751/5/6 1763/5/6
f 1737/3/6 1752/3/6 1764/3/6
f 1763/2/6 1737/2/6 1764/2/6
f 1752/3/6 1753/3/6 1764/3/6
f 1764/3/6 1753/3/6 1765/3/6
f 1765/3/6 1753/3/6 1766/3/6
f 1753/4/6 1754/4/6 1767/4/6
f 1766/3/6 1753/3/6 1767/3/6
f 1711/5/6 1756/5/6 1768/5/6
f 1756/4/6 1757/4/6 1769/4/6
f 1768/5/6 1756/5/6 1769/5/6
f 1757/3/6 1758/3/6 1770/3/6
f 1769/4/6 1757/4/6 1770/4/6
f 1758/5/6 1759/5/6 1771/5/6
f 1770/3/6 1758/3/6 1771/3/6
f 1771/5/6 1759/5/6 1772/5/6
f 1759/3/6 1760/3/6 1773/3/6
f 1772/5/6 1759/5/6 1773/5/6
f 1760/2/6 1761/2/6 1774/2/6
f 1773/3/6 1760/3/6 1774/3/6
f 1761/3/6 1762/3/6 1775/3/6
f 1774/2/6 1761/2/6 1775/2/6
f 1762/2/6 1749/2/6 1776/2/6
f 1775/3/6 1762/3/6 1776/3/6
f 1749/2/6 1736/2/6 1777/2/6
f 1776/2/6 1749/2/6 1777/2/6
f 1777/2/6 1736/2/6 1778/2/6
f 1750/5/6 1763/5/6 1779/5/6
f 1763/4/6 1764/4/6 1780/4/6
f 1779/5/6 1763/5/6 1780/5/6
f 1764/4/6 1765/4/6 1780/4/6
f 1780/4/6 1765/4/6 1781/4/6
f 1765/3/6 1766/3/6 1782/3/6
f 1781/4/6 1765/4/6 1782/4/6
f 1766/4/6 1767/4/6 1783/4/6
f 1782/3/6 1766/3/6 1783/3/6
f 1755/5/6 1742/5/6 1784/5/6
f 1742/5/6 1727/5/6 1784/5/6
f 1754/5/6 1755/5/6 1784/5/6
f 1727/5/6 1687/5/6 1785/5/6
f 1784/5/6 1727/5/6 1785/5/6
f 1768/4/6 1769/4/6 1786/4/6
f 1769/5/6 1770/5/6 1787/5/6
f 1786/4/6 1769/4/6 1787/4/6
f 1771/5/6 1772/5/6 1787/5/6
f 1770/5/6 1771/5/6 1787/5/6
f 1787/5/6 1772/5/6 1788/5/6
f 1780/4/6 1781/4/6 1789/4/6
f 1779/4/6 1780/4/6 1789/4/6
f 1781/3/6 1782/3/6 1790/3/6
f 1789/4/6 1781/4/6 1790/4/6
f 1782/4/6 1783/4/6 1791/4/6
f 1790/3/6 1782/3/6 1791/3/6
f 1783/4/6 1767/4/6 1792/4/6
f 1791/4/6 1783/4/6 1792/4/6
f 1754/5/6 1784/5/6 1793/5/6
f 1792/4/6 1767/4/6 1793/4/6
f 1767/4/6 1754/4/6 1793/4/6
f 1793/5/6 1784/5/6 1794/5/6
f 1788/5/6 1772/5/6 1795/5/6
f 1772/4/6 1773/4/6 1796/4/6
f 1795/5/6 1772/5/6 1796/5/6
f 1774/4/6 1775/4/6 1797/4/6
f 1773/2/6 1774/2/6 1797/2/6
f 1775/4/6 1776/4/6 1797/4/6
f 1776/4/6 1777/4/6 1797/4/6
f 1797/4/6 1777/4/6 1798/4/6
f 1777/3/6 1778/3/6 1799/3/6
f 1798/4/6 1777/4/6 1799/4/6
f 1778/2/6 1736/2/6 1800/2/6
f 1799/3/6 1778/3/6 1800/3/6
f 1800/2/6 1736/2/6 1801/2/6
f 1779/4/6 1789/4/6 1802/4/6
f 1789/2/6 1790/2/6 1803/2/6
f 1802/4/6 1789/4/6 1803/4/6
f 1790/3/6 1791/3/6 1804/3/6
f 1803/2/6 1790/2/6 1804/2/6
f 1791/2/6 1792/2/6 1805/2/6
f 1804/3/6 1791/3/6 1805/3/6
f 1792/3/6 1793/3/6 1806/3/6
f 1793/4/6 1794/4/6 1807/4/6
f 1806/3/6 1793/3/6 1807/3/6
f 1794/5/6 1784/5/6 1808/5/6
f 1807/4/6 1794/4/6 1808/4/6
f 1795/4/6 1796/4/6 1809/4/6
f 1809/4/6 1796/4/6 1810/4/6
f 1796/4/6 1773/4/6 1811/4/6
f 1810/4/6 1796/4/6 1811/4/6
f 1797/2/6 1798/2/6 1811/2/6
f 1773/2/6 1797/2/6 1811/2/6
f 1798/4/6 1799/4/6 1812/4/6
f 1811/2/6 1798/2/6 1812/2/6
f 1799/4/6 1800/4/6 1812/4/6
f 1812/4/6 1800/4/6 1813/4/6
f 1803/2/6 1804/2/6 1814/2/6
f 1805/2/6 1792/2/6 1814/2/6
f 1804/2/6 1805/2/6 1814/2/6
f 1792/3/6 1806/3/6 1815/3/6
f 1814/2/6 1792/2/6 1815/2/6
f 1806/4/6 1807/4/6 1816/4/6
f 1815/3/6 1806/3/6 1816/3/6
f 1807/3/6 1808/3/6 1817/3/6
f 1816/4/6 1807/4/6 1817/4/6
f 1808/5/6 1784/5/6 1818/5/6
f 1817/3/6 1808/3/6 1818/3/6
f 1818/5/6 1784/5/6 1819/5/6
f 1809/3/6 1810/3/6 1826/3/6
f 1810/2/6 1811/2/6 1827/2/6
f 1811/2/6 1812/2/6 1827/2/6
f 1826/3/6 1810/3/6 1827/3/6
f 1827/2/6 1812/2/6 1828/2/6
f 1812/3/6 1813/3/6 1829/3/6
f 1828/2/6 1812/2/6 1829/2/6
f 1813/4/6 1800/4/6 1830/4/6
f 1829/3/6 1813/3/6 1830/3/6
f 1830/4/6 1800/4/6 1831/4/6
f 1800/3/6 1801/3/6 1832/3/6
f 1831/4/6 1800/4/6 1832/4/6
f 1832/3/6 1801/3/6 1833/3/6
f 1803/2/6 1814/2/6 1834/2/6
f 1816/3/6 1817/3/6 1835/3/6
f 1834/2/6 1814/2/6 1835/2/6
f 1814/3/6 1815/3/6 1835/3/6
f 1815/3/6 1816/3/6 1835/3/6
f 1817/3/6 1818/3/6 1835/3/6
f 1835/3/6 1818/3/6 1836/3/6
f 1836/3/6 1818/3/6 1837/3/6
f 1818/4/6 1819/4/6 1838/4/6
f 1837/3/6 1818/3/6 1838/3/6
f 1819/4/6 1820/4/6 1838/4/6
f 1838/4/6 1820/4/6 1839/4/6
f 1820/5/6 1821/5/6 1840/5/6
f 1839/4/6 1820/4/6 1840/4/6
f 1821/4/6 1822/4/6 1841/4/6
f 1840/5/6 1821/5/6 1841/5/6
f 1841/4/6 1822/4/6 1842/4/6
f 1824/3/6 1825/3/6 1843/3/6
f 1823/5/6 1824/5/6 1843/5/6
f 1843/3/6 1825/3/6 1844/3/6
f 1825/2/6 1826/2/6 1845/2/6
f 1844/3/6 1825/3/6 1845/3/6
f 1827/2/6 1828/2/6 1845/2/6
f 1826/2/6 1827/2/6 1845/2/6
f 1845/2/6 1828/2/6 1846/2/6
f 1828/3/6 1829/3/6 1847/3/6
f 1846/2/6 1828/2/6 1847/2/6
f 1829/3/6 1830/3/6 1847/3/6
f 1847/3/6 1830/3/6 1848/3/6
f 1830/2/6 1831/2/6 1849/2/6
f 1848/3/6 1830/3/6 1849/3/6
f 1832/4/6 1833/4/6 1850/4/6
f 1849/2/6 1831/2/6 1850/2/6
f 1831/4/6 1832/4/6 1850/4/6
f 1850/4/6 1833/4/6 1851/4/6
f 1835/3/6 1836/3/6 1852/3/6
f 1834/3/6 1835/3/6 1852/3/6
f 1852/3/6 1836/3/6 1853/3/6
f 1836/2/6 1837/2/6 1854/2/6
f 1853/3/6 1836/3/6 1854/3/6
f 1854/2/6 1837/2/6 1855/2/6
f 1838/3/6 1839/3/6 1856/3/6
f 1855/2/6 1837/2/6 1856/2/6
f 1837/3/6 1838/3/6 1856/3/6
f 1839/4/6 1840/4/6 1857/4/6
f 1856/3/6 1839/3/6 1857/3/6
f 1840/4/6 1841/4/6 1857/4/6
f 1857/4/6 1841/4/6 1858/4/6
f 1845/2/6 1846/2/6 1859/2/6
f 1846/3/6 1847/3/6 1859/3/6
f 1847/3/6 1848/3/6 1859/3/6
f 1859/3/6 1848/3/6 1860/3/6
f 1860/3/6 1848/3/6 1861/3/6
f 1848/4/6 1849/4/6 1862/4/6
f 1861/3/6 1848/3/6 1862/3/6
f 1849/4/6 1850/4/6 1862/4/6
f 1862/4/6 1850/4/6 1863/4/6
f 1850/5/6 1851/5/6 1864/5/6
f 1863/4/6 1850/4/6 1864/4/6
f 1802/3/6 1803/3/6 1865/3/6
f 1803/2/6 1834/2/6 1866/2/6
f 1865/3/6 1803/3/6 1866/3/6
f 1852/5/6 1853/5/6 1867/5/6
f 1854/3/6 1855/3/6 1867/3/6
f 1853/3/6 1854/3/6 1867/3/6
f 1856/4/6 1857/4/6 1868/4/6
f 1867/3/6 1855/3/6 1868/3/6
f 1855/4/6 1856/4/6 1868/4/6
f 1868/4/6 1857/4/6 1869/4/6
f 1857/5/6 1858/5/6 1870/5/6
f 1869/4/6 1857/4/6 1870/4/6
f 1858/4/6 1841/4/6 1871/4/6
f 1870/5/6 1858/5/6 1871/5/6
f 1841/5/6 1842/5/6 1872/5/6
f 1871/4/6 1841/4/6 1872/4/6
f 1842/4/6 1822/4/6 1873/4/6
f 1872/5/6 1842/5/6 1873/5/6
f 1873/4/6 1822/4/6 1874/4/6
f 1843/5/6 1844/5/6 1875/5/6
f 1823/5/6 1843/5/6 1875/5/6
f 1875/5/6 1844/5/6 1876/5/6
f 1844/4/6 1845/4/6 1877/4/6
f 1876/5/6 1844/5/6 1877/5/6
f 1859/2/6 1860/2/6 1878/2/6
f 1845/2/6 1859/2/6 1878/2/6
f 1878/2/6 1860/2/6 1879/2/6
f 1860/4/6 1861/4/6 1880/4/6
f 1879/2/6 1860/2/6 1880/2/6
f 1861/5/6 1862/5/6 1881/5/6
f 1880/4/6 1861/4/6 1881/4/6
f 1862/4/6 1863/4/6 1882/4/6
f 1881/5/6 1862/5/6 1882/5/6
f 1863/3/6 1864/3/6 1883/3/6
f 1882/4/6 1863/4/6 1883/4/6
f 1864/5/6 1851/5/6 1884/5/6
f 1883/3/6 1864/3/6 1884/3/6
f 1884/5/6 1851/5/6 1885/5/6
f 1885/5/6 1851/5/6 1886/5/6
f 1866/2/6 1834/2/6 1887/2/6
f 1865/2/6 1866/2/6 1887/2/6
f 1834/3/6 1852/3/6 1887/3/6
f 1852/5/6 1867/5/6 1888/5/6
f 1887/3/6 1852/3/6 1888/3/6
f 1867/5/6 1868/5/6 1888/5/6
f 1888/5/6 1868/5/6 1889/5/6
f 1868/4/6 1869/4/6 1890/4/6
f 1889/5/6 1868/5/6 1890/5/6
f 1890/4/6 1869/4/6 1891/4/6
f 1873/5/6 1874/5/6 1892/5/6
f 1891/4/6 1869/4/6 1892/4/6
f 1871/5/6 1872/5/6 1892/5/6
f 1869/5/6 1870/5/6 1892/5/6
f 1872/5/6 1873/5/6 1892/5/6
f 1870/5/6 1871/5/6 1892/5/6
f 1892/5/6 1874/5/6 1893/5/6
f 1875/3/6 1876/3/6 1894/3/6
f 1876/4/6 1877/4/6 1894/4/6
f 1845/2/6 1878/2/6 1895/2/6
f 1894/4/6 1877/4/6 1895/4/6
f 1877/4/6 1845/4/6 1895/4/6
f 1878/3/6 1879/3/6 1896/3/6
f 1895/2/6 1878/2/6 1896/2/6
f 1879/4/6 1880/4/6 1897/4/6
f 1896/3/6 1879/3/6 1897/3/6
f 1880/5/6 1881/5/6 1898/5/6
f 1897/4/6 1880/4/6 1898/4/6
f 1881/5/6 1882/5/6 1898/5/6
f 1898/5/6 1882/5/6 1899/5/6
f 1882/3/6 1883/3/6 1900/3/6
f 1899/5/6 1882/5/6 1900/5/6
f 1883/4/6 1884/4/6 1901/4/6
f 1900/3/6 1883/3/6 1901/3/6
f 1884/5/6 1885/5/6 1902/5/6
f 1901/4/6 1884/4/6 1902/4/6
f 1885/4/6 1886/4/6 1903/4/6
f 1902/5/6 1885/5/6 1903/5/6
f 1889/5/6 1890/5/6 1904/5/6
f 1887/2/6 1888/2/6 1904/2/6
f 1888/2/6 1889/2/6 1904/2/6
f 1890/3/6 1891/3/6 1905/3/6
f 1904/5/6 1890/5/6 1905/5/6
f 1891/4/6 1892/4/6 1906/4/6
f 1905/3/6 1891/3/6 1906/3/6
f 1892/4/6 1893/4/6 1906/4/6
f 1893/5/6 1874/5/6 1907/5/6
f 1906/4/6 1893/4/6 1907/4/6
f 1907/5/6 1874/5/6 1908/5/6
f 1894/3/6 1895/3/6 1909/3/6
f 1875/3/6 1894/3/6 1909/3/6
f 1895/3/6 1896/3/6 1909/3/6
f 1896/3/6 1897/3/6 1909/3/6
f 1909/3/6 1897/3/6 1910/3/6
f 1910/3/6 1897/3/6 1911/3/6
f 1898/5/6 1899/5/6 1912/5/6
f 1911/3/6 1897/3/6 1912/3/6
f 1897/5/6 1898/5/6 1912/5/6
f 1912/5/6 1899/5/6 1913/5/6
f 1902/4/6 1903/4/6 1914/4/6
f 1913/5/6 1899/5/6 1914/5/6
f 1901/4/6 1902/4/6 1914/4/6
f 1900/4/6 1901/4/6 1914/4/6
f 1899/4/6 1900/4/6 1914/4/6
f 1914/4/6 1903/4/6 1915/4/6
f 1915/4/6 1903/4/6 1916/4/6
f 1903/4/6 1886/4/6 1917/4/6
f 1916/4/6 1903/4/6 1917/4/6
f 1887/2/6 1904/2/6 1918/2/6
f 1865/2/6 1887/2/6 1918/2/6
f 1918/2/6 1904/2/6 1919/2/6
f 1919/2/6 1904/2/6 1920/2/6
f 1920/2/6 1904/2/6 1921/2/6
f 1921/2/6 1904/2/6 1922/2/6
f 1905/3/6 1906/3/6 1923/3/6
f 1906/3/6 1907/3/6 1923/3/6
f 1904/3/6 1905/3/6 1923/3/6
f 1923/3/6 1907/3/6 1924/3/6
f 1910/3/6 1911/3/6 1925/3/6
f 1925/3/6 1911/3/6 1926/3/6
f 1911/2/6 1912/2/6 1927/2/6
f 1926/3/6 1911/3/6 1927/3/6
f 1912/4/6 1913/4/6 1928/4/6
f 1927/2/6 1912/2/6 1928/2/6
f 1913/5/6 1914/5/6 1929/5/6
f 1928/4/6 1913/4/6 1929/4/6
f 1914/5/6 1915/5/6 1929/5/6
f 1915/4/6 1916/4/6 1930/4/6
f 1929/5/6 1915/5/6 1930/5/6
f 1916/2/6 1917/2/6 1931/2/6
f 1930/4/6 1916/4/6 1931/4/6
f 1917/4/6 1886/4/6 1932/4/6
f 1931/2/6 1917/2/6 1932/2/6
f 1932/4/6 1886/4/6 1933/4/6
f 1921/5/6 1922/5/6 1934/5/6
f 1920/3/6 1921/3/6 1934/3/6
f 1922/2/6 1904/2/6 1935/2/6
f 1934/5/6 1922/5/6 1935/5/6
f 1904/3/6 1923/3/6 1936/3/6
f 1935/2/6 1904/2/6 1936/2/6
f 1923/2/6 1924/2/6 1937/2/6
f 1936/3/6 1923/3/6 1937/3/6
f 1909/4/6 1910/4/6 1938/4/6
f 1910/3/6 1925/3/6 1939/3/6
f 1938/4/6 1910/4/6 1939/4/6
f 1925/2/6 1926/2/6 1940/2/6
f 1939/3/6 1925/3/6 1940/3/6
f 1926/4/6 1927/4/6 1941/4/6
f 1940/2/6 1926/2/6 1941/2/6
f 1928/5/6 1929/5/6 1942/5/6
f 1941/4/6 1927/4/6 1942/4/6
f 1929/5/6 1930/5/6 1942/5/6
f 1927/5/6 1928/5/6 1942/5/6
f 1942/5/6 1930/5/6 1943/5/6
f 1930/3/6 1931/3/6 1944/3/6
f 1943/5/6 1930/5/6 1944/5/6
f 1920/3/6 1934/3/6 1945/3/6
f 1919/2/6 1920/2/6 1945/2/6
f 1934/3/6 1935/3/6 1945/3/6
f 1936/2/6 1937/2/6 1946/2/6
f 1945/3/6 1935/3/6 1946/3/6
f 1935/2/6 1936/2/6 1946/2/6
f 1924/3/6 1907/3/6 1947/3/6
f 1946/2/6 1937/2/6 1947/2/6
f 1937/2/6 1924/2/6 1947/2/6
f 1907/4/6 1908/4/6 1948/4/6
f 1947/3/6 1907/3/6 1948/3/6
f 1908/5/6 1874/5/6 1949/5/6
f 1948/4/6 1908/4/6 1949/4/6
f 1949/5/6 1874/5/6 1950/5/6
f 1939/3/6 1940/3/6 1951/3/6
f 1938/3/6 1939/3/6 1951/3/6
f 1940/4/6 1941/4/6 1952/4/6
f 1951/3/6 1940/3/6 1952/3/6
f 1942/5/6 1943/5/6 1953/5/6
f 1952/4/6 1941/4/6 1953/4/6
f 1941/5/6 1942/5/6 1953/5/6
f 1953/5/6 1943/5/6 1954/5/6
f 1954/5/6 1943/5/6 1955/5/6
f 1955/5/6 1943/5/6 1956/5/6
f 1956/5/6 1943/5/6 1957/5/6
f 1943/4/6 1944/4/6 1958/4/6
f 1957/5/6 1943/5/6 1958/5/6
f 1944/3/6 1931/3/6 1959/3/6
f 1958/4/6 1944/4/6 1959/4/6
f 1931/2/6 1932/2/6 1960/2/6
f 1959/3/6 1931/3/6 1960/3/6
f 1960/2/6 1932/2/6 1961/2/6
f 1932/3/6 1933/3/6 1962/3/6
f 1961/2/6 1932/2/6 1962/2/6
f 1962/3/6 1933/3/6 1963/3/6
f 1945/2/6 1946/2/6 1964/2/6
f 1947/2/6 1948/2/6 1964/2/6
f 1946/2/6 1947/2/6 1964/2/6
f 1964/2/6 1948/2/6 1965/2/6
f 1965/2/6 1948/2/6 1966/2/6
f 1966/2/6 1948/2/6 1967/2/6
f 1962/2/6 1963/2/6 1968/2/6
f 1961/2/6 1962/2/6 1968/2/6
f 1960/3/6 1961/3/6 1968/3/6
f 1968/2/6 1963/2/6 1969/2/6
f 1918/3/6 1919/3/6 1970/3/6
f 1919/2/6 1945/2/6 1971/2/6
f 1970/3/6 1919/3/6 1971/3/6
f 1945/2/6 1964/2/6 1971/2/6
f 1971/2/6 1964/2/6 1972/2/6
f 1972/2/6 1964/2/6 1973/2/6
f 1965/2/6 1966/2/6 1974/2/6
f 1964/3/6 1965/3/6 1974/3/6
f 1966/3/6 1967/3/6 1975/3/6
f 1974/2/6 1966/2/6 1975/2/6
f 1975/3/6 1967/3/6 1976/3/6
f 1955/4/6 1956/4/6 1977/4/6
f 1954/5/6 1955/5/6 1977/5/6
f 1956/5/6 1957/5/6 1978/5/6
f 1977/4/6 1956/4/6 1978/4/6
f 1957/4/6 1958/4/6 1979/4/6
f 1978/5/6 1957/5/6 1979/5/6
f 1958/4/6 1959/4/6 1979/4/6
f 1979/4/6 1959/4/6 1980/4/6
f 1959/2/6 1960/2/6 1981/2/6
f 1980/4/6 1959/4/6 1981/4/6
f 1968/3/6 1969/3/6 1982/3/6
f 1981/2/6 1960/2/6 1982/2/6
f 1960/3/6 1968/3/6 1982/3/6
f 1969/2/6 1963/2/6 1983/2/6
f 1982/3/6 1969/3/6 1983/3/6
f 1973/2/6 1964/2/6 1984/2/6
f 1972/3/6 1973/3/6 1984/3/6
f 1964/3/6 1974/3/6 1985/3/6
f 1984/2/6 1964/2/6 1985/2/6
f 1974/3/6 1975/3/6 1985/3/6
f 1975/4/6 1976/4/6 1986/4/6
f 1985/3/6 1975/3/6 1986/3/6
f 1986/4/6 1976/4/6 1987/4/6
f 1987/4/6 1976/4/6 1988/4/6
f 1954/5/6 1977/5/6 1994/5/6
f 1977/5/6 1978/5/6 1994/5/6
f 1978/4/6 1979/4/6 1995/4/6
f 1994/5/6 1978/5/6 1995/5/6
f 1979/3/6 1980/3/6 1996/3/6
f 1995/4/6 1979/4/6 1996/4/6
f 1981/4/6 1982/4/6 1997/4/6
f 1996/3/6 1980/3/6 1997/3/6
f 1980/4/6 1981/4/6 1997/4/6
f 1982/2/6 1983/2/6 1998/2/6
f 1997/4/6 1982/4/6 1998/4/6
f 1998/2/6 1983/2/6 1999/2/6
f 1970/5/6 1971/5/6 2000/5/6
f 1971/2/6 1972/2/6 2001/2/6
f 2000/5/6 1971/5/6 2001/5/6
f 1985/5/6 1986/5/6 2002/5/6
f 1986/4/6 1987/4/6 2003/4/6
f 2002/5/6 1986/5/6 2003/5/6
f 1987/5/6 1988/5/6 2004/5/6
f 2003/4/6 1987/4/6 2004/4/6
f 1988/5/6 1989/5/6 2004/5/6
f 2004/5/6 1989/5/6 2005/5/6
f 2005/5/6 1989/5/6 2006/5/6
f 1989/4/6 1990/4/6 2007/4/6
f 2006/5/6 1989/5/6 2007/5/6
f 1990/5/6 1991/5/6 2008/5/6
f 2007/4/6 1990/4/6 2008/4/6
f 1992/4/6 1993/4/6 2009/4/6
f 2009/4/6 1993/4/6 2010/4/6
f 1994/5/6 1995/5/6 2011/5/6
f 1996/5/6 1997/5/6 2011/5/6
f 1995/5/6 1996/5/6 2011/5/6
f 1993/5/6 1994/5/6 2011/5/6
f 1997/4/6 1998/4/6 2012/4/6
f 2011/5/6 1997/5/6 2012/5/6
f 2012/4/6 1998/4/6 2013/4/6
f 2000/4/6 2001/4/6 2014/4/6
f 2001/2/6 1972/2/6 2015/2/6
f 2014/4/6 2001/4/6 2015/4/6
f 1972/3/6 1984/3/6 2016/3/6
f 2015/2/6 1972/2/6 2016/2/6
f 1984/3/6 1985/3/6 2016/3/6
f 1985/5/6 2002/5/6 2017/5/6
f 2016/3/6 1985/3/6 2017/3/6
f 2002/2/6 2003/2/6 2018/2/6
f 2017/5/6 2002/5/6 2018/5/6
f 2005/2/6 2006/2/6 2019/2/6
f 2003/3/6 2004/3/6 2019/3/6
f 2004/3/6 2005/3/6 2019/3/6
f 2006/5/6 2007/5/6 2020/5/6
f 2019/2/6 2006/2/6 2020/2/6
f 2007/5/6 2008/5/6 2020/5/6
f 2010/4/6 1993/4/6 2021/4/6
f 1993/5/6 2011/5/6 2021/5/6
f 2021/5/6 2011/5/6 2022/5/6
f 2011/4/6 2012/4/6 2023/4/6
f 2022/5/6 2011/5/6 2023/5/6
f 2012/5/6 2013/5/6 2024/5/6
f 2023/4/6 2012/4/6 2024/4/6
f 2015/2/6 2016/2/6 2025/2/6
f 2016/2/6 2017/2/6 2025/2/6
f 2017/2/6 2018/2/6 2025/2/6
f 2003/3/6 2019/3/6 2026/3/6
f 2025/2/6 2018/2/6 2026/2/6
f 2018/2/6 2003/2/6 2026/2/6
f 2026/3/6 2019/3/6 2027/3/6
f 2019/4/6 2020/4/6 2028/4/6
f 2027/3/6 2019/3/6 2028/3/6
f 2020/5/6 2008/5/6 2029/5/6
f 2028/4/6 2020/4/6 2029/4/6
f 2009/3/6 2010/3/6 2030/3/6
f 2021/4/6 2022/4/6 2031/4/6
f 2030/3/6 2010/3/6 2031/3/6
f 2010/4/6 2021/4/6 2031/4/6
f 2031/4/6 2022/4/6 2032/4/6
f 2013/4/6 1998/4/6 2033/4/6
f 1998/3/6 1999/3/6 2033/3/6
f 1999/2/6 1983/2/6 2034/2/6
f 2033/3/6 1999/3/6 2034/3/6
f 2014/3/6 2015/3/6 2035/3/6
f 2015/2/6 2025/2/6 2036/2/6
f 2035/3/6 2015/3/6 2036/3/6
f 2036/2/6 2025/2/6 2037/2/6
f 2037/2/6 2025/2/6 2038/2/6
f 2038/2/6 2025/2/6 2039/2/6
f 2026/4/6 2027/4/6 2040/4/6
f 2039/2/6 2025/2/6 2040/2/6
f 2025/4/6 2026/4/6 2040/4/6
f 2027/5/6 2028/5/6 2041/5/6
f 2040/4/6 2027/4/6 2041/4/6
f 2028/5/6 2029/5/6 2041/5/6
f 2009/3/6 2030/3/6 2042/3/6
f 2030/2/6 2031/2/6 2042/2/6
f 2031/3/6 2032/3/6 2043/3/6
f 2042/2/6 2031/2/6 2043/2/6
f 2032/4/6 2022/4/6 2044/4/6
f 2043/3/6 2032/3/6 2044/3/6
f 2044/4/6 2022/4/6 2045/4/6
f 2022/5/6 2023/5/6 2046/5/6
f 2013/4/6 2033/4/6 2046/4/6
f 2024/5/6 2013/5/6 2046/5/6
f 2023/5/6 2024/5/6 2046/5/6
f 2033/2/6 2034/2/6 2047/2/6
f 2046/4/6 2033/4/6 2047/4/6
f 2038/5/6 2039/5/6 2048/5/6
f 2037/4/6 2038/4/6 2048/4/6
f 2039/4/6 2040/4/6 2049/4/6
f 2048/5/6 2039/5/6 2049/5/6
f 2040/5/6 2041/5/6 2050/5/6
f 2049/4/6 2040/4/6 2050/4/6
f 2050/5/6 2041/5/6 2051/5/6
f 2029/5/6 2008/5/6 2052/5/6
f 2051/5/6 2041/5/6 2052/5/6
f 2041/5/6 2029/5/6 2052/5/6
f 2008/5/6 1991/5/6 2053/5/6
f 2052/5/6 2008/5/6 2053/5/6
f 2044/3/6 2045/3/6 2054/3/6
f 2043/3/6 2044/3/6 2054/3/6
f 2042/3/6 2043/3/6 2054/3/6
f 2009/3/6 2042/3/6 2054/3/6
f 2054/3/6 2045/3/6 2055/3/6
f 2022/5/6 2046/5/6 2056/5/6
f 2046/3/6 2047/3/6 2057/3/6
f 2056/5/6 2046/5/6 2057/5/6
f 2034/2/6 1983/2/6 2058/2/6
f 1983/2/6 1963/2/6 2058/2/6
f 2047/2/6 2034/2/6 2058/2/6
f 2058/2/6 1963/2/6 2059/2/6
f 2037/4/6 2048/4/6 2060/4/6
f 2035/2/6 2036/2/6 2060/2/6
f 2048/4/6 2049/4/6 2060/4/6
f 2036/2/6 2037/2/6 2060/2/6
f 2049/5/6 2050/5/6 2061/5/6
f 2060/4/6 2049/4/6 2061/4/6
f 2050/4/6 2051/4/6 2062/4/6
f 2061/5/6 2050/5/6 2062/5/6
f 2062/4/6 2051/4/6 2063/4/6
f 2051/5/6 2052/5/6 2064/5/6
f 2063/4/6 2051/4/6 2064/4/6
f 2064/5/6 2052/5/6 2065/5/6
f 2065/5/6 2052/5/6 2066/5/6
f 2052/4/6 2053/4/6 2067/4/6
f 2066/5/6 2052/5/6 2067/5/6
f 2067/4/6 2053/4/6 2068/4/6
f 2055/3/6 2045/3/6 2069/3/6
f 2054/2/6 2055/2/6 2069/2/6
f 2045/4/6 2022/4/6 2070/4/6
f 2069/3/6 2045/3/6 2070/3/6
f 2022/5/6 2056/5/6 2071/5/6
f 2070/4/6 2022/4/6 2071/4/6
f 2056/4/6 2057/4/6 2072/4/6
f 2071/5/6 2056/5/6 2072/5/6
f 2057/3/6 2047/3/6 2073/3/6
f 2072/4/6 2057/4/6 2073/4/6
f 2047/2/6 2058/2/6 2074/2/6
f 2073/3/6 2047/3/6 2074/3/6
f 2074/2/6 2058/2/6 2075/2/6
f 2058/4/6 2059/4/6 2076/4/6
f 2075/2/6 2058/2/6 2076/2/6
f 2076/4/6 2059/4/6 2077/4/6
f 2060/3/6 2061/3/6 2078/3/6
f 2035/2/6 2060/2/6 2078/2/6
f 2078/3/6 2061/3/6 2079/3/6
f 2062/4/6 2063/4/6 2080/4/6
f 2079/3/6 2061/3/6 2080/3/6
f 2061/4/6 2062/4/6 2080/4/6
f 2063/3/6 2064/3/6 2081/3/6
f 2080/4/6 2063/4/6 2081/4/6
f 2064/3/6 2065/3/6 2081/3/6
f 2065/2/6 2066/2/6 2082/2/6
f 2081/3/6 2065/3/6 2082/3/6
f 2066/3/6 2067/3/6 2083/3/6
f 2082/2/6 2066/2/6 2083/2/6
f 2067/5/6 2068/5/6 2084/5/6
f 2083/3/6 2067/3/6 2084/3/6
f 2068/4/6 2053/4/6 2085/4/6
f 2084/5/6 2068/5/6 2085/5/6
f 2085/4/6 2053/4/6 2086/4/6
f 2009/3/6 2054/3/6 2087/3/6
f 2054/2/6 2069/2/6 2088/2/6
f 2087/3/6 2054/3/6 2088/3/6
f 2069/2/6 2070/2/6 2088/2/6
f 2088/2/6 2070/2/6 2089/2/6
f 2071/4/6 2072/4/6 2090/4/6
f 2070/3/6 2071/3/6 2090/3/6
f 2072/3/6 2073/3/6 2091/3/6
f 2090/4/6 2072/4/6 2091/4/6
f 2073/2/6 2074/2/6 2092/2/6
f 2091/3/6 2073/3/6 2092/3/6
f 2076/5/6 2077/5/6 2093/5/6
f 2075/2/6 2076/2/6 2093/2/6
f 2093/5/6 2077/5/6 2094/5/6
f 2078/2/6 2079/2/6 2095/2/6
f 2080/3/6 2081/3/6 2095/3/6
f 2079/3/6 2080/3/6 2095/3/6
f 2081/2/6 2082/2/6 2096/2/6
f 2095/3/6 2081/3/6 2096/3/6
f 2082/2/6 2083/2/6 2096/2/6
f 2096/2/6 2083/2/6 2097/2/6
f 2097/2/6 2083/2/6 2098/2/6
f 2089/2/6 2070/2/6 2099/2/6
f 2090/3/6 2091/3/6 2099/3/6
f 2070/3/6 2090/3/6 2099/3/6
f 2099/3/6 2091/3/6 2100/3/6
f 2091/4/6 2092/4/6 2101/4/6
f 2100/3/6 2091/3/6 2101/3/6
f 2092/2/6 2074/2/6 2102/2/6
f 2101/4/6 2092/4/6 2102/4/6
f 2074/3/6 2075/3/6 2103/3/6
f 2102/2/6 2074/2/6 2103/2/6
f 2099/2/6 2100/2/6 2104/2/6
f 2100/4/6 2101/4/6 2105/4/6
f 2104/2/6 2100/2/6 2105/2/6
f 2101/5/6 2102/5/6 2106/5/6
f 2102/5/6 2103/5/6 2106/5/6
f 2103/3/6 2075/3/6 2107/3/6
f 2106/5/6 2103/5/6 2107/5/6
f 2096/2/6 2097/2/6 2108/2/6
f 2095/2/6 2096/2/6 2108/2/6
f 2078/2/6 2095/2/6 2108/2/6
f 2035/2/6 2078/2/6 2108/2/6
f 2108/2/6 2097/2/6 2109/2/6
f 2109/2/6 2097/2/6 2110/2/6
f 2110/2/6 2097/2/6 2111/2/6
f 2097/3/6 2098/3/6 2112/3/6
f 2111/2/6 2097/2/6 2112/2/6
f 2112/3/6 2098/3/6 2113/3/6
f 2099/2/6 2104/2/6 2121/2/6
f 2089/2/6 2099/2/6 2121/2/6
f 2104/4/6 2105/4/6 2122/4/6
f 2121/2/6 2104/2/6 2122/2/6
f 2105/4/6 2101/4/6 2123/4/6
f 2122/4/6 2105/4/6 2123/4/6
f 2106/4/6 2107/4/6 2124/4/6
f 2101/5/6 2106/5/6 2124/5/6
f 2107/3/6 2075/3/6 2125/3/6
f 2124/4/6 2107/4/6 2125/4/6
f 2075/2/6 2093/2/6 2126/2/6
f 2125/3/6 2075/3/6 2126/3/6
f 2093/3/6 2094/3/6 2127/3/6
f 2126/2/6 2093/2/6 2127/2/6
f 2127/3/6 2094/3/6 2128/3/6
f 2108/3/6 2109/3/6 2129/3/6
f 2109/2/6 2110/2/6 2130/2/6
f 2129/3/6 2109/3/6 2130/3/6
f 2110/3/6 2111/3/6 2131/3/6
f 2130/2/6 2110/2/6 2131/2/6
f 2111/2/6 2112/2/6 2132/2/6
f 2131/3/6 2111/3/6 2132/3/6
f 2112/2/6 2113/2/6 2132/2/6
f 2114/2/6 2115/2/6 2133/2/6
f 2116/5/6 2117/5/6 2135/5/6
f 2117/3/6 2118/3/6 2136/3/6
f 2135/5/6 2117/5/6 2136/5/6
f 2136/3/6 2118/3/6 2137/3/6
f 2118/2/6 2119/2/6 2138/2/6
f 2137/3/6 2118/3/6 2138/3/6
f 2138/2/6 2119/2/6 2139/2/6
f 2139/2/6 2119/2/6 2140/2/6
f 2121/2/6 2122/2/6 2143/2/6
f 2120/2/6 2121/2/6 2143/2/6
f 2122/2/6 2123/2/6 2143/2/6
f 2143/2/6 2123/2/6 2144/2/6
f 2144/2/6 2123/2/6 2145/2/6
f 2123/4/6 2101/4/6 2146/4/6
f 2145/2/6 2123/2/6 2146/2/6
f 2124/5/6 2125/5/6 2147/5/6
f 2146/4/6 2101/4/6 2147/4/6
f 2101/5/6 2124/5/6 2147/5/6
f 2147/5/6 2125/5/6 2148/5/6
f 2125/2/6 2126/2/6 2149/2/6
f 2148/5/6 2125/5/6 2149/5/6
f 2127/2/6 2128/2/6 2149/2/6
f 2126/2/6 2127/2/6 2149/2/6
f 2149/2/6 2128/2/6 2150/2/6
f 2129/5/6 2130/5/6 2151/5/6
f 2130/5/6 2131/5/6 2151/5/6
f 2131/4/6 2132/4/6 2152/4/6
f 2151/5/6 2131/5/6 2152/5/6
f 2132/2/6 2113/2/6 2153/2/6
f 2152/4/6 2132/4/6 2153/4/6
f 2113/3/6 2114/3/6 2154/3/6
f 2153/2/6 2113/2/6 2154/2/6
f 2133/2/6 2134/2/6 2155/2/6
f 2154/3/6 2114/3/6 2155/3/6
f 2114/2/6 2133/2/6 2155/2/6
f 2136/3/6 2137/3/6 2156/3/6
f 2155/2/6 2134/2/6 2156/2/6
f 2134/3/6 2135/3/6 2156/3/6
f 2135/3/6 2136/3/6 2156/3/6
f 2138/2/6 2139/2/6 2157/2/6
f 2156/3/6 2137/3/6 2157/3/6
f 2137/2/6 2138/2/6 2157/2/6
f 2140/3/6 2141/3/6 2158/3/6
f 2157/2/6 2139/2/6 2158/2/6
f 2139/3/6 2140/3/6 2158/3/6
f 2141/4/6 2142/4/6 2159/4/6
f 2158/3/6 2141/3/6 2159/3/6
f 2143/5/6 2144/5/6 2160/5/6
f 2159/4/6 2142/4/6 2160/4/6
f 2142/5/6 2143/5/6 2160/5/6
f 2144/3/6 2145/3/6 2161/3/6
f 2160/5/6 2144/5/6 2161/5/6
f 2145/2/6 2146/2/6 2162/2/6
f 2161/3/6 2145/3/6 2162/3/6
f 2146/3/6 2147/3/6 2163/3/6
f 2162/2/6 2146/2/6 2163/2/6
f 2147/4/6 2148/4/6 2164/4/6
f 2163/3/6 2147/3/6 2164/3/6
f 2148/5/6 2149/5/6 2165/5/6
f 2164/4/6 2148/4/6 2165/4/6
f 2149/4/6 2150/4/6 2166/4/6
f 2165/5/6 2149/5/6 2166/5/6
f 2150/2/6 2128/2/6 2167/2/6
f 2166/4/6 2150/4/6 2167/4/6
f 2167/2/6 2128/2/6 2168/2/6
f 2169/2/6 2170/2/6 2171/2/6
f 2171/2/6 2170/2/6 2172/2/6
f 2173/2/6 2174/2/6 2177/2/6
f 2177/2/6 2174/2/6 2178/2/6
f 2175/2/6 2176/2/6 2179/2/6
f 2179/2/6 2176/2/6 2180/2/6
f 2181/2/6 2182/2/6 2185/2/6
f 2185/2/6 2182/2/6 2186/2/6
f 2183/2/6 2184/2/6 2187/2/6
f 2187/2/6 2184/2/6 2188/2/6
f 2189/2/6 2190/2/6 2193/2/6
f 2193/2/6 2190/2/6 2194/2/6
f 2191/2/6 2192/2/6 2195/2/6
f 2195/2/6 2192/2/6 2196/2/6
f 2197/2/6 2198/2/6 2199/2/6
f 2199/2/6 2198/2/6 2200/2/6
f 2205/2/6 2206/2/6 2207/2/6
f 2207/2/6 2206/2/6 2208/2/6
f 2201/2/6 2202/2/6 2209/2/6
f 2209/2/6 2202/2/6 2210/2/6
f 2203/2/6 2204/2/6 2215/2/6
f 2215/2/6 2204/2/6 2216/2/6
f 2211/2/6 2212/2/6 2219/2/6
f 2219/2/6 2212/2/6 2220/2/6
f 2213/2/6 2214/2/6 2221/2/6
f 2221/2/6 2214/2/6 2222/2/6
f 2217/2/6 2218/2/6 2225/2/6
f 2225/2/6 2218/2/6 2226/2/6
f 2223/2/6 2224/2/6 2231/2/6
f 2231/2/6 2224/2/6 2232/2/6
f 2227/2/6 2228/2/6 2235/2/6
f 2235/2/6 2228/2/6 2236/2/6
f 2229/2/6 2230/2/6 2237/2/6
f 2237/2/6 2230/2/6 2238/2/6
f 2233/2/6 2234/2/6 2241/2/6
f 2241/2/6 2234/2/6 2242/2/6
f 2239/2/6 2240/2/6 2247/2/6
f 2247/2/6 2240/2/6 2248/2/6
f 2243/2/6 2244/2/6 2251/2/6
f 2251/2/6 2244/2/6 2252/2/6
f 2245/2/6 2246/2/6 2253/2/6
f 2253/2/6 2246/2/6 2254/2/6
f 2257/2/6 2258/2/6 2259/2/6
f 2259/2/6 2258/2/6 2260/2/6
f 2249/2/6 2250/2/6 2261/2/6
f 2261/2/6 2250/2/6 2262/2/6
f 2255/2/6 2256/2/6 2263/2/6
f 2263/2/6 2256/2/6 2264/2/6
f 2265/2/6 2266/2/6 2269/2/6
f 2269/2/6 2266/2/6 2270/2/6
f 2267/2/6 2268/2/6 2271/2/6
f 2271/2/6 2268/2/6 2272/2/6
f 2273/2/6 2274/2/6 2277/2/6
f 2277/2/6 2274/2/6 2278/2/6
f 2275/2/6 2276/2/6 2279/2/6
f 2279/2/6 2276/2/6 2280/2/6
f 2281/2/6 2282/2/6 2285/2/6
f 2285/2/6 2282/2/6 2286/2/6
f 2283/2/6 2284/2/6 2287/2/6
f 2287/2/6 2284/2/6 2288/2/6
f 2289/2/6 2290/2/6 2293/2/6
f 2293/2/6 2290/2/6 2294/2/6
f 2291/2/6 2292/2/6 2295/2/6
f 2295/2/6 2292/2/6 2296/2/6
f 2297/2/6 2298/2/6 2299/2/6
f 2299/2/6 2298/2/6 2300/2/6
f 2301/2/6 2302/2/6 2305/2/6
f 2305/2/6 2302/2/6 2306/2/6
f 2303/2/6 2304/2/6 2307/2/6
f 2307/2/6 2304/2/6 2308/2/6
f 2309/2/6 2310/2/6 2313/2/6
f 2313/2/6 2310/2/6 2314/2/6
f 2311/2/6 2312/2/6 2315/2/6
f 2315/2/6 2312/2/6 2316/2/6
f 2317/2/6 2318/2/6 2321/2/6
f 2321/2/6 2318/2/6 2322/2/6
f 2319/2/6 2320/2/6 2323/2/6
f 2323/2/6 2320/2/6 2324/2/6
f 2325/2/6 2326/2/6 2327/2/6
f 2327/2/6 2326/2/6 2328/2/6
f 2329/2/6 2330/2/6 2333/2/6
f 2333/2/6 2330/2/6 2334/2/6
f 2331/2/6 2332/2/6 2335/2/6
f 2335/2/6 2332/2/6 2336/2/6
f 2337/2/6 2338/2/6 2341/2/6
f 2341/2/6 2338/2/6 2342/2/6
f 2339/2/6 2340/2/6 2343/2/6
f 2343/2/6 2340/2/6 2344/2/6
f 2345/2/6 2346/2/6 2349/2/6
f 2349/2/6 2346/2/6 2350/2/6
f 2347/2/6 2348/2/6 2351/2/6
f 2351/2/6 2348/2/6 2352/2/6
f 2353/2/6 2354/2/6 2357/2/6
f 2357/2/6 2354/2/6 2358/2/6
f 2355/2/6 2356/2/6 2359/2/6
f 2359/2/6 2356/2/6 2360/2/6
f 2361/2/6 2362/2/6 2366/2/6
f 2366/2/6 2362/2/6 2367/2/6
f 2363/2/6 2364/2/6 2368/2/6
f 2368/2/6 2364/2/6 2369/2/6
f 2365/2/6 2366/2/6 2371/2/6
f 2371/2/6 2366/2/6 2372/2/6
f 2369/2/6 2370/2/6 2373/2/6
f 2373/2/6 2370/2/6 2374/2/6
f 2375/2/6 2376/2/6 2379/2/6
f 2379/2/6 2376/2/6 2380/2/6
f 2377/2/6 2378/2/6 2381/2/6
f 2381/2/6 2378/2/6 2382/2/6
f 2383/2/6 2384/2/6 2387/2/6
f 2387/2/6 2384/2/6 2388/2/6
f 2385/2/6 2386/2/6 2389/2/6
f 2389/2/6 2386/2/6 2390/2/6
f 2391/2/6 2392/2/6 2395/2/6
f 2395/2/6 2392/2/6 2396/2/6
f 2393/2/6 2394/2/6 2399/2/6
f 2399/2/6 2394/2/6 2400/2/6
f 2396/2/6 2397/2/6 2401/2/6
f 2401/2/6 2397/2/6 2402/2/6
f 2398/2/6 2399/2/6 2403/2/6
f 2403/2/6 2399/2/6 2404/2/6
f 2405/1/6 2406/1/6 2407/1/6
f 2407/1/6 2406/1/6 2408/1/6
f 2409/1/6 2410/1/6 2411/1/6
f 2411/1/6 2410/1/6 2412/1/6
f 2413/1/6 2414/1/6 2415/1/6
f 2415/1/6 2414/1/6 2416/1/6
f 2417/1/6 2418/1/6 2419/1/6
f 2419/1/6 2418/1/6 2420/1/6
f 2421/2/6 2422/2/6 2423/2/6
f 2423/2/6 2422/2/6 2424/2/6
f 2425/2/6 2426/2/6 2427/2/6
f 2427/2/6 2426/2/6 2428/2/6
f 2425/2/6 2427/2/6 2429/2/6
f 2428/2/6 2426/2/6 2430/2/6
f 2425/2/6 2429/2/6 2431/2/6
f 2429/2/6 2430/2/6 2431/2/6
f 2430/2/6 2426/2/6 2432/2/6
f 2431/2/6 2430/2/6 2432/2/6
f 2425/2/6 2431/2/6 2433/2/6
f 2432/2/6 2426/2/6 2434/2/6
f 2425/2/6 2433/2/6 2435/2/6
f 2433/2/6 2434/2/6 2435/2/6
f 2434/2/6 2426/2/6 2436/2/6
f 2435/2/6 2434/2/6 2436/2/6
f 2437/2/6 2438/2/6 2439/2/6
f 2439/2/6 2438/2/6 2440/2/6
f 2437/2/6 2439/2/6 2441/2/6
f 2440/2/6 2438/2/6 2442/2/6
f 2437/2/6 2441/2/6 2443/2/6
f 2441/2/6 2442/2/6 2443/2/6
f 2442/2/6 2438/2/6 2444/2/6
f 2443/2/6 2442/2/6 2444/2/6
f 2437/2/6 2443/2/6 2445/2/6
f 2444/2/6 2438/2/6 2446/2/6
f 2437/2/6 2445/2/6 2447/2/6
f 2445/2/6 2446/2/6 2447/2/6
f 2446/2/6 2438/2/6 2448/2/6
f 2447/2/6 2446/2/6 2448/2/6
f 2421/2/6 2423/2/6 2449/2/6
f 2424/2/6 2422/2/6 2450/2/6
f 2421/2/6 2449/2/6 2451/2/6
f 2449/2/6 2450/2/6 2451/2/6
f 2450/2/6 2422/2/6 2452/2/6
f 2451/2/6 2450/2/6 2452/2/6
f 2453/2/6 2454/2/6 2455/2/6
f 2455/2/6 2454/2/6 2456/2/6
f 2453/2/6 2455/2/6 2457/2/6
f 2456/2/6 2454/2/6 2458/2/6
f 2453/2/6 2457/2/6 2459/2/6
f 2457/2/6 2458/2/6 2459/2/6
f 2458/2/6 2454/2/6 2460/2/6
f 2459/2/6 2458/2/6 2460/2/6
f 2453/2/6 2459/2/6 2461/2/6
f 2460/2/6 2454/2/6 2462/2/6
f 2453/2/6 2461/2/6 2463/2/6
f 2461/2/6 2462/2/6 2463/2/6
f 2462/2/6 2454/2/6 2464/2/6
f 2463/2/6 2462/2/6 2464/2/6
