# MagicaVoxel @ Ephtracy

# group
o 

# material
mtllib Wall.mtl
usemtl palette

# normals
vn -1 0 0
vn 1 0 0
vn 0 0 1
vn 0 0 -1
vn 0 -1 0
vn 0 1 0

# texcoords
vt 0.00195312 0.5
vt 0.00976562 0.5
vt 0.0136719 0.5
vt 0.0175781 0.5
vt 0.0332031 0.5
vt 0.0371094 0.5
vt 0.0410156 0.5
vt 0.0449219 0.5
vt 0.0488281 0.5
vt 0.158203 0.5
vt 0.162109 0.5
vt 0.166016 0.5
vt 0.169922 0.5

# verts
v -2 0 2
v -2 0 0.5
v -2 0 0.3
v -2 0 -0.4
v -2 0 -1
v -2 0 -1.9
v -2 0 -2
v -2 0.1 1.1
v -2 0.1 0.9
v -2 0.1 0.7
v -2 0.1 0.5
v -2 0.1 0.4
v -2 0.1 0.3
v -2 0.1 -0.3
v -2 0.1 -0.4
v -2 0.1 -0.5
v -2 0.1 -0.6
v -2 0.1 -0.8
v -2 0.1 -0.9
v -2 0.1 -1
v -2 0.1 -1.5
v -2 0.1 -1.7
v -2 0.1 -1.8
v -2 0.1 -1.9
v -2 0.1 -2
v -2 0.2 2
v -2 0.2 1.1
v -2 0.2 0.9
v -2 0.2 0.7
v -2 0.2 0.4
v -2 0.2 -0.3
v -2 0.2 -0.5
v -2 0.2 -0.6
v -2 0.2 -0.8
v -2 0.2 -0.9
v -2 0.2 -1.5
v -2 0.2 -1.7
v -2 0.2 -1.8
v -2 0.2 -1.9
v -2 0.2 -2
v -1.9 0.2 1.9
v -1.9 0.2 1.1
v -1.9 0.2 0.9
v -1.9 0.2 0.7
v -1.9 0.2 0.5
v -1.9 0.2 0.4
v -1.9 0.2 0.0999999
v -1.9 0.2 -0.2
v -1.9 0.2 -0.3
v -1.9 0.2 -0.5
v -1.9 0.2 -0.6
v -1.9 0.2 -0.8
v -1.9 0.2 -0.9
v -1.9 0.2 -1.1
v -1.9 0.2 -1.5
v -1.9 0.2 -1.6
v -1.9 0.2 -1.7
v -1.9 0.2 -1.8
v -1.9 0.2 -1.9
v -1.9 0.3 1.9
v -1.9 0.3 1.1
v -1.9 0.3 0.9
v -1.9 0.3 0.7
v -1.9 0.3 0.5
v -1.9 0.3 0.0999999
v -1.9 0.3 -0.2
v -1.9 0.3 -0.6
v -1.9 0.3 -0.8
v -1.9 0.3 -0.9
v -1.9 0.3 -1.1
v -1.9 0.3 -1.6
v -1.9 0.3 -1.9
v -0.6 3.4 1.8
v -0.6 3.4 -1.1
v -0.6 3.4 -1.3
v -0.6 3.4 -1.8
v -0.6 3.5 1.6
v -0.6 3.5 0.4
v -0.6 3.5 0.3
v -0.6 3.5 -2.38419e-07
v -0.6 3.5 -0.5
v -0.6 3.5 -1
v -0.6 3.6 1.7
v -0.6 3.6 1.6
v -0.6 3.6 1.4
v -0.6 3.6 0.9
v -0.6 3.6 0.7
v -0.6 3.6 0.4
v -0.6 3.6 0.3
v -0.6 3.6 0.2
v -0.6 3.6 -2.38419e-07
v -0.6 3.6 -0.1
v -0.6 3.6 -0.4
v -0.6 3.6 -0.5
v -0.6 3.6 -0.6
v -0.6 3.6 -1
v -0.6 3.6 -1.1
v -0.6 3.6 -1.3
v -0.6 3.6 -1.4
v -0.6 3.6 -1.5
v -0.6 3.6 -1.8
v -0.6 3.7 1.8
v -0.6 3.7 1.7
v -0.6 3.7 1.6
v -0.6 3.7 1.5
v -0.6 3.7 1.4
v -0.6 3.7 1.3
v -0.6 3.7 1.1
v -0.6 3.7 0.9
v -0.6 3.7 0.8
v -0.6 3.7 0.7
v -0.6 3.7 0.4
v -0.6 3.7 0.0999999
v -0.6 3.7 -2.38419e-07
v -0.6 3.7 -0.1
v -0.6 3.7 -0.3
v -0.6 3.7 -0.4
v -0.6 3.7 -0.5
v -0.6 3.7 -0.6
v -0.6 3.7 -0.7
v -0.6 3.7 -0.9
v -0.6 3.7 -1.1
v -0.6 3.7 -1.4
v -0.6 3.7 -1.5
v -0.6 3.7 -1.7
v -0.6 3.7 -1.8
v -0.6 3.8 1.7
v -0.6 3.8 1.6
v -0.6 3.8 1.5
v -0.6 3.8 1.3
v -0.6 3.8 1.1
v -0.6 3.8 0.8
v -0.6 3.8 0.7
v -0.6 3.8 0.4
v -0.6 3.8 0.3
v -0.6 3.8 0.2
v -0.6 3.8 0.0999999
v -0.6 3.8 -0.3
v -0.6 3.8 -0.5
v -0.6 3.8 -0.7
v -0.6 3.8 -0.9
v -0.6 3.8 -1.3
v -0.6 3.8 -1.4
v -0.6 3.8 -1.7
v -0.5 0.3 1.7
v -0.5 0.3 1.6
v -0.5 0.3 1.1
v -0.5 0.3 1
v -0.5 0.3 0.8
v -0.5 0.3 0.7
v -0.5 0.3 0.3
v -0.5 0.3 0.2
v -0.5 0.3 0.0999999
v -0.5 0.3 -2.38419e-07
v -0.5 0.3 -0.7
v -0.5 0.3 -0.8
v -0.5 0.3 -0.9
v -0.5 0.3 -1.1
v -0.5 0.3 -1.3
v -0.5 0.3 -1.4
v -0.5 0.3 -1.5
v -0.5 0.3 -1.7
v -0.5 0.4 1.4
v -0.5 0.4 1.2
v -0.5 0.4 0.2
v -0.5 0.4 0.0999999
v -0.5 0.4 -0.1
v -0.5 0.4 -0.3
v -0.5 0.4 -0.4
v -0.5 0.4 -0.6
v -0.5 0.4 -1.2
v -0.5 0.4 -1.3
v -0.5 0.5 1.4
v -0.5 0.5 1.2
v -0.5 0.5 0.0999999
v -0.5 0.5 -2.38419e-07
v -0.5 0.5 -0.9
v -0.5 0.5 -1
v -0.5 0.5 -1.2
v -0.5 0.5 -1.3
v -0.5 0.6 1.7
v -0.5 0.6 1.1
v -0.5 0.6 1
v -0.5 0.6 0.3
v -0.5 0.6 0.2
v -0.5 0.6 -0.1
v -0.5 0.6 -0.3
v -0.5 0.6 -0.4
v -0.5 0.6 -0.6
v -0.5 0.6 -0.7
v -0.5 0.6 -0.8
v -0.5 0.6 -1
v -0.5 0.6 -1.1
v -0.5 0.6 -1.3
v -0.5 0.6 -1.4
v -0.5 0.6 -1.7
v -0.5 0.7 1.7
v -0.5 0.7 1.4
v -0.5 0.7 1.3
v -0.5 0.7 0.8
v -0.5 0.7 0.7
v -0.5 0.7 0.6
v -0.5 0.7 0.2
v -0.5 0.7 -2.38419e-07
v -0.5 0.7 -0.2
v -0.5 0.7 -0.3
v -0.5 0.7 -1
v -0.5 0.7 -1.1
v -0.5 0.7 -1.2
v -0.5 0.7 -1.4
v -0.5 0.7 -1.5
v -0.5 0.7 -1.6
v -0.5 0.7 -1.7
v -0.5 0.8 0.6
v -0.5 0.8 0.2
v -0.5 0.8 -1.1
v -0.5 0.8 -1.2
v -0.5 0.8 -1.4
v -0.5 0.8 -1.5
v -0.5 0.8 -1.6
v -0.5 0.8 -1.7
v -0.5 0.9 0.7
v -0.5 0.9 0.6
v -0.5 0.9 0.2
v -0.5 0.9 -2.38419e-07
v -0.5 0.9 -0.7
v -0.5 0.9 -0.9
v -0.5 0.9 -1.1
v -0.5 0.9 -1.2
v -0.5 0.9 -1.5
v -0.5 0.9 -1.6
v -0.5 1 1.7
v -0.5 1 1.4
v -0.5 1 1.3
v -0.5 1 0.8
v -0.5 1 0.7
v -0.5 1 0.6
v -0.5 1 0.2
v -0.5 1 -0.2
v -0.5 1 -0.3
v -0.5 1 -0.7
v -0.5 1 -0.9
v -0.5 1 -1
v -0.5 1 -1.1
v -0.5 1 -1.2
v -0.5 1 -1.5
v -0.5 1 -1.6
v -0.5 1 -1.7
v -0.5 1.1 1.7
v -0.5 1.1 1.4
v -0.5 1.1 1.3
v -0.5 1.1 1.2
v -0.5 1.1 1.1
v -0.5 1.1 1
v -0.5 1.1 0.7
v -0.5 1.1 0.5
v -0.5 1.1 0.4
v -0.5 1.1 -0.5
v -0.5 1.1 -0.6
v -0.5 1.1 -1
v -0.5 1.1 -1.3
v -0.5 1.1 -1.4
v -0.5 1.1 -1.6
v -0.5 1.1 -1.7
v -0.5 1.2 1.7
v -0.5 1.2 1.6
v -0.5 1.2 1.4
v -0.5 1.2 -1
v -0.5 1.2 -1.3
v -0.5 1.3 1.7
v -0.5 1.3 1.6
v -0.5 1.3 1.3
v -0.5 1.3 1
v -0.5 1.3 0.9
v -0.5 1.3 0.7
v -0.5 1.3 0.6
v -0.5 1.3 -1
v -0.5 1.3 -1.3
v -0.5 1.3 -1.5
v -0.5 1.3 -1.6
v -0.5 1.3 -1.7
v -0.5 1.4 1.7
v -0.5 1.4 1.2
v -0.5 1.4 1.1
v -0.5 1.4 0.9
v -0.5 1.4 0.6
v -0.5 1.4 0.5
v -0.5 1.4 0.4
v -0.5 1.4 -0.5
v -0.5 1.4 -0.6
v -0.5 1.4 -1
v -0.5 1.4 -1.3
v -0.5 1.4 -1.4
v -0.5 1.4 -1.5
v -0.5 1.4 -1.6
v -0.5 1.4 -1.7
v -0.5 1.5 1.7
v -0.5 1.5 1.4
v -0.5 1.5 1.3
v -0.5 1.5 1.2
v -0.5 1.5 0.8
v -0.5 1.5 0.6
v -0.5 1.5 0.5
v -0.5 1.5 0.2
v -0.5 1.5 -0.1
v -0.5 1.5 -0.2
v -0.5 1.5 -0.5
v -0.5 1.5 -0.8
v -0.5 1.5 -1
v -0.5 1.5 -1.1
v -0.5 1.5 -1.7
v -0.5 1.6 0.8
v -0.5 1.6 0.7
v -0.5 1.6 0.4
v -0.5 1.6 0.2
v -0.5 1.6 -0.4
v -0.5 1.6 -0.5
v -0.5 1.7 0.0999999
v -0.5 1.7 -0.1
v -0.5 1.7 -0.3
v -0.5 1.7 -0.4
v -0.5 1.7 -0.7
v -0.5 1.7 -0.8
v -0.5 1.8 1.7
v -0.5 1.8 1.4
v -0.5 1.8 1.3
v -0.5 1.8 1.2
v -0.5 1.8 0.7
v -0.5 1.8 0.6
v -0.5 1.8 0.5
v -0.5 1.8 0.4
v -0.5 1.8 0.0999999
v -0.5 1.8 -0.1
v -0.5 1.8 -0.2
v -0.5 1.8 -0.3
v -0.5 1.8 -0.7
v -0.5 1.8 -1
v -0.5 1.8 -1.1
v -0.5 1.8 -1.7
v -0.5 1.9 1.7
v -0.5 1.9 1.1
v -0.5 1.9 1
v -0.5 1.9 0.8
v -0.5 1.9 0.5
v -0.5 1.9 0.3
v -0.5 1.9 0.2
v -0.5 1.9 0.0999999
v -0.5 1.9 -0.4
v -0.5 1.9 -0.6
v -0.5 1.9 -0.7
v -0.5 1.9 -0.8
v -0.5 1.9 -1.3
v -0.5 1.9 -1.4
v -0.5 1.9 -1.5
v -0.5 1.9 -1.6
v -0.5 1.9 -1.7
v -0.5 2 0.0999999
v -0.5 2 -2.38419e-07
v -0.5 2 -0.4
v -0.5 2 -0.5
v -0.5 2.1 0.8
v -0.5 2.1 0.5
v -0.5 2.1 -2.38419e-07
v -0.5 2.1 -0.1
v -0.5 2.1 -0.4
v -0.5 2.1 -0.5
v -0.5 2.1 -0.8
v -0.5 2.1 -0.9
v -0.5 2.2 1.7
v -0.5 2.2 1.1
v -0.5 2.2 1
v -0.5 2.2 0.3
v -0.5 2.2 0.2
v -0.5 2.2 -0.1
v -0.5 2.2 -0.4
v -0.5 2.2 -0.6
v -0.5 2.2 -0.7
v -0.5 2.2 -0.9
v -0.5 2.2 -1.3
v -0.5 2.2 -1.4
v -0.5 2.2 -1.5
v -0.5 2.2 -1.6
v -0.5 2.2 -1.7
v -0.5 2.3 1.7
v -0.5 2.3 1.6
v -0.5 2.3 1.4
v -0.5 2.3 1.3
v -0.5 2.3 1.2
v -0.5 2.3 1.1
v -0.5 2.3 0.9
v -0.5 2.3 0.7
v -0.5 2.3 0.6
v -0.5 2.3 0.0999999
v -0.5 2.3 -0.2
v -0.5 2.3 -0.3
v -0.5 2.3 -1
v -0.5 2.3 -1.1
v -0.5 2.3 -1.2
v -0.5 2.3 -1.6
v -0.5 2.3 -1.7
v -0.5 2.4 1.7
v -0.5 2.4 1.6
v -0.5 2.4 1.2
v -0.5 2.4 1.1
v -0.5 2.4 0.9
v -0.5 2.4 0.8
v -0.5 2.4 0.5
v -0.5 2.4 0.0999999
v -0.5 2.4 -1.1
v -0.5 2.4 -1.2
v -0.5 2.4 -1.6
v -0.5 2.4 -1.7
v -0.5 2.5 1.7
v -0.5 2.5 1.4
v -0.5 2.5 1.3
v -0.5 2.5 1.2
v -0.5 2.5 1.1
v -0.5 2.5 0.8
v -0.5 2.5 0.5
v -0.5 2.5 -2.38419e-07
v -0.5 2.5 -1.1
v -0.5 2.5 -1.2
v -0.5 2.6 1.7
v -0.5 2.6 1.4
v -0.5 2.6 1.3
v -0.5 2.6 1.2
v -0.5 2.6 1.1
v -0.5 2.6 0.7
v -0.5 2.6 0.6
v -0.5 2.6 -2.38419e-07
v -0.5 2.6 -0.2
v -0.5 2.6 -0.3
v -0.5 2.6 -1
v -0.5 2.6 -1.1
v -0.5 2.6 -1.2
v -0.5 2.6 -1.6
v -0.5 2.6 -1.7
v -0.5 2.7 1.7
v -0.5 2.7 1.2
v -0.5 2.7 1.1
v -0.5 2.7 0.8
v -0.5 2.7 0.4
v -0.5 2.7 0.3
v -0.5 2.7 -0.6
v -0.5 2.7 -0.7
v -0.5 2.7 -1.3
v -0.5 2.7 -1.4
v -0.5 2.7 -1.7
v -0.5 2.8 0.8
v -0.5 2.8 0.5
v -0.5 2.8 0.2
v -0.5 2.8 -0.4
v -0.5 2.8 -0.8
v -0.5 2.8 -1.1
v -0.5 2.9 1
v -0.5 2.9 0.5
v -0.5 2.9 0.2
v -0.5 2.9 -0.3
v -0.5 3 1.7
v -0.5 3 1.2
v -0.5 3 1.1
v -0.5 3 1
v -0.5 3 0.4
v -0.5 3 0.3
v -0.5 3 -0.3
v -0.5 3 -0.4
v -0.5 3 -0.6
v -0.5 3 -0.7
v -0.5 3 -0.8
v -0.5 3 -1.1
v -0.5 3 -1.3
v -0.5 3 -1.4
v -0.5 3 -1.7
v -0.5 3.1 1.7
v -0.5 3.1 1.4
v -0.5 3.1 1.3
v -0.5 3.1 0.7
v -0.5 3.1 0.6
v -0.5 3.1 0.4
v -0.5 3.1 0.3
v -0.5 3.1 -0.2
v -0.5 3.1 -0.3
v -0.5 3.1 -1
v -0.5 3.1 -1.1
v -0.5 3.1 -1.7
v -0.5 3.2 0.6
v -0.5 3.2 0.4
v -0.5 3.2 0.3
v -0.5 3.2 0.2
v -0.5 3.2 0.0999999
v -0.5 3.2 -0.1
v -0.5 3.2 -0.5
v -0.5 3.2 -0.9
v -0.5 3.3 1.7
v -0.5 3.3 1.6
v -0.5 3.3 0.6
v -0.5 3.3 0.2
v -0.5 3.4 1.7
v -0.5 3.4 1.6
v -0.5 3.4 1.4
v -0.5 3.4 1.3
v -0.5 3.4 0.7
v -0.5 3.4 0.6
v -0.5 3.4 0.0999999
v -0.5 3.4 -0.1
v -0.5 3.4 -0.2
v -0.5 3.4 -0.3
v -0.5 3.4 -0.5
v -0.5 3.4 -0.9
v -0.5 3.4 -1
v -0.5 3.4 -1.1
v -0.5 3.4 -1.3
v -0.5 3.4 -1.7
v -0.5 3.7 1.8
v -0.5 3.7 1.7
v -0.5 3.7 -1.7
v -0.5 3.7 -1.8
v -0.5 3.8 1.8
v -0.5 3.8 1.7
v -0.5 3.8 1.6
v -0.5 3.8 1.5
v -0.5 3.8 1.3
v -0.5 3.8 1.1
v -0.5 3.8 0.9
v -0.5 3.8 0.8
v -0.5 3.8 0.7
v -0.5 3.8 0.4
v -0.5 3.8 0.3
v -0.5 3.8 0.2
v -0.5 3.8 0.0999999
v -0.5 3.8 -0.1
v -0.5 3.8 -0.3
v -0.5 3.8 -0.5
v -0.5 3.8 -0.7
v -0.5 3.8 -0.8
v -0.5 3.8 -0.9
v -0.5 3.8 -1.3
v -0.5 3.8 -1.4
v -0.5 3.8 -1.6
v -0.5 3.8 -1.7
v -0.5 3.8 -1.8
v -0.5 3.9 1.6
v -0.5 3.9 1.3
v -0.5 3.9 1.1
v -0.5 3.9 0.9
v -0.5 3.9 0.8
v -0.5 3.9 0.7
v -0.5 3.9 0.3
v -0.5 3.9 -0.1
v -0.5 3.9 -0.8
v -0.5 3.9 -1.4
v -0.5 3.9 -1.6
v -0.4 0.3 1.1
v -0.4 0.3 1
v -0.4 0.3 0.3
v -0.4 0.3 0.2
v -0.4 0.3 -0.7
v -0.4 0.3 -0.8
v -0.4 0.3 -1.3
v -0.4 0.3 -1.4
v -0.4 0.4 1.1
v -0.4 0.4 1
v -0.4 0.4 0.3
v -0.4 0.4 0.2
v -0.4 0.4 -0.7
v -0.4 0.4 -0.8
v -0.4 0.4 -1.3
v -0.4 0.5 1.1
v -0.4 0.5 1
v -0.4 0.5 -1.3
v -0.4 0.6 1.6
v -0.4 0.6 1.4
v -0.4 0.6 1.2
v -0.4 0.6 1.1
v -0.4 0.6 1
v -0.4 0.6 0.8
v -0.4 0.6 0.3
v -0.4 0.6 0.2
v -0.4 0.6 0.0999999
v -0.4 0.6 -0.1
v -0.4 0.6 -0.3
v -0.4 0.6 -0.4
v -0.4 0.6 -0.6
v -0.4 0.6 -0.7
v -0.4 0.6 -0.8
v -0.4 0.6 -1
v -0.4 0.6 -1.1
v -0.4 0.6 -1.3
v -0.4 0.6 -1.4
v -0.4 0.6 -1.5
v -0.4 0.6 -1.6
v -0.4 0.7 1.6
v -0.4 0.7 1.4
v -0.4 0.7 1.3
v -0.4 0.7 1.2
v -0.4 0.7 1.1
v -0.4 0.7 1
v -0.4 0.7 0.8
v -0.4 0.7 0.7
v -0.4 0.7 0.6
v -0.4 0.7 0.2
v -0.4 0.7 0.0999999
v -0.4 0.7 -2.38419e-07
v -0.4 0.7 -0.1
v -0.4 0.7 -0.2
v -0.4 0.7 -0.3
v -0.4 0.7 -0.4
v -0.4 0.7 -0.6
v -0.4 0.7 -1
v -0.4 0.7 -1.1
v -0.4 0.7 -1.2
v -0.4 0.7 -1.3
v -0.4 0.7 -1.4
v -0.4 0.7 -1.5
v -0.4 0.7 -1.6
v -0.4 0.8 0.8
v -0.4 0.8 0.7
v -0.4 0.8 -1.1
v -0.4 0.9 0.7
v -0.4 0.9 -0.2
v -0.4 0.9 -0.3
v -0.4 0.9 -1
v -0.4 0.9 -1.1
v -0.4 1 1.6
v -0.4 1 1.4
v -0.4 1 1.3
v -0.4 1 1.2
v -0.4 1 1
v -0.4 1 0.9
v -0.4 1 0.8
v -0.4 1 0.7
v -0.4 1 0.6
v -0.4 1 0.2
v -0.4 1 0.0999999
v -0.4 1 -0.2
v -0.4 1 -0.3
v -0.4 1 -0.7
v -0.4 1 -0.9
v -0.4 1 -1
v -0.4 1 -1.1
v -0.4 1 -1.2
v -0.4 1 -1.3
v -0.4 1 -1.5
v -0.4 1 -1.6
v -0.4 1.1 1.6
v -0.4 1.1 1.4
v -0.4 1.1 1.3
v -0.4 1.1 1.2
v -0.4 1.1 1.1
v -0.4 1.1 1
v -0.4 1.1 0.9
v -0.4 1.1 0.7
v -0.4 1.1 0.6
v -0.4 1.1 0.5
v -0.4 1.1 0.4
v -0.4 1.1 0.2
v -0.4 1.1 0.0999999
v -0.4 1.1 -0.2
v -0.4 1.1 -0.5
v -0.4 1.1 -0.6
v -0.4 1.1 -1
v -0.4 1.1 -1.1
v -0.4 1.1 -1.3
v -0.4 1.1 -1.4
v -0.4 1.1 -1.5
v -0.4 1.1 -1.6
v -0.4 1.2 -0.5
v -0.4 1.2 -0.6
v -0.4 1.2 -1.3
v -0.4 1.2 -1.4
v -0.4 1.3 0.5
v -0.4 1.3 0.4
v -0.4 1.3 -1.3
v -0.4 1.4 1.6
v -0.4 1.4 1.5
v -0.4 1.4 1.4
v -0.4 1.4 1.2
v -0.4 1.4 1.1
v -0.4 1.4 1
v -0.4 1.4 0.9
v -0.4 1.4 0.8
v -0.4 1.4 0.7
v -0.4 1.4 0.6
v -0.4 1.4 0.5
v -0.4 1.4 0.4
v -0.4 1.4 -0.3
v -0.4 1.4 -0.4
v -0.4 1.4 -0.5
v -0.4 1.4 -0.6
v -0.4 1.4 -0.7
v -0.4 1.4 -0.8
v -0.4 1.4 -1
v -0.4 1.4 -1.3
v -0.4 1.4 -1.4
v -0.4 1.4 -1.5
v -0.4 1.4 -1.6
v -0.4 1.5 1.6
v -0.4 1.5 1.5
v -0.4 1.5 1.4
v -0.4 1.5 1.3
v -0.4 1.5 1.2
v -0.4 1.5 1
v -0.4 1.5 0.8
v -0.4 1.5 0.7
v -0.4 1.5 0.6
v -0.4 1.5 0.5
v -0.4 1.5 0.4
v -0.4 1.5 0.2
v -0.4 1.5 -0.1
v -0.4 1.5 -0.2
v -0.4 1.5 -0.3
v -0.4 1.5 -0.4
v -0.4 1.5 -0.5
v -0.4 1.5 -0.7
v -0.4 1.5 -0.8
v -0.4 1.5 -1
v -0.4 1.5 -1.1
v -0.4 1.5 -1.4
v -0.4 1.5 -1.5
v -0.4 1.5 -1.6
v -0.4 1.6 1.4
v -0.4 1.6 1.3
v -0.4 1.6 0.6
v -0.4 1.6 0.5
v -0.4 1.6 -0.1
v -0.4 1.6 -0.2
v -0.4 1.6 -1
v -0.4 1.6 -1.1
v -0.4 1.7 0.6
v -0.4 1.7 0.5
v -0.4 1.7 -0.1
v -0.4 1.8 1.6
v -0.4 1.8 1.5
v -0.4 1.8 1.4
v -0.4 1.8 1.3
v -0.4 1.8 1.2
v -0.4 1.8 1.1
v -0.4 1.8 1
v -0.4 1.8 0.7
v -0.4 1.8 0.6
v -0.4 1.8 0.5
v -0.4 1.8 0.4
v -0.4 1.8 0.0999999
v -0.4 1.8 -2.38419e-07
v -0.4 1.8 -0.1
v -0.4 1.8 -0.2
v -0.4 1.8 -0.3
v -0.4 1.8 -0.4
v -0.4 1.8 -0.5
v -0.4 1.8 -0.7
v -0.4 1.8 -0.8
v -0.4 1.8 -1
v -0.4 1.8 -1.1
v -0.4 1.8 -1.3
v -0.4 1.8 -1.5
v -0.4 1.8 -1.6
v -0.4 1.9 1.6
v -0.4 1.9 1.5
v -0.4 1.9 1.4
v -0.4 1.9 1.3
v -0.4 1.9 1.1
v -0.4 1.9 1
v -0.4 1.9 0.8
v -0.4 1.9 0.5
v -0.4 1.9 0.4
v -0.4 1.9 0.3
v -0.4 1.9 0.2
v -0.4 1.9 0.0999999
v -0.4 1.9 -2.38419e-07
v -0.4 1.9 -0.1
v -0.4 1.9 -0.3
v -0.4 1.9 -0.4
v -0.4 1.9 -0.5
v -0.4 1.9 -0.6
v -0.4 1.9 -0.7
v -0.4 1.9 -0.8
v -0.4 1.9 -1
v -0.4 1.9 -1.1
v -0.4 1.9 -1.3
v -0.4 1.9 -1.4
v -0.4 1.9 -1.5
v -0.4 1.9 -1.6
v -0.4 2 1.1
v -0.4 2 1
v -0.4 2 -0.6
v -0.4 2 -0.7
v -0.4 2.1 0.3
v -0.4 2.1 0.2
v -0.4 2.2 1.6
v -0.4 2.2 1.5
v -0.4 2.2 1.1
v -0.4 2.2 1
v -0.4 2.2 0.7
v -0.4 2.2 0.3
v -0.4 2.2 0.2
v -0.4 2.2 0.0999999
v -0.4 2.2 -0.1
v -0.4 2.2 -0.2
v -0.4 2.2 -0.4
v -0.4 2.2 -0.6
v -0.4 2.2 -0.7
v -0.4 2.2 -0.8
v -0.4 2.2 -0.9
v -0.4 2.2 -1.1
v -0.4 2.2 -1.3
v -0.4 2.2 -1.4
v -0.4 2.2 -1.5
v -0.4 2.2 -1.6
v -0.4 2.3 1.6
v -0.4 2.3 1.5
v -0.4 2.3 1.4
v -0.4 2.3 1.3
v -0.4 2.3 1.2
v -0.4 2.3 1.1
v -0.4 2.3 1
v -0.4 2.3 0.9
v -0.4 2.3 0.7
v -0.4 2.3 0.6
v -0.4 2.3 0.3
v -0.4 2.3 0.2
v -0.4 2.3 0.0999999
v -0.4 2.3 -0.1
v -0.4 2.3 -0.2
v -0.4 2.3 -0.3
v -0.4 2.3 -0.6
v -0.4 2.3 -0.8
v -0.4 2.3 -1
v -0.4 2.3 -1.1
v -0.4 2.3 -1.2
v -0.4 2.3 -1.6
v -0.4 2.4 0.7
v -0.4 2.4 0.6
v -0.4 2.4 -0.2
v -0.4 2.4 -0.3
v -0.4 2.4 -1
v -0.4 2.4 -1.1
v -0.4 2.5 1.4
v -0.4 2.5 1.3
v -0.4 2.5 -1.1
v -0.4 2.6 1.6
v -0.4 2.6 1.5
v -0.4 2.6 1.4
v -0.4 2.6 1.3
v -0.4 2.6 1.2
v -0.4 2.6 1.1
v -0.4 2.6 1
v -0.4 2.6 0.8
v -0.4 2.6 0.7
v -0.4 2.6 0.6
v -0.4 2.6 0.5
v -0.4 2.6 0.3
v -0.4 2.6 0.2
v -0.4 2.6 -2.38419e-07
v -0.4 2.6 -0.1
v -0.4 2.6 -0.2
v -0.4 2.6 -0.3
v -0.4 2.6 -0.4
v -0.4 2.6 -0.6
v -0.4 2.6 -0.7
v -0.4 2.6 -0.9
v -0.4 2.6 -1
v -0.4 2.6 -1.1
v -0.4 2.6 -1.2
v -0.4 2.6 -1.4
v -0.4 2.6 -1.5
v -0.4 2.6 -1.6
v -0.4 2.7 1.6
v -0.4 2.7 1.5
v -0.4 2.7 1.3
v -0.4 2.7 1.2
v -0.4 2.7 1.1
v -0.4 2.7 1
v -0.4 2.7 0.8
v -0.4 2.7 0.7
v -0.4 2.7 0.5
v -0.4 2.7 0.4
v -0.4 2.7 0.3
v -0.4 2.7 0.2
v -0.4 2.7 -2.38419e-07
v -0.4 2.7 -0.1
v -0.4 2.7 -0.4
v -0.4 2.7 -0.6
v -0.4 2.7 -0.7
v -0.4 2.7 -0.9
v -0.4 2.7 -1.2
v -0.4 2.7 -1.3
v -0.4 2.7 -1.4
v -0.4 2.7 -1.5
v -0.4 2.7 -1.6
v -0.4 2.8 1.2
v -0.4 2.8 1.1
v -0.4 2.8 -0.6
v -0.4 2.8 -0.7
v -0.4 2.9 -1.3
v -0.4 2.9 -1.4
v -0.4 3 1.6
v -0.4 3 1.3
v -0.4 3 1.2
v -0.4 3 1.1
v -0.4 3 1
v -0.4 3 0.8
v -0.4 3 0.7
v -0.4 3 0.6
v -0.4 3 0.4
v -0.4 3 0.3
v -0.4 3 0.2
v -0.4 3 0.0999999
v -0.4 3 -0.2
v -0.4 3 -0.3
v -0.4 3 -0.4
v -0.4 3 -0.6
v -0.4 3 -0.7
v -0.4 3 -0.8
v -0.4 3 -1
v -0.4 3 -1.1
v -0.4 3 -1.3
v -0.4 3 -1.4
v -0.4 3 -1.5
v -0.4 3 -1.6
v -0.4 3.1 1.6
v -0.4 3.1 1.4
v -0.4 3.1 1.3
v -0.4 3.1 1.2
v -0.4 3.1 1.1
v -0.4 3.1 0.8
v -0.4 3.1 0.7
v -0.4 3.1 0.6
v -0.4 3.1 0.4
v -0.4 3.1 0.3
v -0.4 3.1 0.2
v -0.4 3.1 0.0999999
v -0.4 3.1 -0.2
v -0.4 3.1 -0.3
v -0.4 3.1 -0.8
v -0.4 3.1 -1
v -0.4 3.1 -1.1
v -0.4 3.1 -1.3
v -0.4 3.1 -1.4
v -0.4 3.1 -1.5
v -0.4 3.1 -1.6
v -0.4 3.2 1.4
v -0.4 3.2 1.3
v -0.4 3.2 0.7
v -0.4 3.2 0.6
v -0.4 3.3 1.4
v -0.4 3.3 1.3
v -0.4 3.3 0.7
v -0.4 3.3 0.6
v -0.4 3.3 -0.2
v -0.4 3.3 -0.3
v -0.4 3.3 -1
v -0.4 3.3 -1.1
v -0.4 3.4 1.4
v -0.4 3.4 1.3
v -0.4 3.4 0.7
v -0.4 3.4 0.6
v -0.4 3.4 -0.2
v -0.4 3.4 -0.3
v -0.4 3.4 -1
v -0.4 3.4 -1.1
v -0.4 3.8 1.7
v -0.4 3.8 1.6
v -0.4 3.8 -1.6
v -0.4 3.8 -1.7
v -0.4 3.9 1.7
v -0.4 3.9 1.6
v -0.4 3.9 -1.6
v -0.4 3.9 -1.7
v -0.0999999 0.3 1.7
v -0.0999999 0.3 1.6
v -0.0999999 0.4 1.6
v -0.0999999 0.6 1.7
v -0.0999999 0.6 1.6
v -0.0999999 0.7 -1.6
v -0.0999999 0.7 -1.7
v -0.0999999 0.9 -1.6
v -0.0999999 1 -1.6
v -0.0999999 1 -1.7
v -0.0999999 1.1 1.7
v -0.0999999 1.1 1.6
v -0.0999999 1.2 1.6
v -0.0999999 1.4 1.7
v -0.0999999 1.4 1.6
v -0.0999999 1.5 -1.6
v -0.0999999 1.5 -1.7
v -0.0999999 1.8 -1.6
v -0.0999999 1.8 -1.7
v -0.0999999 1.9 1.7
v -0.0999999 1.9 1.6
v -0.0999999 2 1.7
v -0.0999999 2 1.6
v -0.0999999 2.1 1.7
v -0.0999999 2.1 1.6
v -0.0999999 2.2 1.7
v -0.0999999 2.2 1.6
v -0.0999999 2.3 -1.6
v -0.0999999 2.3 -1.7
v -0.0999999 2.5 -1.6
v -0.0999999 2.6 -1.6
v -0.0999999 2.6 -1.7
v -0.0999999 2.7 1.7
v -0.0999999 2.7 1.6
v -0.0999999 2.8 1.6
v -0.0999999 2.9 1.7
v -0.0999999 2.9 1.6
v -0.0999999 3 1.7
v -0.0999999 3 1.6
v -0.0999999 3.1 -1.6
v -0.0999999 3.1 -1.7
v -0.0999999 3.2 -1.6
v -0.0999999 3.3 -1.6
v -0.0999999 3.4 -1.6
v -0.0999999 3.4 -1.7
v 0.2 0.3 -1.6
v 0.2 0.3 -1.7
v 0.2 0.4 -1.6
v 0.2 0.6 -1.6
v 0.2 0.6 -1.7
v 0.2 0.7 1.7
v 0.2 0.7 1.6
v 0.2 0.8 1.6
v 0.2 1 1.7
v 0.2 1 1.6
v 0.2 1.1 -1.6
v 0.2 1.1 -1.7
v 0.2 1.2 -1.6
v 0.2 1.3 -1.6
v 0.2 1.4 -1.6
v 0.2 1.4 -1.7
v 0.2 1.5 1.7
v 0.2 1.5 1.6
v 0.2 1.6 1.6
v 0.2 1.7 1.6
v 0.2 1.8 1.7
v 0.2 1.8 1.6
v 0.2 1.9 -1.6
v 0.2 1.9 -1.7
v 0.2 2 -1.6
v 0.2 2 -1.7
v 0.2 2.1 -1.6
v 0.2 2.1 -1.7
v 0.2 2.2 -1.6
v 0.2 2.2 -1.7
v 0.2 2.3 1.7
v 0.2 2.3 1.6
v 0.2 2.4 1.6
v 0.2 2.6 1.7
v 0.2 2.6 1.6
v 0.2 2.7 -1.6
v 0.2 2.7 -1.7
v 0.2 2.8 -1.6
v 0.2 2.9 -1.6
v 0.2 2.9 -1.7
v 0.2 3 -1.6
v 0.2 3 -1.7
v 0.2 3.1 1.7
v 0.2 3.1 1.6
v 0.2 3.2 1.6
v 0.2 3.3 1.6
v 0.2 3.4 1.7
v 0.2 3.4 1.6
v -0.2 0.3 1.7
v -0.2 0.3 1.6
v -0.2 0.4 1.7
v -0.2 0.4 1.6
v -0.2 0.6 1.7
v -0.2 0.6 1.6
v -0.2 0.7 -1.6
v -0.2 0.7 -1.7
v -0.2 0.9 -1.6
v -0.2 1 -1.6
v -0.2 1 -1.7
v -0.2 1.1 1.7
v -0.2 1.1 1.6
v -0.2 1.2 1.6
v -0.2 1.4 1.7
v -0.2 1.4 1.6
v -0.2 1.5 -1.6
v -0.2 1.5 -1.7
v -0.2 1.8 -1.6
v -0.2 1.8 -1.7
v -0.2 1.9 1.7
v -0.2 1.9 1.6
v -0.2 2 1.6
v -0.2 2.2 1.7
v -0.2 2.2 1.6
v -0.2 2.3 -1.6
v -0.2 2.3 -1.7
v -0.2 2.4 -1.6
v -0.2 2.4 -1.7
v -0.2 2.5 -1.6
v -0.2 2.5 -1.7
v -0.2 2.6 -1.6
v -0.2 2.6 -1.7
v -0.2 2.7 1.7
v -0.2 2.7 1.6
v -0.2 2.8 1.6
v -0.2 3 1.7
v -0.2 3 1.6
v -0.2 3.1 -1.6
v -0.2 3.1 -1.7
v -0.2 3.2 -1.6
v -0.2 3.3 -1.6
v -0.2 3.4 -1.6
v -0.2 3.4 -1.7
v 0.1 0.3 -1.6
v 0.1 0.3 -1.7
v 0.1 0.4 -1.6
v 0.1 0.6 -1.6
v 0.1 0.6 -1.7
v 0.1 0.7 1.7
v 0.1 0.7 1.6
v 0.1 0.8 1.6
v 0.1 1 1.7
v 0.1 1 1.6
v 0.1 1.1 -1.6
v 0.1 1.1 -1.7
v 0.1 1.2 -1.6
v 0.1 1.3 -1.6
v 0.1 1.4 -1.6
v 0.1 1.4 -1.7
v 0.1 1.5 1.7
v 0.1 1.5 1.6
v 0.1 1.6 1.6
v 0.1 1.7 1.6
v 0.1 1.8 1.7
v 0.1 1.8 1.6
v 0.1 1.9 -1.6
v 0.1 1.9 -1.7
v 0.1 2.2 -1.6
v 0.1 2.2 -1.7
v 0.1 2.3 1.7
v 0.1 2.3 1.6
v 0.1 2.4 1.6
v 0.1 2.6 1.7
v 0.1 2.6 1.6
v 0.1 2.7 -1.6
v 0.1 2.7 -1.7
v 0.1 2.8 -1.6
v 0.1 3 -1.6
v 0.1 3 -1.7
v 0.1 3.1 1.7
v 0.1 3.1 1.6
v 0.1 3.2 1.6
v 0.1 3.3 1.6
v 0.1 3.4 1.7
v 0.1 3.4 1.6
v 0.4 0.3 1.4
v 0.4 0.3 1.3
v 0.4 0.3 0.6
v 0.4 0.3 0.5
v 0.4 0.3 -0.3
v 0.4 0.3 -0.4
v 0.4 0.3 -1
v 0.4 0.3 -1.1
v 0.4 0.4 1.4
v 0.4 0.4 1.3
v 0.4 0.4 0.6
v 0.4 0.4 0.5
v 0.4 0.4 -1
v 0.4 0.5 -1
v 0.4 0.5 -1.1
v 0.4 0.6 1.6
v 0.4 0.6 1.5
v 0.4 0.6 1.4
v 0.4 0.6 1.3
v 0.4 0.6 1.2
v 0.4 0.6 1
v 0.4 0.6 0.8
v 0.4 0.6 0.6
v 0.4 0.6 0.5
v 0.4 0.6 -2.38419e-07
v 0.4 0.6 -0.3
v 0.4 0.6 -0.4
v 0.4 0.6 -0.5
v 0.4 0.6 -1
v 0.4 0.6 -1.1
v 0.4 0.6 -1.3
v 0.4 0.6 -1.4
v 0.4 0.6 -1.5
v 0.4 0.6 -1.6
v 0.4 0.7 1.6
v 0.4 0.7 1.5
v 0.4 0.7 1.3
v 0.4 0.7 1.2
v 0.4 0.7 1.1
v 0.4 0.7 1
v 0.4 0.7 0.8
v 0.4 0.7 0.6
v 0.4 0.7 0.5
v 0.4 0.7 0.4
v 0.4 0.7 0.3
v 0.4 0.7 -2.38419e-07
v 0.4 0.7 -0.4
v 0.4 0.7 -0.5
v 0.4 0.7 -0.6
v 0.4 0.7 -0.7
v 0.4 0.7 -1
v 0.4 0.7 -1.1
v 0.4 0.7 -1.3
v 0.4 0.7 -1.4
v 0.4 0.7 -1.5
v 0.4 0.7 -1.6
v 0.4 0.8 1.1
v 0.4 0.8 1
v 0.4 0.8 0.4
v 0.4 0.8 0.3
v 0.4 0.8 -1.3
v 0.4 0.8 -1.4
v 0.4 0.9 0.4
v 0.4 0.9 0.3
v 0.4 0.9 -0.6
v 0.4 0.9 -0.7
v 0.4 0.9 -1.4
v 0.4 1 1.6
v 0.4 1 1.5
v 0.4 1 1.1
v 0.4 1 1
v 0.4 1 0.7
v 0.4 1 0.6
v 0.4 1 0.5
v 0.4 1 0.4
v 0.4 1 0.3
v 0.4 1 0.2
v 0.4 1 -2.38419e-07
v 0.4 1 -0.1
v 0.4 1 -0.3
v 0.4 1 -0.4
v 0.4 1 -0.6
v 0.4 1 -0.7
v 0.4 1 -0.9
v 0.4 1 -1
v 0.4 1 -1.1
v 0.4 1 -1.3
v 0.4 1 -1.4
v 0.4 1 -1.5
v 0.4 1 -1.6
v 0.4 1.1 1.6
v 0.4 1.1 1.5
v 0.4 1.1 1.4
v 0.4 1.1 1.3
v 0.4 1.1 1.1
v 0.4 1.1 1
v 0.4 1.1 0.7
v 0.4 1.1 0.6
v 0.4 1.1 0.5
v 0.4 1.1 0.4
v 0.4 1.1 0.2
v 0.4 1.1 -2.38419e-07
v 0.4 1.1 -0.1
v 0.4 1.1 -0.2
v 0.4 1.1 -0.4
v 0.4 1.1 -0.6
v 0.4 1.1 -0.8
v 0.4 1.1 -0.9
v 0.4 1.1 -1
v 0.4 1.1 -1.1
v 0.4 1.1 -1.2
v 0.4 1.1 -1.3
v 0.4 1.1 -1.4
v 0.4 1.1 -1.5
v 0.4 1.1 -1.6
v 0.4 1.2 1.4
v 0.4 1.2 1.3
v 0.4 1.2 0.7
v 0.4 1.2 -0.1
v 0.4 1.2 -0.2
v 0.4 1.2 -1
v 0.4 1.2 -1.1
v 0.4 1.3 1.4
v 0.4 1.3 1.3
v 0.4 1.3 0.7
v 0.4 1.3 0.6
v 0.4 1.3 -0.1
v 0.4 1.3 -1
v 0.4 1.3 -1.1
v 0.4 1.4 1.6
v 0.4 1.4 1.4
v 0.4 1.4 1.3
v 0.4 1.4 1.2
v 0.4 1.4 0.7
v 0.4 1.4 0.6
v 0.4 1.4 0.5
v 0.4 1.4 0.4
v 0.4 1.4 0.3
v 0.4 1.4 0.2
v 0.4 1.4 -2.38419e-07
v 0.4 1.4 -0.1
v 0.4 1.4 -0.2
v 0.4 1.4 -0.4
v 0.4 1.4 -0.5
v 0.4 1.4 -0.6
v 0.4 1.4 -0.7
v 0.4 1.4 -0.9
v 0.4 1.4 -1
v 0.4 1.4 -1.1
v 0.4 1.4 -1.2
v 0.4 1.4 -1.4
v 0.4 1.4 -1.5
v 0.4 1.4 -1.6
v 0.4 1.5 1.6
v 0.4 1.5 1.2
v 0.4 1.5 1.1
v 0.4 1.5 0.6
v 0.4 1.5 0.5
v 0.4 1.5 0.4
v 0.4 1.5 0.3
v 0.4 1.5 0.2
v 0.4 1.5 0.0999999
v 0.4 1.5 -2.38419e-07
v 0.4 1.5 -0.3
v 0.4 1.5 -0.4
v 0.4 1.5 -0.5
v 0.4 1.5 -0.6
v 0.4 1.5 -0.7
v 0.4 1.5 -0.9
v 0.4 1.5 -1
v 0.4 1.5 -1.1
v 0.4 1.5 -1.2
v 0.4 1.5 -1.3
v 0.4 1.5 -1.4
v 0.4 1.5 -1.5
v 0.4 1.5 -1.6
v 0.4 1.6 1.2
v 0.4 1.6 -0.6
v 0.4 1.6 -0.7
v 0.4 1.7 1.2
v 0.4 1.7 1.1
v 0.4 1.7 -0.6
v 0.4 1.7 -0.7
v 0.4 1.8 1.6
v 0.4 1.8 1.5
v 0.4 1.8 1.4
v 0.4 1.8 1.3
v 0.4 1.8 1.2
v 0.4 1.8 1.1
v 0.4 1.8 1
v 0.4 1.8 0.9
v 0.4 1.8 0.7
v 0.4 1.8 0.4
v 0.4 1.8 0.3
v 0.4 1.8 0.0999999
v 0.4 1.8 -2.38419e-07
v 0.4 1.8 -0.1
v 0.4 1.8 -0.2
v 0.4 1.8 -0.3
v 0.4 1.8 -0.6
v 0.4 1.8 -0.7
v 0.4 1.8 -0.8
v 0.4 1.8 -0.9
v 0.4 1.8 -1
v 0.4 1.8 -1.2
v 0.4 1.8 -1.3
v 0.4 1.8 -1.4
v 0.4 1.8 -1.5
v 0.4 1.8 -1.6
v 0.4 1.9 1.6
v 0.4 1.9 1.5
v 0.4 1.9 1.4
v 0.4 1.9 1.3
v 0.4 1.9 1.1
v 0.4 1.9 1
v 0.4 1.9 0.9
v 0.4 1.9 0.7
v 0.4 1.9 0.6
v 0.4 1.9 0.0999999
v 0.4 1.9 -2.38419e-07
v 0.4 1.9 -0.2
v 0.4 1.9 -0.3
v 0.4 1.9 -0.4
v 0.4 1.9 -0.6
v 0.4 1.9 -0.7
v 0.4 1.9 -0.9
v 0.4 1.9 -1
v 0.4 1.9 -1.1
v 0.4 1.9 -1.2
v 0.4 1.9 -1.3
v 0.4 1.9 -1.5
v 0.4 1.9 -1.6
v 0.4 2 1.4
v 0.4 2 1.3
v 0.4 2 0.6
v 0.4 2 -0.3
v 0.4 2 -0.4
v 0.4 2 -1
v 0.4 2 -1.1
v 0.4 2.1 0.7
v 0.4 2.1 0.6
v 0.4 2.2 1.6
v 0.4 2.2 1.4
v 0.4 2.2 1.3
v 0.4 2.2 1.1
v 0.4 2.2 0.9
v 0.4 2.2 0.7
v 0.4 2.2 0.6
v 0.4 2.2 0.4
v 0.4 2.2 -0.1
v 0.4 2.2 -0.2
v 0.4 2.2 -0.3
v 0.4 2.2 -0.4
v 0.4 2.2 -0.5
v 0.4 2.2 -0.6
v 0.4 2.2 -0.7
v 0.4 2.2 -0.8
v 0.4 2.2 -0.9
v 0.4 2.2 -1
v 0.4 2.2 -1.1
v 0.4 2.2 -1.3
v 0.4 2.2 -1.4
v 0.4 2.2 -1.5
v 0.4 2.2 -1.6
v 0.4 2.3 1.6
v 0.4 2.3 1.4
v 0.4 2.3 1
v 0.4 2.3 0.9
v 0.4 2.3 0.8
v 0.4 2.3 0.7
v 0.4 2.3 0.6
v 0.4 2.3 0.4
v 0.4 2.3 0.3
v 0.4 2.3 -0.1
v 0.4 2.3 -0.2
v 0.4 2.3 -0.6
v 0.4 2.3 -0.7
v 0.4 2.3 -0.8
v 0.4 2.3 -0.9
v 0.4 2.3 -1
v 0.4 2.3 -1.2
v 0.4 2.3 -1.3
v 0.4 2.3 -1.4
v 0.4 2.3 -1.5
v 0.4 2.3 -1.6
v 0.4 2.4 1
v 0.4 2.4 0.9
v 0.4 2.4 0.4
v 0.4 2.4 -0.6
v 0.4 2.4 -0.7
v 0.4 2.4 -1.3
v 0.4 2.5 0.4
v 0.4 2.5 -1.3
v 0.4 2.5 -1.4
v 0.4 2.6 1.6
v 0.4 2.6 1.5
v 0.4 2.6 1.1
v 0.4 2.6 1
v 0.4 2.6 0.9
v 0.4 2.6 0.8
v 0.4 2.6 0.7
v 0.4 2.6 0.4
v 0.4 2.6 0.3
v 0.4 2.6 -2.38419e-07
v 0.4 2.6 -0.1
v 0.4 2.6 -0.2
v 0.4 2.6 -0.3
v 0.4 2.6 -0.4
v 0.4 2.6 -0.6
v 0.4 2.6 -0.7
v 0.4 2.6 -0.9
v 0.4 2.6 -1
v 0.4 2.6 -1.2
v 0.4 2.6 -1.3
v 0.4 2.6 -1.4
v 0.4 2.6 -1.5
v 0.4 2.6 -1.6
v 0.4 2.7 1.6
v 0.4 2.7 1.4
v 0.4 2.7 1.3
v 0.4 2.7 1.2
v 0.4 2.7 1.1
v 0.4 2.7 0.8
v 0.4 2.7 0.7
v 0.4 2.7 0.6
v 0.4 2.7 0.3
v 0.4 2.7 0.2
v 0.4 2.7 -0.1
v 0.4 2.7 -0.2
v 0.4 2.7 -0.3
v 0.4 2.7 -0.4
v 0.4 2.7 -0.6
v 0.4 2.7 -0.7
v 0.4 2.7 -0.8
v 0.4 2.7 -0.9
v 0.4 2.7 -1
v 0.4 2.7 -1.1
v 0.4 2.7 -1.2
v 0.4 2.7 -1.3
v 0.4 2.7 -1.4
v 0.4 2.7 -1.5
v 0.4 2.7 -1.6
v 0.4 2.8 1.3
v 0.4 2.8 -0.3
v 0.4 2.9 1.3
v 0.4 2.9 -0.3
v 0.4 3 1.6
v 0.4 3 1.4
v 0.4 3 1.3
v 0.4 3 1.2
v 0.4 3 1.1
v 0.4 3 1
v 0.4 3 0.9
v 0.4 3 0.7
v 0.4 3 0.6
v 0.4 3 0.4
v 0.4 3 0.0999999
v 0.4 3 -0.1
v 0.4 3 -0.2
v 0.4 3 -0.3
v 0.4 3 -0.4
v 0.4 3 -0.6
v 0.4 3 -0.7
v 0.4 3 -1
v 0.4 3 -1.1
v 0.4 3 -1.2
v 0.4 3 -1.4
v 0.4 3 -1.5
v 0.4 3 -1.6
v 0.4 3.1 1.6
v 0.4 3.1 1.5
v 0.4 3.1 1.4
v 0.4 3.1 1.2
v 0.4 3.1 1.1
v 0.4 3.1 1
v 0.4 3.1 0.9
v 0.4 3.1 0.8
v 0.4 3.1 0.6
v 0.4 3.1 0.4
v 0.4 3.1 0.2
v 0.4 3.1 0.0999999
v 0.4 3.1 -0.1
v 0.4 3.1 -0.2
v 0.4 3.1 -0.4
v 0.4 3.1 -0.5
v 0.4 3.1 -0.6
v 0.4 3.1 -0.7
v 0.4 3.1 -1
v 0.4 3.1 -1.1
v 0.4 3.1 -1.2
v 0.4 3.1 -1.3
v 0.4 3.1 -1.4
v 0.4 3.1 -1.5
v 0.4 3.1 -1.6
v 0.4 3.2 1.1
v 0.4 3.2 1
v 0.4 3.2 0.2
v 0.4 3.2 0.0999999
v 0.4 3.3 1.1
v 0.4 3.3 1
v 0.4 3.3 0.2
v 0.4 3.3 0.0999999
v 0.4 3.3 -0.6
v 0.4 3.3 -0.7
v 0.4 3.3 -1.3
v 0.4 3.3 -1.4
v 0.4 3.4 1.1
v 0.4 3.4 1
v 0.4 3.4 0.2
v 0.4 3.4 0.0999999
v 0.4 3.4 -0.6
v 0.4 3.4 -0.7
v 0.4 3.4 -1.3
v 0.4 3.4 -1.4
v 0.4 3.8 1.7
v 0.4 3.8 1.6
v 0.4 3.8 -1.6
v 0.4 3.8 -1.7
v 0.4 3.9 1.7
v 0.4 3.9 1.6
v 0.4 3.9 -1.6
v 0.4 3.9 -1.7
v 0.5 0.3 1.7
v 0.5 0.3 1.6
v 0.5 0.3 1.4
v 0.5 0.3 1.3
v 0.5 0.3 1.2
v 0.5 0.3 0.9
v 0.5 0.3 0.7
v 0.5 0.3 0.6
v 0.5 0.3 0.5
v 0.5 0.3 0.3
v 0.5 0.3 0.2
v 0.5 0.3 -2.38419e-07
v 0.5 0.3 -0.3
v 0.5 0.3 -0.4
v 0.5 0.3 -0.5
v 0.5 0.3 -0.6
v 0.5 0.3 -0.8
v 0.5 0.3 -0.9
v 0.5 0.3 -1
v 0.5 0.3 -1.1
v 0.5 0.3 -1.4
v 0.5 0.3 -1.7
v 0.5 0.4 1.1
v 0.5 0.4 0.9
v 0.5 0.4 0.0999999
v 0.5 0.4 -0.1
v 0.5 0.4 -0.5
v 0.5 0.4 -0.8
v 0.5 0.4 -0.9
v 0.5 0.4 -1
v 0.5 0.4 -1.4
v 0.5 0.4 -1.5
v 0.5 0.4 -1.6
v 0.5 0.4 -1.7
v 0.5 0.5 1.1
v 0.5 0.5 1
v 0.5 0.5 0.8
v 0.5 0.5 0.7
v 0.5 0.5 0.0999999
v 0.5 0.5 -0.1
v 0.5 0.6 1.7
v 0.5 0.6 1.4
v 0.5 0.6 1.3
v 0.5 0.6 1
v 0.5 0.6 0.8
v 0.5 0.6 0.6
v 0.5 0.6 0.5
v 0.5 0.6 -0.3
v 0.5 0.6 -0.4
v 0.5 0.6 -0.5
v 0.5 0.6 -1
v 0.5 0.6 -1.1
v 0.5 0.6 -1.4
v 0.5 0.6 -1.5
v 0.5 0.6 -1.6
v 0.5 0.6 -1.7
v 0.5 0.7 1.7
v 0.5 0.7 1.6
v 0.5 0.7 1.1
v 0.5 0.7 1
v 0.5 0.7 0.8
v 0.5 0.7 0.6
v 0.5 0.7 0.4
v 0.5 0.7 0.3
v 0.5 0.7 -0.4
v 0.5 0.7 -0.5
v 0.5 0.7 -0.6
v 0.5 0.7 -0.7
v 0.5 0.7 -1.3
v 0.5 0.7 -1.4
v 0.5 0.7 -1.7
v 0.5 0.8 -2.38419e-07
v 0.5 0.8 -0.4
v 0.5 0.8 -0.9
v 0.5 0.8 -1.1
v 0.5 0.8 -1.4
v 0.5 0.8 -1.7
v 0.5 0.9 0.8
v 0.5 0.9 0.7
v 0.5 0.9 -2.38419e-07
v 0.5 0.9 -0.1
v 0.5 0.9 -0.3
v 0.5 0.9 -0.5
v 0.5 0.9 -1.4
v 0.5 0.9 -1.5
v 0.5 0.9 -1.6
v 0.5 0.9 -1.7
v 0.5 1 1.7
v 0.5 1 1.6
v 0.5 1 1.1
v 0.5 1 1
v 0.5 1 0.7
v 0.5 1 0.6
v 0.5 1 0.4
v 0.5 1 0.3
v 0.5 1 -0.1
v 0.5 1 -0.3
v 0.5 1 -0.6
v 0.5 1 -0.7
v 0.5 1 -0.9
v 0.5 1 -1.1
v 0.5 1 -1.3
v 0.5 1 -1.4
v 0.5 1 -1.5
v 0.5 1 -1.6
v 0.5 1 -1.7
v 0.5 1.1 1.7
v 0.5 1.1 1.4
v 0.5 1.1 1.3
v 0.5 1.1 1.1
v 0.5 1.1 1
v 0.5 1.1 0.7
v 0.5 1.1 0.6
v 0.5 1.1 0.4
v 0.5 1.1 -2.38419e-07
v 0.5 1.1 -0.1
v 0.5 1.1 -0.2
v 0.5 1.1 -0.6
v 0.5 1.1 -0.8
v 0.5 1.1 -1
v 0.5 1.1 -1.1
v 0.5 1.1 -1.2
v 0.5 1.1 -1.3
v 0.5 1.1 -1.7
v 0.5 1.2 1.7
v 0.5 1.2 1.6
v 0.5 1.2 0.9
v 0.5 1.2 0.7
v 0.5 1.2 0.0999999
v 0.5 1.2 -2.38419e-07
v 0.5 1.2 -0.1
v 0.5 1.2 -0.4
v 0.5 1.2 -0.6
v 0.5 1.2 -1.3
v 0.5 1.2 -1.6
v 0.5 1.3 1.7
v 0.5 1.3 1.6
v 0.5 1.3 1.1
v 0.5 1.3 1
v 0.5 1.3 0.9
v 0.5 1.3 0.7
v 0.5 1.3 0.3
v 0.5 1.3 0.0999999
v 0.5 1.3 -2.38419e-07
v 0.5 1.3 -0.1
v 0.5 1.3 -0.5
v 0.5 1.3 -0.8
v 0.5 1.3 -1.2
v 0.5 1.3 -1.6
v 0.5 1.4 1.7
v 0.5 1.4 1.4
v 0.5 1.4 1.3
v 0.5 1.4 0.7
v 0.5 1.4 0.6
v 0.5 1.4 0.4
v 0.5 1.4 0.3
v 0.5 1.4 -0.1
v 0.5 1.4 -0.2
v 0.5 1.4 -0.4
v 0.5 1.4 -0.5
v 0.5 1.4 -1
v 0.5 1.4 -1.1
v 0.5 1.4 -1.7
v 0.5 1.5 1.7
v 0.5 1.5 1.6
v 0.5 1.5 1.2
v 0.5 1.5 1.1
v 0.5 1.5 0.6
v 0.5 1.5 0.5
v 0.5 1.5 0.4
v 0.5 1.5 0.3
v 0.5 1.5 0.2
v 0.5 1.5 0.0999999
v 0.5 1.5 -0.3
v 0.5 1.5 -0.5
v 0.5 1.5 -0.6
v 0.5 1.5 -0.7
v 0.5 1.5 -1
v 0.5 1.5 -1.3
v 0.5 1.5 -1.4
v 0.5 1.5 -1.5
v 0.5 1.5 -1.7
v 0.5 1.6 1.6
v 0.5 1.6 1.2
v 0.5 1.6 0.8
v 0.5 1.6 0.7
v 0.5 1.6 0.2
v 0.5 1.6 0.0999999
v 0.5 1.6 -0.3
v 0.5 1.6 -0.7
v 0.5 1.6 -0.8
v 0.5 1.6 -1
v 0.5 1.6 -1.2
v 0.5 1.7 1.6
v 0.5 1.7 1.5
v 0.5 1.7 0.8
v 0.5 1.7 0.7
v 0.5 1.7 0.6
v 0.5 1.7 0.5
v 0.5 1.7 -0.1
v 0.5 1.7 -0.2
v 0.5 1.7 -0.3
v 0.5 1.7 -0.5
v 0.5 1.7 -1
v 0.5 1.7 -1.2
v 0.5 1.8 1.7
v 0.5 1.8 1.6
v 0.5 1.8 1.5
v 0.5 1.8 1.2
v 0.5 1.8 1.1
v 0.5 1.8 0.4
v 0.5 1.8 0.3
v 0.5 1.8 0.0999999
v 0.5 1.8 -0.1
v 0.5 1.8 -0.2
v 0.5 1.8 -0.3
v 0.5 1.8 -0.6
v 0.5 1.8 -0.7
v 0.5 1.8 -0.8
v 0.5 1.8 -1
v 0.5 1.8 -1.3
v 0.5 1.8 -1.4
v 0.5 1.8 -1.5
v 0.5 1.8 -1.7
v 0.5 1.9 1.7
v 0.5 1.9 1.6
v 0.5 1.9 1.5
v 0.5 1.9 1.4
v 0.5 1.9 1.3
v 0.5 1.9 0.7
v 0.5 1.9 0.6
v 0.5 1.9 -0.3
v 0.5 1.9 -0.4
v 0.5 1.9 -1
v 0.5 1.9 -1.1
v 0.5 1.9 -1.3
v 0.5 1.9 -1.7
v 0.5 2 1.7
v 0.5 2 1.6
v 0.5 2 1.2
v 0.5 2 0.8
v 0.5 2 0.6
v 0.5 2 -2.38419e-07
v 0.5 2 -0.5
v 0.5 2 -0.8
v 0.5 2.1 1.7
v 0.5 2.1 1.5
v 0.5 2.1 1.2
v 0.5 2.1 1.1
v 0.5 2.1 0.9
v 0.5 2.1 0.8
v 0.5 2.1 0.6
v 0.5 2.1 -2.38419e-07
v 0.5 2.1 -0.7
v 0.5 2.1 -0.8
v 0.5 2.1 -1.6
v 0.5 2.1 -1.7
v 0.5 2.2 1.7
v 0.5 2.2 1.4
v 0.5 2.2 1.3
v 0.5 2.2 1.1
v 0.5 2.2 0.9
v 0.5 2.2 0.7
v 0.5 2.2 0.6
v 0.5 2.2 -0.3
v 0.5 2.2 -0.4
v 0.5 2.2 -0.5
v 0.5 2.2 -0.7
v 0.5 2.2 -1
v 0.5 2.2 -1.1
v 0.5 2.2 -1.3
v 0.5 2.2 -1.6
v 0.5 2.2 -1.7
v 0.5 2.3 1.7
v 0.5 2.3 1
v 0.5 2.3 0.9
v 0.5 2.3 0.8
v 0.5 2.3 0.6
v 0.5 2.3 0.4
v 0.5 2.3 0.3
v 0.5 2.3 -0.6
v 0.5 2.3 -0.7
v 0.5 2.3 -1
v 0.5 2.3 -1.2
v 0.5 2.3 -1.3
v 0.5 2.3 -1.4
v 0.5 2.3 -1.7
v 0.5 2.4 1.6
v 0.5 2.4 1.1
v 0.5 2.4 0.6
v 0.5 2.4 0.4
v 0.5 2.4 0.2
v 0.5 2.4 -0.1
v 0.5 2.4 -0.2
v 0.5 2.4 -0.4
v 0.5 2.4 -0.8
v 0.5 2.4 -1
v 0.5 2.4 -1.2
v 0.5 2.4 -1.3
v 0.5 2.4 -1.5
v 0.5 2.4 -1.7
v 0.5 2.5 1.5
v 0.5 2.5 1.1
v 0.5 2.5 0.7
v 0.5 2.5 0.4
v 0.5 2.5 0.2
v 0.5 2.5 -2.38419e-07
v 0.5 2.5 -0.1
v 0.5 2.5 -0.2
v 0.5 2.5 -0.3
v 0.5 2.5 -0.4
v 0.5 2.5 -0.8
v 0.5 2.5 -1.3
v 0.5 2.6 1.7
v 0.5 2.6 1.6
v 0.5 2.6 1.5
v 0.5 2.6 1
v 0.5 2.6 0.9
v 0.5 2.6 0.8
v 0.5 2.6 0.7
v 0.5 2.6 0.4
v 0.5 2.6 0.3
v 0.5 2.6 -2.38419e-07
v 0.5 2.6 -0.3
v 0.5 2.6 -0.6
v 0.5 2.6 -0.7
v 0.5 2.6 -1.3
v 0.5 2.6 -1.4
v 0.5 2.6 -1.5
v 0.5 2.6 -1.7
v 0.5 2.7 1.7
v 0.5 2.7 1.4
v 0.5 2.7 1.3
v 0.5 2.7 1.2
v 0.5 2.7 0.8
v 0.5 2.7 0.7
v 0.5 2.7 0.6
v 0.5 2.7 0.3
v 0.5 2.7 0.2
v 0.5 2.7 -0.2
v 0.5 2.7 -0.3
v 0.5 2.7 -0.8
v 0.5 2.7 -0.9
v 0.5 2.7 -1
v 0.5 2.7 -1.1
v 0.5 2.7 -1.3
v 0.5 2.7 -1.4
v 0.5 2.7 -1.6
v 0.5 2.7 -1.7
v 0.5 2.8 1.3
v 0.5 2.8 1.2
v 0.5 2.8 0.9
v 0.5 2.8 0.8
v 0.5 2.8 0.2
v 0.5 2.8 0.0999999
v 0.5 2.8 -0.3
v 0.5 2.8 -0.5
v 0.5 2.8 -0.6
v 0.5 2.8 -0.8
v 0.5 2.8 -1.2
v 0.5 2.8 -1.3
v 0.5 2.8 -1.4
v 0.5 2.8 -1.6
v 0.5 2.9 1.3
v 0.5 2.9 0.9
v 0.5 2.9 0.3
v 0.5 2.9 0.0999999
v 0.5 2.9 -0.3
v 0.5 2.9 -0.5
v 0.5 2.9 -0.7
v 0.5 2.9 -0.9
v 0.5 2.9 -1.2
v 0.5 2.9 -1.4
v 0.5 2.9 -1.5
v 0.5 2.9 -1.7
v 0.5 3 1.7
v 0.5 3 1.4
v 0.5 3 1.3
v 0.5 3 0.7
v 0.5 3 0.6
v 0.5 3 -0.2
v 0.5 3 -0.3
v 0.5 3 -0.6
v 0.5 3 -0.7
v 0.5 3 -1
v 0.5 3 -1.1
v 0.5 3 -1.4
v 0.5 3 -1.5
v 0.5 3 -1.7
v 0.5 3.1 1.7
v 0.5 3.1 1.6
v 0.5 3.1 1.5
v 0.5 3.1 1.4
v 0.5 3.1 1.1
v 0.5 3.1 1
v 0.5 3.1 0.8
v 0.5 3.1 0.4
v 0.5 3.1 0.2
v 0.5 3.1 0.0999999
v 0.5 3.1 -0.2
v 0.5 3.1 -0.5
v 0.5 3.1 -0.6
v 0.5 3.1 -0.7
v 0.5 3.1 -1
v 0.5 3.1 -1.2
v 0.5 3.1 -1.3
v 0.5 3.1 -1.4
v 0.5 3.1 -1.7
v 0.5 3.2 1.6
v 0.5 3.2 1.5
v 0.5 3.2 1.4
v 0.5 3.2 1.3
v 0.5 3.2 0.9
v 0.5 3.2 0.8
v 0.5 3.2 -2.38419e-07
v 0.5 3.2 -0.2
v 0.5 3.2 -0.9
v 0.5 3.2 -1
v 0.5 3.2 -1.5
v 0.5 3.2 -1.7
v 0.5 3.3 1.5
v 0.5 3.3 1.3
v 0.5 3.3 0.6
v 0.5 3.3 0.4
v 0.5 3.3 -2.38419e-07
v 0.5 3.3 -0.2
v 0.5 3.3 -0.4
v 0.5 3.3 -0.5
v 0.5 3.3 -1.1
v 0.5 3.3 -1.2
v 0.5 3.3 -1.5
v 0.5 3.3 -1.7
v 0.5 3.4 1.7
v 0.5 3.4 1.5
v 0.5 3.4 1.3
v 0.5 3.4 1.1
v 0.5 3.4 1
v 0.5 3.4 0.9
v 0.5 3.4 0.6
v 0.5 3.4 0.2
v 0.5 3.4 0.0999999
v 0.5 3.4 -0.2
v 0.5 3.4 -0.4
v 0.5 3.4 -0.6
v 0.5 3.4 -0.7
v 0.5 3.4 -0.9
v 0.5 3.4 -1.1
v 0.5 3.4 -1.3
v 0.5 3.4 -1.4
v 0.5 3.4 -1.7
v 0.5 3.7 1.8
v 0.5 3.7 1.7
v 0.5 3.7 -1.7
v 0.5 3.7 -1.8
v 0.5 3.8 1.8
v 0.5 3.8 1.7
v 0.5 3.8 1.6
v 0.5 3.8 1.5
v 0.5 3.8 1.4
v 0.5 3.8 1.3
v 0.5 3.8 1
v 0.5 3.8 0.9
v 0.5 3.8 0.8
v 0.5 3.8 0.7
v 0.5 3.8 0.6
v 0.5 3.8 0.5
v 0.5 3.8 0.4
v 0.5 3.8 0.0999999
v 0.5 3.8 -2.38419e-07
v 0.5 3.8 -0.1
v 0.5 3.8 -0.2
v 0.5 3.8 -0.3
v 0.5 3.8 -0.5
v 0.5 3.8 -0.6
v 0.5 3.8 -0.7
v 0.5 3.8 -0.8
v 0.5 3.8 -1
v 0.5 3.8 -1.1
v 0.5 3.8 -1.2
v 0.5 3.8 -1.5
v 0.5 3.8 -1.6
v 0.5 3.8 -1.7
v 0.5 3.8 -1.8
v 0.5 3.9 1.6
v 0.5 3.9 1.5
v 0.5 3.9 1.4
v 0.5 3.9 0.9
v 0.5 3.9 0.7
v 0.5 3.9 -0.1
v 0.5 3.9 -0.2
v 0.5 3.9 -0.3
v 0.5 3.9 -0.5
v 0.5 3.9 -0.7
v 0.5 3.9 -0.8
v 0.5 3.9 -1.2
v 0.5 3.9 -1.5
v 0.5 3.9 -1.6
v 0.6 3.4 1.8
v 0.6 3.4 1.7
v 0.6 3.4 1.3
v 0.6 3.4 1
v 0.6 3.4 -1.8
v 0.6 3.5 1.6
v 0.6 3.5 1.4
v 0.6 3.5 1.3
v 0.6 3.5 1
v 0.6 3.5 0.8
v 0.6 3.5 -0.2
v 0.6 3.5 -0.3
v 0.6 3.5 -0.5
v 0.6 3.5 -1
v 0.6 3.5 -1.1
v 0.6 3.5 -1.2
v 0.6 3.5 -1.3
v 0.6 3.6 1.6
v 0.6 3.6 1.5
v 0.6 3.6 1.4
v 0.6 3.6 1.3
v 0.6 3.6 1
v 0.6 3.6 0.7
v 0.6 3.6 0.4
v 0.6 3.6 -2.38419e-07
v 0.6 3.6 -0.1
v 0.6 3.6 -0.2
v 0.6 3.6 -0.3
v 0.6 3.6 -0.5
v 0.6 3.6 -0.7
v 0.6 3.6 -0.9
v 0.6 3.6 -1.2
v 0.6 3.6 -1.3
v 0.6 3.6 -1.5
v 0.6 3.6 -1.7
v 0.6 3.7 1.8
v 0.6 3.7 1.7
v 0.6 3.7 1.6
v 0.6 3.7 1.5
v 0.6 3.7 1
v 0.6 3.7 0.8
v 0.6 3.7 0.7
v 0.6 3.7 0.6
v 0.6 3.7 0.5
v 0.6 3.7 0.4
v 0.6 3.7 0.0999999
v 0.6 3.7 -0.1
v 0.6 3.7 -0.2
v 0.6 3.7 -0.5
v 0.6 3.7 -0.6
v 0.6 3.7 -0.9
v 0.6 3.7 -1
v 0.6 3.7 -1.1
v 0.6 3.7 -1.2
v 0.6 3.7 -1.5
v 0.6 3.7 -1.7
v 0.6 3.7 -1.8
v 0.6 3.8 1.7
v 0.6 3.8 1.6
v 0.6 3.8 1.4
v 0.6 3.8 1.3
v 0.6 3.8 1
v 0.6 3.8 0.8
v 0.6 3.8 0.7
v 0.6 3.8 0.6
v 0.6 3.8 0.5
v 0.6 3.8 0.4
v 0.6 3.8 0.0999999
v 0.6 3.8 -2.38419e-07
v 0.6 3.8 -0.1
v 0.6 3.8 -0.3
v 0.6 3.8 -0.6
v 0.6 3.8 -0.7
v 0.6 3.8 -1
v 0.6 3.8 -1.1
v 0.6 3.8 -1.2
v 0.6 3.8 -1.5
v 0.6 3.8 -1.7
v 1.9 0.2 1.9
v 1.9 0.2 1.8
v 1.9 0.2 1.7
v 1.9 0.2 1.6
v 1.9 0.2 1.5
v 1.9 0.2 1.4
v 1.9 0.2 1.3
v 1.9 0.2 1.2
v 1.9 0.2 1.1
v 1.9 0.2 0.6
v 1.9 0.2 0.4
v 1.9 0.2 0.3
v 1.9 0.2 0.2
v 1.9 0.2 0.0999999
v 1.9 0.2 -0.1
v 1.9 0.2 -0.2
v 1.9 0.2 -0.4
v 1.9 0.2 -0.8
v 1.9 0.2 -1
v 1.9 0.2 -1.1
v 1.9 0.2 -1.2
v 1.9 0.2 -1.3
v 1.9 0.2 -1.4
v 1.9 0.2 -1.6
v 1.9 0.2 -1.7
v 1.9 0.2 -1.9
v 1.9 0.3 1.9
v 1.9 0.3 1.8
v 1.9 0.3 1.7
v 1.9 0.3 1.6
v 1.9 0.3 1.5
v 1.9 0.3 1.4
v 1.9 0.3 1.1
v 1.9 0.3 0.6
v 1.9 0.3 0.4
v 1.9 0.3 0.3
v 1.9 0.3 0.0999999
v 1.9 0.3 -0.2
v 1.9 0.3 -0.4
v 1.9 0.3 -1.2
v 1.9 0.3 -1.3
v 1.9 0.3 -1.4
v 1.9 0.3 -1.7
v 1.9 0.3 -1.9
v 2 0 2
v 2 0 1.7
v 2 0 1.6
v 2 0 1.5
v 2 0 1.2
v 2 0 0.3
v 2 0 0.2
v 2 0 0.0999999
v 2 0 -2.38419e-07
v 2 0 -0.1
v 2 0 -0.3
v 2 0 -1
v 2 0 -1.5
v 2 0 -2
v 2 0.1 2
v 2 0.1 1.9
v 2 0.1 1.7
v 2 0.1 1.5
v 2 0.1 1.3
v 2 0.1 1.2
v 2 0.1 1.1
v 2 0.1 0.4
v 2 0.1 0.3
v 2 0.1 0.2
v 2 0.1 0.0999999
v 2 0.1 -2.38419e-07
v 2 0.1 -0.1
v 2 0.1 -0.3
v 2 0.1 -0.4
v 2 0.1 -0.8
v 2 0.1 -1
v 2 0.1 -1.1
v 2 0.1 -1.3
v 2 0.1 -1.5
v 2 0.1 -1.6
v 2 0.2 2
v 2 0.2 1.9
v 2 0.2 1.6
v 2 0.2 1.5
v 2 0.2 1.3
v 2 0.2 1.2
v 2 0.2 1.1
v 2 0.2 0.4
v 2 0.2 0.3
v 2 0.2 0.2
v 2 0.2 0.0999999
v 2 0.2 -0.1
v 2 0.2 -0.4
v 2 0.2 -0.8
v 2 0.2 -1
v 2 0.2 -1.1
v 2 0.2 -1.3
v 2 0.2 -1.6
v 2 0.2 -2
v -2 0 2
v -2 0.2 2
v -1.4 0.1 2
v -1.4 0.2 2
v -1 0 2
v -1 0.1 2
v -0.9 0 2
v -0.9 0.1 2
v -0.9 0.2 2
v -0.8 0 2
v -0.8 0.1 2
v -0.8 0.2 2
v -0.7 0 2
v -0.7 0.2 2
v -0.5 0 2
v -0.5 0.1 2
v -0.5 0.2 2
v -0.4 0.1 2
v -0.4 0.2 2
v -0.2 0.1 2
v -0.2 0.2 2
v -0.0999999 0 2
v -0.0999999 0.1 2
v -0.0999999 0.2 2
v 2.38419e-07 0 2
v 2.38419e-07 0.1 2
v 2.38419e-07 0.2 2
v 0.1 0.1 2
v 0.1 0.2 2
v 0.2 0.1 2
v 0.2 0.2 2
v 0.3 0 2
v 0.3 0.1 2
v 0.4 0 2
v 0.4 0.1 2
v 0.5 0.1 2
v 0.5 0.2 2
v 0.6 0 2
v 0.6 0.1 2
v 0.6 0.2 2
v 0.8 0 2
v 0.8 0.1 2
v 0.8 0.2 2
v 1 0.1 2
v 1 0.2 2
v 1.2 0.1 2
v 1.2 0.2 2
v 1.3 0.1 2
v 1.3 0.2 2
v 1.4 0 2
v 1.4 0.1 2
v 1.4 0.2 2
v 1.5 0 2
v 1.5 0.1 2
v 1.6 0 2
v 1.6 0.1 2
v 1.6 0.2 2
v 1.8 0 2
v 1.8 0.1 2
v 1.8 0.2 2
v 2 0 2
v 2 0.1 2
v 2 0.2 2
v -1.9 0.2 1.9
v -1.9 0.3 1.9
v -1.6 0.2 1.9
v -1.6 0.3 1.9
v -1.4 0.2 1.9
v -1 0.2 1.9
v -1 0.3 1.9
v -0.9 0.2 1.9
v -0.8 0.2 1.9
v -0.8 0.3 1.9
v -0.7 0.2 1.9
v -0.6 0.2 1.9
v -0.6 0.3 1.9
v -0.5 0.2 1.9
v -0.4 0.2 1.9
v -0.4 0.3 1.9
v -0.2 0.2 1.9
v -0.2 0.3 1.9
v -0.0999999 0.2 1.9
v 2.38419e-07 0.2 1.9
v 0.1 0.2 1.9
v 0.1 0.3 1.9
v 0.2 0.2 1.9
v 0.2 0.3 1.9
v 0.3 0.2 1.9
v 0.3 0.3 1.9
v 0.4 0.2 1.9
v 0.4 0.3 1.9
v 0.5 0.2 1.9
v 0.5 0.3 1.9
v 0.6 0.2 1.9
v 0.6 0.3 1.9
v 0.7 0.2 1.9
v 0.7 0.3 1.9
v 0.8 0.2 1.9
v 1 0.2 1.9
v 1 0.3 1.9
v 1.2 0.2 1.9
v 1.3 0.2 1.9
v 1.4 0.2 1.9
v 1.5 0.2 1.9
v 1.5 0.3 1.9
v 1.6 0.2 1.9
v 1.7 0.2 1.9
v 1.7 0.3 1.9
v 1.8 0.2 1.9
v 1.9 0.2 1.9
v 1.9 0.3 1.9
v -0.6 3.4 1.8
v -0.6 3.7 1.8
v -0.5 3.7 1.8
v -0.5 3.8 1.8
v -0.4 3.5 1.8
v -0.4 3.7 1.8
v -0.4 3.8 1.8
v -0.2 3.5 1.8
v -0.2 3.6 1.8
v -0.2 3.7 1.8
v -0.2 3.8 1.8
v -0.0999999 3.5 1.8
v -0.0999999 3.6 1.8
v 0.2 3.7 1.8
v 0.2 3.8 1.8
v 0.3 3.6 1.8
v 0.3 3.7 1.8
v 0.3 3.8 1.8
v 0.4 3.5 1.8
v 0.4 3.8 1.8
v 0.5 3.4 1.8
v 0.5 3.7 1.8
v 0.5 3.8 1.8
v 0.6 3.4 1.8
v 0.6 3.7 1.8
v -0.6 3.7 1.7
v -0.6 3.8 1.7
v -0.5 0.3 1.7
v -0.5 0.6 1.7
v -0.5 0.7 1.7
v -0.5 1 1.7
v -0.5 1.1 1.7
v -0.5 1.2 1.7
v -0.5 1.3 1.7
v -0.5 1.4 1.7
v -0.5 1.5 1.7
v -0.5 1.8 1.7
v -0.5 1.9 1.7
v -0.5 2.2 1.7
v -0.5 2.3 1.7
v -0.5 2.4 1.7
v -0.5 2.5 1.7
v -0.5 2.6 1.7
v -0.5 2.7 1.7
v -0.5 3 1.7
v -0.5 3.1 1.7
v -0.5 3.3 1.7
v -0.5 3.4 1.7
v -0.5 3.7 1.7
v -0.5 3.8 1.7
v -0.4 0.3 1.7
v -0.4 0.4 1.7
v -0.4 0.6 1.7
v -0.4 1.1 1.7
v -0.4 1.2 1.7
v -0.4 1.3 1.7
v -0.4 1.4 1.7
v -0.4 2.4 1.7
v -0.4 2.5 1.7
v -0.4 2.7 1.7
v -0.4 3 1.7
v -0.4 3.8 1.7
v -0.4 3.9 1.7
v -0.3 0.8 1.7
v -0.3 1 1.7
v -0.3 1.1 1.7
v -0.3 1.4 1.7
v -0.3 2.7 1.7
v -0.3 3 1.7
v -0.2 0.3 1.7
v -0.2 0.4 1.7
v -0.2 0.6 1.7
v -0.2 1.1 1.7
v -0.2 1.4 1.7
v -0.2 1.9 1.7
v -0.2 2.2 1.7
v -0.2 2.3 1.7
v -0.2 2.4 1.7
v -0.2 2.7 1.7
v -0.2 3 1.7
v -0.2 3.3 1.7
v -0.2 3.4 1.7
v -0.2 3.8 1.7
v -0.0999999 0.3 1.7
v -0.0999999 0.6 1.7
v -0.0999999 0.8 1.7
v -0.0999999 1 1.7
v -0.0999999 1.1 1.7
v -0.0999999 1.4 1.7
v -0.0999999 1.9 1.7
v -0.0999999 2 1.7
v -0.0999999 2.1 1.7
v -0.0999999 2.2 1.7
v -0.0999999 2.5 1.7
v -0.0999999 2.6 1.7
v -0.0999999 2.7 1.7
v -0.0999999 2.9 1.7
v -0.0999999 3 1.7
v 2.38419e-07 2.3 1.7
v 2.38419e-07 2.6 1.7
v 2.38419e-07 3.8 1.7
v 2.38419e-07 3.9 1.7
v 0.1 0.3 1.7
v 0.1 0.7 1.7
v 0.1 1 1.7
v 0.1 1.2 1.7
v 0.1 1.4 1.7
v 0.1 1.5 1.7
v 0.1 1.8 1.7
v 0.1 1.9 1.7
v 0.1 2 1.7
v 0.1 2.1 1.7
v 0.1 2.2 1.7
v 0.1 2.3 1.7
v 0.1 2.6 1.7
v 0.1 2.9 1.7
v 0.1 3 1.7
v 0.1 3.1 1.7
v 0.1 3.4 1.7
v 0.2 0.3 1.7
v 0.2 0.5 1.7
v 0.2 0.7 1.7
v 0.2 1 1.7
v 0.2 1.1 1.7
v 0.2 1.2 1.7
v 0.2 1.5 1.7
v 0.2 1.8 1.7
v 0.2 2.3 1.7
v 0.2 2.6 1.7
v 0.2 3.1 1.7
v 0.2 3.4 1.7
v 0.2 3.8 1.7
v 0.2 3.9 1.7
v 0.3 0.3 1.7
v 0.3 0.4 1.7
v 0.3 0.5 1.7
v 0.3 0.6 1.7
v 0.3 0.7 1.7
v 0.3 0.9 1.7
v 0.3 1.3 1.7
v 0.3 1.4 1.7
v 0.3 1.5 1.7
v 0.3 1.8 1.7
v 0.3 2.3 1.7
v 0.3 2.5 1.7
v 0.3 2.7 1.7
v 0.3 2.8 1.7
v 0.3 3.8 1.7
v 0.3 3.9 1.7
v 0.4 0.3 1.7
v 0.4 0.4 1.7
v 0.4 0.6 1.7
v 0.4 0.9 1.7
v 0.4 1 1.7
v 0.4 1.1 1.7
v 0.4 1.2 1.7
v 0.4 1.9 1.7
v 0.4 2 1.7
v 0.4 2.1 1.7
v 0.4 2.2 1.7
v 0.4 2.3 1.7
v 0.4 2.5 1.7
v 0.4 2.8 1.7
v 0.4 3 1.7
v 0.4 3.1 1.7
v 0.4 3.4 1.7
v 0.4 3.8 1.7
v 0.4 3.9 1.7
v 0.5 0.3 1.7
v 0.5 0.6 1.7
v 0.5 0.7 1.7
v 0.5 1 1.7
v 0.5 1.1 1.7
v 0.5 1.2 1.7
v 0.5 1.3 1.7
v 0.5 1.4 1.7
v 0.5 1.5 1.7
v 0.5 1.8 1.7
v 0.5 1.9 1.7
v 0.5 2 1.7
v 0.5 2.1 1.7
v 0.5 2.2 1.7
v 0.5 2.3 1.7
v 0.5 2.6 1.7
v 0.5 2.7 1.7
v 0.5 3 1.7
v 0.5 3.1 1.7
v 0.5 3.4 1.7
v 0.5 3.7 1.7
v 0.5 3.8 1.7
v 0.6 3.7 1.7
v 0.6 3.8 1.7
v -0.5 3.8 1.6
v -0.5 3.9 1.6
v -0.4 0.6 1.6
v -0.4 0.7 1.6
v -0.4 1 1.6
v -0.4 1.1 1.6
v -0.4 1.4 1.6
v -0.4 1.5 1.6
v -0.4 1.8 1.6
v -0.4 1.9 1.6
v -0.4 2.2 1.6
v -0.4 2.3 1.6
v -0.4 2.6 1.6
v -0.4 2.7 1.6
v -0.4 3 1.6
v -0.4 3.1 1.6
v -0.4 3.8 1.6
v -0.4 3.9 1.6
v -0.3 0.6 1.6
v -0.3 0.7 1.6
v -0.3 1 1.6
v -0.3 1.1 1.6
v -0.3 1.4 1.6
v -0.3 2.2 1.6
v -0.3 2.3 1.6
v -0.3 2.6 1.6
v -0.3 2.7 1.6
v -0.3 3 1.6
v -0.2 0.3 1.6
v -0.2 0.4 1.6
v -0.2 0.6 1.6
v -0.2 0.7 1.6
v -0.2 1.1 1.6
v -0.2 1.2 1.6
v -0.2 1.4 1.6
v -0.2 1.5 1.6
v -0.2 1.9 1.6
v -0.2 2 1.6
v -0.2 2.2 1.6
v -0.2 2.3 1.6
v -0.2 2.7 1.6
v -0.2 2.8 1.6
v -0.2 3 1.6
v -0.2 3.1 1.6
v -0.0999999 0.3 1.6
v -0.0999999 0.4 1.6
v -0.0999999 0.6 1.6
v -0.0999999 1 1.6
v -0.0999999 1.1 1.6
v -0.0999999 1.2 1.6
v -0.0999999 1.4 1.6
v -0.0999999 1.5 1.6
v -0.0999999 1.9 1.6
v -0.0999999 2 1.6
v -0.0999999 2.1 1.6
v -0.0999999 2.2 1.6
v -0.0999999 2.6 1.6
v -0.0999999 2.7 1.6
v -0.0999999 2.8 1.6
v -0.0999999 2.9 1.6
v -0.0999999 3 1.6
v -0.0999999 3.1 1.6
v 2.38419e-07 0.6 1.6
v 2.38419e-07 0.7 1.6
v 2.38419e-07 2.2 1.6
v 2.38419e-07 2.3 1.6
v 2.38419e-07 2.6 1.6
v 2.38419e-07 3 1.6
v 2.38419e-07 3.1 1.6
v 0.1 0.7 1.6
v 0.1 0.8 1.6
v 0.1 1 1.6
v 0.1 1.4 1.6
v 0.1 1.5 1.6
v 0.1 1.6 1.6
v 0.1 1.7 1.6
v 0.1 1.8 1.6
v 0.1 1.9 1.6
v 0.1 2.2 1.6
v 0.1 2.3 1.6
v 0.1 2.4 1.6
v 0.1 2.6 1.6
v 0.1 3 1.6
v 0.1 3.1 1.6
v 0.1 3.2 1.6
v 0.1 3.3 1.6
v 0.1 3.4 1.6
v 0.2 0.7 1.6
v 0.2 0.8 1.6
v 0.2 1 1.6
v 0.2 1.1 1.6
v 0.2 1.4 1.6
v 0.2 1.5 1.6
v 0.2 1.6 1.6
v 0.2 1.7 1.6
v 0.2 1.8 1.6
v 0.2 2.3 1.6
v 0.2 2.4 1.6
v 0.2 2.6 1.6
v 0.2 3.1 1.6
v 0.2 3.2 1.6
v 0.2 3.3 1.6
v 0.2 3.4 1.6
v 0.3 0.6 1.6
v 0.3 0.7 1.6
v 0.3 1.4 1.6
v 0.3 1.5 1.6
v 0.3 1.8 1.6
v 0.3 1.9 1.6
v 0.3 2.2 1.6
v 0.3 2.3 1.6
v 0.3 2.6 1.6
v 0.3 2.7 1.6
v 0.4 0.6 1.6
v 0.4 0.7 1.6
v 0.4 1 1.6
v 0.4 1.1 1.6
v 0.4 1.4 1.6
v 0.4 1.5 1.6
v 0.4 1.8 1.6
v 0.4 1.9 1.6
v 0.4 2.2 1.6
v 0.4 2.3 1.6
v 0.4 2.6 1.6
v 0.4 2.7 1.6
v 0.4 3 1.6
v 0.4 3.1 1.6
v 0.4 3.8 1.6
v 0.4 3.9 1.6
v 0.5 3.8 1.6
v 0.5 3.9 1.6
v -0.5 0.7 1.3
v -0.5 1 1.3
v -0.5 1.5 1.3
v -0.5 1.8 1.3
v -0.5 2.3 1.3
v -0.5 2.5 1.3
v -0.5 2.6 1.3
v -0.5 3.1 1.3
v -0.5 3.4 1.3
v -0.4 0.7 1.3
v -0.4 1 1.3
v -0.4 1.5 1.3
v -0.4 1.6 1.3
v -0.4 1.8 1.3
v -0.4 2.3 1.3
v -0.4 2.5 1.3
v -0.4 2.6 1.3
v -0.4 3.1 1.3
v -0.4 3.2 1.3
v -0.4 3.3 1.3
v -0.4 3.4 1.3
v 0.4 0.3 1.3
v 0.4 0.4 1.3
v 0.4 0.6 1.3
v 0.4 1.1 1.3
v 0.4 1.2 1.3
v 0.4 1.3 1.3
v 0.4 1.4 1.3
v 0.4 1.9 1.3
v 0.4 2 1.3
v 0.4 2.2 1.3
v 0.4 2.7 1.3
v 0.4 2.8 1.3
v 0.4 2.9 1.3
v 0.4 3 1.3
v 0.5 0.3 1.3
v 0.5 0.6 1.3
v 0.5 1.1 1.3
v 0.5 1.4 1.3
v 0.5 1.9 1.3
v 0.5 2.2 1.3
v 0.5 2.7 1.3
v 0.5 2.8 1.3
v 0.5 2.9 1.3
v 0.5 3 1.3
v -0.5 1.1 1.1
v -0.5 1.4 1.1
v -0.5 2.7 1.1
v -0.5 3 1.1
v -0.4 1.1 1.1
v -0.4 1.4 1.1
v -0.4 2.7 1.1
v -0.4 2.8 1.1
v -0.4 3 1.1
v 0.4 1.5 1.1
v 0.4 1.7 1.1
v 0.4 1.8 1.1
v 0.5 1.5 1.1
v 0.5 1.8 1.1
v -0.5 0.3 1
v -0.5 0.6 1
v -0.5 1.9 1
v -0.5 2.2 1
v -0.4 0.3 1
v -0.4 0.4 1
v -0.4 0.5 1
v -0.4 0.6 1
v -0.4 1.9 1
v -0.4 2 1
v -0.4 2.2 1
v 0.4 0.7 1
v 0.4 0.8 1
v 0.4 1 1
v 0.4 3.1 1
v 0.4 3.2 1
v 0.4 3.3 1
v 0.4 3.4 1
v 0.5 0.7 1
v 0.5 1 1
v 0.5 3.1 1
v 0.5 3.4 1
v 0.4 2.3 0.9
v 0.4 2.4 0.9
v 0.4 2.6 0.9
v 0.5 2.3 0.9
v 0.5 2.6 0.9
v -0.5 0.7 0.7
v -0.5 0.9 0.7
v -0.5 1 0.7
v -0.4 0.7 0.7
v -0.4 0.8 0.7
v -0.4 0.9 0.7
v -0.4 1 0.7
v -0.5 2.3 0.6
v -0.5 2.6 0.6
v -0.5 3.1 0.6
v -0.5 3.2 0.6
v -0.5 3.3 0.6
v -0.5 3.4 0.6
v -0.4 2.3 0.6
v -0.4 2.4 0.6
v -0.4 2.6 0.6
v -0.4 3.1 0.6
v -0.4 3.2 0.6
v -0.4 3.3 0.6
v -0.4 3.4 0.6
v 0.4 1.1 0.6
v 0.4 1.3 0.6
v 0.4 1.4 0.6
v 0.4 1.9 0.6
v 0.4 2 0.6
v 0.4 2.1 0.6
v 0.4 2.2 0.6
v 0.4 2.7 0.6
v 0.4 3 0.6
v 0.5 1.1 0.6
v 0.5 1.4 0.6
v 0.5 1.9 0.6
v 0.5 2 0.6
v 0.5 2.1 0.6
v 0.5 2.2 0.6
v 0.5 2.7 0.6
v 0.5 3 0.6
v -0.5 1.5 0.5
v -0.5 1.8 0.5
v -0.4 1.5 0.5
v -0.4 1.6 0.5
v -0.4 1.7 0.5
v -0.4 1.8 0.5
v 0.4 0.3 0.5
v 0.4 0.4 0.5
v 0.4 0.6 0.5
v 0.5 0.3 0.5
v 0.5 0.6 0.5
v -0.5 1.1 0.4
v -0.5 1.4 0.4
v -0.4 1.1 0.4
v -0.4 1.3 0.4
v -0.4 1.4 0.4
v -0.5 2.7 0.3
v -0.5 3 0.3
v -0.4 2.7 0.3
v -0.4 3 0.3
v 0.4 0.7 0.3
v 0.4 0.8 0.3
v 0.4 0.9 0.3
v 0.4 1 0.3
v 0.4 1.5 0.3
v 0.4 1.8 0.3
v 0.4 2.3 0.3
v 0.4 2.6 0.3
v 0.5 0.7 0.3
v 0.5 1 0.3
v 0.5 1.5 0.3
v 0.5 1.8 0.3
v 0.5 2.3 0.3
v 0.5 2.6 0.3
v -0.5 0.3 0.2
v -0.5 0.4 0.2
v -0.5 0.6 0.2
v -0.5 1.9 0.2
v -0.5 2.2 0.2
v -0.4 0.3 0.2
v -0.4 0.4 0.2
v -0.4 0.6 0.2
v -0.4 1.9 0.2
v -0.4 2.1 0.2
v -0.4 2.2 0.2
v 0.4 3.1 0.0999999
v 0.4 3.2 0.0999999
v 0.4 3.3 0.0999999
v 0.4 3.4 0.0999999
v 0.5 3.1 0.0999999
v 0.5 3.4 0.0999999
v -0.5 1.5 -0.2
v -0.5 1.8 -0.2
v -0.4 1.5 -0.2
v -0.4 1.6 -0.2
v -0.4 1.8 -0.2
v 0.4 1.1 -0.2
v 0.4 1.2 -0.2
v 0.4 1.4 -0.2
v 0.5 1.1 -0.2
v 0.5 1.4 -0.2
v -0.5 0.7 -0.3
v -0.5 1 -0.3
v -0.5 2.3 -0.3
v -0.5 2.6 -0.3
v -0.5 3.1 -0.3
v -0.5 3.4 -0.3
v -0.4 0.7 -0.3
v -0.4 0.9 -0.3
v -0.4 1 -0.3
v -0.4 2.3 -0.3
v -0.4 2.4 -0.3
v -0.4 2.6 -0.3
v -0.4 3.1 -0.3
v -0.4 3.3 -0.3
v -0.4 3.4 -0.3
v 0.4 2.7 -0.3
v 0.4 2.8 -0.3
v 0.4 2.9 -0.3
v 0.4 3 -0.3
v 0.5 2.7 -0.3
v 0.5 2.8 -0.3
v 0.5 2.9 -0.3
v 0.5 3 -0.3
v 0.4 0.3 -0.4
v 0.4 0.6 -0.4
v 0.4 1.9 -0.4
v 0.4 2 -0.4
v 0.4 2.2 -0.4
v 0.5 0.3 -0.4
v 0.5 0.6 -0.4
v 0.5 1.9 -0.4
v 0.5 2.2 -0.4
v -0.5 1.1 -0.6
v -0.5 1.4 -0.6
v -0.4 1.1 -0.6
v -0.4 1.2 -0.6
v -0.4 1.4 -0.6
v -0.5 1.9 -0.7
v -0.5 2.2 -0.7
v -0.5 2.7 -0.7
v -0.5 3 -0.7
v -0.4 1.9 -0.7
v -0.4 2 -0.7
v -0.4 2.2 -0.7
v -0.4 2.7 -0.7
v -0.4 2.8 -0.7
v -0.4 3 -0.7
v 0.4 0.7 -0.7
v 0.4 0.9 -0.7
v 0.4 1 -0.7
v 0.4 1.5 -0.7
v 0.4 1.6 -0.7
v 0.4 1.7 -0.7
v 0.4 1.8 -0.7
v 0.4 2.3 -0.7
v 0.4 2.4 -0.7
v 0.4 2.6 -0.7
v 0.4 3.1 -0.7
v 0.4 3.3 -0.7
v 0.4 3.4 -0.7
v 0.5 0.7 -0.7
v 0.5 1 -0.7
v 0.5 1.5 -0.7
v 0.5 1.6 -0.7
v 0.5 1.8 -0.7
v 0.5 2.3 -0.7
v 0.5 2.6 -0.7
v 0.5 3.1 -0.7
v 0.5 3.4 -0.7
v -0.5 0.3 -0.8
v -0.5 0.6 -0.8
v -0.4 0.3 -0.8
v -0.4 0.4 -0.8
v -0.4 0.6 -0.8
v -0.5 0.7 -1.1
v -0.5 0.8 -1.1
v -0.5 0.9 -1.1
v -0.5 1 -1.1
v -0.5 1.5 -1.1
v -0.5 1.8 -1.1
v -0.5 2.3 -1.1
v -0.5 2.4 -1.1
v -0.5 2.5 -1.1
v -0.5 2.6 -1.1
v -0.5 3.1 -1.1
v -0.5 3.4 -1.1
v -0.4 0.7 -1.1
v -0.4 0.8 -1.1
v -0.4 0.9 -1.1
v -0.4 1 -1.1
v -0.4 1.5 -1.1
v -0.4 1.6 -1.1
v -0.4 1.8 -1.1
v -0.4 2.3 -1.1
v -0.4 2.4 -1.1
v -0.4 2.5 -1.1
v -0.4 2.6 -1.1
v -0.4 3.1 -1.1
v -0.4 3.3 -1.1
v -0.4 3.4 -1.1
v 0.4 0.3 -1.1
v 0.4 0.5 -1.1
v 0.4 0.6 -1.1
v 0.4 1.1 -1.1
v 0.4 1.2 -1.1
v 0.4 1.3 -1.1
v 0.4 1.4 -1.1
v 0.4 1.9 -1.1
v 0.4 2 -1.1
v 0.4 2.2 -1.1
v 0.4 2.7 -1.1
v 0.4 3 -1.1
v 0.5 0.3 -1.1
v 0.5 0.6 -1.1
v 0.5 1.1 -1.1
v 0.5 1.4 -1.1
v 0.5 1.9 -1.1
v 0.5 2.2 -1.1
v 0.5 2.7 -1.1
v 0.5 3 -1.1
v -0.5 0.3 -1.4
v -0.5 0.6 -1.4
v -0.5 1.1 -1.4
v -0.5 1.4 -1.4
v -0.5 1.9 -1.4
v -0.5 2.2 -1.4
v -0.5 2.7 -1.4
v -0.5 3 -1.4
v -0.4 0.3 -1.4
v -0.4 0.6 -1.4
v -0.4 1.1 -1.4
v -0.4 1.2 -1.4
v -0.4 1.4 -1.4
v -0.4 1.9 -1.4
v -0.4 2.2 -1.4
v -0.4 2.7 -1.4
v -0.4 2.9 -1.4
v -0.4 3 -1.4
v 0.4 0.7 -1.4
v 0.4 0.8 -1.4
v 0.4 0.9 -1.4
v 0.4 1 -1.4
v 0.4 1.5 -1.4
v 0.4 1.8 -1.4
v 0.4 2.3 -1.4
v 0.4 2.5 -1.4
v 0.4 2.6 -1.4
v 0.4 3.1 -1.4
v 0.4 3.3 -1.4
v 0.4 3.4 -1.4
v 0.5 0.7 -1.4
v 0.5 0.8 -1.4
v 0.5 0.9 -1.4
v 0.5 1 -1.4
v 0.5 1.5 -1.4
v 0.5 1.8 -1.4
v 0.5 2.3 -1.4
v 0.5 2.6 -1.4
v 0.5 3.1 -1.4
v 0.5 3.4 -1.4
v -0.5 0.7 1.4
v -0.5 1 1.4
v -0.5 1.5 1.4
v -0.5 1.8 1.4
v -0.5 2.3 1.4
v -0.5 2.5 1.4
v -0.5 2.6 1.4
v -0.5 3.1 1.4
v -0.5 3.4 1.4
v -0.4 0.7 1.4
v -0.4 1 1.4
v -0.4 1.5 1.4
v -0.4 1.6 1.4
v -0.4 1.8 1.4
v -0.4 2.3 1.4
v -0.4 2.5 1.4
v -0.4 2.6 1.4
v -0.4 3.1 1.4
v -0.4 3.2 1.4
v -0.4 3.3 1.4
v -0.4 3.4 1.4
v 0.4 0.3 1.4
v 0.4 0.4 1.4
v 0.4 0.6 1.4
v 0.4 1.1 1.4
v 0.4 1.2 1.4
v 0.4 1.3 1.4
v 0.4 1.4 1.4
v 0.4 1.9 1.4
v 0.4 2 1.4
v 0.4 2.2 1.4
v 0.4 2.7 1.4
v 0.4 3 1.4
v 0.5 0.3 1.4
v 0.5 0.6 1.4
v 0.5 1.1 1.4
v 0.5 1.4 1.4
v 0.5 1.9 1.4
v 0.5 2.2 1.4
v 0.5 2.7 1.4
v 0.5 3 1.4
v -0.5 1.1 1.2
v -0.5 1.4 1.2
v -0.5 2.7 1.2
v -0.5 3 1.2
v -0.4 1.1 1.2
v -0.4 1.4 1.2
v -0.4 2.7 1.2
v -0.4 2.8 1.2
v -0.4 3 1.2
v 0.4 1.5 1.2
v 0.4 1.6 1.2
v 0.4 1.7 1.2
v 0.4 1.8 1.2
v 0.5 1.5 1.2
v 0.5 1.6 1.2
v 0.5 1.8 1.2
v -0.5 0.3 1.1
v -0.5 0.6 1.1
v -0.5 1.9 1.1
v -0.5 2.2 1.1
v -0.4 0.3 1.1
v -0.4 0.4 1.1
v -0.4 0.5 1.1
v -0.4 0.6 1.1
v -0.4 1.9 1.1
v -0.4 2 1.1
v -0.4 2.2 1.1
v 0.4 0.7 1.1
v 0.4 0.8 1.1
v 0.4 1 1.1
v 0.4 3.1 1.1
v 0.4 3.2 1.1
v 0.4 3.3 1.1
v 0.4 3.4 1.1
v 0.5 0.7 1.1
v 0.5 1 1.1
v 0.5 3.1 1.1
v 0.5 3.4 1.1
v 0.4 2.3 1
v 0.4 2.4 1
v 0.4 2.6 1
v 0.5 2.3 1
v 0.5 2.6 1
v -0.5 0.7 0.8
v -0.5 1 0.8
v -0.4 0.7 0.8
v -0.4 0.8 0.8
v -0.4 1 0.8
v -0.5 2.3 0.7
v -0.5 2.6 0.7
v -0.5 3.1 0.7
v -0.5 3.4 0.7
v -0.4 2.3 0.7
v -0.4 2.4 0.7
v -0.4 2.6 0.7
v -0.4 3.1 0.7
v -0.4 3.2 0.7
v -0.4 3.3 0.7
v -0.4 3.4 0.7
v 0.4 1.1 0.7
v 0.4 1.2 0.7
v 0.4 1.3 0.7
v 0.4 1.4 0.7
v 0.4 1.9 0.7
v 0.4 2.1 0.7
v 0.4 2.2 0.7
v 0.4 2.7 0.7
v 0.4 3 0.7
v 0.5 1.1 0.7
v 0.5 1.2 0.7
v 0.5 1.3 0.7
v 0.5 1.4 0.7
v 0.5 1.9 0.7
v 0.5 2.2 0.7
v 0.5 2.7 0.7
v 0.5 3 0.7
v -0.5 1.5 0.6
v -0.5 1.8 0.6
v -0.4 1.5 0.6
v -0.4 1.6 0.6
v -0.4 1.7 0.6
v -0.4 1.8 0.6
v 0.4 0.3 0.6
v 0.4 0.4 0.6
v 0.4 0.6 0.6
v 0.5 0.3 0.6
v 0.5 0.6 0.6
v -0.5 1.1 0.5
v -0.5 1.4 0.5
v -0.4 1.1 0.5
v -0.4 1.3 0.5
v -0.4 1.4 0.5
v -0.5 2.7 0.4
v -0.5 3 0.4
v -0.4 2.7 0.4
v -0.4 3 0.4
v 0.4 0.7 0.4
v 0.4 0.8 0.4
v 0.4 0.9 0.4
v 0.4 1 0.4
v 0.4 1.5 0.4
v 0.4 1.8 0.4
v 0.4 2.3 0.4
v 0.4 2.4 0.4
v 0.4 2.5 0.4
v 0.4 2.6 0.4
v 0.5 0.7 0.4
v 0.5 1 0.4
v 0.5 1.5 0.4
v 0.5 1.8 0.4
v 0.5 2.3 0.4
v 0.5 2.4 0.4
v 0.5 2.5 0.4
v 0.5 2.6 0.4
v -0.5 0.3 0.3
v -0.5 0.6 0.3
v -0.5 1.9 0.3
v -0.5 2.2 0.3
v -0.4 0.3 0.3
v -0.4 0.4 0.3
v -0.4 0.6 0.3
v -0.4 1.9 0.3
v -0.4 2.1 0.3
v -0.4 2.2 0.3
v 0.4 3.1 0.2
v 0.4 3.2 0.2
v 0.4 3.3 0.2
v 0.4 3.4 0.2
v 0.5 3.1 0.2
v 0.5 3.4 0.2
v -0.5 1.5 -0.1
v -0.5 1.7 -0.1
v -0.5 1.8 -0.1
v -0.4 1.5 -0.1
v -0.4 1.6 -0.1
v -0.4 1.7 -0.1
v -0.4 1.8 -0.1
v 0.4 1.1 -0.1
v 0.4 1.2 -0.1
v 0.4 1.3 -0.1
v 0.4 1.4 -0.1
v 0.5 1.1 -0.1
v 0.5 1.2 -0.1
v 0.5 1.3 -0.1
v 0.5 1.4 -0.1
v -0.5 0.7 -0.2
v -0.5 1 -0.2
v -0.5 2.3 -0.2
v -0.5 2.6 -0.2
v -0.5 3.1 -0.2
v -0.5 3.4 -0.2
v -0.4 0.7 -0.2
v -0.4 0.9 -0.2
v -0.4 1 -0.2
v -0.4 2.3 -0.2
v -0.4 2.4 -0.2
v -0.4 2.6 -0.2
v -0.4 3.1 -0.2
v -0.4 3.3 -0.2
v -0.4 3.4 -0.2
v 0.4 2.7 -0.2
v 0.4 3 -0.2
v 0.5 2.7 -0.2
v 0.5 3 -0.2
v 0.4 0.3 -0.3
v 0.4 0.6 -0.3
v 0.4 1.9 -0.3
v 0.4 2 -0.3
v 0.4 2.2 -0.3
v 0.5 0.3 -0.3
v 0.5 0.6 -0.3
v 0.5 1.9 -0.3
v 0.5 2.2 -0.3
v -0.5 1.1 -0.5
v -0.5 1.4 -0.5
v -0.4 1.1 -0.5
v -0.4 1.2 -0.5
v -0.4 1.4 -0.5
v -0.5 1.9 -0.6
v -0.5 2.2 -0.6
v -0.5 2.7 -0.6
v -0.5 3 -0.6
v -0.4 1.9 -0.6
v -0.4 2 -0.6
v -0.4 2.2 -0.6
v -0.4 2.7 -0.6
v -0.4 2.8 -0.6
v -0.4 3 -0.6
v 0.4 0.7 -0.6
v 0.4 0.9 -0.6
v 0.4 1 -0.6
v 0.4 1.5 -0.6
v 0.4 1.6 -0.6
v 0.4 1.7 -0.6
v 0.4 1.8 -0.6
v 0.4 2.3 -0.6
v 0.4 2.4 -0.6
v 0.4 2.6 -0.6
v 0.4 3.1 -0.6
v 0.4 3.3 -0.6
v 0.4 3.4 -0.6
v 0.5 0.7 -0.6
v 0.5 1 -0.6
v 0.5 1.5 -0.6
v 0.5 1.8 -0.6
v 0.5 2.3 -0.6
v 0.5 2.6 -0.6
v 0.5 3.1 -0.6
v 0.5 3.4 -0.6
v -0.5 0.3 -0.7
v -0.5 0.6 -0.7
v -0.4 0.3 -0.7
v -0.4 0.4 -0.7
v -0.4 0.6 -0.7
v -0.5 0.7 -1
v -0.5 1 -1
v -0.5 1.5 -1
v -0.5 1.8 -1
v -0.5 2.3 -1
v -0.5 2.6 -1
v -0.5 3.1 -1
v -0.5 3.4 -1
v -0.4 0.7 -1
v -0.4 0.9 -1
v -0.4 1 -1
v -0.4 1.5 -1
v -0.4 1.6 -1
v -0.4 1.8 -1
v -0.4 2.3 -1
v -0.4 2.4 -1
v -0.4 2.6 -1
v -0.4 3.1 -1
v -0.4 3.3 -1
v -0.4 3.4 -1
v 0.4 0.3 -1
v 0.4 0.4 -1
v 0.4 0.5 -1
v 0.4 0.6 -1
v 0.4 1.1 -1
v 0.4 1.2 -1
v 0.4 1.3 -1
v 0.4 1.4 -1
v 0.4 1.9 -1
v 0.4 2 -1
v 0.4 2.2 -1
v 0.4 2.7 -1
v 0.4 3 -1
v 0.5 0.3 -1
v 0.5 0.4 -1
v 0.5 0.6 -1
v 0.5 1.1 -1
v 0.5 1.4 -1
v 0.5 1.9 -1
v 0.5 2.2 -1
v 0.5 2.7 -1
v 0.5 3 -1
v -0.5 0.3 -1.3
v -0.5 0.4 -1.3
v -0.5 0.5 -1.3
v -0.5 0.6 -1.3
v -0.5 1.1 -1.3
v -0.5 1.2 -1.3
v -0.5 1.3 -1.3
v -0.5 1.4 -1.3
v -0.5 1.9 -1.3
v -0.5 2.2 -1.3
v -0.5 2.7 -1.3
v -0.5 3 -1.3
v -0.4 0.3 -1.3
v -0.4 0.4 -1.3
v -0.4 0.5 -1.3
v -0.4 0.6 -1.3
v -0.4 1.1 -1.3
v -0.4 1.2 -1.3
v -0.4 1.3 -1.3
v -0.4 1.4 -1.3
v -0.4 1.9 -1.3
v -0.4 2.2 -1.3
v -0.4 2.7 -1.3
v -0.4 2.9 -1.3
v -0.4 3 -1.3
v 0.4 0.7 -1.3
v 0.4 0.8 -1.3
v 0.4 1 -1.3
v 0.4 1.5 -1.3
v 0.4 1.8 -1.3
v 0.4 2.3 -1.3
v 0.4 2.4 -1.3
v 0.4 2.5 -1.3
v 0.4 2.6 -1.3
v 0.4 3.1 -1.3
v 0.4 3.3 -1.3
v 0.4 3.4 -1.3
v 0.5 0.7 -1.3
v 0.5 1 -1.3
v 0.5 1.5 -1.3
v 0.5 1.8 -1.3
v 0.5 2.3 -1.3
v 0.5 2.4 -1.3
v 0.5 2.5 -1.3
v 0.5 2.6 -1.3
v 0.5 3.1 -1.3
v 0.5 3.4 -1.3
v -0.5 3.8 -1.6
v -0.5 3.9 -1.6
v -0.4 0.6 -1.6
v -0.4 0.7 -1.6
v -0.4 1 -1.6
v -0.4 1.1 -1.6
v -0.4 1.4 -1.6
v -0.4 1.5 -1.6
v -0.4 1.8 -1.6
v -0.4 1.9 -1.6
v -0.4 2.2 -1.6
v -0.4 2.3 -1.6
v -0.4 2.6 -1.6
v -0.4 2.7 -1.6
v -0.4 3 -1.6
v -0.4 3.1 -1.6
v -0.4 3.8 -1.6
v -0.4 3.9 -1.6
v -0.3 0.6 -1.6
v -0.3 0.7 -1.6
v -0.3 1.1 -1.6
v -0.3 1.8 -1.6
v -0.3 1.9 -1.6
v -0.3 2.2 -1.6
v -0.3 3 -1.6
v -0.3 3.1 -1.6
v -0.2 0.7 -1.6
v -0.2 0.9 -1.6
v -0.2 1 -1.6
v -0.2 1.1 -1.6
v -0.2 1.4 -1.6
v -0.2 1.5 -1.6
v -0.2 1.8 -1.6
v -0.2 1.9 -1.6
v -0.2 2.3 -1.6
v -0.2 2.4 -1.6
v -0.2 2.5 -1.6
v -0.2 2.6 -1.6
v -0.2 3 -1.6
v -0.2 3.1 -1.6
v -0.2 3.2 -1.6
v -0.2 3.3 -1.6
v -0.2 3.4 -1.6
v -0.0999999 0.6 -1.6
v -0.0999999 0.7 -1.6
v -0.0999999 0.9 -1.6
v -0.0999999 1 -1.6
v -0.0999999 1.5 -1.6
v -0.0999999 1.8 -1.6
v -0.0999999 2.2 -1.6
v -0.0999999 2.3 -1.6
v -0.0999999 2.5 -1.6
v -0.0999999 2.6 -1.6
v -0.0999999 2.7 -1.6
v -0.0999999 3.1 -1.6
v -0.0999999 3.2 -1.6
v -0.0999999 3.3 -1.6
v -0.0999999 3.4 -1.6
v 2.38419e-07 0.6 -1.6
v 2.38419e-07 0.7 -1.6
v 2.38419e-07 1 -1.6
v 2.38419e-07 1.4 -1.6
v 2.38419e-07 1.8 -1.6
v 2.38419e-07 1.9 -1.6
v 2.38419e-07 2.2 -1.6
v 2.38419e-07 2.3 -1.6
v 0.1 0.3 -1.6
v 0.1 0.4 -1.6
v 0.1 0.6 -1.6
v 0.1 1.1 -1.6
v 0.1 1.2 -1.6
v 0.1 1.3 -1.6
v 0.1 1.4 -1.6
v 0.1 1.8 -1.6
v 0.1 1.9 -1.6
v 0.1 2.2 -1.6
v 0.1 2.6 -1.6
v 0.1 2.7 -1.6
v 0.1 2.8 -1.6
v 0.1 3 -1.6
v 0.2 0.3 -1.6
v 0.2 0.4 -1.6
v 0.2 0.6 -1.6
v 0.2 1 -1.6
v 0.2 1.1 -1.6
v 0.2 1.2 -1.6
v 0.2 1.3 -1.6
v 0.2 1.4 -1.6
v 0.2 1.8 -1.6
v 0.2 1.9 -1.6
v 0.2 2 -1.6
v 0.2 2.1 -1.6
v 0.2 2.2 -1.6
v 0.2 2.6 -1.6
v 0.2 2.7 -1.6
v 0.2 2.8 -1.6
v 0.2 2.9 -1.6
v 0.2 3 -1.6
v 0.3 1.4 -1.6
v 0.3 1.5 -1.6
v 0.3 1.8 -1.6
v 0.3 1.9 -1.6
v 0.4 0.6 -1.6
v 0.4 0.7 -1.6
v 0.4 1 -1.6
v 0.4 1.1 -1.6
v 0.4 1.4 -1.6
v 0.4 1.5 -1.6
v 0.4 1.8 -1.6
v 0.4 1.9 -1.6
v 0.4 2.2 -1.6
v 0.4 2.3 -1.6
v 0.4 2.6 -1.6
v 0.4 2.7 -1.6
v 0.4 3 -1.6
v 0.4 3.1 -1.6
v 0.4 3.8 -1.6
v 0.4 3.9 -1.6
v 0.5 3.8 -1.6
v 0.5 3.9 -1.6
v -0.6 3.7 -1.7
v -0.6 3.8 -1.7
v -0.5 0.3 -1.7
v -0.5 0.6 -1.7
v -0.5 0.7 -1.7
v -0.5 0.8 -1.7
v -0.5 1 -1.7
v -0.5 1.1 -1.7
v -0.5 1.3 -1.7
v -0.5 1.4 -1.7
v -0.5 1.5 -1.7
v -0.5 1.8 -1.7
v -0.5 1.9 -1.7
v -0.5 2.2 -1.7
v -0.5 2.3 -1.7
v -0.5 2.4 -1.7
v -0.5 2.6 -1.7
v -0.5 2.7 -1.7
v -0.5 3 -1.7
v -0.5 3.1 -1.7
v -0.5 3.4 -1.7
v -0.5 3.7 -1.7
v -0.5 3.8 -1.7
v -0.4 0.3 -1.7
v -0.4 0.6 -1.7
v -0.4 0.7 -1.7
v -0.4 0.8 -1.7
v -0.4 0.9 -1.7
v -0.4 1 -1.7
v -0.4 1.1 -1.7
v -0.4 1.3 -1.7
v -0.4 1.9 -1.7
v -0.4 2.2 -1.7
v -0.4 2.5 -1.7
v -0.4 2.6 -1.7
v -0.4 2.7 -1.7
v -0.4 3 -1.7
v -0.4 3.8 -1.7
v -0.4 3.9 -1.7
v -0.3 0.7 -1.7
v -0.3 0.9 -1.7
v -0.3 1.1 -1.7
v -0.3 1.3 -1.7
v -0.3 2.1 -1.7
v -0.3 2.2 -1.7
v -0.3 2.9 -1.7
v -0.3 3 -1.7
v -0.3 3.4 -1.7
v -0.3 3.8 -1.7
v -0.2 0.7 -1.7
v -0.2 1 -1.7
v -0.2 1.1 -1.7
v -0.2 1.2 -1.7
v -0.2 1.3 -1.7
v -0.2 1.4 -1.7
v -0.2 1.5 -1.7
v -0.2 1.8 -1.7
v -0.2 1.9 -1.7
v -0.2 2 -1.7
v -0.2 2.3 -1.7
v -0.2 2.4 -1.7
v -0.2 2.5 -1.7
v -0.2 2.6 -1.7
v -0.2 3.1 -1.7
v -0.2 3.4 -1.7
v -0.0999999 0.3 -1.7
v -0.0999999 0.5 -1.7
v -0.0999999 0.6 -1.7
v -0.0999999 0.7 -1.7
v -0.0999999 1 -1.7
v -0.0999999 1.5 -1.7
v -0.0999999 1.8 -1.7
v -0.0999999 2 -1.7
v -0.0999999 2.1 -1.7
v -0.0999999 2.3 -1.7
v -0.0999999 2.6 -1.7
v -0.0999999 2.7 -1.7
v -0.0999999 2.9 -1.7
v -0.0999999 3.1 -1.7
v -0.0999999 3.4 -1.7
v -0.0999999 3.8 -1.7
v -0.0999999 3.9 -1.7
v 2.38419e-07 0.3 -1.7
v 2.38419e-07 0.5 -1.7
v 2.38419e-07 0.8 -1.7
v 2.38419e-07 1 -1.7
v 2.38419e-07 1.2 -1.7
v 2.38419e-07 1.4 -1.7
v 2.38419e-07 1.6 -1.7
v 2.38419e-07 1.7 -1.7
v 0.1 0.3 -1.7
v 0.1 0.6 -1.7
v 0.1 1.1 -1.7
v 0.1 1.4 -1.7
v 0.1 1.9 -1.7
v 0.1 2.2 -1.7
v 0.1 2.7 -1.7
v 0.1 3 -1.7
v 0.2 0.3 -1.7
v 0.2 0.6 -1.7
v 0.2 1.1 -1.7
v 0.2 1.4 -1.7
v 0.2 1.7 -1.7
v 0.2 1.8 -1.7
v 0.2 1.9 -1.7
v 0.2 2 -1.7
v 0.2 2.1 -1.7
v 0.2 2.2 -1.7
v 0.2 2.7 -1.7
v 0.2 2.9 -1.7
v 0.2 3 -1.7
v 0.2 3.8 -1.7
v 0.3 0.3 -1.7
v 0.3 0.5 -1.7
v 0.3 1.9 -1.7
v 0.3 2 -1.7
v 0.4 0.3 -1.7
v 0.4 0.4 -1.7
v 0.4 0.5 -1.7
v 0.4 0.6 -1.7
v 0.4 0.9 -1.7
v 0.4 1 -1.7
v 0.4 1.5 -1.7
v 0.4 1.6 -1.7
v 0.4 2.4 -1.7
v 0.4 2.6 -1.7
v 0.4 3.2 -1.7
v 0.4 3.3 -1.7
v 0.4 3.8 -1.7
v 0.4 3.9 -1.7
v 0.5 0.3 -1.7
v 0.5 0.4 -1.7
v 0.5 0.6 -1.7
v 0.5 0.7 -1.7
v 0.5 0.8 -1.7
v 0.5 0.9 -1.7
v 0.5 1 -1.7
v 0.5 1.1 -1.7
v 0.5 1.4 -1.7
v 0.5 1.5 -1.7
v 0.5 1.8 -1.7
v 0.5 1.9 -1.7
v 0.5 2.1 -1.7
v 0.5 2.2 -1.7
v 0.5 2.3 -1.7
v 0.5 2.4 -1.7
v 0.5 2.6 -1.7
v 0.5 2.7 -1.7
v 0.5 2.9 -1.7
v 0.5 3 -1.7
v 0.5 3.1 -1.7
v 0.5 3.2 -1.7
v 0.5 3.3 -1.7
v 0.5 3.4 -1.7
v 0.5 3.7 -1.7
v 0.5 3.8 -1.7
v 0.6 3.7 -1.7
v 0.6 3.8 -1.7
v -0.6 3.4 -1.8
v -0.6 3.6 -1.8
v -0.6 3.7 -1.8
v -0.5 3.6 -1.8
v -0.5 3.7 -1.8
v -0.5 3.8 -1.8
v -0.4 3.6 -1.8
v -0.4 3.7 -1.8
v -0.4 3.8 -1.8
v -0.3 3.4 -1.8
v -0.3 3.6 -1.8
v -0.3 3.7 -1.8
v -0.3 3.8 -1.8
v -0.2 3.5 -1.8
v -0.2 3.6 -1.8
v -0.0999999 3.4 -1.8
v -0.0999999 3.5 -1.8
v -0.0999999 3.7 -1.8
v 2.38419e-07 3.5 -1.8
v 2.38419e-07 3.7 -1.8
v 0.2 3.6 -1.8
v 0.2 3.7 -1.8
v 0.2 3.8 -1.8
v 0.4 3.7 -1.8
v 0.4 3.8 -1.8
v 0.5 3.6 -1.8
v 0.5 3.7 -1.8
v 0.5 3.8 -1.8
v 0.6 3.4 -1.8
v 0.6 3.7 -1.8
v -1.9 0.2 -1.9
v -1.9 0.3 -1.9
v -1.7 0.2 -1.9
v -1.6 0.2 -1.9
v -1.6 0.3 -1.9
v -1.4 0.2 -1.9
v -1.4 0.3 -1.9
v -1.2 0.2 -1.9
v -1.2 0.3 -1.9
v -1 0.2 -1.9
v -1 0.3 -1.9
v -0.8 0.2 -1.9
v -0.8 0.3 -1.9
v -0.5 0.2 -1.9
v -0.5 0.3 -1.9
v -0.3 0.2 -1.9
v -0.3 0.3 -1.9
v -0.2 0.2 -1.9
v -0.2 0.3 -1.9
v -0.0999999 0.2 -1.9
v -0.0999999 0.3 -1.9
v 2.38419e-07 0.2 -1.9
v 0.1 0.2 -1.9
v 0.1 0.3 -1.9
v 0.3 0.2 -1.9
v 0.5 0.2 -1.9
v 0.6 0.2 -1.9
v 0.6 0.3 -1.9
v 0.8 0.2 -1.9
v 0.8 0.3 -1.9
v 1 0.2 -1.9
v 1 0.3 -1.9
v 1.4 0.2 -1.9
v 1.4 0.3 -1.9
v 1.5 0.2 -1.9
v 1.6 0.2 -1.9
v 1.7 0.2 -1.9
v 1.7 0.3 -1.9
v 1.8 0.2 -1.9
v 1.9 0.2 -1.9
v 1.9 0.3 -1.9
v -2 0 -2
v -2 0.1 -2
v -2 0.2 -2
v -1.9 0.1 -2
v -1.9 0.2 -2
v -1.7 0 -2
v -1.7 0.1 -2
v -1.7 0.2 -2
v -1.4 0 -2
v -1.4 0.1 -2
v -1.4 0.2 -2
v -1.2 0 -2
v -1.2 0.1 -2
v -1 0.1 -2
v -1 0.2 -2
v -0.8 0.1 -2
v -0.8 0.2 -2
v -0.3 0.1 -2
v -0.3 0.2 -2
v -0.0999999 0.1 -2
v -0.0999999 0.2 -2
v 2.38419e-07 0.1 -2
v 2.38419e-07 0.2 -2
v 0.1 0.1 -2
v 0.1 0.2 -2
v 0.3 0.1 -2
v 0.3 0.2 -2
v 0.5 0 -2
v 0.5 0.1 -2
v 0.5 0.2 -2
v 0.7 0 -2
v 0.7 0.1 -2
v 0.8 0 -2
v 0.8 0.1 -2
v 0.8 0.2 -2
v 1 0.1 -2
v 1 0.2 -2
v 1.4 0 -2
v 1.4 0.1 -2
v 1.4 0.2 -2
v 1.5 0.1 -2
v 1.5 0.2 -2
v 1.6 0 -2
v 1.6 0.1 -2
v 1.6 0.2 -2
v 1.7 0 -2
v 1.7 0.1 -2
v 1.7 0.2 -2
v 1.8 0 -2
v 1.8 0.2 -2
v 2 0 -2
v 2 0.2 -2
v -2 0 2
v -1 0 2
v -0.9 0 2
v -0.8 0 2
v -0.7 0 2
v -0.5 0 2
v -0.0999999 0 2
v 2.38419e-07 0 2
v 0.3 0 2
v 0.4 0 2
v 0.6 0 2
v 0.8 0 2
v 1.4 0 2
v 1.5 0 2
v 1.6 0 2
v 1.8 0 2
v 2 0 2
v -1 0 1.9
v -0.9 0 1.9
v -0.8 0 1.9
v -0.7 0 1.9
v -0.5 0 1.9
v -0.0999999 0 1.9
v 2.38419e-07 0 1.9
v 0.3 0 1.9
v 0.4 0 1.9
v 0.6 0 1.9
v 0.8 0 1.9
v 1.4 0 1.9
v 1.5 0 1.9
v 1.6 0 1.9
v 1.8 0 1.9
v 1.9 0 1.7
v 2 0 1.7
v 1.9 0 1.6
v 2 0 1.6
v 1.9 0 1.5
v 2 0 1.5
v 1.9 0 1.2
v 2 0 1.2
v -2 0 0.5
v -1.9 0 0.5
v -2 0 0.3
v -1.9 0 0.3
v 1.9 0 0.3
v 2 0 0.3
v 1.9 0 0.2
v 2 0 0.2
v 1.9 0 0.0999999
v 2 0 0.0999999
v 1.9 0 -2.38419e-07
v 2 0 -2.38419e-07
v 1.9 0 -0.1
v 2 0 -0.1
v 1.9 0 -0.3
v 2 0 -0.3
v -2 0 -0.4
v -1.9 0 -0.4
v -2 0 -1
v -1.9 0 -1
v 1.9 0 -1
v 2 0 -1
v 1.9 0 -1.5
v 2 0 -1.5
v -2 0 -1.9
v -1.7 0 -1.9
v -1.4 0 -1.9
v -1.2 0 -1.9
v 0.5 0 -1.9
v 0.7 0 -1.9
v 0.8 0 -1.9
v 1.4 0 -1.9
v 1.6 0 -1.9
v 1.7 0 -1.9
v 1.8 0 -1.9
v -2 0 -2
v -1.7 0 -2
v -1.4 0 -2
v -1.2 0 -2
v 0.5 0 -2
v 0.7 0 -2
v 0.8 0 -2
v 1.4 0 -2
v 1.6 0 -2
v 1.7 0 -2
v 1.8 0 -2
v 2 0 -2
v -0.5 0.7 1.7
v 0.1 0.7 1.7
v 0.2 0.7 1.7
v 0.3 0.7 1.7
v 0.5 0.7 1.7
v -0.4 0.7 1.6
v -0.3 0.7 1.6
v -0.2 0.7 1.6
v 2.38419e-07 0.7 1.6
v 0.1 0.7 1.6
v 0.2 0.7 1.6
v 0.3 0.7 1.6
v 0.4 0.7 1.6
v 0.5 0.7 1.6
v 0.4 0.7 1.5
v -0.5 0.7 1.4
v -0.4 0.7 1.4
v -0.5 0.7 1.3
v -0.4 0.7 1.3
v 0.4 0.7 1.3
v -0.4 0.7 1.2
v 0.4 0.7 1.2
v -0.4 0.7 1.1
v 0.4 0.7 1.1
v 0.5 0.7 1.1
v -0.4 0.7 1
v 0.4 0.7 1
v 0.5 0.7 1
v -0.5 0.7 0.8
v -0.4 0.7 0.8
v 0.4 0.7 0.8
v 0.5 0.7 0.8
v -0.5 0.7 0.7
v -0.4 0.7 0.7
v -0.5 0.7 0.6
v -0.4 0.7 0.6
v 0.4 0.7 0.6
v 0.5 0.7 0.6
v 0.4 0.7 0.5
v 0.4 0.7 0.4
v 0.5 0.7 0.4
v 0.4 0.7 0.3
v 0.5 0.7 0.3
v -0.5 0.7 0.2
v -0.4 0.7 0.2
v -0.4 0.7 0.0999999
v -0.5 0.7 -2.38419e-07
v -0.4 0.7 -2.38419e-07
v 0.4 0.7 -2.38419e-07
v -0.4 0.7 -0.1
v -0.5 0.7 -0.2
v -0.4 0.7 -0.2
v -0.5 0.7 -0.3
v -0.4 0.7 -0.3
v -0.4 0.7 -0.4
v 0.4 0.7 -0.4
v 0.5 0.7 -0.4
v 0.4 0.7 -0.5
v 0.5 0.7 -0.5
v -0.4 0.7 -0.6
v 0.4 0.7 -0.6
v 0.5 0.7 -0.6
v 0.4 0.7 -0.7
v 0.5 0.7 -0.7
v -0.5 0.7 -1
v -0.4 0.7 -1
v 0.4 0.7 -1
v -0.5 0.7 -1.1
v -0.4 0.7 -1.1
v 0.4 0.7 -1.1
v -0.5 0.7 -1.2
v -0.4 0.7 -1.2
v -0.4 0.7 -1.3
v 0.4 0.7 -1.3
v 0.5 0.7 -1.3
v -0.5 0.7 -1.4
v -0.4 0.7 -1.4
v 0.4 0.7 -1.4
v 0.5 0.7 -1.4
v -0.5 0.7 -1.5
v -0.4 0.7 -1.5
v 0.4 0.7 -1.5
v -0.5 0.7 -1.6
v -0.4 0.7 -1.6
v -0.3 0.7 -1.6
v -0.2 0.7 -1.6
v -0.0999999 0.7 -1.6
v 2.38419e-07 0.7 -1.6
v 0.4 0.7 -1.6
v -0.5 0.7 -1.7
v -0.4 0.7 -1.7
v -0.3 0.7 -1.7
v -0.2 0.7 -1.7
v -0.0999999 0.7 -1.7
v 0.5 0.7 -1.7
v -0.5 1.1 1.7
v -0.4 1.1 1.7
v -0.3 1.1 1.7
v -0.2 1.1 1.7
v -0.0999999 1.1 1.7
v 0.2 1.1 1.7
v 0.4 1.1 1.7
v 0.5 1.1 1.7
v -0.4 1.1 1.6
v -0.3 1.1 1.6
v -0.2 1.1 1.6
v -0.0999999 1.1 1.6
v 0.2 1.1 1.6
v 0.4 1.1 1.6
v 0.4 1.1 1.5
v -0.5 1.1 1.4
v -0.4 1.1 1.4
v 0.4 1.1 1.4
v 0.5 1.1 1.4
v -0.5 1.1 1.3
v -0.4 1.1 1.3
v 0.4 1.1 1.3
v 0.5 1.1 1.3
v -0.5 1.1 1.2
v -0.4 1.1 1.2
v -0.5 1.1 1.1
v -0.4 1.1 1.1
v 0.4 1.1 1.1
v 0.5 1.1 1.1
v -0.5 1.1 1
v -0.4 1.1 1
v 0.4 1.1 1
v 0.5 1.1 1
v -0.4 1.1 0.9
v -0.5 1.1 0.7
v -0.4 1.1 0.7
v 0.4 1.1 0.7
v 0.5 1.1 0.7
v -0.4 1.1 0.6
v 0.4 1.1 0.6
v 0.5 1.1 0.6
v -0.5 1.1 0.5
v -0.4 1.1 0.5
v 0.4 1.1 0.5
v -0.5 1.1 0.4
v -0.4 1.1 0.4
v 0.4 1.1 0.4
v 0.5 1.1 0.4
v -0.4 1.1 0.2
v 0.4 1.1 0.2
v -0.4 1.1 0.0999999
v 0.4 1.1 -2.38419e-07
v 0.5 1.1 -2.38419e-07
v 0.4 1.1 -0.1
v 0.5 1.1 -0.1
v -0.4 1.1 -0.2
v 0.4 1.1 -0.2
v 0.5 1.1 -0.2
v 0.4 1.1 -0.4
v -0.5 1.1 -0.5
v -0.4 1.1 -0.5
v -0.5 1.1 -0.6
v -0.4 1.1 -0.6
v 0.4 1.1 -0.6
v 0.5 1.1 -0.6
v 0.4 1.1 -0.8
v 0.5 1.1 -0.8
v 0.4 1.1 -0.9
v -0.5 1.1 -1
v -0.4 1.1 -1
v 0.4 1.1 -1
v 0.5 1.1 -1
v -0.4 1.1 -1.1
v 0.4 1.1 -1.1
v 0.5 1.1 -1.1
v 0.4 1.1 -1.2
v 0.5 1.1 -1.2
v -0.5 1.1 -1.3
v -0.4 1.1 -1.3
v 0.4 1.1 -1.3
v 0.5 1.1 -1.3
v -0.5 1.1 -1.4
v -0.4 1.1 -1.4
v 0.4 1.1 -1.4
v -0.4 1.1 -1.5
v 0.4 1.1 -1.5
v -0.5 1.1 -1.6
v -0.4 1.1 -1.6
v -0.3 1.1 -1.6
v -0.2 1.1 -1.6
v 0.1 1.1 -1.6
v 0.2 1.1 -1.6
v 0.4 1.1 -1.6
v -0.5 1.1 -1.7
v -0.4 1.1 -1.7
v -0.3 1.1 -1.7
v -0.2 1.1 -1.7
v 0.1 1.1 -1.7
v 0.2 1.1 -1.7
v 0.5 1.1 -1.7
v -0.5 1.5 1.7
v 0.1 1.5 1.7
v 0.2 1.5 1.7
v 0.3 1.5 1.7
v 0.5 1.5 1.7
v -0.4 1.5 1.6
v -0.2 1.5 1.6
v -0.0999999 1.5 1.6
v 0.1 1.5 1.6
v 0.2 1.5 1.6
v 0.3 1.5 1.6
v 0.4 1.5 1.6
v 0.5 1.5 1.6
v -0.4 1.5 1.5
v -0.5 1.5 1.4
v -0.4 1.5 1.4
v -0.5 1.5 1.3
v -0.4 1.5 1.3
v -0.5 1.5 1.2
v -0.4 1.5 1.2
v 0.4 1.5 1.2
v 0.5 1.5 1.2
v 0.4 1.5 1.1
v 0.5 1.5 1.1
v -0.4 1.5 1
v -0.5 1.5 0.8
v -0.4 1.5 0.8
v -0.4 1.5 0.7
v -0.5 1.5 0.6
v -0.4 1.5 0.6
v 0.4 1.5 0.6
v 0.5 1.5 0.6
v -0.5 1.5 0.5
v -0.4 1.5 0.5
v 0.4 1.5 0.5
v 0.5 1.5 0.5
v -0.4 1.5 0.4
v 0.4 1.5 0.4
v 0.5 1.5 0.4
v 0.4 1.5 0.3
v 0.5 1.5 0.3
v -0.5 1.5 0.2
v -0.4 1.5 0.2
v 0.4 1.5 0.2
v 0.5 1.5 0.2
v 0.4 1.5 0.0999999
v 0.5 1.5 0.0999999
v 0.4 1.5 -2.38419e-07
v -0.5 1.5 -0.1
v -0.4 1.5 -0.1
v -0.5 1.5 -0.2
v -0.4 1.5 -0.2
v -0.4 1.5 -0.3
v 0.4 1.5 -0.3
v 0.5 1.5 -0.3
v -0.4 1.5 -0.4
v 0.4 1.5 -0.4
v -0.5 1.5 -0.5
v -0.4 1.5 -0.5
v 0.4 1.5 -0.5
v 0.5 1.5 -0.5
v 0.4 1.5 -0.6
v 0.5 1.5 -0.6
v -0.4 1.5 -0.7
v 0.4 1.5 -0.7
v 0.5 1.5 -0.7
v -0.5 1.5 -0.8
v -0.4 1.5 -0.8
v 0.4 1.5 -0.9
v -0.5 1.5 -1
v -0.4 1.5 -1
v 0.4 1.5 -1
v 0.5 1.5 -1
v -0.5 1.5 -1.1
v -0.4 1.5 -1.1
v 0.4 1.5 -1.1
v 0.4 1.5 -1.2
v 0.4 1.5 -1.3
v 0.5 1.5 -1.3
v -0.4 1.5 -1.4
v 0.4 1.5 -1.4
v 0.5 1.5 -1.4
v -0.4 1.5 -1.5
v 0.4 1.5 -1.5
v 0.5 1.5 -1.5
v -0.4 1.5 -1.6
v -0.2 1.5 -1.6
v -0.0999999 1.5 -1.6
v 0.3 1.5 -1.6
v 0.4 1.5 -1.6
v -0.5 1.5 -1.7
v -0.2 1.5 -1.7
v -0.0999999 1.5 -1.7
v 0.4 1.5 -1.7
v 0.5 1.5 -1.7
v -0.5 1.9 1.7
v -0.2 1.9 1.7
v -0.0999999 1.9 1.7
v 0.1 1.9 1.7
v 0.4 1.9 1.7
v 0.5 1.9 1.7
v -0.4 1.9 1.6
v -0.2 1.9 1.6
v -0.0999999 1.9 1.6
v 0.1 1.9 1.6
v 0.3 1.9 1.6
v 0.4 1.9 1.6
v 0.5 1.9 1.6
v -0.4 1.9 1.5
v 0.4 1.9 1.5
v 0.5 1.9 1.5
v -0.4 1.9 1.4
v 0.4 1.9 1.4
v 0.5 1.9 1.4
v -0.4 1.9 1.3
v 0.4 1.9 1.3
v 0.5 1.9 1.3
v -0.5 1.9 1.1
v -0.4 1.9 1.1
v 0.4 1.9 1.1
v -0.5 1.9 1
v -0.4 1.9 1
v 0.4 1.9 1
v 0.4 1.9 0.9
v -0.5 1.9 0.8
v -0.4 1.9 0.8
v 0.4 1.9 0.7
v 0.5 1.9 0.7
v 0.4 1.9 0.6
v 0.5 1.9 0.6
v -0.5 1.9 0.5
v -0.4 1.9 0.5
v -0.4 1.9 0.4
v -0.5 1.9 0.3
v -0.4 1.9 0.3
v -0.5 1.9 0.2
v -0.4 1.9 0.2
v -0.5 1.9 0.0999999
v -0.4 1.9 0.0999999
v 0.4 1.9 0.0999999
v -0.4 1.9 -2.38419e-07
v 0.4 1.9 -2.38419e-07
v -0.4 1.9 -0.1
v 0.4 1.9 -0.2
v -0.4 1.9 -0.3
v 0.4 1.9 -0.3
v 0.5 1.9 -0.3
v -0.5 1.9 -0.4
v -0.4 1.9 -0.4
v 0.4 1.9 -0.4
v 0.5 1.9 -0.4
v -0.4 1.9 -0.5
v -0.5 1.9 -0.6
v -0.4 1.9 -0.6
v 0.4 1.9 -0.6
v -0.5 1.9 -0.7
v -0.4 1.9 -0.7
v 0.4 1.9 -0.7
v -0.5 1.9 -0.8
v -0.4 1.9 -0.8
v 0.4 1.9 -0.9
v -0.4 1.9 -1
v 0.4 1.9 -1
v 0.5 1.9 -1
v -0.4 1.9 -1.1
v 0.4 1.9 -1.1
v 0.5 1.9 -1.1
v 0.4 1.9 -1.2
v -0.5 1.9 -1.3
v -0.4 1.9 -1.3
v 0.4 1.9 -1.3
v 0.5 1.9 -1.3
v -0.5 1.9 -1.4
v -0.4 1.9 -1.4
v -0.5 1.9 -1.5
v -0.4 1.9 -1.5
v 0.4 1.9 -1.5
v -0.5 1.9 -1.6
v -0.4 1.9 -1.6
v -0.3 1.9 -1.6
v -0.2 1.9 -1.6
v 2.38419e-07 1.9 -1.6
v 0.1 1.9 -1.6
v 0.2 1.9 -1.6
v 0.3 1.9 -1.6
v 0.4 1.9 -1.6
v -0.5 1.9 -1.7
v -0.4 1.9 -1.7
v -0.2 1.9 -1.7
v 0.1 1.9 -1.7
v 0.2 1.9 -1.7
v 0.3 1.9 -1.7
v 0.5 1.9 -1.7
v -0.5 2.3 1.7
v -0.2 2.3 1.7
v 2.38419e-07 2.3 1.7
v 0.1 2.3 1.7
v 0.2 2.3 1.7
v 0.3 2.3 1.7
v 0.4 2.3 1.7
v 0.5 2.3 1.7
v -0.5 2.3 1.6
v -0.4 2.3 1.6
v -0.3 2.3 1.6
v -0.2 2.3 1.6
v 2.38419e-07 2.3 1.6
v 0.1 2.3 1.6
v 0.2 2.3 1.6
v 0.3 2.3 1.6
v 0.4 2.3 1.6
v -0.4 2.3 1.5
v -0.5 2.3 1.4
v -0.4 2.3 1.4
v 0.4 2.3 1.4
v -0.5 2.3 1.3
v -0.4 2.3 1.3
v -0.5 2.3 1.2
v -0.4 2.3 1.2
v -0.5 2.3 1.1
v -0.4 2.3 1.1
v -0.4 2.3 1
v 0.4 2.3 1
v 0.5 2.3 1
v -0.5 2.3 0.9
v -0.4 2.3 0.9
v 0.4 2.3 0.9
v 0.5 2.3 0.9
v 0.4 2.3 0.8
v 0.5 2.3 0.8
v -0.5 2.3 0.7
v -0.4 2.3 0.7
v 0.4 2.3 0.7
v -0.5 2.3 0.6
v -0.4 2.3 0.6
v 0.4 2.3 0.6
v 0.5 2.3 0.6
v 0.4 2.3 0.4
v 0.5 2.3 0.4
v -0.4 2.3 0.3
v 0.4 2.3 0.3
v 0.5 2.3 0.3
v -0.4 2.3 0.2
v -0.5 2.3 0.0999999
v -0.4 2.3 0.0999999
v -0.4 2.3 -0.1
v 0.4 2.3 -0.1
v -0.5 2.3 -0.2
v -0.4 2.3 -0.2
v 0.4 2.3 -0.2
v -0.5 2.3 -0.3
v -0.4 2.3 -0.3
v -0.4 2.3 -0.6
v 0.4 2.3 -0.6
v 0.5 2.3 -0.6
v 0.4 2.3 -0.7
v 0.5 2.3 -0.7
v -0.4 2.3 -0.8
v 0.4 2.3 -0.8
v 0.4 2.3 -0.9
v -0.5 2.3 -1
v -0.4 2.3 -1
v 0.4 2.3 -1
v 0.5 2.3 -1
v -0.5 2.3 -1.1
v -0.4 2.3 -1.1
v -0.5 2.3 -1.2
v -0.4 2.3 -1.2
v 0.4 2.3 -1.2
v 0.5 2.3 -1.2
v 0.4 2.3 -1.3
v 0.5 2.3 -1.3
v 0.4 2.3 -1.4
v 0.5 2.3 -1.4
v 0.4 2.3 -1.5
v -0.5 2.3 -1.6
v -0.4 2.3 -1.6
v -0.2 2.3 -1.6
v -0.0999999 2.3 -1.6
v 2.38419e-07 2.3 -1.6
v 0.4 2.3 -1.6
v -0.5 2.3 -1.7
v -0.2 2.3 -1.7
v -0.0999999 2.3 -1.7
v 0.5 2.3 -1.7
v -0.5 2.7 1.7
v -0.4 2.7 1.7
v -0.3 2.7 1.7
v -0.2 2.7 1.7
v -0.0999999 2.7 1.7
v 0.3 2.7 1.7
v 0.5 2.7 1.7
v -0.4 2.7 1.6
v -0.3 2.7 1.6
v -0.2 2.7 1.6
v -0.0999999 2.7 1.6
v 0.3 2.7 1.6
v 0.4 2.7 1.6
v -0.4 2.7 1.5
v 0.4 2.7 1.4
v 0.5 2.7 1.4
v -0.4 2.7 1.3
v 0.4 2.7 1.3
v 0.5 2.7 1.3
v -0.5 2.7 1.2
v -0.4 2.7 1.2
v 0.4 2.7 1.2
v 0.5 2.7 1.2
v -0.5 2.7 1.1
v -0.4 2.7 1.1
v 0.4 2.7 1.1
v -0.4 2.7 1
v -0.5 2.7 0.8
v -0.4 2.7 0.8
v 0.4 2.7 0.8
v 0.5 2.7 0.8
v -0.4 2.7 0.7
v 0.4 2.7 0.7
v 0.5 2.7 0.7
v 0.4 2.7 0.6
v 0.5 2.7 0.6
v -0.4 2.7 0.5
v -0.5 2.7 0.4
v -0.4 2.7 0.4
v -0.5 2.7 0.3
v -0.4 2.7 0.3
v 0.4 2.7 0.3
v 0.5 2.7 0.3
v -0.4 2.7 0.2
v 0.4 2.7 0.2
v 0.5 2.7 0.2
v -0.4 2.7 -2.38419e-07
v -0.4 2.7 -0.1
v 0.4 2.7 -0.1
v 0.4 2.7 -0.2
v 0.5 2.7 -0.2
v 0.4 2.7 -0.3
v 0.5 2.7 -0.3
v -0.4 2.7 -0.4
v 0.4 2.7 -0.4
v -0.5 2.7 -0.6
v -0.4 2.7 -0.6
v 0.4 2.7 -0.6
v -0.5 2.7 -0.7
v -0.4 2.7 -0.7
v 0.4 2.7 -0.7
v 0.4 2.7 -0.8
v 0.5 2.7 -0.8
v -0.4 2.7 -0.9
v 0.4 2.7 -0.9
v 0.5 2.7 -0.9
v 0.4 2.7 -1
v 0.5 2.7 -1
v 0.4 2.7 -1.1
v 0.5 2.7 -1.1
v -0.4 2.7 -1.2
v 0.4 2.7 -1.2
v -0.5 2.7 -1.3
v -0.4 2.7 -1.3
v 0.4 2.7 -1.3
v 0.5 2.7 -1.3
v -0.5 2.7 -1.4
v -0.4 2.7 -1.4
v 0.4 2.7 -1.4
v 0.5 2.7 -1.4
v -0.4 2.7 -1.5
v 0.4 2.7 -1.5
v -0.4 2.7 -1.6
v -0.0999999 2.7 -1.6
v 0.1 2.7 -1.6
v 0.2 2.7 -1.6
v 0.4 2.7 -1.6
v 0.5 2.7 -1.6
v -0.5 2.7 -1.7
v -0.4 2.7 -1.7
v -0.0999999 2.7 -1.7
v 0.1 2.7 -1.7
v 0.2 2.7 -1.7
v 0.5 2.7 -1.7
v -0.5 3.1 1.7
v 0.1 3.1 1.7
v 0.2 3.1 1.7
v 0.4 3.1 1.7
v 0.5 3.1 1.7
v -0.4 3.1 1.6
v -0.2 3.1 1.6
v -0.0999999 3.1 1.6
v 2.38419e-07 3.1 1.6
v 0.1 3.1 1.6
v 0.2 3.1 1.6
v 0.4 3.1 1.6
v 0.5 3.1 1.6
v 0.4 3.1 1.5
v 0.5 3.1 1.5
v -0.5 3.1 1.4
v -0.4 3.1 1.4
v 0.4 3.1 1.4
v 0.5 3.1 1.4
v -0.5 3.1 1.3
v -0.4 3.1 1.3
v -0.4 3.1 1.2
v 0.4 3.1 1.2
v -0.4 3.1 1.1
v 0.4 3.1 1.1
v 0.5 3.1 1.1
v 0.4 3.1 1
v 0.5 3.1 1
v 0.4 3.1 0.9
v -0.4 3.1 0.8
v 0.4 3.1 0.8
v 0.5 3.1 0.8
v -0.5 3.1 0.7
v -0.4 3.1 0.7
v -0.5 3.1 0.6
v -0.4 3.1 0.6
v 0.4 3.1 0.6
v -0.5 3.1 0.4
v -0.4 3.1 0.4
v 0.4 3.1 0.4
v 0.5 3.1 0.4
v -0.5 3.1 0.3
v -0.4 3.1 0.3
v -0.4 3.1 0.2
v 0.4 3.1 0.2
v 0.5 3.1 0.2
v -0.4 3.1 0.0999999
v 0.4 3.1 0.0999999
v 0.5 3.1 0.0999999
v 0.4 3.1 -0.1
v -0.5 3.1 -0.2
v -0.4 3.1 -0.2
v 0.4 3.1 -0.2
v 0.5 3.1 -0.2
v -0.5 3.1 -0.3
v -0.4 3.1 -0.3
v 0.4 3.1 -0.4
v 0.4 3.1 -0.5
v 0.5 3.1 -0.5
v 0.4 3.1 -0.6
v 0.5 3.1 -0.6
v 0.4 3.1 -0.7
v 0.5 3.1 -0.7
v -0.4 3.1 -0.8
v -0.5 3.1 -1
v -0.4 3.1 -1
v 0.4 3.1 -1
v 0.5 3.1 -1
v -0.5 3.1 -1.1
v -0.4 3.1 -1.1
v 0.4 3.1 -1.1
v 0.4 3.1 -1.2
v 0.5 3.1 -1.2
v -0.4 3.1 -1.3
v 0.4 3.1 -1.3
v 0.5 3.1 -1.3
v -0.4 3.1 -1.4
v 0.4 3.1 -1.4
v 0.5 3.1 -1.4
v -0.4 3.1 -1.5
v 0.4 3.1 -1.5
v -0.4 3.1 -1.6
v -0.3 3.1 -1.6
v -0.2 3.1 -1.6
v -0.0999999 3.1 -1.6
v 0.4 3.1 -1.6
v -0.5 3.1 -1.7
v -0.2 3.1 -1.7
v -0.0999999 3.1 -1.7
v 0.5 3.1 -1.7
v -0.6 3.4 1.8
v 0.5 3.4 1.8
v 0.6 3.4 1.8
v -0.5 3.4 1.7
v -0.2 3.4 1.7
v 0.1 3.4 1.7
v 0.2 3.4 1.7
v 0.4 3.4 1.7
v 0.5 3.4 1.7
v 0.6 3.4 1.7
v -0.5 3.4 1.6
v 0.1 3.4 1.6
v 0.2 3.4 1.6
v 0.5 3.4 1.5
v -0.5 3.4 1.4
v -0.4 3.4 1.4
v -0.5 3.4 1.3
v -0.4 3.4 1.3
v 0.5 3.4 1.3
v 0.6 3.4 1.3
v 0.4 3.4 1.1
v 0.5 3.4 1.1
v 0.4 3.4 1
v 0.5 3.4 1
v 0.6 3.4 1
v 0.5 3.4 0.9
v -0.5 3.4 0.7
v -0.4 3.4 0.7
v -0.5 3.4 0.6
v -0.4 3.4 0.6
v 0.5 3.4 0.6
v 0.4 3.4 0.2
v 0.5 3.4 0.2
v -0.5 3.4 0.0999999
v 0.4 3.4 0.0999999
v 0.5 3.4 0.0999999
v -0.5 3.4 -0.1
v -0.5 3.4 -0.2
v -0.4 3.4 -0.2
v 0.5 3.4 -0.2
v -0.5 3.4 -0.3
v -0.4 3.4 -0.3
v 0.5 3.4 -0.4
v -0.5 3.4 -0.5
v 0.4 3.4 -0.6
v 0.5 3.4 -0.6
v 0.4 3.4 -0.7
v 0.5 3.4 -0.7
v -0.5 3.4 -0.9
v 0.5 3.4 -0.9
v -0.5 3.4 -1
v -0.4 3.4 -1
v -0.6 3.4 -1.1
v -0.5 3.4 -1.1
v -0.4 3.4 -1.1
v 0.5 3.4 -1.1
v -0.6 3.4 -1.3
v -0.5 3.4 -1.3
v 0.4 3.4 -1.3
v 0.5 3.4 -1.3
v 0.4 3.4 -1.4
v 0.5 3.4 -1.4
v -0.2 3.4 -1.6
v -0.0999999 3.4 -1.6
v -0.5 3.4 -1.7
v -0.3 3.4 -1.7
v -0.2 3.4 -1.7
v -0.0999999 3.4 -1.7
v 0.5 3.4 -1.7
v -0.6 3.4 -1.8
v -0.3 3.4 -1.8
v -0.0999999 3.4 -1.8
v 0.6 3.4 -1.8
v -2 0.2 2
v -1.4 0.2 2
v -0.9 0.2 2
v -0.8 0.2 2
v -0.7 0.2 2
v -0.5 0.2 2
v -0.4 0.2 2
v -0.2 0.2 2
v -0.0999999 0.2 2
v 2.38419e-07 0.2 2
v 0.1 0.2 2
v 0.2 0.2 2
v 0.5 0.2 2
v 0.6 0.2 2
v 0.8 0.2 2
v 1 0.2 2
v 1.2 0.2 2
v 1.3 0.2 2
v 1.4 0.2 2
v 1.6 0.2 2
v 1.8 0.2 2
v 2 0.2 2
v -1.9 0.2 1.9
v -1.6 0.2 1.9
v -1.4 0.2 1.9
v -1 0.2 1.9
v -0.9 0.2 1.9
v -0.8 0.2 1.9
v -0.7 0.2 1.9
v -0.6 0.2 1.9
v -0.5 0.2 1.9
v -0.4 0.2 1.9
v -0.2 0.2 1.9
v -0.0999999 0.2 1.9
v 2.38419e-07 0.2 1.9
v 0.1 0.2 1.9
v 0.2 0.2 1.9
v 0.3 0.2 1.9
v 0.4 0.2 1.9
v 0.5 0.2 1.9
v 0.6 0.2 1.9
v 0.7 0.2 1.9
v 0.8 0.2 1.9
v 1 0.2 1.9
v 1.2 0.2 1.9
v 1.3 0.2 1.9
v 1.4 0.2 1.9
v 1.5 0.2 1.9
v 1.6 0.2 1.9
v 1.7 0.2 1.9
v 1.8 0.2 1.9
v 1.9 0.2 1.9
v 2 0.2 1.9
v 1.9 0.2 1.8
v 1.9 0.2 1.7
v 1.9 0.2 1.6
v 2 0.2 1.6
v 1.9 0.2 1.5
v 2 0.2 1.5
v 1.9 0.2 1.4
v 1.9 0.2 1.3
v 2 0.2 1.3
v 1.9 0.2 1.2
v 2 0.2 1.2
v -2 0.2 1.1
v -1.9 0.2 1.1
v 1.9 0.2 1.1
v 2 0.2 1.1
v -2 0.2 0.9
v -1.9 0.2 0.9
v -2 0.2 0.7
v -1.9 0.2 0.7
v 1.9 0.2 0.6
v -1.9 0.2 0.5
v -2 0.2 0.4
v -1.9 0.2 0.4
v 1.9 0.2 0.4
v 2 0.2 0.4
v 1.9 0.2 0.3
v 2 0.2 0.3
v 1.9 0.2 0.2
v 2 0.2 0.2
v -1.9 0.2 0.0999999
v 1.9 0.2 0.0999999
v 2 0.2 0.0999999
v 1.9 0.2 -0.1
v 2 0.2 -0.1
v -1.9 0.2 -0.2
v 1.9 0.2 -0.2
v -2 0.2 -0.3
v -1.9 0.2 -0.3
v 1.9 0.2 -0.4
v 2 0.2 -0.4
v -2 0.2 -0.5
v -1.9 0.2 -0.5
v -2 0.2 -0.6
v -1.9 0.2 -0.6
v -2 0.2 -0.8
v -1.9 0.2 -0.8
v 1.9 0.2 -0.8
v 2 0.2 -0.8
v -2 0.2 -0.9
v -1.9 0.2 -0.9
v 1.9 0.2 -1
v 2 0.2 -1
v -1.9 0.2 -1.1
v 1.9 0.2 -1.1
v 2 0.2 -1.1
v 1.9 0.2 -1.2
v 1.9 0.2 -1.3
v 2 0.2 -1.3
v 1.9 0.2 -1.4
v -2 0.2 -1.5
v -1.9 0.2 -1.5
v -1.9 0.2 -1.6
v 1.9 0.2 -1.6
v 2 0.2 -1.6
v -2 0.2 -1.7
v -1.9 0.2 -1.7
v 1.9 0.2 -1.7
v -2 0.2 -1.8
v -1.9 0.2 -1.8
v -2 0.2 -1.9
v -1.9 0.2 -1.9
v -1.7 0.2 -1.9
v -1.6 0.2 -1.9
v -1.4 0.2 -1.9
v -1.2 0.2 -1.9
v -1 0.2 -1.9
v -0.8 0.2 -1.9
v -0.5 0.2 -1.9
v -0.3 0.2 -1.9
v -0.2 0.2 -1.9
v -0.0999999 0.2 -1.9
v 2.38419e-07 0.2 -1.9
v 0.1 0.2 -1.9
v 0.3 0.2 -1.9
v 0.5 0.2 -1.9
v 0.6 0.2 -1.9
v 0.8 0.2 -1.9
v 1 0.2 -1.9
v 1.4 0.2 -1.9
v 1.5 0.2 -1.9
v 1.6 0.2 -1.9
v 1.7 0.2 -1.9
v 1.8 0.2 -1.9
v 1.9 0.2 -1.9
v -2 0.2 -2
v -1.9 0.2 -2
v -1.7 0.2 -2
v -1.4 0.2 -2
v -1 0.2 -2
v -0.8 0.2 -2
v -0.3 0.2 -2
v -0.0999999 0.2 -2
v 2.38419e-07 0.2 -2
v 0.1 0.2 -2
v 0.3 0.2 -2
v 0.5 0.2 -2
v 0.8 0.2 -2
v 1 0.2 -2
v 1.4 0.2 -2
v 1.5 0.2 -2
v 1.6 0.2 -2
v 1.7 0.2 -2
v 1.8 0.2 -2
v 2 0.2 -2
v -1.9 0.3 1.9
v -1.6 0.3 1.9
v -1 0.3 1.9
v -0.8 0.3 1.9
v -0.6 0.3 1.9
v -0.4 0.3 1.9
v -0.2 0.3 1.9
v 0.1 0.3 1.9
v 0.2 0.3 1.9
v 0.3 0.3 1.9
v 0.4 0.3 1.9
v 0.5 0.3 1.9
v 0.6 0.3 1.9
v 0.7 0.3 1.9
v 1 0.3 1.9
v 1.5 0.3 1.9
v 1.7 0.3 1.9
v 1.9 0.3 1.9
v -1.6 0.3 1.8
v -1.1 0.3 1.8
v -0.8 0.3 1.8
v -0.6 0.3 1.8
v -0.4 0.3 1.8
v -0.2 0.3 1.8
v 0.3 0.3 1.8
v 0.4 0.3 1.8
v 0.5 0.3 1.8
v 0.6 0.3 1.8
v 0.7 0.3 1.8
v 1 0.3 1.8
v 1.3 0.3 1.8
v 1.5 0.3 1.8
v 1.7 0.3 1.8
v 1.8 0.3 1.8
v 1.9 0.3 1.8
v -1.4 0.3 1.7
v -1.2 0.3 1.7
v -1.1 0.3 1.7
v -1 0.3 1.7
v -0.9 0.3 1.7
v -0.7 0.3 1.7
v -0.6 0.3 1.7
v -0.5 0.3 1.7
v -0.4 0.3 1.7
v -0.2 0.3 1.7
v -0.0999999 0.3 1.7
v 0.1 0.3 1.7
v 0.2 0.3 1.7
v 0.3 0.3 1.7
v 0.4 0.3 1.7
v 0.5 0.3 1.7
v 0.9 0.3 1.7
v 1.3 0.3 1.7
v 1.4 0.3 1.7
v 1.5 0.3 1.7
v 1.6 0.3 1.7
v 1.8 0.3 1.7
v 1.9 0.3 1.7
v -1.8 0.3 1.6
v -1.7 0.3 1.6
v -1.6 0.3 1.6
v -1.4 0.3 1.6
v -1.1 0.3 1.6
v -1 0.3 1.6
v -0.7 0.3 1.6
v -0.5 0.3 1.6
v -0.2 0.3 1.6
v -0.0999999 0.3 1.6
v 0.5 0.3 1.6
v 0.7 0.3 1.6
v 1.1 0.3 1.6
v 1.2 0.3 1.6
v 1.8 0.3 1.6
v 1.9 0.3 1.6
v -1.7 0.3 1.5
v -1.6 0.3 1.5
v -1.5 0.3 1.5
v -1.3 0.3 1.5
v -1.2 0.3 1.5
v -1.1 0.3 1.5
v 0.7 0.3 1.5
v 0.9 0.3 1.5
v 1.1 0.3 1.5
v 1.2 0.3 1.5
v 1.3 0.3 1.5
v 1.4 0.3 1.5
v 1.8 0.3 1.5
v 1.9 0.3 1.5
v -1.6 0.3 1.4
v -1.5 0.3 1.4
v -1.3 0.3 1.4
v -1.2 0.3 1.4
v -1.1 0.3 1.4
v 0.4 0.3 1.4
v 0.5 0.3 1.4
v 0.7 0.3 1.4
v 0.8 0.3 1.4
v 0.9 0.3 1.4
v 1 0.3 1.4
v 1.1 0.3 1.4
v 1.4 0.3 1.4
v 1.5 0.3 1.4
v 1.8 0.3 1.4
v 1.9 0.3 1.4
v -1.5 0.3 1.3
v -1.4 0.3 1.3
v -1.1 0.3 1.3
v -1 0.3 1.3
v 0.4 0.3 1.3
v 0.5 0.3 1.3
v 0.7 0.3 1.3
v 0.8 0.3 1.3
v 0.9 0.3 1.3
v 1 0.3 1.3
v 1.1 0.3 1.3
v -1.6 0.3 1.2
v -1.5 0.3 1.2
v -1.4 0.3 1.2
v -1.2 0.3 1.2
v -1.1 0.3 1.2
v 0.5 0.3 1.2
v 0.7 0.3 1.2
v 0.8 0.3 1.2
v 0.9 0.3 1.2
v 1 0.3 1.2
v 1.2 0.3 1.2
v 1.4 0.3 1.2
v 1.5 0.3 1.2
v 1.6 0.3 1.2
v -1.9 0.3 1.1
v -1.8 0.3 1.1
v -1.6 0.3 1.1
v -1.4 0.3 1.1
v -1.2 0.3 1.1
v -1.1 0.3 1.1
v -1 0.3 1.1
v -0.9 0.3 1.1
v -0.5 0.3 1.1
v -0.4 0.3 1.1
v 0.8 0.3 1.1
v 1 0.3 1.1
v 1.2 0.3 1.1
v 1.3 0.3 1.1
v 1.4 0.3 1.1
v 1.6 0.3 1.1
v 1.7 0.3 1.1
v 1.8 0.3 1.1
v 1.9 0.3 1.1
v -1.6 0.3 1
v -1.5 0.3 1
v -1.4 0.3 1
v -1.3 0.3 1
v -1.1 0.3 1
v -1 0.3 1
v -0.5 0.3 1
v -0.4 0.3 1
v 0.7 0.3 1
v 0.8 0.3 1
v 0.9 0.3 1
v 1.2 0.3 1
v 1.3 0.3 1
v 1.4 0.3 1
v 1.7 0.3 1
v -1.9 0.3 0.9
v -1.8 0.3 0.9
v -1.4 0.3 0.9
v -1.3 0.3 0.9
v -1.2 0.3 0.9
v -1.1 0.3 0.9
v 0.5 0.3 0.9
v 0.7 0.3 0.9
v 0.9 0.3 0.9
v 1 0.3 0.9
v 1.3 0.3 0.9
v 1.4 0.3 0.9
v 1.5 0.3 0.9
v 1.6 0.3 0.9
v -1.8 0.3 0.8
v -1.6 0.3 0.8
v -1.5 0.3 0.8
v -1.4 0.3 0.8
v -1.3 0.3 0.8
v -0.6 0.3 0.8
v -0.5 0.3 0.8
v 0.6 0.3 0.8
v 0.7 0.3 0.8
v 0.9 0.3 0.8
v 1 0.3 0.8
v 1.2 0.3 0.8
v 1.3 0.3 0.8
v 1.4 0.3 0.8
v 1.5 0.3 0.8
v 1.6 0.3 0.8
v 1.7 0.3 0.8
v 1.8 0.3 0.8
v -1.9 0.3 0.7
v -1.8 0.3 0.7
v -1.7 0.3 0.7
v -1.5 0.3 0.7
v -1.4 0.3 0.7
v -0.8 0.3 0.7
v -0.7 0.3 0.7
v -0.6 0.3 0.7
v -0.5 0.3 0.7
v 0.5 0.3 0.7
v 0.6 0.3 0.7
v 0.7 0.3 0.7
v 0.8 0.3 0.7
v 1 0.3 0.7
v -1.8 0.3 0.6
v -1.7 0.3 0.6
v -1.5 0.3 0.6
v -1.4 0.3 0.6
v -1.2 0.3 0.6
v -1.1 0.3 0.6
v -0.7 0.3 0.6
v -0.6 0.3 0.6
v 0.4 0.3 0.6
v 0.5 0.3 0.6
v 0.6 0.3 0.6
v 0.8 0.3 0.6
v 0.9 0.3 0.6
v 1 0.3 0.6
v 1.2 0.3 0.6
v 1.4 0.3 0.6
v 1.5 0.3 0.6
v 1.7 0.3 0.6
v 1.8 0.3 0.6
v 1.9 0.3 0.6
v -1.9 0.3 0.5
v -1.8 0.3 0.5
v -1.7 0.3 0.5
v -1.5 0.3 0.5
v -1.3 0.3 0.5
v -1.2 0.3 0.5
v -1.1 0.3 0.5
v -0.9 0.3 0.5
v -0.8 0.3 0.5
v 0.4 0.3 0.5
v 0.5 0.3 0.5
v 0.6 0.3 0.5
v 0.7 0.3 0.5
v 0.8 0.3 0.5
v 0.9 0.3 0.5
v 1 0.3 0.5
v 1.1 0.3 0.5
v 1.3 0.3 0.5
v 1.5 0.3 0.5
v 1.6 0.3 0.5
v -1.5 0.3 0.4
v -1.4 0.3 0.4
v -1.3 0.3 0.4
v -1.2 0.3 0.4
v -1.1 0.3 0.4
v -0.9 0.3 0.4
v -0.8 0.3 0.4
v 0.8 0.3 0.4
v 0.9 0.3 0.4
v 1 0.3 0.4
v 1.1 0.3 0.4
v 1.4 0.3 0.4
v 1.5 0.3 0.4
v 1.6 0.3 0.4
v 1.7 0.3 0.4
v 1.8 0.3 0.4
v 1.9 0.3 0.4
v -1.7 0.3 0.3
v -1.5 0.3 0.3
v -1.4 0.3 0.3
v -1.2 0.3 0.3
v -1.1 0.3 0.3
v -1 0.3 0.3
v -0.9 0.3 0.3
v -0.8 0.3 0.3
v -0.7 0.3 0.3
v -0.6 0.3 0.3
v -0.5 0.3 0.3
v -0.4 0.3 0.3
v 0.5 0.3 0.3
v 0.6 0.3 0.3
v 0.7 0.3 0.3
v 0.8 0.3 0.3
v 0.9 0.3 0.3
v 1.1 0.3 0.3
v 1.4 0.3 0.3
v 1.5 0.3 0.3
v 1.6 0.3 0.3
v 1.7 0.3 0.3
v 1.9 0.3 0.3
v -1.6 0.3 0.2
v -1.5 0.3 0.2
v -1.4 0.3 0.2
v -1.3 0.3 0.2
v -1.2 0.3 0.2
v -1 0.3 0.2
v -0.9 0.3 0.2
v -0.5 0.3 0.2
v -0.4 0.3 0.2
v 0.5 0.3 0.2
v 0.6 0.3 0.2
v 1.1 0.3 0.2
v 1.2 0.3 0.2
v 1.4 0.3 0.2
v 1.5 0.3 0.2
v 1.6 0.3 0.2
v 1.7 0.3 0.2
v -1.9 0.3 0.0999999
v -1.8 0.3 0.0999999
v -1.5 0.3 0.0999999
v -1.3 0.3 0.0999999
v -1.1 0.3 0.0999999
v -1 0.3 0.0999999
v -0.9 0.3 0.0999999
v -0.8 0.3 0.0999999
v -0.7 0.3 0.0999999
v -0.5 0.3 0.0999999
v 0.6 0.3 0.0999999
v 0.7 0.3 0.0999999
v 0.8 0.3 0.0999999
v 1 0.3 0.0999999
v 1.1 0.3 0.0999999
v 1.2 0.3 0.0999999
v 1.4 0.3 0.0999999
v 1.5 0.3 0.0999999
v 1.6 0.3 0.0999999
v 1.7 0.3 0.0999999
v 1.8 0.3 0.0999999
v 1.9 0.3 0.0999999
v -1.7 0.3 -2.38419e-07
v -1.6 0.3 -2.38419e-07
v -1.4 0.3 -2.38419e-07
v -1.3 0.3 -2.38419e-07
v -1.2 0.3 -2.38419e-07
v -1.1 0.3 -2.38419e-07
v -1 0.3 -2.38419e-07
v -0.5 0.3 -2.38419e-07
v 0.5 0.3 -2.38419e-07
v 0.6 0.3 -2.38419e-07
v 0.7 0.3 -2.38419e-07
v 0.9 0.3 -2.38419e-07
v 1 0.3 -2.38419e-07
v 1.1 0.3 -2.38419e-07
v 1.2 0.3 -2.38419e-07
v 1.4 0.3 -2.38419e-07
v 1.5 0.3 -2.38419e-07
v 1.6 0.3 -2.38419e-07
v 1.7 0.3 -2.38419e-07
v 1.8 0.3 -2.38419e-07
v -1.4 0.3 -0.1
v -1.3 0.3 -0.1
v -1.2 0.3 -0.1
v -1 0.3 -0.1
v -0.9 0.3 -0.1
v 0.6 0.3 -0.1
v 0.7 0.3 -0.1
v 1 0.3 -0.1
v 1.1 0.3 -0.1
v 1.3 0.3 -0.1
v 1.4 0.3 -0.1
v 1.5 0.3 -0.1
v 1.6 0.3 -0.1
v 1.8 0.3 -0.1
v -1.9 0.3 -0.2
v -1.8 0.3 -0.2
v -1.7 0.3 -0.2
v -1.6 0.3 -0.2
v -1.5 0.3 -0.2
v -1.2 0.3 -0.2
v -1.1 0.3 -0.2
v 0.8 0.3 -0.2
v 0.9 0.3 -0.2
v 1 0.3 -0.2
v 1.1 0.3 -0.2
v 1.3 0.3 -0.2
v 1.5 0.3 -0.2
v 1.6 0.3 -0.2
v 1.8 0.3 -0.2
v 1.9 0.3 -0.2
v -1.6 0.3 -0.3
v -1.5 0.3 -0.3
v -1.4 0.3 -0.3
v -1.2 0.3 -0.3
v 0.4 0.3 -0.3
v 0.5 0.3 -0.3
v 0.6 0.3 -0.3
v 0.7 0.3 -0.3
v 0.8 0.3 -0.3
v 0.9 0.3 -0.3
v 1 0.3 -0.3
v 1.4 0.3 -0.3
v 1.5 0.3 -0.3
v -1.7 0.3 -0.4
v -1.5 0.3 -0.4
v -1.1 0.3 -0.4
v -1 0.3 -0.4
v -0.9 0.3 -0.4
v -0.7 0.3 -0.4
v 0.4 0.3 -0.4
v 0.5 0.3 -0.4
v 0.6 0.3 -0.4
v 0.8 0.3 -0.4
v 0.9 0.3 -0.4
v 1.1 0.3 -0.4
v 1.2 0.3 -0.4
v 1.3 0.3 -0.4
v 1.4 0.3 -0.4
v 1.5 0.3 -0.4
v 1.6 0.3 -0.4
v 1.7 0.3 -0.4
v 1.8 0.3 -0.4
v 1.9 0.3 -0.4
v -1.5 0.3 -0.5
v -1.3 0.3 -0.5
v -1.2 0.3 -0.5
v -1 0.3 -0.5
v -0.9 0.3 -0.5
v 0.5 0.3 -0.5
v 0.8 0.3 -0.5
v 1.7 0.3 -0.5
v 1.8 0.3 -0.5
v -1.9 0.3 -0.6
v -1.8 0.3 -0.6
v -1.7 0.3 -0.6
v -1.6 0.3 -0.6
v -1.3 0.3 -0.6
v -1.2 0.3 -0.6
v -1 0.3 -0.6
v -0.9 0.3 -0.6
v -0.7 0.3 -0.6
v 0.5 0.3 -0.6
v 0.8 0.3 -0.6
v 1.1 0.3 -0.6
v 1.2 0.3 -0.6
v 1.3 0.3 -0.6
v 1.4 0.3 -0.6
v 1.5 0.3 -0.6
v 1.6 0.3 -0.6
v 1.8 0.3 -0.6
v -1.6 0.3 -0.7
v -1.5 0.3 -0.7
v -1.2 0.3 -0.7
v -1.1 0.3 -0.7
v -1 0.3 -0.7
v -0.8 0.3 -0.7
v -0.7 0.3 -0.7
v -0.5 0.3 -0.7
v -0.4 0.3 -0.7
v 0.8 0.3 -0.7
v 0.9 0.3 -0.7
v 1.2 0.3 -0.7
v 1.3 0.3 -0.7
v 1.4 0.3 -0.7
v 1.6 0.3 -0.7
v 1.7 0.3 -0.7
v -1.9 0.3 -0.8
v -1.8 0.3 -0.8
v -1.3 0.3 -0.8
v -1.2 0.3 -0.8
v -1.1 0.3 -0.8
v -1 0.3 -0.8
v -0.9 0.3 -0.8
v -0.8 0.3 -0.8
v -0.7 0.3 -0.8
v -0.5 0.3 -0.8
v -0.4 0.3 -0.8
v 0.5 0.3 -0.8
v 0.8 0.3 -0.8
v 1.3 0.3 -0.8
v 1.4 0.3 -0.8
v 1.5 0.3 -0.8
v -1.9 0.3 -0.9
v -1.8 0.3 -0.9
v -1.7 0.3 -0.9
v -1.5 0.3 -0.9
v -1.3 0.3 -0.9
v -1 0.3 -0.9
v -0.9 0.3 -0.9
v -0.5 0.3 -0.9
v 0.5 0.3 -0.9
v 0.9 0.3 -0.9
v 1.2 0.3 -0.9
v 1.3 0.3 -0.9
v 1.4 0.3 -0.9
v -1.4 0.3 -1
v -1.2 0.3 -1
v -1.1 0.3 -1
v -1 0.3 -1
v -0.9 0.3 -1
v 0.4 0.3 -1
v 0.5 0.3 -1
v 0.6 0.3 -1
v 0.7 0.3 -1
v 0.8 0.3 -1
v 1 0.3 -1
v 1.6 0.3 -1
v 1.7 0.3 -1
v -1.9 0.3 -1.1
v -1.8 0.3 -1.1
v -1.7 0.3 -1.1
v -1.6 0.3 -1.1
v -1.5 0.3 -1.1
v -1.4 0.3 -1.1
v -1.1 0.3 -1.1
v -0.5 0.3 -1.1
v 0.4 0.3 -1.1
v 0.5 0.3 -1.1
v 0.7 0.3 -1.1
v 0.8 0.3 -1.1
v 1 0.3 -1.1
v 1.1 0.3 -1.1
v 1.5 0.3 -1.1
v 1.6 0.3 -1.1
v -1.6 0.3 -1.2
v -1.5 0.3 -1.2
v -1.4 0.3 -1.2
v -1.2 0.3 -1.2
v -0.9 0.3 -1.2
v -0.6 0.3 -1.2
v 0.7 0.3 -1.2
v 0.9 0.3 -1.2
v 1.4 0.3 -1.2
v 1.5 0.3 -1.2
v 1.8 0.3 -1.2
v 1.9 0.3 -1.2
v -1.7 0.3 -1.3
v -1.5 0.3 -1.3
v -1.4 0.3 -1.3
v -1.3 0.3 -1.3
v -1.2 0.3 -1.3
v -1.1 0.3 -1.3
v -1 0.3 -1.3
v -0.9 0.3 -1.3
v -0.7 0.3 -1.3
v -0.6 0.3 -1.3
v -0.5 0.3 -1.3
v -0.4 0.3 -1.3
v 0.9 0.3 -1.3
v 1.1 0.3 -1.3
v 1.2 0.3 -1.3
v 1.4 0.3 -1.3
v 1.5 0.3 -1.3
v 1.6 0.3 -1.3
v 1.7 0.3 -1.3
v 1.8 0.3 -1.3
v 1.9 0.3 -1.3
v -1.7 0.3 -1.4
v -1.6 0.3 -1.4
v -1.5 0.3 -1.4
v -1.3 0.3 -1.4
v -1.1 0.3 -1.4
v -0.7 0.3 -1.4
v -0.6 0.3 -1.4
v -0.5 0.3 -1.4
v -0.4 0.3 -1.4
v 0.5 0.3 -1.4
v 0.6 0.3 -1.4
v 1.2 0.3 -1.4
v 1.4 0.3 -1.4
v 1.5 0.3 -1.4
v 1.8 0.3 -1.4
v 1.9 0.3 -1.4
v -1.6 0.3 -1.5
v -1.3 0.3 -1.5
v -1.1 0.3 -1.5
v -1 0.3 -1.5
v -0.9 0.3 -1.5
v -0.8 0.3 -1.5
v -0.6 0.3 -1.5
v -0.5 0.3 -1.5
v 1.1 0.3 -1.5
v 1.3 0.3 -1.5
v 1.4 0.3 -1.5
v 1.5 0.3 -1.5
v 1.6 0.3 -1.5
v -1.9 0.3 -1.6
v -1.8 0.3 -1.6
v -1.6 0.3 -1.6
v -1 0.3 -1.6
v -0.9 0.3 -1.6
v -0.8 0.3 -1.6
v -0.7 0.3 -1.6
v 0.1 0.3 -1.6
v 0.2 0.3 -1.6
v 0.6 0.3 -1.6
v 0.7 0.3 -1.6
v 1.2 0.3 -1.6
v 1.3 0.3 -1.6
v 1.5 0.3 -1.6
v 1.6 0.3 -1.6
v -1.8 0.3 -1.7
v -1.6 0.3 -1.7
v -1.4 0.3 -1.7
v -1.1 0.3 -1.7
v -1 0.3 -1.7
v -0.9 0.3 -1.7
v -0.8 0.3 -1.7
v -0.7 0.3 -1.7
v -0.5 0.3 -1.7
v -0.4 0.3 -1.7
v -0.0999999 0.3 -1.7
v 2.38419e-07 0.3 -1.7
v 0.1 0.3 -1.7
v 0.2 0.3 -1.7
v 0.3 0.3 -1.7
v 0.4 0.3 -1.7
v 0.5 0.3 -1.7
v 0.6 0.3 -1.7
v 0.8 0.3 -1.7
v 0.9 0.3 -1.7
v 1.2 0.3 -1.7
v 1.3 0.3 -1.7
v 1.5 0.3 -1.7
v 1.6 0.3 -1.7
v 1.7 0.3 -1.7
v 1.8 0.3 -1.7
v 1.9 0.3 -1.7
v -1.2 0.3 -1.8
v -1 0.3 -1.8
v -0.8 0.3 -1.8
v -0.7 0.3 -1.8
v -0.5 0.3 -1.8
v -0.3 0.3 -1.8
v -0.2 0.3 -1.8
v -0.0999999 0.3 -1.8
v 2.38419e-07 0.3 -1.8
v 0.2 0.3 -1.8
v 0.6 0.3 -1.8
v 0.9 0.3 -1.8
v 1 0.3 -1.8
v 1.3 0.3 -1.8
v 1.4 0.3 -1.8
v 1.6 0.3 -1.8
v 1.7 0.3 -1.8
v -1.9 0.3 -1.9
v -1.6 0.3 -1.9
v -1.4 0.3 -1.9
v -1.2 0.3 -1.9
v -1 0.3 -1.9
v -0.8 0.3 -1.9
v -0.5 0.3 -1.9
v -0.3 0.3 -1.9
v -0.2 0.3 -1.9
v -0.0999999 0.3 -1.9
v 0.1 0.3 -1.9
v 0.6 0.3 -1.9
v 0.8 0.3 -1.9
v 1 0.3 -1.9
v 1.4 0.3 -1.9
v 1.7 0.3 -1.9
v 1.9 0.3 -1.9
v -0.5 0.6 1.7
v -0.4 0.6 1.7
v -0.2 0.6 1.7
v -0.0999999 0.6 1.7
v 0.3 0.6 1.7
v 0.4 0.6 1.7
v 0.5 0.6 1.7
v -0.4 0.6 1.6
v -0.3 0.6 1.6
v -0.2 0.6 1.6
v -0.0999999 0.6 1.6
v 2.38419e-07 0.6 1.6
v 0.3 0.6 1.6
v 0.4 0.6 1.6
v 0.4 0.6 1.5
v -0.4 0.6 1.4
v 0.4 0.6 1.4
v 0.5 0.6 1.4
v 0.4 0.6 1.3
v 0.5 0.6 1.3
v -0.4 0.6 1.2
v 0.4 0.6 1.2
v -0.5 0.6 1.1
v -0.4 0.6 1.1
v -0.5 0.6 1
v -0.4 0.6 1
v 0.4 0.6 1
v 0.5 0.6 1
v -0.4 0.6 0.8
v 0.4 0.6 0.8
v 0.5 0.6 0.8
v 0.4 0.6 0.6
v 0.5 0.6 0.6
v 0.4 0.6 0.5
v 0.5 0.6 0.5
v -0.5 0.6 0.3
v -0.4 0.6 0.3
v -0.5 0.6 0.2
v -0.4 0.6 0.2
v -0.4 0.6 0.0999999
v 0.4 0.6 -2.38419e-07
v -0.5 0.6 -0.1
v -0.4 0.6 -0.1
v -0.5 0.6 -0.3
v -0.4 0.6 -0.3
v 0.4 0.6 -0.3
v 0.5 0.6 -0.3
v -0.5 0.6 -0.4
v -0.4 0.6 -0.4
v 0.4 0.6 -0.4
v 0.5 0.6 -0.4
v 0.4 0.6 -0.5
v 0.5 0.6 -0.5
v -0.5 0.6 -0.6
v -0.4 0.6 -0.6
v -0.5 0.6 -0.7
v -0.4 0.6 -0.7
v -0.5 0.6 -0.8
v -0.4 0.6 -0.8
v -0.5 0.6 -1
v -0.4 0.6 -1
v 0.4 0.6 -1
v 0.5 0.6 -1
v -0.5 0.6 -1.1
v -0.4 0.6 -1.1
v 0.4 0.6 -1.1
v 0.5 0.6 -1.1
v -0.5 0.6 -1.3
v -0.4 0.6 -1.3
v 0.4 0.6 -1.3
v -0.5 0.6 -1.4
v -0.4 0.6 -1.4
v 0.4 0.6 -1.4
v 0.5 0.6 -1.4
v -0.4 0.6 -1.5
v 0.4 0.6 -1.5
v 0.5 0.6 -1.5
v -0.4 0.6 -1.6
v -0.3 0.6 -1.6
v -0.0999999 0.6 -1.6
v 2.38419e-07 0.6 -1.6
v 0.1 0.6 -1.6
v 0.2 0.6 -1.6
v 0.4 0.6 -1.6
v 0.5 0.6 -1.6
v -0.5 0.6 -1.7
v -0.4 0.6 -1.7
v -0.0999999 0.6 -1.7
v 0.1 0.6 -1.7
v 0.2 0.6 -1.7
v 0.4 0.6 -1.7
v 0.5 0.6 -1.7
v -0.5 1 1.7
v -0.3 1 1.7
v -0.0999999 1 1.7
v 0.1 1 1.7
v 0.2 1 1.7
v 0.4 1 1.7
v 0.5 1 1.7
v -0.4 1 1.6
v -0.3 1 1.6
v -0.0999999 1 1.6
v 0.1 1 1.6
v 0.2 1 1.6
v 0.4 1 1.6
v 0.5 1 1.6
v 0.4 1 1.5
v -0.5 1 1.4
v -0.4 1 1.4
v -0.5 1 1.3
v -0.4 1 1.3
v -0.4 1 1.2
v 0.4 1 1.1
v 0.5 1 1.1
v -0.4 1 1
v 0.4 1 1
v 0.5 1 1
v -0.4 1 0.9
v -0.5 1 0.8
v -0.4 1 0.8
v -0.5 1 0.7
v -0.4 1 0.7
v 0.4 1 0.7
v 0.5 1 0.7
v -0.5 1 0.6
v -0.4 1 0.6
v 0.4 1 0.6
v 0.5 1 0.6
v 0.4 1 0.5
v 0.4 1 0.4
v 0.5 1 0.4
v 0.4 1 0.3
v 0.5 1 0.3
v -0.5 1 0.2
v -0.4 1 0.2
v 0.4 1 0.2
v -0.4 1 0.0999999
v 0.4 1 -2.38419e-07
v 0.4 1 -0.1
v 0.5 1 -0.1
v -0.5 1 -0.2
v -0.4 1 -0.2
v -0.5 1 -0.3
v -0.4 1 -0.3
v 0.4 1 -0.3
v 0.5 1 -0.3
v 0.4 1 -0.4
v 0.4 1 -0.6
v 0.5 1 -0.6
v -0.5 1 -0.7
v -0.4 1 -0.7
v 0.4 1 -0.7
v 0.5 1 -0.7
v -0.5 1 -0.9
v -0.4 1 -0.9
v 0.4 1 -0.9
v 0.5 1 -0.9
v -0.5 1 -1
v -0.4 1 -1
v 0.4 1 -1
v -0.5 1 -1.1
v -0.4 1 -1.1
v 0.4 1 -1.1
v 0.5 1 -1.1
v -0.5 1 -1.2
v -0.4 1 -1.2
v -0.4 1 -1.3
v 0.4 1 -1.3
v 0.5 1 -1.3
v 0.4 1 -1.4
v 0.5 1 -1.4
v -0.5 1 -1.5
v -0.4 1 -1.5
v 0.4 1 -1.5
v 0.5 1 -1.5
v -0.5 1 -1.6
v -0.4 1 -1.6
v -0.2 1 -1.6
v -0.0999999 1 -1.6
v 2.38419e-07 1 -1.6
v 0.2 1 -1.6
v 0.4 1 -1.6
v 0.5 1 -1.6
v -0.5 1 -1.7
v -0.4 1 -1.7
v -0.2 1 -1.7
v -0.0999999 1 -1.7
v 2.38419e-07 1 -1.7
v 0.4 1 -1.7
v 0.5 1 -1.7
v -0.5 1.4 1.7
v -0.4 1.4 1.7
v -0.3 1.4 1.7
v -0.2 1.4 1.7
v -0.0999999 1.4 1.7
v 0.1 1.4 1.7
v 0.3 1.4 1.7
v 0.5 1.4 1.7
v -0.4 1.4 1.6
v -0.3 1.4 1.6
v -0.2 1.4 1.6
v -0.0999999 1.4 1.6
v 0.1 1.4 1.6
v 0.2 1.4 1.6
v 0.3 1.4 1.6
v 0.4 1.4 1.6
v -0.4 1.4 1.5
v -0.4 1.4 1.4
v 0.4 1.4 1.4
v 0.5 1.4 1.4
v 0.4 1.4 1.3
v 0.5 1.4 1.3
v -0.5 1.4 1.2
v -0.4 1.4 1.2
v 0.4 1.4 1.2
v -0.5 1.4 1.1
v -0.4 1.4 1.1
v -0.4 1.4 1
v -0.5 1.4 0.9
v -0.4 1.4 0.9
v -0.4 1.4 0.8
v -0.4 1.4 0.7
v 0.4 1.4 0.7
v 0.5 1.4 0.7
v -0.5 1.4 0.6
v -0.4 1.4 0.6
v 0.4 1.4 0.6
v 0.5 1.4 0.6
v -0.5 1.4 0.5
v -0.4 1.4 0.5
v 0.4 1.4 0.5
v -0.5 1.4 0.4
v -0.4 1.4 0.4
v 0.4 1.4 0.4
v 0.5 1.4 0.4
v 0.4 1.4 0.3
v 0.5 1.4 0.3
v 0.4 1.4 0.2
v 0.4 1.4 -2.38419e-07
v 0.4 1.4 -0.1
v 0.5 1.4 -0.1
v 0.4 1.4 -0.2
v 0.5 1.4 -0.2
v -0.4 1.4 -0.3
v -0.4 1.4 -0.4
v 0.4 1.4 -0.4
v 0.5 1.4 -0.4
v -0.5 1.4 -0.5
v -0.4 1.4 -0.5
v 0.4 1.4 -0.5
v 0.5 1.4 -0.5
v -0.5 1.4 -0.6
v -0.4 1.4 -0.6
v 0.4 1.4 -0.6
v -0.4 1.4 -0.7
v 0.4 1.4 -0.7
v -0.4 1.4 -0.8
v 0.4 1.4 -0.9
v -0.5 1.4 -1
v -0.4 1.4 -1
v 0.4 1.4 -1
v 0.5 1.4 -1
v 0.4 1.4 -1.1
v 0.5 1.4 -1.1
v 0.4 1.4 -1.2
v -0.5 1.4 -1.3
v -0.4 1.4 -1.3
v -0.5 1.4 -1.4
v -0.4 1.4 -1.4
v 0.4 1.4 -1.4
v -0.5 1.4 -1.5
v -0.4 1.4 -1.5
v 0.4 1.4 -1.5
v -0.5 1.4 -1.6
v -0.4 1.4 -1.6
v -0.2 1.4 -1.6
v 2.38419e-07 1.4 -1.6
v 0.1 1.4 -1.6
v 0.2 1.4 -1.6
v 0.3 1.4 -1.6
v 0.4 1.4 -1.6
v -0.5 1.4 -1.7
v -0.2 1.4 -1.7
v 2.38419e-07 1.4 -1.7
v 0.1 1.4 -1.7
v 0.2 1.4 -1.7
v 0.5 1.4 -1.7
v -0.5 1.8 1.7
v 0.1 1.8 1.7
v 0.2 1.8 1.7
v 0.3 1.8 1.7
v 0.5 1.8 1.7
v -0.4 1.8 1.6
v 0.1 1.8 1.6
v 0.2 1.8 1.6
v 0.3 1.8 1.6
v 0.4 1.8 1.6
v 0.5 1.8 1.6
v -0.4 1.8 1.5
v 0.4 1.8 1.5
v 0.5 1.8 1.5
v -0.5 1.8 1.4
v -0.4 1.8 1.4
v 0.4 1.8 1.4
v -0.5 1.8 1.3
v -0.4 1.8 1.3
v 0.4 1.8 1.3
v -0.5 1.8 1.2
v -0.4 1.8 1.2
v 0.4 1.8 1.2
v 0.5 1.8 1.2
v -0.4 1.8 1.1
v 0.4 1.8 1.1
v 0.5 1.8 1.1
v -0.4 1.8 1
v 0.4 1.8 1
v 0.4 1.8 0.9
v -0.5 1.8 0.7
v -0.4 1.8 0.7
v 0.4 1.8 0.7
v -0.5 1.8 0.6
v -0.4 1.8 0.6
v -0.5 1.8 0.5
v -0.4 1.8 0.5
v -0.5 1.8 0.4
v -0.4 1.8 0.4
v 0.4 1.8 0.4
v 0.5 1.8 0.4
v 0.4 1.8 0.3
v 0.5 1.8 0.3
v -0.5 1.8 0.0999999
v -0.4 1.8 0.0999999
v 0.4 1.8 0.0999999
v 0.5 1.8 0.0999999
v -0.4 1.8 -2.38419e-07
v 0.4 1.8 -2.38419e-07
v -0.5 1.8 -0.1
v -0.4 1.8 -0.1
v 0.4 1.8 -0.1
v 0.5 1.8 -0.1
v -0.5 1.8 -0.2
v -0.4 1.8 -0.2
v 0.4 1.8 -0.2
v 0.5 1.8 -0.2
v -0.5 1.8 -0.3
v -0.4 1.8 -0.3
v 0.4 1.8 -0.3
v 0.5 1.8 -0.3
v -0.4 1.8 -0.4
v -0.4 1.8 -0.5
v 0.4 1.8 -0.6
v 0.5 1.8 -0.6
v -0.5 1.8 -0.7
v -0.4 1.8 -0.7
v 0.4 1.8 -0.7
v 0.5 1.8 -0.7
v -0.4 1.8 -0.8
v 0.4 1.8 -0.8
v 0.5 1.8 -0.8
v 0.4 1.8 -0.9
v -0.5 1.8 -1
v -0.4 1.8 -1
v 0.4 1.8 -1
v 0.5 1.8 -1
v -0.5 1.8 -1.1
v -0.4 1.8 -1.1
v 0.4 1.8 -1.2
v -0.4 1.8 -1.3
v 0.4 1.8 -1.3
v 0.5 1.8 -1.3
v 0.4 1.8 -1.4
v 0.5 1.8 -1.4
v -0.4 1.8 -1.5
v 0.4 1.8 -1.5
v 0.5 1.8 -1.5
v -0.4 1.8 -1.6
v -0.3 1.8 -1.6
v -0.2 1.8 -1.6
v -0.0999999 1.8 -1.6
v 2.38419e-07 1.8 -1.6
v 0.1 1.8 -1.6
v 0.2 1.8 -1.6
v 0.3 1.8 -1.6
v 0.4 1.8 -1.6
v -0.5 1.8 -1.7
v -0.2 1.8 -1.7
v -0.0999999 1.8 -1.7
v 0.2 1.8 -1.7
v 0.5 1.8 -1.7
v -0.5 2.2 1.7
v -0.2 2.2 1.7
v -0.0999999 2.2 1.7
v 0.1 2.2 1.7
v 0.4 2.2 1.7
v 0.5 2.2 1.7
v -0.4 2.2 1.6
v -0.3 2.2 1.6
v -0.2 2.2 1.6
v -0.0999999 2.2 1.6
v 2.38419e-07 2.2 1.6
v 0.1 2.2 1.6
v 0.3 2.2 1.6
v 0.4 2.2 1.6
v -0.4 2.2 1.5
v 0.4 2.2 1.4
v 0.5 2.2 1.4
v 0.4 2.2 1.3
v 0.5 2.2 1.3
v -0.5 2.2 1.1
v -0.4 2.2 1.1
v 0.4 2.2 1.1
v 0.5 2.2 1.1
v -0.5 2.2 1
v -0.4 2.2 1
v 0.4 2.2 0.9
v 0.5 2.2 0.9
v -0.4 2.2 0.7
v 0.4 2.2 0.7
v 0.5 2.2 0.7
v 0.4 2.2 0.6
v 0.5 2.2 0.6
v 0.4 2.2 0.4
v -0.5 2.2 0.3
v -0.4 2.2 0.3
v -0.5 2.2 0.2
v -0.4 2.2 0.2
v -0.4 2.2 0.0999999
v -0.5 2.2 -0.1
v -0.4 2.2 -0.1
v 0.4 2.2 -0.1
v -0.4 2.2 -0.2
v 0.4 2.2 -0.2
v 0.4 2.2 -0.3
v 0.5 2.2 -0.3
v -0.5 2.2 -0.4
v -0.4 2.2 -0.4
v 0.4 2.2 -0.4
v 0.5 2.2 -0.4
v 0.4 2.2 -0.5
v 0.5 2.2 -0.5
v -0.5 2.2 -0.6
v -0.4 2.2 -0.6
v 0.4 2.2 -0.6
v -0.5 2.2 -0.7
v -0.4 2.2 -0.7
v 0.4 2.2 -0.7
v 0.5 2.2 -0.7
v -0.4 2.2 -0.8
v 0.4 2.2 -0.8
v -0.5 2.2 -0.9
v -0.4 2.2 -0.9
v 0.4 2.2 -0.9
v 0.4 2.2 -1
v 0.5 2.2 -1
v -0.4 2.2 -1.1
v 0.4 2.2 -1.1
v 0.5 2.2 -1.1
v -0.5 2.2 -1.3
v -0.4 2.2 -1.3
v 0.4 2.2 -1.3
v 0.5 2.2 -1.3
v -0.5 2.2 -1.4
v -0.4 2.2 -1.4
v 0.4 2.2 -1.4
v -0.5 2.2 -1.5
v -0.4 2.2 -1.5
v 0.4 2.2 -1.5
v -0.5 2.2 -1.6
v -0.4 2.2 -1.6
v -0.3 2.2 -1.6
v -0.0999999 2.2 -1.6
v 2.38419e-07 2.2 -1.6
v 0.1 2.2 -1.6
v 0.2 2.2 -1.6
v 0.4 2.2 -1.6
v 0.5 2.2 -1.6
v -0.5 2.2 -1.7
v -0.4 2.2 -1.7
v -0.3 2.2 -1.7
v 0.1 2.2 -1.7
v 0.2 2.2 -1.7
v 0.5 2.2 -1.7
v -0.5 2.6 1.7
v -0.0999999 2.6 1.7
v 2.38419e-07 2.6 1.7
v 0.1 2.6 1.7
v 0.2 2.6 1.7
v 0.5 2.6 1.7
v -0.4 2.6 1.6
v -0.3 2.6 1.6
v -0.0999999 2.6 1.6
v 2.38419e-07 2.6 1.6
v 0.1 2.6 1.6
v 0.2 2.6 1.6
v 0.3 2.6 1.6
v 0.4 2.6 1.6
v 0.5 2.6 1.6
v -0.4 2.6 1.5
v 0.4 2.6 1.5
v 0.5 2.6 1.5
v -0.5 2.6 1.4
v -0.4 2.6 1.4
v -0.5 2.6 1.3
v -0.4 2.6 1.3
v -0.5 2.6 1.2
v -0.4 2.6 1.2
v -0.5 2.6 1.1
v -0.4 2.6 1.1
v 0.4 2.6 1.1
v -0.4 2.6 1
v 0.4 2.6 1
v 0.5 2.6 1
v 0.4 2.6 0.9
v 0.5 2.6 0.9
v -0.4 2.6 0.8
v 0.4 2.6 0.8
v 0.5 2.6 0.8
v -0.5 2.6 0.7
v -0.4 2.6 0.7
v 0.4 2.6 0.7
v 0.5 2.6 0.7
v -0.5 2.6 0.6
v -0.4 2.6 0.6
v -0.4 2.6 0.5
v 0.4 2.6 0.4
v 0.5 2.6 0.4
v -0.4 2.6 0.3
v 0.4 2.6 0.3
v 0.5 2.6 0.3
v -0.4 2.6 0.2
v -0.5 2.6 -2.38419e-07
v -0.4 2.6 -2.38419e-07
v 0.4 2.6 -2.38419e-07
v 0.5 2.6 -2.38419e-07
v -0.4 2.6 -0.1
v 0.4 2.6 -0.1
v -0.5 2.6 -0.2
v -0.4 2.6 -0.2
v 0.4 2.6 -0.2
v -0.5 2.6 -0.3
v -0.4 2.6 -0.3
v 0.4 2.6 -0.3
v 0.5 2.6 -0.3
v -0.4 2.6 -0.4
v 0.4 2.6 -0.4
v -0.4 2.6 -0.6
v 0.4 2.6 -0.6
v 0.5 2.6 -0.6
v -0.4 2.6 -0.7
v 0.4 2.6 -0.7
v 0.5 2.6 -0.7
v -0.4 2.6 -0.9
v 0.4 2.6 -0.9
v -0.5 2.6 -1
v -0.4 2.6 -1
v 0.4 2.6 -1
v -0.5 2.6 -1.1
v -0.4 2.6 -1.1
v -0.5 2.6 -1.2
v -0.4 2.6 -1.2
v 0.4 2.6 -1.2
v 0.4 2.6 -1.3
v 0.5 2.6 -1.3
v -0.4 2.6 -1.4
v 0.4 2.6 -1.4
v 0.5 2.6 -1.4
v -0.4 2.6 -1.5
v 0.4 2.6 -1.5
v 0.5 2.6 -1.5
v -0.5 2.6 -1.6
v -0.4 2.6 -1.6
v -0.2 2.6 -1.6
v -0.0999999 2.6 -1.6
v 0.1 2.6 -1.6
v 0.2 2.6 -1.6
v 0.4 2.6 -1.6
v -0.5 2.6 -1.7
v -0.4 2.6 -1.7
v -0.2 2.6 -1.7
v -0.0999999 2.6 -1.7
v 0.4 2.6 -1.7
v 0.5 2.6 -1.7
v -0.5 3 1.7
v -0.4 3 1.7
v -0.3 3 1.7
v -0.2 3 1.7
v -0.0999999 3 1.7
v 0.1 3 1.7
v 0.4 3 1.7
v 0.5 3 1.7
v -0.4 3 1.6
v -0.3 3 1.6
v -0.2 3 1.6
v -0.0999999 3 1.6
v 2.38419e-07 3 1.6
v 0.1 3 1.6
v 0.4 3 1.6
v 0.4 3 1.4
v 0.5 3 1.4
v -0.4 3 1.3
v 0.4 3 1.3
v 0.5 3 1.3
v -0.5 3 1.2
v -0.4 3 1.2
v 0.4 3 1.2
v -0.5 3 1.1
v -0.4 3 1.1
v 0.4 3 1.1
v -0.5 3 1
v -0.4 3 1
v 0.4 3 1
v 0.4 3 0.9
v -0.4 3 0.8
v -0.4 3 0.7
v 0.4 3 0.7
v 0.5 3 0.7
v -0.4 3 0.6
v 0.4 3 0.6
v 0.5 3 0.6
v -0.5 3 0.4
v -0.4 3 0.4
v 0.4 3 0.4
v -0.5 3 0.3
v -0.4 3 0.3
v -0.4 3 0.2
v -0.4 3 0.0999999
v 0.4 3 0.0999999
v 0.4 3 -0.1
v -0.4 3 -0.2
v 0.4 3 -0.2
v 0.5 3 -0.2
v -0.5 3 -0.3
v -0.4 3 -0.3
v 0.4 3 -0.3
v 0.5 3 -0.3
v -0.5 3 -0.4
v -0.4 3 -0.4
v 0.4 3 -0.4
v -0.5 3 -0.6
v -0.4 3 -0.6
v 0.4 3 -0.6
v 0.5 3 -0.6
v -0.5 3 -0.7
v -0.4 3 -0.7
v 0.4 3 -0.7
v 0.5 3 -0.7
v -0.5 3 -0.8
v -0.4 3 -0.8
v -0.4 3 -1
v 0.4 3 -1
v 0.5 3 -1
v -0.5 3 -1.1
v -0.4 3 -1.1
v 0.4 3 -1.1
v 0.5 3 -1.1
v 0.4 3 -1.2
v -0.5 3 -1.3
v -0.4 3 -1.3
v -0.5 3 -1.4
v -0.4 3 -1.4
v 0.4 3 -1.4
v 0.5 3 -1.4
v -0.4 3 -1.5
v 0.4 3 -1.5
v 0.5 3 -1.5
v -0.4 3 -1.6
v -0.3 3 -1.6
v -0.2 3 -1.6
v 0.1 3 -1.6
v 0.2 3 -1.6
v 0.4 3 -1.6
v -0.5 3 -1.7
v -0.4 3 -1.7
v -0.3 3 -1.7
v 0.1 3 -1.7
v 0.2 3 -1.7
v 0.5 3 -1.7
v -0.6 3.7 1.8
v -0.5 3.7 1.8
v 0.5 3.7 1.8
v 0.6 3.7 1.8
v -0.6 3.7 1.7
v -0.5 3.7 1.7
v 0.5 3.7 1.7
v 0.6 3.7 1.7
v -0.6 3.7 -1.7
v -0.5 3.7 -1.7
v 0.5 3.7 -1.7
v 0.6 3.7 -1.7
v -0.6 3.7 -1.8
v -0.5 3.7 -1.8
v 0.5 3.7 -1.8
v 0.6 3.7 -1.8
v -0.5 3.8 1.8
v -0.4 3.8 1.8
v -0.2 3.8 1.8
v 0.2 3.8 1.8
v 0.3 3.8 1.8
v 0.4 3.8 1.8
v 0.5 3.8 1.8
v -0.6 3.8 1.7
v -0.5 3.8 1.7
v -0.4 3.8 1.7
v -0.2 3.8 1.7
v 2.38419e-07 3.8 1.7
v 0.2 3.8 1.7
v 0.3 3.8 1.7
v 0.4 3.8 1.7
v 0.5 3.8 1.7
v 0.6 3.8 1.7
v -0.6 3.8 1.6
v -0.5 3.8 1.6
v -0.4 3.8 1.6
v 0.4 3.8 1.6
v 0.5 3.8 1.6
v 0.6 3.8 1.6
v -0.6 3.8 1.5
v -0.5 3.8 1.5
v 0.5 3.8 1.5
v 0.5 3.8 1.4
v 0.6 3.8 1.4
v -0.6 3.8 1.3
v -0.5 3.8 1.3
v 0.5 3.8 1.3
v 0.6 3.8 1.3
v -0.6 3.8 1.1
v -0.5 3.8 1.1
v 0.5 3.8 1
v 0.6 3.8 1
v -0.5 3.8 0.9
v 0.5 3.8 0.9
v -0.6 3.8 0.8
v -0.5 3.8 0.8
v 0.5 3.8 0.8
v 0.6 3.8 0.8
v -0.6 3.8 0.7
v -0.5 3.8 0.7
v 0.5 3.8 0.7
v 0.6 3.8 0.7
v 0.5 3.8 0.6
v 0.6 3.8 0.6
v 0.5 3.8 0.5
v 0.6 3.8 0.5
v -0.6 3.8 0.4
v -0.5 3.8 0.4
v 0.5 3.8 0.4
v 0.6 3.8 0.4
v -0.6 3.8 0.3
v -0.5 3.8 0.3
v -0.6 3.8 0.2
v -0.5 3.8 0.2
v -0.6 3.8 0.0999999
v -0.5 3.8 0.0999999
v 0.5 3.8 0.0999999
v 0.6 3.8 0.0999999
v 0.5 3.8 -2.38419e-07
v 0.6 3.8 -2.38419e-07
v -0.5 3.8 -0.1
v 0.5 3.8 -0.1
v 0.6 3.8 -0.1
v 0.5 3.8 -0.2
v -0.6 3.8 -0.3
v -0.5 3.8 -0.3
v 0.5 3.8 -0.3
v 0.6 3.8 -0.3
v -0.6 3.8 -0.5
v -0.5 3.8 -0.5
v 0.5 3.8 -0.5
v 0.5 3.8 -0.6
v 0.6 3.8 -0.6
v -0.6 3.8 -0.7
v -0.5 3.8 -0.7
v 0.5 3.8 -0.7
v 0.6 3.8 -0.7
v -0.5 3.8 -0.8
v 0.5 3.8 -0.8
v -0.6 3.8 -0.9
v -0.5 3.8 -0.9
v 0.5 3.8 -1
v 0.6 3.8 -1
v 0.5 3.8 -1.1
v 0.6 3.8 -1.1
v 0.5 3.8 -1.2
v 0.6 3.8 -1.2
v -0.6 3.8 -1.3
v -0.5 3.8 -1.3
v -0.6 3.8 -1.4
v -0.5 3.8 -1.4
v 0.5 3.8 -1.5
v 0.6 3.8 -1.5
v -0.5 3.8 -1.6
v -0.4 3.8 -1.6
v 0.4 3.8 -1.6
v 0.5 3.8 -1.6
v -0.6 3.8 -1.7
v -0.5 3.8 -1.7
v -0.4 3.8 -1.7
v -0.3 3.8 -1.7
v -0.0999999 3.8 -1.7
v 0.2 3.8 -1.7
v 0.4 3.8 -1.7
v 0.5 3.8 -1.7
v 0.6 3.8 -1.7
v -0.5 3.8 -1.8
v -0.4 3.8 -1.8
v -0.3 3.8 -1.8
v 0.2 3.8 -1.8
v 0.4 3.8 -1.8
v 0.5 3.8 -1.8
v -0.4 3.9 1.7
v 2.38419e-07 3.9 1.7
v 0.2 3.9 1.7
v 0.3 3.9 1.7
v 0.4 3.9 1.7
v -0.5 3.9 1.6
v -0.4 3.9 1.6
v -0.3 3.9 1.6
v -0.2 3.9 1.6
v 2.38419e-07 3.9 1.6
v 0.2 3.9 1.6
v 0.3 3.9 1.6
v 0.4 3.9 1.6
v 0.5 3.9 1.6
v 2.38419e-07 3.9 1.5
v 0.2 3.9 1.5
v 0.5 3.9 1.5
v -0.2 3.9 1.4
v 2.38419e-07 3.9 1.4
v 0.2 3.9 1.4
v 0.4 3.9 1.4
v 0.5 3.9 1.4
v -0.5 3.9 1.3
v -0.4 3.9 1.3
v -0.3 3.9 1.3
v -0.2 3.9 1.3
v -0.0999999 3.9 1.3
v 2.38419e-07 3.9 1.3
v 0.1 3.9 1.3
v 2.38419e-07 3.9 1.2
v 0.1 3.9 1.2
v 0.4 3.9 1.2
v -0.5 3.9 1.1
v -0.4 3.9 1.1
v 0.1 3.9 1.1
v 0.4 3.9 1.1
v 0.2 3.9 1
v 0.4 3.9 1
v -0.5 3.9 0.9
v -0.4 3.9 0.9
v -0.3 3.9 0.9
v -0.2 3.9 0.9
v 0.4 3.9 0.9
v 0.5 3.9 0.9
v -0.5 3.9 0.8
v -0.4 3.9 0.8
v -0.3 3.9 0.8
v -0.2 3.9 0.8
v -0.5 3.9 0.7
v -0.4 3.9 0.7
v -0.3 3.9 0.7
v -0.2 3.9 0.7
v 0.1 3.9 0.7
v 0.2 3.9 0.7
v 0.4 3.9 0.7
v 0.5 3.9 0.7
v 0.2 3.9 0.6
v 0.3 3.9 0.6
v 0.1 3.9 0.5
v 0.2 3.9 0.5
v -0.5 3.9 0.3
v -0.4 3.9 0.3
v -0.2 3.9 0.3
v -0.0999999 3.9 0.3
v 0.1 3.9 0.2
v 0.2 3.9 0.2
v 0.3 3.9 0.2
v -0.2 3.9 0.0999999
v -0.0999999 3.9 0.0999999
v 2.38419e-07 3.9 0.0999999
v -0.3 3.9 -2.38419e-07
v -0.2 3.9 -2.38419e-07
v -0.0999999 3.9 -2.38419e-07
v 2.38419e-07 3.9 -2.38419e-07
v 0.1 3.9 -2.38419e-07
v 0.2 3.9 -2.38419e-07
v 0.3 3.9 -2.38419e-07
v -0.5 3.9 -0.1
v -0.4 3.9 -0.1
v 0.3 3.9 -0.1
v 0.5 3.9 -0.1
v -0.0999999 3.9 -0.2
v 2.38419e-07 3.9 -0.2
v 0.3 3.9 -0.2
v 0.5 3.9 -0.2
v -0.4 3.9 -0.3
v -0.3 3.9 -0.3
v -0.0999999 3.9 -0.3
v 2.38419e-07 3.9 -0.3
v 0.1 3.9 -0.3
v 0.2 3.9 -0.3
v 0.3 3.9 -0.3
v 0.4 3.9 -0.3
v 0.5 3.9 -0.3
v 2.38419e-07 3.9 -0.4
v 0.1 3.9 -0.4
v -0.2 3.9 -0.5
v -0.0999999 3.9 -0.5
v 2.38419e-07 3.9 -0.5
v 0.1 3.9 -0.5
v 0.4 3.9 -0.5
v 0.5 3.9 -0.5
v -0.2 3.9 -0.6
v -0.0999999 3.9 -0.6
v 2.38419e-07 3.9 -0.6
v 0.1 3.9 -0.6
v -0.3 3.9 -0.7
v -0.2 3.9 -0.7
v -0.0999999 3.9 -0.7
v 2.38419e-07 3.9 -0.7
v 0.4 3.9 -0.7
v 0.5 3.9 -0.7
v -0.5 3.9 -0.8
v -0.4 3.9 -0.8
v -0.3 3.9 -0.8
v 0.4 3.9 -0.8
v 0.5 3.9 -0.8
v -0.0999999 3.9 -0.9
v 2.38419e-07 3.9 -0.9
v 0.3 3.9 -0.9
v 0.4 3.9 -0.9
v -0.0999999 3.9 -1.1
v 2.38419e-07 3.9 -1.1
v 0.2 3.9 -1.1
v 0.3 3.9 -1.1
v -0.2 3.9 -1.2
v -0.0999999 3.9 -1.2
v 2.38419e-07 3.9 -1.2
v 0.4 3.9 -1.2
v 0.5 3.9 -1.2
v 0.2 3.9 -1.3
v 0.3 3.9 -1.3
v -0.5 3.9 -1.4
v -0.4 3.9 -1.4
v -0.2 3.9 -1.4
v -0.0999999 3.9 -1.4
v 0.1 3.9 -1.4
v 0.2 3.9 -1.4
v 0.4 3.9 -1.4
v -0.3 3.9 -1.5
v -0.2 3.9 -1.5
v -0.0999999 3.9 -1.5
v 2.38419e-07 3.9 -1.5
v 0.1 3.9 -1.5
v 0.2 3.9 -1.5
v 0.4 3.9 -1.5
v 0.5 3.9 -1.5
v -0.5 3.9 -1.6
v -0.4 3.9 -1.6
v -0.2 3.9 -1.6
v -0.0999999 3.9 -1.6
v 0.2 3.9 -1.6
v 0.4 3.9 -1.6
v 0.5 3.9 -1.6
v -0.4 3.9 -1.7
v -0.0999999 3.9 -1.7
v 0.4 3.9 -1.7

# faces
f 8/10/1 2/10/1 1/10/1
f 9/10/1 2/10/1 8/10/1
f 10/10/1 2/10/1 9/10/1
f 11/11/1 3/11/1 2/11/1
f 11/10/1 2/10/1 10/10/1
f 12/11/1 3/11/1 11/11/1
f 13/10/1 4/10/1 3/10/1
f 13/11/1 3/11/1 12/11/1
f 14/10/1 4/10/1 13/10/1
f 15/11/1 5/11/1 4/11/1
f 15/10/1 4/10/1 14/10/1
f 16/11/1 5/11/1 15/11/1
f 17/11/1 5/11/1 16/11/1
f 18/11/1 5/11/1 17/11/1
f 19/11/1 5/11/1 18/11/1
f 20/10/1 6/10/1 5/10/1
f 20/11/1 5/11/1 19/11/1
f 21/10/1 6/10/1 20/10/1
f 22/10/1 6/10/1 21/10/1
f 23/10/1 6/10/1 22/10/1
f 24/11/1 7/11/1 6/11/1
f 24/10/1 6/10/1 23/10/1
f 25/11/1 7/11/1 24/11/1
f 26/10/1 8/10/1 1/10/1
f 27/11/1 9/11/1 8/11/1
f 27/10/1 8/10/1 26/10/1
f 28/13/1 10/13/1 9/13/1
f 28/11/1 9/11/1 27/11/1
f 29/11/1 12/11/1 11/11/1
f 29/13/1 10/13/1 28/13/1
f 29/11/1 11/11/1 10/11/1
f 30/10/1 14/10/1 13/10/1
f 30/11/1 12/11/1 29/11/1
f 30/10/1 13/10/1 12/10/1
f 31/11/1 15/11/1 14/11/1
f 31/10/1 14/10/1 30/10/1
f 31/11/1 16/11/1 15/11/1
f 32/12/1 17/12/1 16/12/1
f 32/11/1 16/11/1 31/11/1
f 33/13/1 18/13/1 17/13/1
f 33/12/1 17/12/1 32/12/1
f 34/12/1 19/12/1 18/12/1
f 34/13/1 18/13/1 33/13/1
f 35/11/1 20/11/1 19/11/1
f 35/12/1 19/12/1 34/12/1
f 35/11/1 21/11/1 20/11/1
f 36/10/1 22/10/1 21/10/1
f 36/11/1 21/11/1 35/11/1
f 37/11/1 23/11/1 22/11/1
f 37/10/1 22/10/1 36/10/1
f 38/12/1 24/12/1 23/12/1
f 38/11/1 23/11/1 37/11/1
f 39/13/1 25/13/1 24/13/1
f 39/12/1 24/12/1 38/12/1
f 40/13/1 25/13/1 39/13/1
f 60/10/1 42/10/1 41/10/1
f 61/11/1 43/11/1 42/11/1
f 61/10/1 42/10/1 60/10/1
f 62/13/1 44/13/1 43/13/1
f 62/11/1 43/11/1 61/11/1
f 63/12/1 45/12/1 44/12/1
f 63/13/1 44/13/1 62/13/1
f 64/11/1 46/11/1 45/11/1
f 64/12/1 45/12/1 63/12/1
f 64/11/1 47/11/1 46/11/1
f 65/10/1 48/10/1 47/10/1
f 65/11/1 47/11/1 64/11/1
f 66/11/1 49/11/1 48/11/1
f 66/10/1 48/10/1 65/10/1
f 66/11/1 50/11/1 49/11/1
f 66/11/1 51/11/1 50/11/1
f 67/13/1 52/13/1 51/13/1
f 67/11/1 51/11/1 66/11/1
f 68/12/1 53/12/1 52/12/1
f 68/13/1 52/13/1 67/13/1
f 69/11/1 54/11/1 53/11/1
f 69/12/1 53/12/1 68/12/1
f 70/10/1 56/10/1 55/10/1
f 70/11/1 54/11/1 69/11/1
f 70/10/1 55/10/1 54/10/1
f 71/12/1 59/12/1 58/12/1
f 71/10/1 56/10/1 70/10/1
f 71/12/1 58/12/1 57/12/1
f 71/12/1 57/12/1 56/12/1
f 72/12/1 59/12/1 71/12/1
f 77/10/1 74/10/1 73/10/1
f 78/10/1 74/10/1 77/10/1
f 79/10/1 74/10/1 78/10/1
f 80/10/1 74/10/1 79/10/1
f 81/10/1 74/10/1 80/10/1
f 82/10/1 74/10/1 81/10/1
f 83/10/1 77/10/1 73/10/1
f 84/11/1 78/11/1 77/11/1
f 84/10/1 77/10/1 83/10/1
f 85/11/1 78/11/1 84/11/1
f 86/11/1 78/11/1 85/11/1
f 87/11/1 78/11/1 86/11/1
f 88/10/1 79/10/1 78/10/1
f 88/11/1 78/11/1 87/11/1
f 89/11/1 80/11/1 79/11/1
f 89/10/1 79/10/1 88/10/1
f 90/11/1 80/11/1 89/11/1
f 91/10/1 81/10/1 80/10/1
f 91/11/1 80/11/1 90/11/1
f 92/10/1 81/10/1 91/10/1
f 93/10/1 81/10/1 92/10/1
f 94/11/1 82/11/1 81/11/1
f 94/10/1 81/10/1 93/10/1
f 95/11/1 82/11/1 94/11/1
f 96/10/1 74/10/1 82/10/1
f 96/11/1 82/11/1 95/11/1
f 97/11/1 75/11/1 74/11/1
f 97/10/1 74/10/1 96/10/1
f 98/10/1 76/10/1 75/10/1
f 98/11/1 75/11/1 97/11/1
f 99/10/1 76/10/1 98/10/1
f 100/10/1 76/10/1 99/10/1
f 101/10/1 76/10/1 100/10/1
f 102/10/1 83/10/1 73/10/1
f 103/11/1 84/11/1 83/11/1
f 103/10/1 83/10/1 102/10/1
f 103/11/1 85/11/1 84/11/1
f 104/11/1 85/11/1 103/11/1
f 105/11/1 85/11/1 104/11/1
f 106/12/1 86/12/1 85/12/1
f 106/11/1 85/11/1 105/11/1
f 107/12/1 86/12/1 106/12/1
f 108/12/1 86/12/1 107/12/1
f 109/11/1 87/11/1 86/11/1
f 109/12/1 86/12/1 108/12/1
f 110/11/1 87/11/1 109/11/1
f 111/12/1 88/12/1 87/12/1
f 111/11/1 87/11/1 110/11/1
f 111/12/1 89/12/1 88/12/1
f 112/12/1 89/12/1 111/12/1
f 113/12/1 91/12/1 90/12/1
f 114/11/1 92/11/1 91/11/1
f 114/12/1 91/12/1 113/12/1
f 115/12/1 93/12/1 92/12/1
f 115/11/1 92/11/1 114/11/1
f 116/12/1 93/12/1 115/12/1
f 117/11/1 94/11/1 93/11/1
f 117/12/1 93/12/1 116/12/1
f 118/12/1 95/12/1 94/12/1
f 118/11/1 94/11/1 117/11/1
f 119/11/1 97/11/1 96/11/1
f 119/12/1 95/12/1 118/12/1
f 119/11/1 96/11/1 95/11/1
f 120/11/1 97/11/1 119/11/1
f 121/11/1 97/11/1 120/11/1
f 122/13/1 98/13/1 97/13/1
f 122/11/1 97/11/1 121/11/1
f 123/12/1 99/12/1 98/12/1
f 123/10/1 100/10/1 99/10/1
f 124/11/1 101/11/1 100/11/1
f 124/10/1 100/10/1 123/10/1
f 125/11/1 101/11/1 124/11/1
f 126/11/1 101/11/1 125/11/1
f 127/11/1 104/11/1 103/11/1
f 128/10/1 105/10/1 104/10/1
f 128/11/1 104/11/1 127/11/1
f 129/11/1 106/11/1 105/11/1
f 129/10/1 105/10/1 128/10/1
f 129/11/1 107/11/1 106/11/1
f 130/12/1 108/12/1 107/12/1
f 130/11/1 107/11/1 129/11/1
f 131/13/1 110/13/1 109/13/1
f 131/12/1 108/12/1 130/12/1
f 131/13/1 109/13/1 108/13/1
f 132/12/1 111/12/1 110/12/1
f 132/13/1 110/13/1 131/13/1
f 133/13/1 112/13/1 111/13/1
f 133/12/1 111/12/1 132/12/1
f 134/12/1 89/12/1 112/12/1
f 134/13/1 112/13/1 133/13/1
f 135/11/1 90/11/1 89/11/1
f 135/12/1 89/12/1 134/12/1
f 136/12/1 113/12/1 90/12/1
f 136/11/1 90/11/1 135/11/1
f 137/13/1 115/13/1 114/13/1
f 137/12/1 113/12/1 136/12/1
f 137/13/1 114/13/1 113/13/1
f 137/13/1 116/13/1 115/13/1
f 138/12/1 118/12/1 117/12/1
f 138/13/1 116/13/1 137/13/1
f 138/12/1 117/12/1 116/12/1
f 139/11/1 119/11/1 118/11/1
f 139/12/1 118/12/1 138/12/1
f 139/11/1 120/11/1 119/11/1
f 140/12/1 121/12/1 120/12/1
f 140/11/1 120/11/1 139/11/1
f 141/13/1 122/13/1 121/13/1
f 141/12/1 121/12/1 140/12/1
f 142/12/1 123/12/1 98/12/1
f 142/13/1 122/13/1 141/13/1
f 142/13/1 98/13/1 122/13/1
f 143/11/1 124/11/1 123/11/1
f 143/12/1 123/12/1 142/12/1
f 143/11/1 125/11/1 124/11/1
f 144/11/1 125/11/1 143/11/1
f 163/1/1 146/1/1 145/1/1
f 163/1/1 147/1/1 146/1/1
f 164/1/1 147/1/1 163/1/1
f 165/3/1 153/3/1 152/3/1
f 165/3/1 154/3/1 153/3/1
f 166/3/1 154/3/1 165/3/1
f 167/1/1 155/1/1 154/1/1
f 168/1/1 155/1/1 167/1/1
f 169/1/1 155/1/1 168/1/1
f 170/1/1 155/1/1 169/1/1
f 171/1/1 159/1/1 158/1/1
f 172/1/1 159/1/1 171/1/1
f 173/3/1 164/3/1 163/3/1
f 173/1/1 163/1/1 145/1/1
f 174/1/1 147/1/1 164/1/1
f 174/3/1 164/3/1 173/3/1
f 175/3/1 154/3/1 166/3/1
f 175/1/1 166/1/1 165/1/1
f 176/1/1 167/1/1 154/1/1
f 176/3/1 154/3/1 175/3/1
f 177/1/1 157/1/1 156/1/1
f 177/3/1 158/3/1 157/3/1
f 178/3/1 158/3/1 177/3/1
f 179/3/1 172/3/1 171/3/1
f 179/1/1 171/1/1 158/1/1
f 180/3/1 172/3/1 179/3/1
f 181/1/1 173/1/1 145/1/1
f 181/1/1 174/1/1 173/1/1
f 182/1/1 147/1/1 174/1/1
f 182/1/1 174/1/1 181/1/1
f 183/3/1 149/3/1 148/3/1
f 183/3/1 150/3/1 149/3/1
f 183/3/1 151/3/1 150/3/1
f 184/3/1 151/3/1 183/3/1
f 185/1/1 176/1/1 175/1/1
f 185/1/1 175/1/1 165/1/1
f 186/1/1 167/1/1 176/1/1
f 186/1/1 176/1/1 185/1/1
f 186/3/1 168/3/1 167/3/1
f 187/1/1 169/1/1 168/1/1
f 187/3/1 168/3/1 186/3/1
f 188/3/1 170/3/1 169/3/1
f 188/1/1 169/1/1 187/1/1
f 189/1/1 155/1/1 170/1/1
f 189/3/1 170/3/1 188/3/1
f 190/1/1 155/1/1 189/1/1
f 191/1/1 177/1/1 156/1/1
f 191/1/1 178/1/1 177/1/1
f 192/3/1 158/3/1 178/3/1
f 192/1/1 178/1/1 191/1/1
f 193/1/1 179/1/1 158/1/1
f 193/3/1 158/3/1 192/3/1
f 193/1/1 180/1/1 179/1/1
f 194/1/1 180/1/1 193/1/1
f 195/3/1 162/3/1 161/3/1
f 195/3/1 161/3/1 160/3/1
f 196/3/1 162/3/1 195/3/1
f 214/3/1 202/3/1 201/3/1
f 214/2/1 203/2/1 202/2/1
f 215/3/1 204/3/1 203/3/1
f 215/2/1 203/2/1 214/2/1
f 216/1/1 209/1/1 208/1/1
f 217/3/1 210/3/1 209/3/1
f 217/1/1 209/1/1 216/1/1
f 218/1/1 211/1/1 210/1/1
f 218/3/1 210/3/1 217/3/1
f 219/3/1 212/3/1 211/3/1
f 219/1/1 211/1/1 218/1/1
f 220/1/1 213/1/1 212/1/1
f 220/3/1 212/3/1 219/3/1
f 221/1/1 213/1/1 220/1/1
f 222/3/1 214/3/1 201/3/1
f 222/3/1 215/3/1 214/3/1
f 223/3/1 215/3/1 222/3/1
f 224/3/1 204/3/1 215/3/1
f 224/3/1 215/3/1 223/3/1
f 225/2/1 205/2/1 204/2/1
f 225/3/1 204/3/1 224/3/1
f 226/3/1 207/3/1 206/3/1
f 227/3/1 207/3/1 226/3/1
f 228/3/1 219/3/1 218/3/1
f 228/3/1 218/3/1 217/3/1
f 228/3/1 217/3/1 216/3/1
f 228/3/1 221/3/1 220/3/1
f 228/3/1 220/3/1 219/3/1
f 229/3/1 221/3/1 228/3/1
f 230/3/1 221/3/1 229/3/1
f 231/3/1 221/3/1 230/3/1
f 232/2/1 198/2/1 197/2/1
f 233/2/1 198/2/1 232/2/1
f 234/3/1 200/3/1 199/3/1
f 235/3/1 200/3/1 234/3/1
f 236/2/1 223/2/1 222/2/1
f 237/3/1 224/3/1 223/3/1
f 237/2/1 223/2/1 236/2/1
f 238/2/1 225/2/1 224/2/1
f 238/3/1 224/3/1 237/3/1
f 239/2/1 205/2/1 225/2/1
f 239/2/1 225/2/1 238/2/1
f 240/3/1 226/3/1 206/3/1
f 241/1/1 227/1/1 226/1/1
f 241/3/1 226/3/1 240/3/1
f 242/3/1 207/3/1 227/3/1
f 242/1/1 227/1/1 241/1/1
f 243/3/1 207/3/1 242/3/1
f 244/1/1 229/1/1 228/1/1
f 245/3/1 230/3/1 229/3/1
f 245/1/1 229/1/1 244/1/1
f 246/1/1 231/1/1 230/1/1
f 246/3/1 230/3/1 245/3/1
f 247/3/1 221/3/1 231/3/1
f 247/1/1 231/1/1 246/1/1
f 248/3/1 221/3/1 247/3/1
f 265/1/1 250/1/1 249/1/1
f 266/1/1 250/1/1 265/1/1
f 267/3/1 251/3/1 250/3/1
f 267/1/1 250/1/1 266/1/1
f 268/3/1 260/3/1 259/3/1
f 268/2/1 261/2/1 260/2/1
f 269/2/1 261/2/1 268/2/1
f 270/4/1 266/4/1 265/4/1
f 271/3/1 267/3/1 266/3/1
f 271/4/1 266/4/1 270/4/1
f 272/1/1 252/1/1 251/1/1
f 272/3/1 267/3/1 271/3/1
f 272/3/1 251/3/1 267/3/1
f 273/1/1 254/1/1 253/1/1
f 273/3/1 255/3/1 254/3/1
f 274/3/1 255/3/1 273/3/1
f 275/1/1 256/1/1 255/1/1
f 275/3/1 255/3/1 274/3/1
f 276/1/1 256/1/1 275/1/1
f 277/3/1 269/3/1 268/3/1
f 277/3/1 268/3/1 259/3/1
f 278/3/1 269/3/1 277/3/1
f 279/1/1 263/1/1 262/1/1
f 280/3/1 264/3/1 263/3/1
f 280/1/1 263/1/1 279/1/1
f 281/3/1 264/3/1 280/3/1
f 282/1/1 271/1/1 270/1/1
f 282/1/1 272/1/1 271/1/1
f 283/1/1 252/1/1 272/1/1
f 283/1/1 272/1/1 282/1/1
f 284/1/1 274/1/1 273/1/1
f 284/1/1 273/1/1 253/1/1
f 285/3/1 276/3/1 275/3/1
f 285/1/1 274/1/1 284/1/1
f 285/3/1 275/3/1 274/3/1
f 286/1/1 256/1/1 276/1/1
f 286/3/1 276/3/1 285/3/1
f 287/1/1 256/1/1 286/1/1
f 288/3/1 258/3/1 257/3/1
f 289/3/1 258/3/1 288/3/1
f 290/3/1 277/3/1 259/3/1
f 291/2/1 278/2/1 277/2/1
f 291/3/1 277/3/1 290/3/1
f 292/2/1 278/2/1 291/2/1
f 293/1/1 279/1/1 262/1/1
f 294/3/1 280/3/1 279/3/1
f 294/1/1 279/1/1 293/1/1
f 295/1/1 281/1/1 280/1/1
f 295/3/1 280/3/1 294/3/1
f 296/1/1 281/1/1 295/1/1
f 312/3/1 301/3/1 300/3/1
f 312/1/1 302/1/1 301/1/1
f 313/1/1 302/1/1 312/1/1
f 314/1/1 304/1/1 303/1/1
f 315/3/1 305/3/1 304/3/1
f 315/1/1 304/1/1 314/1/1
f 316/1/1 307/1/1 306/1/1
f 317/3/1 308/3/1 307/3/1
f 317/1/1 307/1/1 316/1/1
f 318/3/1 305/3/1 315/3/1
f 318/3/1 315/3/1 314/3/1
f 319/3/1 305/3/1 318/3/1
f 320/1/1 316/1/1 306/1/1
f 321/3/1 317/3/1 316/3/1
f 321/1/1 316/1/1 320/1/1
f 322/3/1 308/3/1 317/3/1
f 322/3/1 317/3/1 321/3/1
f 323/1/1 309/1/1 308/1/1
f 323/3/1 308/3/1 322/3/1
f 324/3/1 298/3/1 297/3/1
f 325/3/1 298/3/1 324/3/1
f 326/1/1 300/1/1 299/1/1
f 327/3/1 312/3/1 300/3/1
f 327/1/1 300/1/1 326/1/1
f 327/3/1 313/3/1 312/3/1
f 328/1/1 302/1/1 313/1/1
f 328/3/1 313/3/1 327/3/1
f 329/1/1 302/1/1 328/1/1
f 330/1/1 314/1/1 303/1/1
f 331/3/1 318/3/1 314/3/1
f 331/1/1 314/1/1 330/1/1
f 332/1/1 319/1/1 318/1/1
f 332/3/1 318/3/1 331/3/1
f 333/1/1 319/1/1 332/1/1
f 334/1/1 320/1/1 306/1/1
f 335/3/1 322/3/1 321/3/1
f 335/1/1 320/1/1 334/1/1
f 335/3/1 321/3/1 320/3/1
f 336/1/1 323/1/1 322/1/1
f 336/3/1 322/3/1 335/3/1
f 337/1/1 309/1/1 323/1/1
f 337/1/1 323/1/1 336/1/1
f 338/3/1 311/3/1 310/3/1
f 339/3/1 311/3/1 338/3/1
f 357/1/1 347/1/1 346/1/1
f 357/3/1 348/3/1 347/3/1
f 358/3/1 348/3/1 357/3/1
f 359/1/1 349/1/1 348/1/1
f 359/3/1 348/3/1 358/3/1
f 360/1/1 349/1/1 359/1/1
f 361/2/1 343/2/1 342/2/1
f 361/3/1 344/3/1 343/3/1
f 362/2/1 345/2/1 344/2/1
f 362/3/1 344/3/1 361/3/1
f 363/3/1 360/3/1 359/3/1
f 363/1/1 358/1/1 357/1/1
f 363/3/1 359/3/1 358/3/1
f 364/3/1 360/3/1 363/3/1
f 365/3/1 360/3/1 364/3/1
f 366/1/1 349/1/1 360/1/1
f 366/3/1 360/3/1 365/3/1
f 367/1/1 351/1/1 350/1/1
f 367/3/1 352/3/1 351/3/1
f 368/3/1 352/3/1 367/3/1
f 369/3/1 341/3/1 340/3/1
f 370/3/1 341/3/1 369/3/1
f 371/2/1 361/2/1 342/2/1
f 371/2/1 362/2/1 361/2/1
f 372/2/1 345/2/1 362/2/1
f 372/2/1 362/2/1 371/2/1
f 373/1/1 357/1/1 346/1/1
f 373/1/1 363/1/1 357/1/1
f 373/1/1 364/1/1 363/1/1
f 374/3/1 365/3/1 364/3/1
f 374/1/1 364/1/1 373/1/1
f 375/1/1 366/1/1 365/1/1
f 375/3/1 365/3/1 374/3/1
f 376/1/1 349/1/1 366/1/1
f 376/1/1 366/1/1 375/1/1
f 377/1/1 368/1/1 367/1/1
f 377/1/1 367/1/1 350/1/1
f 378/3/1 352/3/1 368/3/1
f 378/1/1 368/1/1 377/1/1
f 379/3/1 352/3/1 378/3/1
f 380/1/1 354/1/1 353/1/1
f 381/3/1 355/3/1 354/3/1
f 381/1/1 354/1/1 380/1/1
f 382/1/1 356/1/1 355/1/1
f 382/3/1 355/3/1 381/3/1
f 383/1/1 356/1/1 382/1/1
f 401/1/1 385/1/1 384/1/1
f 402/3/1 386/3/1 385/3/1
f 402/1/1 385/1/1 401/1/1
f 403/3/1 388/3/1 387/3/1
f 403/1/1 389/1/1 388/1/1
f 404/3/1 390/3/1 389/3/1
f 404/1/1 389/1/1 403/1/1
f 405/1/1 391/1/1 390/1/1
f 405/3/1 390/3/1 404/3/1
f 406/1/1 391/1/1 405/1/1
f 407/1/1 393/1/1 392/1/1
f 408/3/1 394/3/1 393/3/1
f 408/1/1 393/1/1 407/1/1
f 409/1/1 398/1/1 397/1/1
f 410/3/1 399/3/1 398/3/1
f 410/1/1 398/1/1 409/1/1
f 411/1/1 400/1/1 399/1/1
f 411/3/1 399/3/1 410/3/1
f 412/1/1 400/1/1 411/1/1
f 413/3/1 402/3/1 401/3/1
f 414/3/1 386/3/1 402/3/1
f 414/3/1 402/3/1 413/3/1
f 415/3/1 403/3/1 387/3/1
f 415/3/1 404/3/1 403/3/1
f 415/3/1 405/3/1 404/3/1
f 415/3/1 406/3/1 405/3/1
f 416/3/1 406/3/1 415/3/1
f 417/3/1 406/3/1 416/3/1
f 418/1/1 391/1/1 406/1/1
f 418/3/1 406/3/1 417/3/1
f 419/1/1 407/1/1 392/1/1
f 419/3/1 408/3/1 407/3/1
f 420/3/1 394/3/1 408/3/1
f 420/3/1 408/3/1 419/3/1
f 421/3/1 410/3/1 409/3/1
f 421/3/1 411/3/1 410/3/1
f 422/3/1 411/3/1 421/3/1
f 423/1/1 414/1/1 413/1/1
f 424/1/1 414/1/1 423/1/1
f 425/1/1 416/1/1 415/1/1
f 426/3/1 417/3/1 416/3/1
f 426/1/1 416/1/1 425/1/1
f 427/1/1 418/1/1 417/1/1
f 427/3/1 417/3/1 426/3/1
f 428/1/1 391/1/1 418/1/1
f 428/1/1 418/1/1 427/1/1
f 429/1/1 419/1/1 392/1/1
f 429/1/1 420/1/1 419/1/1
f 430/3/1 394/3/1 420/3/1
f 430/1/1 420/1/1 429/1/1
f 431/3/1 394/3/1 430/3/1
f 432/3/1 396/3/1 395/3/1
f 433/3/1 396/3/1 432/3/1
f 434/1/1 422/1/1 421/1/1
f 435/3/1 411/3/1 422/3/1
f 435/1/1 422/1/1 434/1/1
f 436/4/1 412/4/1 411/4/1
f 436/3/1 411/3/1 435/3/1
f 437/4/1 412/4/1 436/4/1
f 449/3/1 441/3/1 440/3/1
f 449/1/1 442/1/1 441/1/1
f 450/1/1 442/1/1 449/1/1
f 451/1/1 444/1/1 443/1/1
f 452/1/1 444/1/1 451/1/1
f 453/1/1 446/1/1 445/1/1
f 454/1/1 446/1/1 453/1/1
f 455/3/1 449/3/1 440/3/1
f 455/3/1 450/3/1 449/3/1
f 456/1/1 442/1/1 450/1/1
f 456/3/1 450/3/1 455/3/1
f 457/1/1 451/1/1 443/1/1
f 457/3/1 452/3/1 451/3/1
f 458/3/1 452/3/1 457/3/1
f 459/1/1 439/1/1 438/1/1
f 460/1/1 439/1/1 459/1/1
f 461/3/1 455/3/1 440/3/1
f 462/1/1 456/1/1 455/1/1
f 462/3/1 455/3/1 461/3/1
f 463/1/1 442/1/1 456/1/1
f 463/1/1 456/1/1 462/1/1
f 464/1/1 457/1/1 443/1/1
f 464/1/1 458/1/1 457/1/1
f 465/3/1 452/3/1 458/3/1
f 465/1/1 458/1/1 464/1/1
f 466/1/1 444/1/1 452/1/1
f 466/3/1 452/3/1 465/3/1
f 467/1/1 444/1/1 466/1/1
f 468/1/1 453/1/1 445/1/1
f 469/3/1 454/3/1 453/3/1
f 469/1/1 453/1/1 468/1/1
f 470/1/1 446/1/1 454/1/1
f 470/3/1 454/3/1 469/3/1
f 471/1/1 446/1/1 470/1/1
f 472/1/1 448/1/1 447/1/1
f 473/1/1 448/1/1 472/1/1
f 486/2/1 479/2/1 478/2/1
f 487/3/1 480/3/1 479/3/1
f 487/2/1 479/2/1 486/2/1
f 488/2/1 481/2/1 480/2/1
f 488/3/1 480/3/1 487/3/1
f 489/2/1 481/2/1 488/2/1
f 490/2/1 481/2/1 489/2/1
f 491/2/1 481/2/1 490/2/1
f 492/1/1 483/1/1 482/1/1
f 493/1/1 483/1/1 492/1/1
f 494/3/1 475/3/1 474/3/1
f 495/3/1 475/3/1 494/3/1
f 496/3/1 487/3/1 486/3/1
f 496/3/1 488/3/1 487/3/1
f 496/3/1 489/3/1 488/3/1
f 497/2/1 490/2/1 489/2/1
f 497/3/1 489/3/1 496/3/1
f 498/4/1 495/4/1 494/4/1
f 499/3/1 475/3/1 495/3/1
f 499/4/1 495/4/1 498/4/1
f 500/3/1 475/3/1 499/3/1
f 501/1/1 477/1/1 476/1/1
f 502/1/1 477/1/1 501/1/1
f 503/2/1 497/2/1 496/2/1
f 504/2/1 490/2/1 497/2/1
f 504/2/1 497/2/1 503/2/1
f 504/3/1 491/3/1 490/3/1
f 505/2/1 481/2/1 491/2/1
f 505/3/1 491/3/1 504/3/1
f 506/2/1 481/2/1 505/2/1
f 507/1/1 492/1/1 482/1/1
f 508/3/1 493/3/1 492/3/1
f 508/1/1 492/1/1 507/1/1
f 509/1/1 483/1/1 493/1/1
f 509/3/1 493/3/1 508/3/1
f 510/1/1 483/1/1 509/1/1
f 511/3/1 485/3/1 484/3/1
f 512/3/1 485/3/1 511/3/1
f 513/3/1 485/3/1 512/3/1
f 518/11/1 515/11/1 514/11/1
f 519/11/1 515/11/1 518/11/1
f 540/11/1 517/11/1 516/11/1
f 541/11/1 517/11/1 540/11/1
f 542/10/1 521/10/1 520/10/1
f 542/10/1 522/10/1 521/10/1
f 543/11/1 523/11/1 522/11/1
f 543/10/1 522/10/1 542/10/1
f 544/12/1 524/12/1 523/12/1
f 544/11/1 523/11/1 543/11/1
f 545/11/1 525/11/1 524/11/1
f 545/12/1 524/12/1 544/12/1
f 546/10/1 526/10/1 525/10/1
f 546/11/1 525/11/1 545/11/1
f 547/11/1 527/11/1 526/11/1
f 547/10/1 526/10/1 546/10/1
f 547/11/1 528/11/1 527/11/1
f 548/10/1 529/10/1 528/10/1
f 548/11/1 528/11/1 547/11/1
f 548/10/1 530/10/1 529/10/1
f 548/10/1 531/10/1 530/10/1
f 549/11/1 535/11/1 534/11/1
f 549/10/1 531/10/1 548/10/1
f 549/11/1 532/11/1 531/11/1
f 549/11/1 534/11/1 533/11/1
f 549/11/1 533/11/1 532/11/1
f 550/12/1 538/12/1 537/12/1
f 550/11/1 535/11/1 549/11/1
f 550/12/1 537/12/1 536/12/1
f 550/12/1 536/12/1 535/12/1
f 551/10/1 539/10/1 538/10/1
f 551/12/1 538/12/1 550/12/1
f 552/10/1 539/10/1 551/10/1
f 561/5/1 554/5/1 553/5/1
f 562/5/1 554/5/1 561/5/1
f 563/5/1 556/5/1 555/5/1
f 564/5/1 556/5/1 563/5/1
f 565/5/1 558/5/1 557/5/1
f 566/5/1 558/5/1 565/5/1
f 567/5/1 560/5/1 559/5/1
f 568/7/1 562/7/1 561/7/1
f 569/7/1 562/7/1 568/7/1
f 570/5/1 560/5/1 567/5/1
f 574/9/1 569/9/1 568/9/1
f 575/9/1 569/9/1 574/9/1
f 577/9/1 564/9/1 563/9/1
f 578/9/1 564/9/1 577/9/1
f 584/9/1 566/9/1 565/9/1
f 585/9/1 566/9/1 584/9/1
f 588/5/1 560/5/1 570/5/1
f 589/5/1 560/5/1 588/5/1
f 592/5/1 572/5/1 571/5/1
f 593/9/1 573/9/1 572/9/1
f 593/5/1 572/5/1 592/5/1
f 594/9/1 573/9/1 593/9/1
f 595/7/1 574/7/1 573/7/1
f 595/9/1 573/9/1 594/9/1
f 596/9/1 575/9/1 574/9/1
f 596/7/1 574/7/1 595/7/1
f 597/7/1 576/7/1 575/7/1
f 597/9/1 575/9/1 596/9/1
f 598/9/1 577/9/1 576/9/1
f 598/7/1 576/7/1 597/7/1
f 598/9/1 578/9/1 577/9/1
f 598/9/1 579/9/1 578/9/1
f 599/9/1 579/9/1 598/9/1
f 600/9/1 579/9/1 599/9/1
f 601/9/1 579/9/1 600/9/1
f 602/7/1 580/7/1 579/7/1
f 602/9/1 579/9/1 601/9/1
f 603/7/1 580/7/1 602/7/1
f 604/9/1 581/9/1 580/9/1
f 604/7/1 580/7/1 603/7/1
f 604/9/1 582/9/1 581/9/1
f 605/9/1 582/9/1 604/9/1
f 606/9/1 582/9/1 605/9/1
f 607/7/1 583/7/1 582/7/1
f 607/9/1 582/9/1 606/9/1
f 608/9/1 584/9/1 583/9/1
f 608/7/1 583/7/1 607/7/1
f 608/9/1 585/9/1 584/9/1
f 608/9/1 586/9/1 585/9/1
f 609/7/1 587/7/1 586/7/1
f 609/9/1 586/9/1 608/9/1
f 610/9/1 588/9/1 587/9/1
f 610/7/1 587/7/1 609/7/1
f 611/9/1 588/9/1 610/9/1
f 612/7/1 589/7/1 588/7/1
f 612/9/1 588/9/1 611/9/1
f 613/5/1 590/5/1 589/5/1
f 613/7/1 589/7/1 612/7/1
f 614/7/1 591/7/1 590/7/1
f 614/5/1 590/5/1 613/5/1
f 615/7/1 591/7/1 614/7/1
f 616/5/1 599/5/1 598/5/1
f 617/5/1 599/5/1 616/5/1
f 618/7/1 610/7/1 609/7/1
f 619/7/1 617/7/1 616/7/1
f 620/5/1 606/5/1 605/5/1
f 621/5/1 606/5/1 620/5/1
f 622/7/1 618/7/1 609/7/1
f 623/7/1 618/7/1 622/7/1
f 625/5/1 594/5/1 593/5/1
f 626/5/1 594/5/1 625/5/1
f 630/7/1 619/7/1 616/7/1
f 631/7/1 619/7/1 630/7/1
f 635/7/1 621/7/1 620/7/1
f 636/7/1 621/7/1 635/7/1
f 639/5/1 623/5/1 622/5/1
f 640/5/1 623/5/1 639/5/1
f 645/5/1 625/5/1 624/5/1
f 646/7/1 626/7/1 625/7/1
f 646/5/1 625/5/1 645/5/1
f 647/5/1 627/5/1 626/5/1
f 647/7/1 626/7/1 646/7/1
f 648/7/1 628/7/1 627/7/1
f 648/5/1 627/5/1 647/5/1
f 649/7/1 628/7/1 648/7/1
f 650/5/1 629/5/1 628/5/1
f 650/7/1 628/7/1 649/7/1
f 651/7/1 630/7/1 629/7/1
f 651/5/1 629/5/1 650/5/1
f 651/7/1 631/7/1 630/7/1
f 652/5/1 632/5/1 631/5/1
f 652/7/1 631/7/1 651/7/1
f 653/9/1 633/9/1 632/9/1
f 653/5/1 632/5/1 652/5/1
f 654/9/1 633/9/1 653/9/1
f 655/9/1 633/9/1 654/9/1
f 656/5/1 634/5/1 633/5/1
f 656/9/1 633/9/1 655/9/1
f 657/7/1 635/7/1 634/7/1
f 657/5/1 634/5/1 656/5/1
f 658/9/1 639/9/1 638/9/1
f 658/7/1 635/7/1 657/7/1
f 658/9/1 638/9/1 637/9/1
f 658/9/1 636/9/1 635/9/1
f 658/9/1 637/9/1 636/9/1
f 659/9/1 639/9/1 658/9/1
f 660/9/1 639/9/1 659/9/1
f 661/7/1 640/7/1 639/7/1
f 661/9/1 639/9/1 660/9/1
f 662/9/1 641/9/1 640/9/1
f 662/7/1 640/7/1 661/7/1
f 662/9/1 642/9/1 641/9/1
f 663/7/1 643/7/1 642/7/1
f 663/9/1 642/9/1 662/9/1
f 664/7/1 643/7/1 663/7/1
f 665/9/1 644/9/1 643/9/1
f 665/7/1 643/7/1 664/7/1
f 666/9/1 644/9/1 665/9/1
f 667/5/1 660/5/1 659/5/1
f 668/5/1 660/5/1 667/5/1
f 669/5/1 664/5/1 663/5/1
f 670/5/1 664/5/1 669/5/1
f 671/7/1 655/7/1 654/7/1
f 672/7/1 655/7/1 671/7/1
f 673/7/1 670/7/1 669/7/1
f 677/7/1 649/7/1 648/7/1
f 678/7/1 649/7/1 677/7/1
f 684/5/1 672/5/1 671/5/1
f 685/5/1 672/5/1 684/5/1
f 688/7/1 668/7/1 667/7/1
f 689/7/1 668/7/1 688/7/1
f 693/7/1 670/7/1 673/7/1
f 694/7/1 670/7/1 693/7/1
f 697/5/1 675/5/1 674/5/1
f 698/9/1 676/9/1 675/9/1
f 698/5/1 675/5/1 697/5/1
f 699/5/1 677/5/1 676/5/1
f 699/9/1 676/9/1 698/9/1
f 700/5/1 677/5/1 699/5/1
f 701/9/1 678/9/1 677/9/1
f 701/5/1 677/5/1 700/5/1
f 701/9/1 679/9/1 678/9/1
f 702/7/1 680/7/1 679/7/1
f 702/9/1 679/9/1 701/9/1
f 702/7/1 681/7/1 680/7/1
f 703/9/1 682/9/1 681/9/1
f 703/7/1 681/7/1 702/7/1
f 704/5/1 683/5/1 682/5/1
f 704/9/1 682/9/1 703/9/1
f 704/5/1 684/5/1 683/5/1
f 704/5/1 685/5/1 684/5/1
f 705/5/1 685/5/1 704/5/1
f 706/5/1 685/5/1 705/5/1
f 707/9/1 686/9/1 685/9/1
f 707/5/1 685/5/1 706/5/1
f 708/9/1 686/9/1 707/9/1
f 709/9/1 686/9/1 708/9/1
f 710/9/1 686/9/1 709/9/1
f 711/7/1 687/7/1 686/7/1
f 711/9/1 686/9/1 710/9/1
f 712/9/1 688/9/1 687/9/1
f 712/7/1 687/7/1 711/7/1
f 712/9/1 689/9/1 688/9/1
f 712/9/1 690/9/1 689/9/1
f 713/9/1 690/9/1 712/9/1
f 714/7/1 691/7/1 690/7/1
f 714/9/1 690/9/1 713/9/1
f 715/9/1 694/9/1 693/9/1
f 715/7/1 691/7/1 714/7/1
f 715/9/1 692/9/1 691/9/1
f 715/9/1 693/9/1 692/9/1
f 716/9/1 694/9/1 715/9/1
f 717/9/1 694/9/1 716/9/1
f 718/5/1 695/5/1 694/5/1
f 718/9/1 694/9/1 717/9/1
f 719/7/1 696/7/1 695/7/1
f 719/5/1 695/5/1 718/5/1
f 720/7/1 696/7/1 719/7/1
f 721/5/1 700/5/1 699/5/1
f 722/5/1 700/5/1 721/5/1
f 723/5/1 706/5/1 705/5/1
f 724/5/1 706/5/1 723/5/1
f 725/5/1 710/5/1 709/5/1
f 726/5/1 710/5/1 725/5/1
f 727/5/1 717/5/1 716/5/1
f 728/5/1 717/5/1 727/5/1
f 729/7/1 724/7/1 723/7/1
f 730/7/1 724/7/1 729/7/1
f 731/7/1 726/7/1 725/7/1
f 734/7/1 722/7/1 721/7/1
f 735/7/1 722/7/1 734/7/1
f 740/5/1 730/5/1 729/5/1
f 741/5/1 730/5/1 740/5/1
f 745/7/1 726/7/1 731/7/1
f 746/7/1 726/7/1 745/7/1
f 752/7/1 728/7/1 727/7/1
f 753/7/1 728/7/1 752/7/1
f 757/9/1 733/9/1 732/9/1
f 758/5/1 734/5/1 733/5/1
f 758/9/1 733/9/1 757/9/1
f 759/7/1 735/7/1 734/7/1
f 759/5/1 734/5/1 758/5/1
f 760/9/1 736/9/1 735/9/1
f 760/7/1 735/7/1 759/7/1
f 760/9/1 737/9/1 736/9/1
f 761/7/1 738/7/1 737/7/1
f 761/9/1 737/9/1 760/9/1
f 762/9/1 739/9/1 738/9/1
f 762/7/1 738/7/1 761/7/1
f 762/9/1 740/9/1 739/9/1
f 762/9/1 741/9/1 740/9/1
f 762/9/1 742/9/1 741/9/1
f 763/9/1 742/9/1 762/9/1
f 764/9/1 742/9/1 763/9/1
f 765/7/1 744/7/1 743/7/1
f 765/9/1 742/9/1 764/9/1
f 765/7/1 743/7/1 742/7/1
f 766/7/1 744/7/1 765/7/1
f 767/7/1 744/7/1 766/7/1
f 768/7/1 744/7/1 767/7/1
f 769/5/1 745/5/1 744/5/1
f 769/7/1 744/7/1 768/7/1
f 770/7/1 746/7/1 745/7/1
f 770/5/1 745/5/1 769/5/1
f 770/7/1 747/7/1 746/7/1
f 771/5/1 748/5/1 747/5/1
f 771/7/1 747/7/1 770/7/1
f 772/7/1 749/7/1 748/7/1
f 772/5/1 748/5/1 771/5/1
f 773/9/1 750/9/1 749/9/1
f 773/7/1 749/7/1 772/7/1
f 774/9/1 750/9/1 773/9/1
f 775/7/1 751/7/1 750/7/1
f 775/9/1 750/9/1 774/9/1
f 776/9/1 752/9/1 751/9/1
f 776/7/1 751/7/1 775/7/1
f 777/5/1 753/5/1 752/5/1
f 777/9/1 752/9/1 776/9/1
f 778/9/1 754/9/1 753/9/1
f 778/5/1 753/5/1 777/5/1
f 779/7/1 755/7/1 754/7/1
f 779/9/1 754/9/1 778/9/1
f 780/7/1 755/7/1 779/7/1
f 781/5/1 756/5/1 755/5/1
f 781/7/1 755/7/1 780/7/1
f 782/5/1 756/5/1 781/5/1
f 783/5/1 762/5/1 761/5/1
f 784/5/1 762/5/1 783/5/1
f 785/5/1 775/5/1 774/5/1
f 786/5/1 775/5/1 785/5/1
f 787/7/1 767/7/1 766/7/1
f 788/7/1 767/7/1 787/7/1
f 791/7/1 784/7/1 783/7/1
f 792/7/1 784/7/1 791/7/1
f 794/5/1 788/5/1 787/5/1
f 795/5/1 788/5/1 794/5/1
f 800/7/1 786/7/1 785/7/1
f 801/7/1 786/7/1 800/7/1
f 805/7/1 780/7/1 779/7/1
f 806/7/1 780/7/1 805/7/1
f 809/9/1 790/9/1 789/9/1
f 810/7/1 791/7/1 790/7/1
f 810/9/1 790/9/1 809/9/1
f 811/7/1 791/7/1 810/7/1
f 812/7/1 791/7/1 811/7/1
f 813/7/1 791/7/1 812/7/1
f 814/5/1 792/5/1 791/5/1
f 814/7/1 791/7/1 813/7/1
f 815/7/1 793/7/1 792/7/1
f 815/5/1 792/5/1 814/5/1
f 816/7/1 793/7/1 815/7/1
f 817/9/1 794/9/1 793/9/1
f 817/7/1 793/7/1 816/7/1
f 818/9/1 794/9/1 817/9/1
f 819/7/1 795/7/1 794/7/1
f 819/9/1 794/9/1 818/9/1
f 820/5/1 796/5/1 795/5/1
f 820/7/1 795/7/1 819/7/1
f 821/7/1 797/7/1 796/7/1
f 821/5/1 796/5/1 820/5/1
f 822/9/1 798/9/1 797/9/1
f 822/7/1 797/7/1 821/7/1
f 823/7/1 799/7/1 798/7/1
f 823/9/1 798/9/1 822/9/1
f 823/7/1 800/7/1 799/7/1
f 824/7/1 800/7/1 823/7/1
f 825/9/1 801/9/1 800/9/1
f 825/7/1 800/7/1 824/7/1
f 825/9/1 802/9/1 801/9/1
f 826/7/1 804/7/1 803/7/1
f 826/9/1 802/9/1 825/9/1
f 826/7/1 803/7/1 802/7/1
f 827/7/1 804/7/1 826/7/1
f 828/9/1 808/9/1 807/9/1
f 828/7/1 804/7/1 827/7/1
f 828/9/1 805/9/1 804/9/1
f 828/9/1 806/9/1 805/9/1
f 828/9/1 807/9/1 806/9/1
f 829/9/1 808/9/1 828/9/1
f 830/9/1 808/9/1 829/9/1
f 831/5/1 818/5/1 817/5/1
f 832/5/1 818/5/1 831/5/1
f 833/5/1 824/5/1 823/5/1
f 834/5/1 824/5/1 833/5/1
f 835/5/1 828/5/1 827/5/1
f 836/5/1 828/5/1 835/5/1
f 837/8/1 812/8/1 811/8/1
f 838/8/1 812/8/1 837/8/1
f 839/7/1 836/7/1 835/7/1
f 842/5/1 838/5/1 837/5/1
f 843/5/1 838/5/1 842/5/1
f 848/7/1 832/7/1 831/7/1
f 849/7/1 832/7/1 848/7/1
f 855/7/1 834/7/1 833/7/1
f 856/7/1 834/7/1 855/7/1
f 861/7/1 839/7/1 835/7/1
f 862/7/1 839/7/1 861/7/1
f 867/9/1 841/9/1 840/9/1
f 868/7/1 842/7/1 841/7/1
f 868/9/1 841/9/1 867/9/1
f 868/7/1 843/7/1 842/7/1
f 869/9/1 844/9/1 843/9/1
f 869/7/1 843/7/1 868/7/1
f 869/9/1 845/9/1 844/9/1
f 869/9/1 846/9/1 845/9/1
f 870/9/1 846/9/1 869/9/1
f 871/9/1 846/9/1 870/9/1
f 872/7/1 847/7/1 846/7/1
f 872/9/1 846/9/1 871/9/1
f 873/5/1 848/5/1 847/5/1
f 873/7/1 847/7/1 872/7/1
f 874/9/1 849/9/1 848/9/1
f 874/5/1 848/5/1 873/5/1
f 874/9/1 850/9/1 849/9/1
f 875/7/1 851/7/1 850/7/1
f 875/9/1 850/9/1 874/9/1
f 876/7/1 851/7/1 875/7/1
f 877/9/1 852/9/1 851/9/1
f 877/7/1 851/7/1 876/7/1
f 878/7/1 853/7/1 852/7/1
f 878/9/1 852/9/1 877/9/1
f 879/9/1 854/9/1 853/9/1
f 879/7/1 853/7/1 878/7/1
f 880/7/1 855/7/1 854/7/1
f 880/9/1 854/9/1 879/9/1
f 880/7/1 856/7/1 855/7/1
f 880/7/1 857/7/1 856/7/1
f 881/9/1 858/9/1 857/9/1
f 881/7/1 857/7/1 880/7/1
f 882/7/1 859/7/1 858/7/1
f 882/9/1 858/9/1 881/9/1
f 883/9/1 860/9/1 859/9/1
f 883/7/1 859/7/1 882/7/1
f 884/7/1 862/7/1 861/7/1
f 884/9/1 860/9/1 883/9/1
f 884/7/1 861/7/1 860/7/1
f 884/7/1 863/7/1 862/7/1
f 885/9/1 864/9/1 863/9/1
f 885/7/1 863/7/1 884/7/1
f 886/9/1 864/9/1 885/9/1
f 887/7/1 865/7/1 864/7/1
f 887/9/1 864/9/1 886/9/1
f 888/9/1 866/9/1 865/9/1
f 888/7/1 865/7/1 887/7/1
f 889/9/1 866/9/1 888/9/1
f 890/7/1 871/7/1 870/7/1
f 891/7/1 871/7/1 890/7/1
f 892/5/1 883/5/1 882/5/1
f 893/5/1 883/5/1 892/5/1
f 894/7/1 887/7/1 886/7/1
f 895/7/1 887/7/1 894/7/1
f 898/9/1 891/9/1 890/9/1
f 899/9/1 891/9/1 898/9/1
f 904/9/1 877/9/1 876/9/1
f 905/9/1 877/9/1 904/9/1
f 911/7/1 893/7/1 892/7/1
f 912/7/1 893/7/1 911/7/1
f 916/5/1 895/5/1 894/5/1
f 917/5/1 895/5/1 916/5/1
f 920/5/1 897/5/1 896/5/1
f 921/5/1 897/5/1 920/5/1
f 922/9/1 898/9/1 897/9/1
f 922/5/1 897/5/1 921/5/1
f 923/7/1 899/7/1 898/7/1
f 923/9/1 898/9/1 922/9/1
f 924/5/1 900/5/1 899/5/1
f 924/7/1 899/7/1 923/7/1
f 924/5/1 901/5/1 900/5/1
f 925/9/1 902/9/1 901/9/1
f 925/5/1 901/5/1 924/5/1
f 926/5/1 903/5/1 902/5/1
f 926/9/1 902/9/1 925/9/1
f 927/7/1 904/7/1 903/7/1
f 927/5/1 903/5/1 926/5/1
f 928/9/1 905/9/1 904/9/1
f 928/7/1 904/7/1 927/7/1
f 928/9/1 906/9/1 905/9/1
f 929/9/1 906/9/1 928/9/1
f 930/7/1 907/7/1 906/7/1
f 930/9/1 906/9/1 929/9/1
f 931/9/1 908/9/1 907/9/1
f 931/7/1 907/7/1 930/7/1
f 932/7/1 909/7/1 908/7/1
f 932/9/1 908/9/1 931/9/1
f 933/9/1 910/9/1 909/9/1
f 933/7/1 909/7/1 932/7/1
f 933/9/1 911/9/1 910/9/1
f 933/9/1 912/9/1 911/9/1
f 933/9/1 913/9/1 912/9/1
f 934/7/1 914/7/1 913/7/1
f 934/9/1 913/9/1 933/9/1
f 935/9/1 915/9/1 914/9/1
f 935/7/1 914/7/1 934/7/1
f 936/7/1 916/7/1 915/7/1
f 936/9/1 915/9/1 935/9/1
f 937/9/1 917/9/1 916/9/1
f 937/7/1 916/7/1 936/7/1
f 938/7/1 918/7/1 917/7/1
f 938/9/1 917/9/1 937/9/1
f 939/4/1 919/4/1 918/4/1
f 939/7/1 918/7/1 938/7/1
f 940/4/1 919/4/1 939/4/1
f 941/5/1 922/5/1 921/5/1
f 942/5/1 922/5/1 941/5/1
f 943/5/1 927/5/1 926/5/1
f 944/5/1 927/5/1 943/5/1
f 945/7/1 942/7/1 941/7/1
f 946/7/1 942/7/1 945/7/1
f 947/7/1 944/7/1 943/7/1
f 948/7/1 944/7/1 947/7/1
f 949/7/1 933/7/1 932/7/1
f 950/7/1 933/7/1 949/7/1
f 951/7/1 936/7/1 935/7/1
f 952/7/1 936/7/1 951/7/1
f 953/10/1 946/10/1 945/10/1
f 954/10/1 946/10/1 953/10/1
f 955/10/1 948/10/1 947/10/1
f 956/10/1 948/10/1 955/10/1
f 957/10/1 950/10/1 949/10/1
f 958/10/1 950/10/1 957/10/1
f 959/10/1 952/10/1 951/10/1
f 960/10/1 952/10/1 959/10/1
f 965/12/1 962/12/1 961/12/1
f 966/12/1 962/12/1 965/12/1
f 967/10/1 964/10/1 963/10/1
f 968/10/1 964/10/1 967/10/1
f 971/3/1 970/3/1 969/3/1
f 972/3/1 971/3/1 969/3/1
f 973/3/1 971/3/1 972/3/1
f 976/1/1 975/1/1 974/1/1
f 977/1/1 975/1/1 976/1/1
f 978/1/1 975/1/1 977/1/1
f 981/1/1 980/1/1 979/1/1
f 982/1/1 981/1/1 979/1/1
f 983/1/1 981/1/1 982/1/1
f 986/1/1 985/1/1 984/1/1
f 987/1/1 985/1/1 986/1/1
f 990/1/1 989/1/1 988/1/1
f 991/1/1 989/1/1 990/1/1
f 992/4/1 991/4/1 990/4/1
f 993/4/1 991/4/1 992/4/1
f 994/1/1 993/1/1 992/1/1
f 995/1/1 993/1/1 994/1/1
f 998/2/1 997/2/1 996/2/1
f 999/2/1 997/2/1 998/2/1
f 1000/2/1 997/2/1 999/2/1
f 1003/4/1 1002/4/1 1001/4/1
f 1004/4/1 1003/4/1 1001/4/1
f 1005/4/1 1003/4/1 1004/4/1
f 1006/3/1 1005/3/1 1004/3/1
f 1007/3/1 1005/3/1 1006/3/1
f 1010/3/1 1009/3/1 1008/3/1
f 1011/3/1 1009/3/1 1010/3/1
f 1012/3/1 1009/3/1 1011/3/1
f 1013/3/1 1009/3/1 1012/3/1
f 1016/1/1 1015/1/1 1014/1/1
f 1017/1/1 1015/1/1 1016/1/1
f 1018/1/1 1015/1/1 1017/1/1
f 1021/3/1 1020/3/1 1019/3/1
f 1022/3/1 1021/3/1 1019/3/1
f 1023/3/1 1021/3/1 1022/3/1
f 1026/3/1 1025/3/1 1024/3/1
f 1027/3/1 1025/3/1 1026/3/1
f 1028/3/1 1025/3/1 1027/3/1
f 1029/3/1 1025/3/1 1028/3/1
f 1032/1/1 1031/1/1 1030/1/1
f 1033/1/1 1032/1/1 1030/1/1
f 1034/1/1 1033/1/1 1030/1/1
f 1035/1/1 1033/1/1 1034/1/1
f 1038/1/1 1037/1/1 1036/1/1
f 1039/1/1 1037/1/1 1038/1/1
f 1040/4/1 1039/4/1 1038/4/1
f 1041/4/1 1039/4/1 1040/4/1
f 1042/1/1 1041/1/1 1040/1/1
f 1043/1/1 1041/1/1 1042/1/1
f 1046/1/1 1045/1/1 1044/1/1
f 1047/1/1 1046/1/1 1044/1/1
f 1048/1/1 1046/1/1 1047/1/1
f 1051/4/1 1050/4/1 1049/4/1
f 1052/4/1 1050/4/1 1051/4/1
f 1053/4/1 1050/4/1 1052/4/1
f 1054/1/1 1053/1/1 1052/1/1
f 1055/1/1 1053/1/1 1054/1/1
f 1058/1/1 1057/1/1 1056/1/1
f 1059/1/1 1058/1/1 1056/1/1
f 1060/1/1 1059/1/1 1056/1/1
f 1061/1/1 1059/1/1 1060/1/1
f 1062/1/2 1063/1/2 1064/1/2
f 1064/1/2 1063/1/2 1065/1/2
f 1064/2/2 1065/2/2 1066/2/2
f 1066/2/2 1065/2/2 1067/2/2
f 1068/1/2 1069/1/2 1070/1/2
f 1070/1/2 1069/1/2 1071/1/2
f 1071/1/2 1069/1/2 1072/1/2
f 1073/1/2 1074/1/2 1075/1/2
f 1073/1/2 1075/1/2 1076/1/2
f 1076/1/2 1075/1/2 1077/1/2
f 1078/3/2 1079/3/2 1080/3/2
f 1080/3/2 1079/3/2 1081/3/2
f 1082/3/2 1083/3/2 1084/3/2
f 1082/3/2 1084/3/2 1085/3/2
f 1085/3/2 1084/3/2 1086/3/2
f 1087/1/2 1088/1/2 1089/1/2
f 1089/1/2 1088/1/2 1090/1/2
f 1089/4/2 1090/4/2 1091/4/2
f 1091/4/2 1090/4/2 1092/4/2
f 1091/1/2 1092/1/2 1093/1/2
f 1093/1/2 1092/1/2 1094/1/2
f 1095/1/2 1096/1/2 1097/1/2
f 1095/1/2 1097/1/2 1098/1/2
f 1098/1/2 1097/1/2 1099/1/2
f 1100/3/2 1101/3/2 1102/3/2
f 1102/3/2 1101/3/2 1103/3/2
f 1103/3/2 1101/3/2 1104/3/2
f 1104/3/2 1101/3/2 1105/3/2
f 1106/3/2 1107/3/2 1108/3/2
f 1108/3/2 1107/3/2 1109/3/2
f 1109/3/2 1107/3/2 1110/3/2
f 1111/2/2 1112/2/2 1113/2/2
f 1111/2/2 1113/2/2 1114/2/2
f 1114/2/2 1113/2/2 1115/2/2
f 1116/1/2 1117/1/2 1118/1/2
f 1118/1/2 1117/1/2 1119/1/2
f 1119/1/2 1117/1/2 1120/1/2
f 1120/1/2 1117/1/2 1121/1/2
f 1122/3/2 1123/3/2 1124/3/2
f 1122/3/2 1124/3/2 1125/3/2
f 1122/3/2 1125/3/2 1126/3/2
f 1126/3/2 1125/3/2 1127/3/2
f 1128/1/2 1129/1/2 1130/1/2
f 1130/1/2 1129/1/2 1131/1/2
f 1132/1/2 1133/1/2 1134/1/2
f 1132/1/2 1134/1/2 1135/1/2
f 1135/1/2 1134/1/2 1136/1/2
f 1137/1/2 1138/1/2 1139/1/2
f 1139/1/2 1138/1/2 1140/1/2
f 1140/1/2 1138/1/2 1141/1/2
f 1142/3/2 1143/3/2 1144/3/2
f 1142/3/2 1144/3/2 1145/3/2
f 1142/3/2 1145/3/2 1146/3/2
f 1146/3/2 1145/3/2 1147/3/2
f 1148/5/2 1149/5/2 1156/5/2
f 1156/5/2 1149/5/2 1157/5/2
f 1150/5/2 1151/5/2 1158/5/2
f 1158/5/2 1151/5/2 1159/5/2
f 1154/7/2 1155/7/2 1160/7/2
f 1160/7/2 1155/7/2 1161/7/2
f 1161/7/2 1155/7/2 1162/7/2
f 1156/7/2 1157/7/2 1165/7/2
f 1165/7/2 1157/7/2 1166/7/2
f 1158/7/2 1159/7/2 1170/7/2
f 1170/7/2 1159/7/2 1171/7/2
f 1152/5/2 1153/5/2 1173/5/2
f 1173/5/2 1153/5/2 1174/5/2
f 1161/5/2 1162/5/2 1176/5/2
f 1176/5/2 1162/5/2 1177/5/2
f 1163/7/2 1164/7/2 1182/7/2
f 1164/9/2 1165/9/2 1183/9/2
f 1182/7/2 1164/7/2 1183/7/2
f 1165/9/2 1166/9/2 1183/9/2
f 1166/5/2 1167/5/2 1184/5/2
f 1183/9/2 1166/9/2 1184/9/2
f 1167/7/2 1168/7/2 1185/7/2
f 1184/5/2 1167/5/2 1185/5/2
f 1185/7/2 1168/7/2 1186/7/2
f 1168/9/2 1169/9/2 1187/9/2
f 1186/7/2 1168/7/2 1187/7/2
f 1169/9/2 1170/9/2 1187/9/2
f 1187/9/2 1170/9/2 1188/9/2
f 1170/7/2 1171/7/2 1189/7/2
f 1188/9/2 1170/9/2 1189/9/2
f 1171/9/2 1172/9/2 1190/9/2
f 1189/7/2 1171/7/2 1190/7/2
f 1190/9/2 1172/9/2 1191/9/2
f 1191/9/2 1172/9/2 1192/9/2
f 1172/7/2 1173/7/2 1193/7/2
f 1192/9/2 1172/9/2 1193/9/2
f 1173/7/2 1174/7/2 1193/7/2
f 1174/9/2 1175/9/2 1194/9/2
f 1193/7/2 1174/7/2 1194/7/2
f 1175/9/2 1176/9/2 1194/9/2
f 1194/9/2 1176/9/2 1195/9/2
f 1195/9/2 1176/9/2 1196/9/2
f 1196/9/2 1176/9/2 1197/9/2
f 1176/7/2 1177/7/2 1198/7/2
f 1197/9/2 1176/9/2 1198/9/2
f 1177/5/2 1178/5/2 1199/5/2
f 1198/7/2 1177/7/2 1199/7/2
f 1179/7/2 1180/7/2 1200/7/2
f 1199/5/2 1178/5/2 1200/5/2
f 1178/7/2 1179/7/2 1200/7/2
f 1200/7/2 1180/7/2 1201/7/2
f 1180/9/2 1181/9/2 1202/9/2
f 1201/7/2 1180/7/2 1202/7/2
f 1202/9/2 1181/9/2 1203/9/2
f 1186/5/2 1187/5/2 1204/5/2
f 1204/5/2 1187/5/2 1205/5/2
f 1191/5/2 1192/5/2 1206/5/2
f 1206/5/2 1192/5/2 1207/5/2
f 1200/5/2 1201/5/2 1208/5/2
f 1208/5/2 1201/5/2 1209/5/2
f 1206/7/2 1207/7/2 1210/7/2
f 1210/7/2 1207/7/2 1211/7/2
f 1196/7/2 1197/7/2 1212/7/2
f 1212/7/2 1197/7/2 1213/7/2
f 1208/7/2 1209/7/2 1214/7/2
f 1204/7/2 1205/7/2 1217/7/2
f 1217/7/2 1205/7/2 1218/7/2
f 1210/5/2 1211/5/2 1222/5/2
f 1222/5/2 1211/5/2 1223/5/2
f 1212/5/2 1213/5/2 1229/5/2
f 1229/5/2 1213/5/2 1230/5/2
f 1208/7/2 1214/7/2 1234/7/2
f 1234/7/2 1214/7/2 1235/7/2
f 1215/5/2 1216/5/2 1238/5/2
f 1216/9/2 1217/9/2 1239/9/2
f 1238/5/2 1216/5/2 1239/5/2
f 1217/9/2 1218/9/2 1239/9/2
f 1218/9/2 1219/9/2 1239/9/2
f 1239/9/2 1219/9/2 1240/9/2
f 1240/9/2 1219/9/2 1241/9/2
f 1241/9/2 1219/9/2 1242/9/2
f 1242/9/2 1219/9/2 1243/9/2
f 1220/7/2 1221/7/2 1244/7/2
f 1243/9/2 1219/9/2 1244/9/2
f 1219/7/2 1220/7/2 1244/7/2
f 1244/7/2 1221/7/2 1245/7/2
f 1221/9/2 1222/9/2 1246/9/2
f 1245/7/2 1221/7/2 1246/7/2
f 1222/9/2 1223/9/2 1246/9/2
f 1223/9/2 1224/9/2 1246/9/2
f 1246/9/2 1224/9/2 1247/9/2
f 1224/7/2 1225/7/2 1248/7/2
f 1247/9/2 1224/9/2 1248/9/2
f 1227/9/2 1228/9/2 1249/9/2
f 1248/7/2 1225/7/2 1249/7/2
f 1225/9/2 1226/9/2 1249/9/2
f 1226/9/2 1227/9/2 1249/9/2
f 1249/9/2 1228/9/2 1250/9/2
f 1250/9/2 1228/9/2 1251/9/2
f 1228/7/2 1229/7/2 1252/7/2
f 1251/9/2 1228/9/2 1252/9/2
f 1229/7/2 1230/7/2 1252/7/2
f 1230/7/2 1231/7/2 1252/7/2
f 1252/7/2 1231/7/2 1253/7/2
f 1253/7/2 1231/7/2 1254/7/2
f 1231/5/2 1232/5/2 1255/5/2
f 1254/7/2 1231/7/2 1255/7/2
f 1232/9/2 1233/9/2 1256/9/2
f 1255/5/2 1232/5/2 1256/5/2
f 1233/9/2 1234/9/2 1256/9/2
f 1256/9/2 1234/9/2 1257/9/2
f 1257/9/2 1234/9/2 1258/9/2
f 1234/7/2 1235/7/2 1259/7/2
f 1258/9/2 1234/9/2 1259/9/2
f 1235/9/2 1236/9/2 1260/9/2
f 1259/7/2 1235/7/2 1260/7/2
f 1236/7/2 1237/7/2 1261/7/2
f 1260/9/2 1236/9/2 1261/9/2
f 1261/7/2 1237/7/2 1262/7/2
f 1240/5/2 1241/5/2 1263/5/2
f 1263/5/2 1241/5/2 1264/5/2
f 1244/7/2 1245/7/2 1265/7/2
f 1250/5/2 1251/5/2 1266/5/2
f 1266/5/2 1251/5/2 1267/5/2
f 1256/5/2 1257/5/2 1268/5/2
f 1268/5/2 1257/5/2 1269/5/2
f 1263/7/2 1264/7/2 1270/7/2
f 1270/7/2 1264/7/2 1271/7/2
f 1265/7/2 1245/7/2 1272/7/2
f 1272/7/2 1245/7/2 1273/7/2
f 1266/7/2 1267/7/2 1274/7/2
f 1268/7/2 1269/7/2 1275/7/2
f 1275/7/2 1269/7/2 1276/7/2
f 1270/5/2 1271/5/2 1278/5/2
f 1278/5/2 1271/5/2 1279/5/2
f 1272/5/2 1273/5/2 1281/5/2
f 1281/5/2 1273/5/2 1282/5/2
f 1274/7/2 1267/7/2 1288/7/2
f 1288/7/2 1267/7/2 1289/7/2
f 1275/5/2 1276/5/2 1295/5/2
f 1295/5/2 1276/5/2 1296/5/2
f 1279/7/2 1280/7/2 1301/7/2
f 1277/7/2 1278/7/2 1301/7/2
f 1278/7/2 1279/7/2 1301/7/2
f 1280/9/2 1281/9/2 1302/9/2
f 1301/7/2 1280/7/2 1302/7/2
f 1281/9/2 1282/9/2 1302/9/2
f 1282/9/2 1283/9/2 1302/9/2
f 1302/9/2 1283/9/2 1303/9/2
f 1303/9/2 1283/9/2 1304/9/2
f 1283/7/2 1284/7/2 1305/7/2
f 1304/9/2 1283/9/2 1305/9/2
f 1284/9/2 1285/9/2 1306/9/2
f 1305/7/2 1284/7/2 1306/7/2
f 1285/9/2 1286/9/2 1306/9/2
f 1306/9/2 1286/9/2 1307/9/2
f 1286/7/2 1287/7/2 1308/7/2
f 1307/9/2 1286/9/2 1308/9/2
f 1308/7/2 1287/7/2 1309/7/2
f 1287/9/2 1288/9/2 1310/9/2
f 1309/7/2 1287/7/2 1310/7/2
f 1288/9/2 1289/9/2 1310/9/2
f 1289/9/2 1290/9/2 1310/9/2
f 1310/9/2 1290/9/2 1311/9/2
f 1290/7/2 1291/7/2 1312/7/2
f 1311/9/2 1290/9/2 1312/9/2
f 1291/7/2 1292/7/2 1312/7/2
f 1312/7/2 1292/7/2 1313/7/2
f 1292/9/2 1293/9/2 1314/9/2
f 1313/7/2 1292/7/2 1314/7/2
f 1293/7/2 1294/7/2 1315/7/2
f 1314/9/2 1293/9/2 1315/9/2
f 1294/9/2 1295/9/2 1316/9/2
f 1315/7/2 1294/7/2 1316/7/2
f 1295/5/2 1296/5/2 1317/5/2
f 1316/9/2 1295/9/2 1317/9/2
f 1296/7/2 1297/7/2 1318/7/2
f 1317/5/2 1296/5/2 1318/5/2
f 1297/9/2 1298/9/2 1319/9/2
f 1318/7/2 1297/7/2 1319/7/2
f 1319/9/2 1298/9/2 1320/9/2
f 1298/7/2 1299/7/2 1321/7/2
f 1320/9/2 1298/9/2 1321/9/2
f 1299/5/2 1300/5/2 1322/5/2
f 1321/7/2 1299/7/2 1322/7/2
f 1322/5/2 1300/5/2 1323/5/2
f 1302/5/2 1303/5/2 1324/5/2
f 1314/5/2 1315/5/2 1325/5/2
f 1325/5/2 1315/5/2 1326/5/2
f 1324/5/2 1303/5/2 1327/5/2
f 1327/5/2 1303/5/2 1328/5/2
f 1325/7/2 1326/7/2 1329/7/2
f 1329/7/2 1326/7/2 1330/7/2
f 1327/7/2 1328/7/2 1335/7/2
f 1335/7/2 1328/7/2 1336/7/2
f 1306/7/2 1307/7/2 1340/7/2
f 1340/7/2 1307/7/2 1341/7/2
f 1329/5/2 1330/5/2 1347/5/2
f 1347/5/2 1330/5/2 1348/5/2
f 1320/7/2 1321/7/2 1353/7/2
f 1353/7/2 1321/7/2 1354/7/2
f 1331/7/2 1332/7/2 1357/7/2
f 1332/7/2 1333/7/2 1357/7/2
f 1357/7/2 1333/7/2 1358/7/2
f 1333/5/2 1334/5/2 1359/5/2
f 1358/7/2 1333/7/2 1359/7/2
f 1334/7/2 1335/7/2 1360/7/2
f 1359/5/2 1334/5/2 1360/5/2
f 1335/7/2 1336/7/2 1360/7/2
f 1336/5/2 1337/5/2 1361/5/2
f 1360/7/2 1336/7/2 1361/7/2
f 1337/9/2 1338/9/2 1362/9/2
f 1361/5/2 1337/5/2 1362/5/2
f 1338/7/2 1339/7/2 1363/7/2
f 1362/9/2 1338/9/2 1363/9/2
f 1339/9/2 1340/9/2 1364/9/2
f 1363/7/2 1339/7/2 1364/7/2
f 1340/9/2 1341/9/2 1364/9/2
f 1341/9/2 1342/9/2 1364/9/2
f 1364/9/2 1342/9/2 1365/9/2
f 1342/5/2 1343/5/2 1366/5/2
f 1365/9/2 1342/9/2 1366/9/2
f 1343/9/2 1344/9/2 1367/9/2
f 1366/5/2 1343/5/2 1367/5/2
f 1344/9/2 1345/9/2 1367/9/2
f 1345/7/2 1346/7/2 1368/7/2
f 1367/9/2 1345/9/2 1368/9/2
f 1346/7/2 1347/7/2 1368/7/2
f 1368/7/2 1347/7/2 1369/7/2
f 1369/7/2 1347/7/2 1370/7/2
f 1347/9/2 1348/9/2 1371/9/2
f 1370/7/2 1347/7/2 1371/7/2
f 1348/7/2 1349/7/2 1372/7/2
f 1371/9/2 1348/9/2 1372/9/2
f 1349/7/2 1350/7/2 1372/7/2
f 1350/9/2 1351/9/2 1373/9/2
f 1372/7/2 1350/7/2 1373/7/2
f 1351/7/2 1352/7/2 1374/7/2
f 1373/9/2 1351/9/2 1374/9/2
f 1374/7/2 1352/7/2 1375/7/2
f 1354/9/2 1355/9/2 1376/9/2
f 1375/7/2 1352/7/2 1376/7/2
f 1353/9/2 1354/9/2 1376/9/2
f 1352/9/2 1353/9/2 1376/9/2
f 1376/9/2 1355/9/2 1377/9/2
f 1355/7/2 1356/7/2 1378/7/2
f 1377/9/2 1355/9/2 1378/9/2
f 1378/7/2 1356/7/2 1379/7/2
f 1359/5/2 1360/5/2 1380/5/2
f 1380/5/2 1360/5/2 1381/5/2
f 1364/7/2 1365/7/2 1382/7/2
f 1369/5/2 1370/5/2 1383/5/2
f 1383/5/2 1370/5/2 1384/5/2
f 1374/5/2 1375/5/2 1385/5/2
f 1385/5/2 1375/5/2 1386/5/2
f 1364/7/2 1382/7/2 1387/7/2
f 1387/7/2 1382/7/2 1388/7/2
f 1380/7/2 1381/7/2 1390/7/2
f 1390/7/2 1381/7/2 1391/7/2
f 1387/5/2 1388/5/2 1394/5/2
f 1394/5/2 1388/5/2 1395/5/2
f 1383/7/2 1384/7/2 1399/7/2
f 1399/7/2 1384/7/2 1400/7/2
f 1385/7/2 1386/7/2 1406/7/2
f 1406/7/2 1386/7/2 1407/7/2
f 1389/7/2 1390/7/2 1412/7/2
f 1392/9/2 1393/9/2 1413/9/2
f 1412/7/2 1390/7/2 1413/7/2
f 1390/9/2 1391/9/2 1413/9/2
f 1391/9/2 1392/9/2 1413/9/2
f 1393/9/2 1394/9/2 1413/9/2
f 1413/9/2 1394/9/2 1414/9/2
f 1414/9/2 1394/9/2 1415/9/2
f 1415/9/2 1394/9/2 1416/9/2
f 1394/7/2 1395/7/2 1417/7/2
f 1416/9/2 1394/9/2 1417/9/2
f 1395/9/2 1396/9/2 1418/9/2
f 1417/7/2 1395/7/2 1418/7/2
f 1396/7/2 1397/7/2 1419/7/2
f 1418/9/2 1396/9/2 1419/9/2
f 1419/7/2 1397/7/2 1420/7/2
f 1397/5/2 1398/5/2 1421/5/2
f 1420/7/2 1397/7/2 1421/7/2
f 1398/9/2 1399/9/2 1422/9/2
f 1421/5/2 1398/5/2 1422/5/2
f 1399/9/2 1400/9/2 1422/9/2
f 1400/9/2 1401/9/2 1422/9/2
f 1401/9/2 1402/9/2 1422/9/2
f 1402/7/2 1403/7/2 1423/7/2
f 1422/9/2 1402/9/2 1423/9/2
f 1403/7/2 1404/7/2 1423/7/2
f 1423/7/2 1404/7/2 1424/7/2
f 1404/9/2 1405/9/2 1425/9/2
f 1424/7/2 1404/7/2 1425/7/2
f 1406/7/2 1407/7/2 1426/7/2
f 1425/9/2 1405/9/2 1426/9/2
f 1407/7/2 1408/7/2 1426/7/2
f 1405/7/2 1406/7/2 1426/7/2
f 1426/7/2 1408/7/2 1427/7/2
f 1427/7/2 1408/7/2 1428/7/2
f 1408/9/2 1409/9/2 1429/9/2
f 1428/7/2 1408/7/2 1429/7/2
f 1409/7/2 1410/7/2 1430/7/2
f 1429/9/2 1409/9/2 1430/9/2
f 1410/9/2 1411/9/2 1431/9/2
f 1430/7/2 1410/7/2 1431/7/2
f 1431/9/2 1411/9/2 1432/9/2
f 1414/5/2 1415/5/2 1433/5/2
f 1433/5/2 1415/5/2 1434/5/2
f 1419/7/2 1420/7/2 1435/7/2
f 1423/5/2 1424/5/2 1436/5/2
f 1436/5/2 1424/5/2 1437/5/2
f 1429/7/2 1430/7/2 1438/7/2
f 1435/7/2 1420/7/2 1439/7/2
f 1438/7/2 1430/7/2 1440/7/2
f 1440/7/2 1430/7/2 1441/7/2
f 1433/7/2 1434/7/2 1445/7/2
f 1445/7/2 1434/7/2 1446/7/2
f 1439/7/2 1420/7/2 1449/7/2
f 1449/7/2 1420/7/2 1450/7/2
f 1436/7/2 1437/7/2 1456/7/2
f 1456/7/2 1437/7/2 1457/7/2
f 1440/5/2 1441/5/2 1461/5/2
f 1461/5/2 1441/5/2 1462/5/2
f 1443/7/2 1444/7/2 1465/7/2
f 1442/7/2 1443/7/2 1465/7/2
f 1465/7/2 1444/7/2 1466/7/2
f 1466/7/2 1444/7/2 1467/7/2
f 1467/7/2 1444/7/2 1468/7/2
f 1447/9/2 1448/9/2 1469/9/2
f 1468/7/2 1444/7/2 1469/7/2
f 1444/9/2 1445/9/2 1469/9/2
f 1445/9/2 1446/9/2 1469/9/2
f 1446/9/2 1447/9/2 1469/9/2
f 1448/9/2 1449/9/2 1469/9/2
f 1449/9/2 1450/9/2 1469/9/2
f 1450/9/2 1451/9/2 1469/9/2
f 1451/9/2 1452/9/2 1469/9/2
f 1469/9/2 1452/9/2 1470/9/2
f 1470/9/2 1452/9/2 1471/9/2
f 1471/9/2 1452/9/2 1472/9/2
f 1472/9/2 1452/9/2 1473/9/2
f 1473/9/2 1452/9/2 1474/9/2
f 1452/5/2 1453/5/2 1475/5/2
f 1474/9/2 1452/9/2 1475/9/2
f 1453/7/2 1454/7/2 1476/7/2
f 1475/5/2 1453/5/2 1476/5/2
f 1454/9/2 1455/9/2 1477/9/2
f 1476/7/2 1454/7/2 1477/7/2
f 1455/7/2 1456/7/2 1478/7/2
f 1477/9/2 1455/9/2 1478/9/2
f 1456/5/2 1457/5/2 1479/5/2
f 1478/7/2 1456/7/2 1479/7/2
f 1457/7/2 1458/7/2 1480/7/2
f 1479/5/2 1457/5/2 1480/5/2
f 1480/7/2 1458/7/2 1481/7/2
f 1458/5/2 1459/5/2 1482/5/2
f 1481/7/2 1458/7/2 1482/7/2
f 1459/9/2 1460/9/2 1483/9/2
f 1482/5/2 1459/5/2 1483/5/2
f 1483/9/2 1460/9/2 1484/9/2
f 1461/7/2 1462/7/2 1485/7/2
f 1484/9/2 1460/9/2 1485/9/2
f 1460/7/2 1461/7/2 1485/7/2
f 1485/7/2 1462/7/2 1486/7/2
f 1462/5/2 1463/5/2 1487/5/2
f 1486/7/2 1462/7/2 1487/7/2
f 1463/9/2 1464/9/2 1488/9/2
f 1487/5/2 1463/5/2 1488/5/2
f 1488/9/2 1464/9/2 1489/9/2
f 1466/5/2 1467/5/2 1490/5/2
f 1476/5/2 1477/5/2 1491/5/2
f 1466/5/2 1490/5/2 1492/5/2
f 1476/5/2 1491/5/2 1493/5/2
f 1466/5/2 1492/5/2 1495/5/2
f 1495/5/2 1492/5/2 1496/5/2
f 1471/5/2 1472/5/2 1501/5/2
f 1501/5/2 1472/5/2 1502/5/2
f 1476/5/2 1493/5/2 1506/5/2
f 1506/5/2 1493/5/2 1507/5/2
f 1483/5/2 1484/5/2 1511/5/2
f 1511/5/2 1484/5/2 1512/5/2
f 1494/9/2 1495/9/2 1517/9/2
f 1495/9/2 1496/9/2 1517/9/2
f 1496/9/2 1497/9/2 1517/9/2
f 1517/9/2 1497/9/2 1518/9/2
f 1518/9/2 1497/9/2 1519/9/2
f 1497/7/2 1498/7/2 1520/7/2
f 1519/9/2 1497/9/2 1520/9/2
f 1498/9/2 1499/9/2 1521/9/2
f 1520/7/2 1498/7/2 1521/7/2
f 1499/5/2 1500/5/2 1522/5/2
f 1521/9/2 1499/9/2 1522/9/2
f 1500/9/2 1501/9/2 1523/9/2
f 1522/5/2 1500/5/2 1523/5/2
f 1501/9/2 1502/9/2 1523/9/2
f 1523/9/2 1502/9/2 1524/9/2
f 1502/7/2 1503/7/2 1525/7/2
f 1524/9/2 1502/9/2 1525/9/2
f 1503/9/2 1504/9/2 1526/9/2
f 1525/7/2 1503/7/2 1526/7/2
f 1526/9/2 1504/9/2 1527/9/2
f 1504/7/2 1505/7/2 1528/7/2
f 1527/9/2 1504/9/2 1528/9/2
f 1506/9/2 1507/9/2 1529/9/2
f 1528/7/2 1505/7/2 1529/7/2
f 1505/9/2 1506/9/2 1529/9/2
f 1507/9/2 1508/9/2 1529/9/2
f 1529/9/2 1508/9/2 1530/9/2
f 1509/7/2 1510/7/2 1531/7/2
f 1530/9/2 1508/9/2 1531/9/2
f 1508/7/2 1509/7/2 1531/7/2
f 1510/7/2 1511/7/2 1531/7/2
f 1511/7/2 1512/7/2 1531/7/2
f 1531/7/2 1512/7/2 1532/7/2
f 1532/7/2 1512/7/2 1533/7/2
f 1533/7/2 1512/7/2 1534/7/2
f 1534/7/2 1512/7/2 1535/7/2
f 1512/5/2 1513/5/2 1536/5/2
f 1535/7/2 1512/7/2 1536/7/2
f 1514/7/2 1515/7/2 1537/7/2
f 1536/5/2 1513/5/2 1537/5/2
f 1513/7/2 1514/7/2 1537/7/2
f 1537/7/2 1515/7/2 1538/7/2
f 1538/7/2 1515/7/2 1539/7/2
f 1515/9/2 1516/9/2 1540/9/2
f 1539/7/2 1515/7/2 1540/7/2
f 1540/9/2 1516/9/2 1541/9/2
f 1521/9/2 1522/9/2 1542/9/2
f 1542/9/2 1522/9/2 1543/9/2
f 1527/9/2 1528/9/2 1544/9/2
f 1544/9/2 1528/9/2 1545/9/2
f 1542/5/2 1543/5/2 1546/5/2
f 1546/5/2 1543/5/2 1547/5/2
f 1544/7/2 1545/7/2 1548/7/2
f 1548/7/2 1545/7/2 1549/7/2
f 1533/9/2 1534/9/2 1550/9/2
f 1550/9/2 1534/9/2 1551/9/2
f 1538/7/2 1539/7/2 1552/7/2
f 1552/7/2 1539/7/2 1553/7/2
f 1546/10/2 1547/10/2 1554/10/2
f 1554/10/2 1547/10/2 1555/10/2
f 1548/10/2 1549/10/2 1556/10/2
f 1556/10/2 1549/10/2 1557/10/2
f 1550/10/2 1551/10/2 1558/10/2
f 1558/10/2 1551/10/2 1559/10/2
f 1552/10/2 1553/10/2 1560/10/2
f 1560/10/2 1553/10/2 1561/10/2
f 1562/10/2 1563/10/2 1566/10/2
f 1566/10/2 1563/10/2 1567/10/2
f 1564/11/2 1565/11/2 1568/11/2
f 1568/11/2 1565/11/2 1569/11/2
f 1573/1/2 1574/1/2 1592/1/2
f 1574/1/2 1575/1/2 1592/1/2
f 1575/4/2 1576/4/2 1593/4/2
f 1592/1/2 1575/1/2 1593/1/2
f 1578/3/2 1579/3/2 1594/3/2
f 1579/3/2 1580/3/2 1594/3/2
f 1580/3/2 1581/3/2 1594/3/2
f 1581/3/2 1582/3/2 1594/3/2
f 1594/3/2 1582/3/2 1595/3/2
f 1583/1/2 1584/1/2 1596/1/2
f 1584/1/2 1585/1/2 1596/1/2
f 1585/1/2 1586/1/2 1596/1/2
f 1586/4/2 1587/4/2 1597/4/2
f 1596/1/2 1586/1/2 1597/1/2
f 1587/1/2 1588/1/2 1598/1/2
f 1597/4/2 1587/4/2 1598/4/2
f 1598/1/2 1588/1/2 1599/1/2
f 1590/1/2 1591/1/2 1600/1/2
f 1589/1/2 1590/1/2 1600/1/2
f 1600/1/2 1591/1/2 1601/1/2
f 1601/1/2 1591/1/2 1602/1/2
f 1602/1/2 1591/1/2 1603/1/2
f 1573/1/2 1592/1/2 1604/1/2
f 1592/4/2 1593/4/2 1604/4/2
f 1604/4/2 1593/4/2 1605/4/2
f 1593/4/2 1576/4/2 1606/4/2
f 1605/4/2 1593/4/2 1606/4/2
f 1576/1/2 1577/1/2 1607/1/2
f 1606/4/2 1576/4/2 1607/4/2
f 1594/4/2 1595/4/2 1608/4/2
f 1578/3/2 1594/3/2 1608/3/2
f 1595/3/2 1582/3/2 1609/3/2
f 1608/4/2 1595/4/2 1609/4/2
f 1570/3/2 1571/3/2 1610/3/2
f 1571/3/2 1572/3/2 1610/3/2
f 1610/3/2 1572/3/2 1611/3/2
f 1604/1/2 1605/1/2 1612/1/2
f 1573/1/2 1604/1/2 1612/1/2
f 1605/4/2 1606/4/2 1613/4/2
f 1612/1/2 1605/1/2 1613/1/2
f 1606/1/2 1607/1/2 1614/1/2
f 1613/4/2 1606/4/2 1614/4/2
f 1607/1/2 1577/1/2 1615/1/2
f 1614/1/2 1607/1/2 1615/1/2
f 1608/3/2 1609/3/2 1616/3/2
f 1578/3/2 1608/3/2 1616/3/2
f 1609/3/2 1582/3/2 1617/3/2
f 1616/3/2 1609/3/2 1617/3/2
f 1583/1/2 1596/1/2 1618/1/2
f 1598/4/2 1599/4/2 1619/4/2
f 1618/1/2 1596/1/2 1619/1/2
f 1597/4/2 1598/4/2 1619/4/2
f 1596/4/2 1597/4/2 1619/4/2
f 1619/4/2 1599/4/2 1620/4/2
f 1589/1/2 1600/1/2 1621/1/2
f 1600/4/2 1601/4/2 1622/4/2
f 1621/1/2 1600/1/2 1622/1/2
f 1601/1/2 1602/1/2 1623/1/2
f 1622/4/2 1601/4/2 1623/4/2
f 1602/4/2 1603/4/2 1624/4/2
f 1623/1/2 1602/1/2 1624/1/2
f 1624/4/2 1603/4/2 1625/4/2
f 1633/1/2 1634/1/2 1641/1/2
f 1634/4/2 1635/4/2 1642/4/2
f 1641/1/2 1634/1/2 1642/1/2
f 1637/3/2 1638/3/2 1643/3/2
f 1643/3/2 1638/3/2 1644/3/2
f 1639/1/2 1640/1/2 1645/1/2
f 1645/1/2 1640/1/2 1646/1/2
f 1629/1/2 1630/1/2 1647/1/2
f 1630/4/2 1631/4/2 1647/4/2
f 1647/4/2 1631/4/2 1648/4/2
f 1633/1/2 1641/1/2 1649/1/2
f 1641/4/2 1642/4/2 1649/4/2
f 1649/4/2 1642/4/2 1650/4/2
f 1650/4/2 1642/4/2 1651/4/2
f 1635/1/2 1636/1/2 1652/1/2
f 1651/4/2 1642/4/2 1652/4/2
f 1642/4/2 1635/4/2 1652/4/2
f 1645/4/2 1646/4/2 1653/4/2
f 1653/4/2 1646/4/2 1654/4/2
f 1654/4/2 1646/4/2 1655/4/2
f 1655/4/2 1646/4/2 1656/4/2
f 1626/4/2 1627/4/2 1657/4/2
f 1627/3/2 1628/3/2 1658/3/2
f 1657/4/2 1627/4/2 1658/4/2
f 1658/3/2 1628/3/2 1659/3/2
f 1647/1/2 1648/1/2 1660/1/2
f 1629/1/2 1647/1/2 1660/1/2
f 1648/4/2 1631/4/2 1661/4/2
f 1660/1/2 1648/1/2 1661/1/2
f 1631/1/2 1632/1/2 1662/1/2
f 1661/4/2 1631/4/2 1662/4/2
f 1662/1/2 1632/1/2 1663/1/2
f 1649/1/2 1650/1/2 1664/1/2
f 1633/1/2 1649/1/2 1664/1/2
f 1650/4/2 1651/4/2 1665/4/2
f 1664/1/2 1650/1/2 1665/1/2
f 1651/1/2 1652/1/2 1666/1/2
f 1665/4/2 1651/4/2 1666/4/2
f 1652/1/2 1636/1/2 1667/1/2
f 1666/1/2 1652/1/2 1667/1/2
f 1637/3/2 1643/3/2 1668/3/2
f 1643/4/2 1644/4/2 1669/4/2
f 1668/3/2 1643/3/2 1669/3/2
f 1644/3/2 1638/3/2 1670/3/2
f 1669/4/2 1644/4/2 1670/4/2
f 1670/3/2 1638/3/2 1671/3/2
f 1653/1/2 1654/1/2 1672/1/2
f 1654/4/2 1655/4/2 1673/4/2
f 1672/1/2 1654/1/2 1673/1/2
f 1655/1/2 1656/1/2 1674/1/2
f 1673/4/2 1655/4/2 1674/4/2
f 1674/1/2 1656/1/2 1675/1/2
f 1676/1/2 1677/1/2 1694/1/2
f 1694/1/2 1677/1/2 1695/1/2
f 1680/1/2 1681/1/2 1696/1/2
f 1696/1/2 1681/1/2 1697/1/2
f 1683/4/2 1684/4/2 1698/4/2
f 1684/2/2 1685/2/2 1699/2/2
f 1698/4/2 1684/4/2 1699/4/2
f 1699/2/2 1685/2/2 1700/2/2
f 1686/1/2 1687/1/2 1701/1/2
f 1687/4/2 1688/4/2 1702/4/2
f 1701/1/2 1687/1/2 1702/1/2
f 1692/3/2 1693/3/2 1703/3/2
f 1691/4/2 1692/4/2 1703/4/2
f 1703/3/2 1693/3/2 1704/3/2
f 1694/4/2 1695/4/2 1705/4/2
f 1695/1/2 1677/1/2 1706/1/2
f 1705/4/2 1695/4/2 1706/4/2
f 1678/1/2 1679/1/2 1707/1/2
f 1679/4/2 1680/4/2 1707/4/2
f 1680/1/2 1696/1/2 1708/1/2
f 1707/4/2 1680/4/2 1708/4/2
f 1696/4/2 1697/4/2 1709/4/2
f 1708/1/2 1696/1/2 1709/1/2
f 1709/4/2 1697/4/2 1710/4/2
f 1683/4/2 1698/4/2 1711/4/2
f 1698/2/2 1699/2/2 1712/2/2
f 1711/4/2 1698/4/2 1712/4/2
f 1699/4/2 1700/4/2 1713/4/2
f 1712/2/2 1699/2/2 1713/2/2
f 1713/4/2 1700/4/2 1714/4/2
f 1701/4/2 1702/4/2 1715/4/2
f 1702/4/2 1688/4/2 1716/4/2
f 1715/4/2 1702/4/2 1716/4/2
f 1688/1/2 1689/1/2 1716/1/2
f 1690/3/2 1691/3/2 1717/3/2
f 1691/4/2 1703/4/2 1717/4/2
f 1703/4/2 1704/4/2 1717/4/2
f 1704/3/2 1693/3/2 1718/3/2
f 1717/4/2 1704/4/2 1718/4/2
f 1705/1/2 1706/1/2 1719/1/2
f 1706/1/2 1677/1/2 1720/1/2
f 1719/1/2 1706/1/2 1720/1/2
f 1707/1/2 1708/1/2 1721/1/2
f 1709/1/2 1710/1/2 1721/1/2
f 1678/1/2 1707/1/2 1721/1/2
f 1708/1/2 1709/1/2 1721/1/2
f 1721/1/2 1710/1/2 1722/1/2
f 1682/2/2 1683/2/2 1723/2/2
f 1683/4/2 1711/4/2 1724/4/2
f 1723/2/2 1683/2/2 1724/2/2
f 1711/2/2 1712/2/2 1725/2/2
f 1724/4/2 1711/4/2 1725/4/2
f 1712/2/2 1713/2/2 1725/2/2
f 1713/2/2 1714/2/2 1725/2/2
f 1725/2/2 1714/2/2 1726/2/2
f 1686/1/2 1701/1/2 1727/1/2
f 1701/4/2 1715/4/2 1728/4/2
f 1727/1/2 1701/1/2 1728/1/2
f 1715/1/2 1716/1/2 1729/1/2
f 1728/4/2 1715/4/2 1729/4/2
f 1716/1/2 1689/1/2 1730/1/2
f 1729/1/2 1716/1/2 1730/1/2
f 1717/3/2 1718/3/2 1731/3/2
f 1690/3/2 1717/3/2 1731/3/2
f 1718/3/2 1693/3/2 1732/3/2
f 1731/3/2 1718/3/2 1732/3/2
f 1733/4/2 1734/4/2 1752/4/2
f 1734/1/2 1735/1/2 1752/1/2
f 1752/1/2 1735/1/2 1753/1/2
f 1736/3/2 1737/3/2 1754/3/2
f 1754/3/2 1737/3/2 1755/3/2
f 1740/1/2 1741/1/2 1756/1/2
f 1741/4/2 1742/4/2 1756/4/2
f 1742/1/2 1743/1/2 1757/1/2
f 1756/4/2 1742/4/2 1757/4/2
f 1743/4/2 1744/4/2 1758/4/2
f 1757/1/2 1743/1/2 1758/1/2
f 1746/4/2 1747/4/2 1759/4/2
f 1759/4/2 1747/4/2 1760/4/2
f 1747/1/2 1748/1/2 1761/1/2
f 1760/4/2 1747/4/2 1761/4/2
f 1761/1/2 1748/1/2 1762/1/2
f 1752/4/2 1753/4/2 1763/4/2
f 1733/4/2 1752/4/2 1763/4/2
f 1763/4/2 1753/4/2 1764/4/2
f 1754/4/2 1755/4/2 1765/4/2
f 1736/3/2 1754/3/2 1765/3/2
f 1755/3/2 1737/3/2 1766/3/2
f 1765/4/2 1755/4/2 1766/4/2
f 1737/4/2 1738/4/2 1767/4/2
f 1766/3/2 1737/3/2 1767/3/2
f 1738/3/2 1739/3/2 1768/3/2
f 1767/4/2 1738/4/2 1768/4/2
f 1757/4/2 1758/4/2 1769/4/2
f 1769/4/2 1758/4/2 1770/4/2
f 1758/4/2 1744/4/2 1771/4/2
f 1770/4/2 1758/4/2 1771/4/2
f 1744/1/2 1745/1/2 1772/1/2
f 1771/4/2 1744/4/2 1772/4/2
f 1761/4/2 1762/4/2 1773/4/2
f 1760/4/2 1761/4/2 1773/4/2
f 1762/1/2 1748/1/2 1774/1/2
f 1773/4/2 1762/4/2 1774/4/2
f 1733/4/2 1763/4/2 1775/4/2
f 1763/1/2 1764/1/2 1776/1/2
f 1775/4/2 1763/4/2 1776/4/2
f 1764/4/2 1753/4/2 1777/4/2
f 1776/1/2 1764/1/2 1777/1/2
f 1777/4/2 1753/4/2 1778/4/2
f 1765/3/2 1766/3/2 1779/3/2
f 1766/3/2 1767/3/2 1779/3/2
f 1736/3/2 1765/3/2 1779/3/2
f 1767/3/2 1768/3/2 1779/3/2
f 1768/3/2 1739/3/2 1780/3/2
f 1779/3/2 1768/3/2 1780/3/2
f 1740/1/2 1756/1/2 1781/1/2
f 1756/1/2 1757/1/2 1781/1/2
f 1757/4/2 1769/4/2 1782/4/2
f 1781/1/2 1757/1/2 1782/1/2
f 1769/1/2 1770/1/2 1783/1/2
f 1782/4/2 1769/4/2 1783/4/2
f 1770/4/2 1771/4/2 1784/4/2
f 1783/1/2 1770/1/2 1784/1/2
f 1771/1/2 1772/1/2 1785/1/2
f 1784/4/2 1771/4/2 1785/4/2
f 1772/1/2 1745/1/2 1786/1/2
f 1785/1/2 1772/1/2 1786/1/2
f 1759/1/2 1760/1/2 1787/1/2
f 1760/4/2 1773/4/2 1788/4/2
f 1787/1/2 1760/1/2 1788/1/2
f 1773/1/2 1774/1/2 1789/1/2
f 1788/4/2 1773/4/2 1789/4/2
f 1774/1/2 1748/1/2 1790/1/2
f 1789/1/2 1774/1/2 1790/1/2
f 1749/1/2 1750/1/2 1791/1/2
f 1750/4/2 1751/4/2 1792/4/2
f 1791/1/2 1750/1/2 1792/1/2
f 1792/4/2 1751/4/2 1793/4/2
f 1794/1/2 1795/1/2 1807/1/2
f 1795/4/2 1796/4/2 1808/4/2
f 1807/1/2 1795/1/2 1808/1/2
f 1798/1/2 1799/1/2 1809/1/2
f 1809/1/2 1799/1/2 1810/1/2
f 1800/2/2 1801/2/2 1811/2/2
f 1811/2/2 1801/2/2 1812/2/2
f 1802/3/2 1803/3/2 1813/3/2
f 1813/3/2 1803/3/2 1814/3/2
f 1807/4/2 1808/4/2 1815/4/2
f 1796/1/2 1797/1/2 1816/1/2
f 1815/4/2 1808/4/2 1816/4/2
f 1808/4/2 1796/4/2 1816/4/2
f 1798/1/2 1809/1/2 1817/1/2
f 1809/4/2 1810/4/2 1817/4/2
f 1817/4/2 1810/4/2 1818/4/2
f 1818/4/2 1810/4/2 1819/4/2
f 1810/1/2 1799/1/2 1820/1/2
f 1819/4/2 1810/4/2 1820/4/2
f 1811/4/2 1812/4/2 1821/4/2
f 1812/2/2 1801/2/2 1822/2/2
f 1821/4/2 1812/4/2 1822/4/2
f 1813/4/2 1814/4/2 1823/4/2
f 1814/3/2 1803/3/2 1824/3/2
f 1823/4/2 1814/4/2 1824/4/2
f 1805/4/2 1806/4/2 1825/4/2
f 1825/4/2 1806/4/2 1826/4/2
f 1815/1/2 1816/1/2 1827/1/2
f 1816/1/2 1797/1/2 1828/1/2
f 1827/1/2 1816/1/2 1828/1/2
f 1798/1/2 1817/1/2 1829/1/2
f 1817/1/2 1818/1/2 1829/1/2
f 1818/4/2 1819/4/2 1830/4/2
f 1829/1/2 1818/1/2 1830/1/2
f 1819/1/2 1820/1/2 1831/1/2
f 1830/4/2 1819/4/2 1831/4/2
f 1820/1/2 1799/1/2 1832/1/2
f 1831/1/2 1820/1/2 1832/1/2
f 1821/2/2 1822/2/2 1833/2/2
f 1822/2/2 1801/2/2 1834/2/2
f 1833/2/2 1822/2/2 1834/2/2
f 1802/3/2 1813/3/2 1835/3/2
f 1813/4/2 1823/4/2 1836/4/2
f 1835/3/2 1813/3/2 1836/3/2
f 1823/3/2 1824/3/2 1837/3/2
f 1836/4/2 1823/4/2 1837/4/2
f 1824/3/2 1803/3/2 1838/3/2
f 1837/3/2 1824/3/2 1838/3/2
f 1804/1/2 1805/1/2 1839/1/2
f 1805/4/2 1825/4/2 1840/4/2
f 1839/1/2 1805/1/2 1840/1/2
f 1825/1/2 1826/1/2 1841/1/2
f 1840/4/2 1825/4/2 1841/4/2
f 1841/1/2 1826/1/2 1842/1/2
f 1843/1/2 1844/1/2 1857/1/2
f 1857/1/2 1844/1/2 1858/1/2
f 1846/4/2 1847/4/2 1859/4/2
f 1847/1/2 1848/1/2 1859/1/2
f 1859/1/2 1848/1/2 1860/1/2
f 1849/1/2 1850/1/2 1861/1/2
f 1861/1/2 1850/1/2 1862/1/2
f 1862/1/2 1850/1/2 1863/1/2
f 1863/1/2 1850/1/2 1864/1/2
f 1851/1/2 1852/1/2 1865/1/2
f 1852/4/2 1853/4/2 1866/4/2
f 1865/1/2 1852/1/2 1866/1/2
f 1853/1/2 1854/1/2 1867/1/2
f 1866/4/2 1853/4/2 1867/4/2
f 1867/1/2 1854/1/2 1868/1/2
f 1855/2/2 1856/2/2 1869/2/2
f 1869/2/2 1856/2/2 1870/2/2
f 1857/4/2 1858/4/2 1871/4/2
f 1858/1/2 1844/1/2 1872/1/2
f 1871/4/2 1858/4/2 1872/4/2
f 1859/4/2 1860/4/2 1873/4/2
f 1846/4/2 1859/4/2 1873/4/2
f 1873/4/2 1860/4/2 1874/4/2
f 1849/1/2 1861/1/2 1875/1/2
f 1861/4/2 1862/4/2 1875/4/2
f 1875/4/2 1862/4/2 1876/4/2
f 1862/1/2 1863/1/2 1877/1/2
f 1876/4/2 1862/4/2 1877/4/2
f 1863/4/2 1864/4/2 1878/4/2
f 1877/1/2 1863/1/2 1878/1/2
f 1878/4/2 1864/4/2 1879/4/2
f 1864/1/2 1850/1/2 1880/1/2
f 1879/4/2 1864/4/2 1880/4/2
f 1867/4/2 1868/4/2 1881/4/2
f 1851/1/2 1865/1/2 1881/1/2
f 1865/4/2 1866/4/2 1881/4/2
f 1866/4/2 1867/4/2 1881/4/2
f 1881/4/2 1868/4/2 1882/4/2
f 1843/1/2 1857/1/2 1883/1/2
f 1857/4/2 1871/4/2 1884/4/2
f 1883/1/2 1857/1/2 1884/1/2
f 1871/1/2 1872/1/2 1885/1/2
f 1884/4/2 1871/4/2 1885/4/2
f 1872/1/2 1844/1/2 1886/1/2
f 1885/1/2 1872/1/2 1886/1/2
f 1845/1/2 1846/1/2 1887/1/2
f 1846/4/2 1873/4/2 1888/4/2
f 1887/1/2 1846/1/2 1888/1/2
f 1873/1/2 1874/1/2 1889/1/2
f 1888/4/2 1873/4/2 1889/4/2
f 1889/1/2 1874/1/2 1890/1/2
f 1875/1/2 1876/1/2 1891/1/2
f 1849/1/2 1875/1/2 1891/1/2
f 1878/4/2 1879/4/2 1892/4/2
f 1891/1/2 1876/1/2 1892/1/2
f 1877/4/2 1878/4/2 1892/4/2
f 1876/4/2 1877/4/2 1892/4/2
f 1879/1/2 1880/1/2 1893/1/2
f 1892/4/2 1879/4/2 1893/4/2
f 1880/1/2 1850/1/2 1894/1/2
f 1893/1/2 1880/1/2 1894/1/2
f 1881/1/2 1882/1/2 1895/1/2
f 1851/1/2 1881/1/2 1895/1/2
f 1895/1/2 1882/1/2 1896/1/2
f 1855/2/2 1869/2/2 1897/2/2
f 1869/4/2 1870/4/2 1898/4/2
f 1897/2/2 1869/2/2 1898/2/2
f 1898/4/2 1870/4/2 1899/4/2
f 1902/1/2 1903/1/2 1919/1/2
f 1903/4/2 1904/4/2 1920/4/2
f 1919/1/2 1903/1/2 1920/1/2
f 1920/4/2 1904/4/2 1921/4/2
f 1904/1/2 1905/1/2 1922/1/2
f 1921/4/2 1904/4/2 1922/4/2
f 1907/4/2 1908/4/2 1923/4/2
f 1908/3/2 1909/3/2 1923/3/2
f 1923/3/2 1909/3/2 1924/3/2
f 1910/1/2 1911/1/2 1925/1/2
f 1925/1/2 1911/1/2 1926/1/2
f 1926/1/2 1911/1/2 1927/1/2
f 1911/4/2 1912/4/2 1928/4/2
f 1927/1/2 1911/1/2 1928/1/2
f 1914/1/2 1915/1/2 1929/1/2
f 1915/4/2 1916/4/2 1930/4/2
f 1929/1/2 1915/1/2 1930/1/2
f 1916/1/2 1917/1/2 1931/1/2
f 1930/4/2 1916/4/2 1931/4/2
f 1917/4/2 1918/4/2 1932/4/2
f 1931/1/2 1917/1/2 1932/1/2
f 1920/4/2 1921/4/2 1933/4/2
f 1919/4/2 1920/4/2 1933/4/2
f 1921/1/2 1922/1/2 1934/1/2
f 1933/4/2 1921/4/2 1934/4/2
f 1906/3/2 1907/3/2 1935/3/2
f 1907/4/2 1923/4/2 1935/4/2
f 1923/4/2 1924/4/2 1935/4/2
f 1924/3/2 1909/3/2 1936/3/2
f 1935/4/2 1924/4/2 1936/4/2
f 1925/4/2 1926/4/2 1937/4/2
f 1926/1/2 1927/1/2 1938/1/2
f 1937/4/2 1926/4/2 1938/4/2
f 1927/4/2 1928/4/2 1939/4/2
f 1912/1/2 1913/1/2 1940/1/2
f 1939/4/2 1928/4/2 1940/4/2
f 1928/4/2 1912/4/2 1940/4/2
f 1930/4/2 1931/4/2 1941/4/2
f 1914/1/2 1929/1/2 1941/1/2
f 1929/4/2 1930/4/2 1941/4/2
f 1931/4/2 1932/4/2 1941/4/2
f 1941/4/2 1932/4/2 1942/4/2
f 1942/4/2 1932/4/2 1943/4/2
f 1932/4/2 1918/4/2 1944/4/2
f 1943/4/2 1932/4/2 1944/4/2
f 1900/3/2 1901/3/2 1945/3/2
f 1945/3/2 1901/3/2 1946/3/2
f 1933/1/2 1934/1/2 1947/1/2
f 1934/1/2 1922/1/2 1948/1/2
f 1947/1/2 1934/1/2 1948/1/2
f 1922/1/2 1905/1/2 1948/1/2
f 1906/3/2 1935/3/2 1949/3/2
f 1935/3/2 1936/3/2 1949/3/2
f 1936/3/2 1909/3/2 1950/3/2
f 1949/3/2 1936/3/2 1950/3/2
f 1937/1/2 1938/1/2 1951/1/2
f 1927/4/2 1939/4/2 1952/4/2
f 1951/1/2 1938/1/2 1952/1/2
f 1938/1/2 1927/1/2 1952/1/2
f 1939/1/2 1940/1/2 1953/1/2
f 1952/4/2 1939/4/2 1953/4/2
f 1940/1/2 1913/1/2 1954/1/2
f 1953/1/2 1940/1/2 1954/1/2
f 1941/1/2 1942/1/2 1955/1/2
f 1914/1/2 1941/1/2 1955/1/2
f 1942/4/2 1943/4/2 1956/4/2
f 1955/1/2 1942/1/2 1956/1/2
f 1943/1/2 1944/1/2 1957/1/2
f 1956/4/2 1943/4/2 1957/4/2
f 1957/1/2 1944/1/2 1958/1/2
f 1959/4/2 1960/4/2 1978/4/2
f 1960/1/2 1961/1/2 1978/1/2
f 1961/4/2 1962/4/2 1979/4/2
f 1978/1/2 1961/1/2 1979/1/2
f 1962/1/2 1963/1/2 1980/1/2
f 1979/4/2 1962/4/2 1980/4/2
f 1980/1/2 1963/1/2 1981/1/2
f 1964/1/2 1965/1/2 1982/1/2
f 1965/4/2 1966/4/2 1983/4/2
f 1982/1/2 1965/1/2 1983/1/2
f 1968/1/2 1969/1/2 1984/1/2
f 1969/4/2 1970/4/2 1985/4/2
f 1984/1/2 1969/1/2 1985/1/2
f 1972/3/2 1973/3/2 1986/3/2
f 1973/4/2 1974/4/2 1987/4/2
f 1986/3/2 1973/3/2 1987/3/2
f 1976/3/2 1977/3/2 1988/3/2
f 1988/3/2 1977/3/2 1989/3/2
f 1978/4/2 1979/4/2 1990/4/2
f 1979/4/2 1980/4/2 1990/4/2
f 1980/4/2 1981/4/2 1990/4/2
f 1981/1/2 1963/1/2 1991/1/2
f 1990/4/2 1981/4/2 1991/4/2
f 1983/4/2 1966/4/2 1992/4/2
f 1982/4/2 1983/4/2 1992/4/2
f 1966/1/2 1967/1/2 1993/1/2
f 1992/4/2 1966/4/2 1993/4/2
f 1968/1/2 1984/1/2 1994/1/2
f 1984/4/2 1985/4/2 1994/4/2
f 1985/4/2 1970/4/2 1995/4/2
f 1994/4/2 1985/4/2 1995/4/2
f 1995/4/2 1970/4/2 1996/4/2
f 1970/1/2 1971/1/2 1997/1/2
f 1996/4/2 1970/4/2 1997/4/2
f 1987/4/2 1974/4/2 1998/4/2
f 1986/4/2 1987/4/2 1998/4/2
f 1974/3/2 1975/3/2 1999/3/2
f 1998/4/2 1974/4/2 1999/4/2
f 1988/4/2 1989/4/2 2000/4/2
f 1976/3/2 1988/3/2 2000/3/2
f 2000/4/2 1989/4/2 2001/4/2
f 1959/4/2 1978/4/2 2002/4/2
f 1978/4/2 1990/4/2 2002/4/2
f 1990/1/2 1991/1/2 2003/1/2
f 2002/4/2 1990/4/2 2003/4/2
f 1991/1/2 1963/1/2 2004/1/2
f 2003/1/2 1991/1/2 2004/1/2
f 2004/1/2 1963/1/2 2005/1/2
f 1964/1/2 1982/1/2 2006/1/2
f 1982/4/2 1992/4/2 2007/4/2
f 2006/1/2 1982/1/2 2007/1/2
f 1992/1/2 1993/1/2 2008/1/2
f 2007/4/2 1992/4/2 2008/4/2
f 1993/1/2 1967/1/2 2009/1/2
f 2008/1/2 1993/1/2 2009/1/2
f 1968/1/2 1994/1/2 2010/1/2
f 1994/1/2 1995/1/2 2010/1/2
f 1995/4/2 1996/4/2 2011/4/2
f 2010/1/2 1995/1/2 2011/1/2
f 1996/1/2 1997/1/2 2012/1/2
f 2011/4/2 1996/4/2 2012/4/2
f 1997/1/2 1971/1/2 2013/1/2
f 2012/1/2 1997/1/2 2013/1/2
f 1972/3/2 1986/3/2 2014/3/2
f 1986/4/2 1998/4/2 2015/4/2
f 2014/3/2 1986/3/2 2015/3/2
f 1998/3/2 1999/3/2 2016/3/2
f 2015/4/2 1998/4/2 2016/4/2
f 1999/3/2 1975/3/2 2017/3/2
f 2016/3/2 1999/3/2 2017/3/2
f 2000/3/2 2001/3/2 2018/3/2
f 1976/3/2 2000/3/2 2018/3/2
f 2018/3/2 2001/3/2 2019/3/2
f 2020/10/2 2021/10/2 2024/10/2
f 2024/10/2 2021/10/2 2025/10/2
f 2022/11/2 2023/11/2 2051/11/2
f 2051/11/2 2023/11/2 2052/11/2
f 2026/10/2 2027/10/2 2053/10/2
f 2027/11/2 2028/11/2 2054/11/2
f 2053/10/2 2027/10/2 2054/10/2
f 2028/12/2 2029/12/2 2055/12/2
f 2054/11/2 2028/11/2 2055/11/2
f 2029/12/2 2030/12/2 2055/12/2
f 2030/12/2 2031/12/2 2055/12/2
f 2031/11/2 2032/11/2 2056/11/2
f 2055/12/2 2031/12/2 2056/12/2
f 2032/11/2 2033/11/2 2056/11/2
f 2033/10/2 2034/10/2 2057/10/2
f 2056/11/2 2033/11/2 2057/11/2
f 2034/10/2 2035/10/2 2057/10/2
f 2035/10/2 2036/10/2 2057/10/2
f 2036/10/2 2037/10/2 2057/10/2
f 2037/10/2 2038/10/2 2057/10/2
f 2038/10/2 2039/10/2 2057/10/2
f 2039/11/2 2040/11/2 2058/11/2
f 2057/10/2 2039/10/2 2058/10/2
f 2040/12/2 2041/12/2 2059/12/2
f 2058/11/2 2040/11/2 2059/11/2
f 2041/11/2 2042/11/2 2060/11/2
f 2059/12/2 2041/12/2 2060/12/2
f 2043/10/2 2044/10/2 2061/10/2
f 2060/11/2 2042/11/2 2061/11/2
f 2042/10/2 2043/10/2 2061/10/2
f 2044/11/2 2045/11/2 2062/11/2
f 2061/10/2 2044/10/2 2062/10/2
f 2047/10/2 2048/10/2 2063/10/2
f 2062/11/2 2045/11/2 2063/11/2
f 2046/10/2 2047/10/2 2063/10/2
f 2045/10/2 2046/10/2 2063/10/2
f 2048/11/2 2049/11/2 2064/11/2
f 2063/10/2 2048/10/2 2064/10/2
f 2049/10/2 2050/10/2 2065/10/2
f 2064/11/2 2049/11/2 2065/11/2
f 2065/10/2 2050/10/2 2066/10/2
f 2068/10/2 2069/10/2 2072/10/2
f 2072/10/2 2069/10/2 2073/10/2
f 2069/11/2 2070/11/2 2074/11/2
f 2073/10/2 2069/10/2 2074/10/2
f 2070/10/2 2071/10/2 2075/10/2
f 2074/11/2 2070/11/2 2075/11/2
f 2075/10/2 2071/10/2 2076/10/2
f 2076/10/2 2071/10/2 2077/10/2
f 2077/10/2 2071/10/2 2078/10/2
f 2078/10/2 2071/10/2 2079/10/2
f 2079/10/2 2071/10/2 2080/10/2
f 2080/10/2 2071/10/2 2081/10/2
f 2081/10/2 2071/10/2 2082/10/2
f 2082/10/2 2071/10/2 2083/10/2
f 2072/13/2 2073/13/2 2084/13/2
f 2068/10/2 2072/10/2 2084/10/2
f 2084/13/2 2073/13/2 2085/13/2
f 2073/11/2 2074/11/2 2086/11/2
f 2085/13/2 2073/13/2 2086/13/2
f 2074/12/2 2075/12/2 2087/12/2
f 2086/11/2 2074/11/2 2087/11/2
f 2075/11/2 2076/11/2 2088/11/2
f 2087/12/2 2075/12/2 2088/12/2
f 2076/10/2 2077/10/2 2089/10/2
f 2089/10/2 2077/10/2 2090/10/2
f 2090/10/2 2077/10/2 2091/10/2
f 2091/10/2 2077/10/2 2092/10/2
f 2077/12/2 2078/12/2 2093/12/2
f 2092/10/2 2077/10/2 2093/10/2
f 2078/11/2 2079/11/2 2094/11/2
f 2093/12/2 2078/12/2 2094/12/2
f 2079/10/2 2080/10/2 2095/10/2
f 2094/11/2 2079/11/2 2095/11/2
f 2095/10/2 2080/10/2 2096/10/2
f 2096/10/2 2080/10/2 2097/10/2
f 2082/11/2 2083/11/2 2098/11/2
f 2081/12/2 2082/12/2 2098/12/2
f 2083/10/2 2071/10/2 2099/10/2
f 2098/11/2 2083/11/2 2099/11/2
f 2099/10/2 2071/10/2 2100/10/2
f 2100/10/2 2071/10/2 2101/10/2
f 2067/13/2 2068/13/2 2102/13/2
f 2084/10/2 2085/10/2 2103/10/2
f 2102/13/2 2068/13/2 2103/13/2
f 2068/10/2 2084/10/2 2103/10/2
f 2103/10/2 2085/10/2 2104/10/2
f 2085/11/2 2086/11/2 2105/11/2
f 2104/10/2 2085/10/2 2105/10/2
f 2088/11/2 2076/11/2 2106/11/2
f 2087/13/2 2088/13/2 2106/13/2
f 2076/10/2 2089/10/2 2107/10/2
f 2106/11/2 2076/11/2 2107/11/2
f 2089/11/2 2090/11/2 2108/11/2
f 2107/10/2 2089/10/2 2108/10/2
f 2108/11/2 2090/11/2 2109/11/2
f 2109/11/2 2090/11/2 2110/11/2
f 2090/12/2 2091/12/2 2111/12/2
f 2110/11/2 2090/11/2 2111/11/2
f 2111/12/2 2091/12/2 2112/12/2
f 2091/10/2 2092/10/2 2113/10/2
f 2092/11/2 2093/11/2 2113/11/2
f 2093/12/2 2094/12/2 2114/12/2
f 2113/11/2 2093/11/2 2114/11/2
f 2094/13/2 2095/13/2 2115/13/2
f 2095/12/2 2096/12/2 2115/12/2
f 2115/12/2 2096/12/2 2116/12/2
f 2097/10/2 2080/10/2 2117/10/2
f 2096/11/2 2097/11/2 2117/11/2
f 2080/11/2 2081/11/2 2118/11/2
f 2117/10/2 2080/10/2 2118/10/2
f 2081/12/2 2098/12/2 2119/12/2
f 2118/11/2 2081/11/2 2119/11/2
f 2098/13/2 2099/13/2 2120/13/2
f 2119/12/2 2098/12/2 2120/12/2
f 2099/13/2 2100/13/2 2120/13/2
f 2100/11/2 2101/11/2 2121/11/2
f 2120/13/2 2100/13/2 2121/13/2
f 2101/10/2 2071/10/2 2122/10/2
f 2121/11/2 2101/11/2 2122/11/2
f 2122/10/2 2071/10/2 2123/10/2
f 2103/10/2 2104/10/2 2124/10/2
f 2104/11/2 2105/11/2 2125/11/2
f 2124/10/2 2104/10/2 2125/10/2
f 2086/12/2 2087/12/2 2126/12/2
f 2125/11/2 2105/11/2 2126/11/2
f 2105/11/2 2086/11/2 2126/11/2
f 2087/13/2 2106/13/2 2127/13/2
f 2126/12/2 2087/12/2 2127/12/2
f 2106/12/2 2107/12/2 2128/12/2
f 2127/13/2 2106/13/2 2128/13/2
f 2107/11/2 2108/11/2 2129/11/2
f 2128/12/2 2107/12/2 2129/12/2
f 2108/12/2 2109/12/2 2130/12/2
f 2129/11/2 2108/11/2 2130/11/2
f 2109/11/2 2110/11/2 2131/11/2
f 2130/12/2 2109/12/2 2131/12/2
f 2110/12/2 2111/12/2 2132/12/2
f 2131/11/2 2110/11/2 2132/11/2
f 2111/13/2 2112/13/2 2133/13/2
f 2132/12/2 2111/12/2 2133/12/2
f 2112/12/2 2091/12/2 2134/12/2
f 2133/13/2 2112/13/2 2134/13/2
f 2091/10/2 2113/10/2 2135/10/2
f 2134/12/2 2091/12/2 2135/12/2
f 2113/12/2 2114/12/2 2136/12/2
f 2135/10/2 2113/10/2 2136/10/2
f 2115/13/2 2116/13/2 2137/13/2
f 2136/12/2 2114/12/2 2137/12/2
f 2114/12/2 2094/12/2 2137/12/2
f 2094/13/2 2115/13/2 2137/13/2
f 2116/12/2 2096/12/2 2138/12/2
f 2137/13/2 2116/13/2 2138/13/2
f 2117/11/2 2118/11/2 2139/11/2
f 2138/12/2 2096/12/2 2139/12/2
f 2096/11/2 2117/11/2 2139/11/2
f 2118/10/2 2119/10/2 2140/10/2
f 2139/11/2 2118/11/2 2140/11/2
f 2119/11/2 2120/11/2 2141/11/2
f 2140/10/2 2119/10/2 2141/10/2
f 2120/13/2 2121/13/2 2142/13/2
f 2141/11/2 2120/11/2 2142/11/2
f 2121/10/2 2122/10/2 2143/10/2
f 2142/13/2 2121/13/2 2143/13/2
f 2143/10/2 2122/10/2 2144/10/2
f 2145/10/2 2146/10/2 2171/10/2
f 2146/11/2 2147/11/2 2172/11/2
f 2171/10/2 2146/10/2 2172/10/2
f 2147/10/2 2148/10/2 2173/10/2
f 2172/11/2 2147/11/2 2173/11/2
f 2148/11/2 2149/11/2 2174/11/2
f 2173/10/2 2148/10/2 2174/10/2
f 2149/13/2 2150/13/2 2175/13/2
f 2174/11/2 2149/11/2 2175/11/2
f 2150/11/2 2151/11/2 2176/11/2
f 2175/13/2 2150/13/2 2176/13/2
f 2151/11/2 2152/11/2 2176/11/2
f 2152/11/2 2153/11/2 2176/11/2
f 2153/10/2 2154/10/2 2177/10/2
f 2176/11/2 2153/11/2 2177/11/2
f 2154/11/2 2155/11/2 2178/11/2
f 2177/10/2 2154/10/2 2178/10/2
f 2155/12/2 2156/12/2 2179/12/2
f 2178/11/2 2155/11/2 2179/11/2
f 2156/13/2 2157/13/2 2180/13/2
f 2179/12/2 2156/12/2 2180/12/2
f 2157/13/2 2158/13/2 2180/13/2
f 2158/12/2 2159/12/2 2181/12/2
f 2180/13/2 2158/13/2 2181/13/2
f 2159/12/2 2160/12/2 2181/12/2
f 2160/11/2 2161/11/2 2182/11/2
f 2181/12/2 2160/12/2 2182/12/2
f 2161/10/2 2162/10/2 2183/10/2
f 2182/11/2 2161/11/2 2183/11/2
f 2162/10/2 2163/10/2 2183/10/2
f 2164/10/2 2165/10/2 2183/10/2
f 2163/10/2 2164/10/2 2183/10/2
f 2165/12/2 2166/12/2 2184/12/2
f 2183/10/2 2165/10/2 2184/10/2
f 2166/13/2 2167/13/2 2185/13/2
f 2184/12/2 2166/12/2 2185/12/2
f 2168/11/2 2169/11/2 2186/11/2
f 2185/13/2 2167/13/2 2186/13/2
f 2167/11/2 2168/11/2 2186/11/2
f 2169/10/2 2170/10/2 2187/10/2
f 2186/11/2 2169/11/2 2187/11/2
f 2187/10/2 2170/10/2 2188/10/2
f 2189/10/2 2190/10/2 2203/10/2
f 2203/10/2 2190/10/2 2204/10/2
f 2190/11/2 2191/11/2 2205/11/2
f 2204/10/2 2190/10/2 2205/10/2
f 2191/12/2 2192/12/2 2206/12/2
f 2192/11/2 2193/11/2 2206/11/2
f 2206/11/2 2193/11/2 2207/11/2
f 2193/10/2 2194/10/2 2208/10/2
f 2207/11/2 2193/11/2 2208/11/2
f 2208/10/2 2194/10/2 2209/10/2
f 2209/10/2 2194/10/2 2210/10/2
f 2194/11/2 2195/11/2 2211/11/2
f 2210/10/2 2194/10/2 2211/10/2
f 2195/12/2 2196/12/2 2212/12/2
f 2211/11/2 2195/11/2 2212/11/2
f 2196/11/2 2197/11/2 2213/11/2
f 2212/12/2 2196/12/2 2213/12/2
f 2197/10/2 2198/10/2 2214/10/2
f 2213/11/2 2197/11/2 2214/11/2
f 2198/11/2 2199/11/2 2215/11/2
f 2214/10/2 2198/10/2 2215/10/2
f 2199/10/2 2200/10/2 2216/10/2
f 2215/11/2 2199/11/2 2216/11/2
f 2216/10/2 2200/10/2 2217/10/2
f 2217/10/2 2200/10/2 2218/10/2
f 2200/11/2 2201/11/2 2219/11/2
f 2218/10/2 2200/10/2 2219/10/2
f 2219/11/2 2201/11/2 2220/11/2
f 2220/11/2 2201/11/2 2221/11/2
f 2201/10/2 2202/10/2 2222/10/2
f 2221/11/2 2201/11/2 2222/11/2
f 2222/10/2 2202/10/2 2223/10/2
f 2203/12/2 2204/12/2 2224/12/2
f 2204/11/2 2205/11/2 2225/11/2
f 2224/12/2 2204/12/2 2225/12/2
f 2205/11/2 2191/11/2 2226/11/2
f 2225/11/2 2205/11/2 2226/11/2
f 2191/12/2 2206/12/2 2226/12/2
f 2206/13/2 2207/13/2 2227/13/2
f 2226/12/2 2206/12/2 2227/12/2
f 2207/12/2 2208/12/2 2228/12/2
f 2227/13/2 2207/13/2 2228/13/2
f 2208/11/2 2209/11/2 2229/11/2
f 2228/12/2 2208/12/2 2229/12/2
f 2209/10/2 2210/10/2 2230/10/2
f 2229/11/2 2209/11/2 2230/11/2
f 2210/11/2 2211/11/2 2231/11/2
f 2230/10/2 2210/10/2 2231/10/2
f 2211/12/2 2212/12/2 2232/12/2
f 2231/11/2 2211/11/2 2232/11/2
f 2212/13/2 2213/13/2 2233/13/2
f 2232/12/2 2212/12/2 2233/12/2
f 2213/12/2 2214/12/2 2234/12/2
f 2233/13/2 2213/13/2 2234/13/2
f 2214/12/2 2215/12/2 2234/12/2
f 2215/11/2 2216/11/2 2235/11/2
f 2234/12/2 2215/12/2 2235/12/2
f 2216/11/2 2217/11/2 2235/11/2
f 2217/10/2 2218/10/2 2236/10/2
f 2235/11/2 2217/11/2 2236/11/2
f 2218/11/2 2219/11/2 2237/11/2
f 2236/10/2 2218/10/2 2237/10/2
f 2219/12/2 2220/12/2 2238/12/2
f 2237/11/2 2219/11/2 2238/11/2
f 2220/13/2 2221/13/2 2239/13/2
f 2238/12/2 2220/12/2 2239/12/2
f 2221/11/2 2222/11/2 2240/11/2
f 2239/13/2 2221/13/2 2240/13/2
f 2222/11/2 2223/11/2 2240/11/2
f 2223/10/2 2202/10/2 2241/10/2
f 2240/11/2 2223/11/2 2241/11/2
f 2241/10/2 2202/10/2 2242/10/2
f 2245/10/3 2244/10/3 2243/10/3
f 2246/10/3 2244/10/3 2245/10/3
f 2247/10/3 2245/10/3 2243/10/3
f 2248/11/3 2246/11/3 2245/11/3
f 2248/10/3 2245/10/3 2247/10/3
f 2249/11/3 2248/11/3 2247/11/3
f 2250/11/3 2246/11/3 2248/11/3
f 2250/11/3 2248/11/3 2249/11/3
f 2251/11/3 2246/11/3 2250/11/3
f 2252/10/3 2250/10/3 2249/10/3
f 2253/13/3 2251/13/3 2250/13/3
f 2253/10/3 2250/10/3 2252/10/3
f 2254/13/3 2251/13/3 2253/13/3
f 2255/12/3 2253/12/3 2252/12/3
f 2255/12/3 2254/12/3 2253/12/3
f 2256/12/3 2254/12/3 2255/12/3
f 2257/11/3 2256/11/3 2255/11/3
f 2258/11/3 2256/11/3 2257/11/3
f 2259/11/3 2256/11/3 2258/11/3
f 2260/10/3 2258/10/3 2257/10/3
f 2260/12/3 2259/12/3 2258/12/3
f 2261/12/3 2259/12/3 2260/12/3
f 2262/10/3 2260/10/3 2257/10/3
f 2262/11/3 2261/11/3 2260/11/3
f 2263/11/3 2261/11/3 2262/11/3
f 2264/10/3 2262/10/3 2257/10/3
f 2265/12/3 2263/12/3 2262/12/3
f 2265/10/3 2262/10/3 2264/10/3
f 2266/12/3 2263/12/3 2265/12/3
f 2267/11/3 2265/11/3 2264/11/3
f 2268/13/3 2266/13/3 2265/13/3
f 2268/11/3 2265/11/3 2267/11/3
f 2269/13/3 2266/13/3 2268/13/3
f 2270/10/3 2268/10/3 2267/10/3
f 2270/11/3 2269/11/3 2268/11/3
f 2271/11/3 2269/11/3 2270/11/3
f 2272/10/3 2270/10/3 2267/10/3
f 2272/10/3 2271/10/3 2270/10/3
f 2273/10/3 2271/10/3 2272/10/3
f 2274/10/3 2272/10/3 2267/10/3
f 2275/11/3 2273/11/3 2272/11/3
f 2275/10/3 2272/10/3 2274/10/3
f 2276/11/3 2275/11/3 2274/11/3
f 2277/11/3 2273/11/3 2275/11/3
f 2277/11/3 2275/11/3 2276/11/3
f 2278/12/3 2277/12/3 2276/12/3
f 2278/11/3 2273/11/3 2277/11/3
f 2279/11/3 2273/11/3 2278/11/3
f 2280/12/3 2278/12/3 2276/12/3
f 2281/13/3 2279/13/3 2278/13/3
f 2281/12/3 2278/12/3 2280/12/3
f 2282/13/3 2279/13/3 2281/13/3
f 2283/11/3 2281/11/3 2280/11/3
f 2284/12/3 2282/12/3 2281/12/3
f 2284/11/3 2281/11/3 2283/11/3
f 2285/12/3 2282/12/3 2284/12/3
f 2286/10/3 2284/10/3 2283/10/3
f 2286/11/3 2285/11/3 2284/11/3
f 2287/11/3 2285/11/3 2286/11/3
f 2288/10/3 2286/10/3 2283/10/3
f 2288/10/3 2287/10/3 2286/10/3
f 2289/10/3 2287/10/3 2288/10/3
f 2290/10/3 2288/10/3 2283/10/3
f 2290/11/3 2289/11/3 2288/11/3
f 2291/11/3 2289/11/3 2290/11/3
f 2292/10/3 2290/10/3 2283/10/3
f 2293/12/3 2291/12/3 2290/12/3
f 2293/10/3 2290/10/3 2292/10/3
f 2294/12/3 2291/12/3 2293/12/3
f 2295/11/3 2293/11/3 2292/11/3
f 2295/11/3 2294/11/3 2293/11/3
f 2296/11/3 2294/11/3 2295/11/3
f 2297/10/3 2296/10/3 2295/10/3
f 2298/11/3 2294/11/3 2296/11/3
f 2298/10/3 2296/10/3 2297/10/3
f 2299/11/3 2294/11/3 2298/11/3
f 2300/11/3 2298/11/3 2297/11/3
f 2301/10/3 2299/10/3 2298/10/3
f 2301/11/3 2298/11/3 2300/11/3
f 2302/10/3 2299/10/3 2301/10/3
f 2303/10/3 2301/10/3 2300/10/3
f 2304/12/3 2302/12/3 2301/12/3
f 2304/10/3 2301/10/3 2303/10/3
f 2305/12/3 2302/12/3 2304/12/3
f 2308/10/3 2307/10/3 2306/10/3
f 2309/10/3 2307/10/3 2308/10/3
f 2310/11/3 2309/11/3 2308/11/3
f 2311/11/3 2309/11/3 2310/11/3
f 2312/11/3 2309/11/3 2311/11/3
f 2313/12/3 2312/12/3 2311/12/3
f 2314/12/3 2312/12/3 2313/12/3
f 2315/12/3 2312/12/3 2314/12/3
f 2316/11/3 2315/11/3 2314/11/3
f 2317/11/3 2315/11/3 2316/11/3
f 2318/11/3 2315/11/3 2317/11/3
f 2319/10/3 2318/10/3 2317/10/3
f 2320/10/3 2318/10/3 2319/10/3
f 2321/10/3 2318/10/3 2320/10/3
f 2322/11/3 2321/11/3 2320/11/3
f 2323/11/3 2321/11/3 2322/11/3
f 2324/13/3 2323/13/3 2322/13/3
f 2325/13/3 2323/13/3 2324/13/3
f 2326/13/3 2323/13/3 2325/13/3
f 2327/13/3 2323/13/3 2326/13/3
f 2328/12/3 2327/12/3 2326/12/3
f 2329/12/3 2327/12/3 2328/12/3
f 2330/11/3 2329/11/3 2328/11/3
f 2331/11/3 2329/11/3 2330/11/3
f 2332/10/3 2331/10/3 2330/10/3
f 2333/10/3 2331/10/3 2332/10/3
f 2334/11/3 2333/11/3 2332/11/3
f 2335/11/3 2333/11/3 2334/11/3
f 2336/13/3 2335/13/3 2334/13/3
f 2337/13/3 2335/13/3 2336/13/3
f 2338/12/3 2337/12/3 2336/12/3
f 2339/12/3 2337/12/3 2338/12/3
f 2340/11/3 2339/11/3 2338/11/3
f 2341/11/3 2339/11/3 2340/11/3
f 2342/11/3 2339/11/3 2341/11/3
f 2343/10/3 2342/10/3 2341/10/3
f 2344/10/3 2342/10/3 2343/10/3
f 2345/10/3 2342/10/3 2344/10/3
f 2346/10/3 2342/10/3 2345/10/3
f 2347/10/3 2342/10/3 2346/10/3
f 2348/11/3 2347/11/3 2346/11/3
f 2349/11/3 2347/11/3 2348/11/3
f 2350/11/3 2347/11/3 2349/11/3
f 2351/10/3 2350/10/3 2349/10/3
f 2352/10/3 2350/10/3 2351/10/3
f 2353/10/3 2350/10/3 2352/10/3
f 2356/10/3 2355/10/3 2354/10/3
f 2358/10/3 2356/10/3 2354/10/3
f 2359/11/3 2357/11/3 2356/11/3
f 2359/10/3 2356/10/3 2358/10/3
f 2360/11/3 2357/11/3 2359/11/3
f 2361/10/3 2358/10/3 2354/10/3
f 2361/13/3 2359/13/3 2358/13/3
f 2362/13/3 2359/13/3 2361/13/3
f 2363/12/3 2360/12/3 2359/12/3
f 2363/13/3 2359/13/3 2362/13/3
f 2364/12/3 2360/12/3 2363/12/3
f 2365/10/3 2362/10/3 2361/10/3
f 2365/10/3 2361/10/3 2354/10/3
f 2366/13/3 2364/13/3 2363/13/3
f 2366/10/3 2362/10/3 2365/10/3
f 2366/13/3 2363/13/3 2362/13/3
f 2367/13/3 2364/13/3 2366/13/3
f 2368/13/3 2364/13/3 2367/13/3
f 2369/11/3 2366/11/3 2365/11/3
f 2369/13/3 2367/13/3 2366/13/3
f 2370/12/3 2368/12/3 2367/12/3
f 2370/13/3 2367/13/3 2369/13/3
f 2371/12/3 2368/12/3 2370/12/3
f 2372/10/3 2365/10/3 2354/10/3
f 2372/11/3 2369/11/3 2365/11/3
f 2372/11/3 2371/11/3 2370/11/3
f 2372/11/3 2370/11/3 2369/11/3
f 2373/11/3 2371/11/3 2372/11/3
f 2374/10/3 2372/10/3 2354/10/3
f 2374/10/3 2373/10/3 2372/10/3
f 2375/10/3 2373/10/3 2374/10/3
f 2376/10/3 2373/10/3 2375/10/3
f 2377/13/3 2375/13/3 2374/13/3
f 2378/13/3 2375/13/3 2377/13/3
f 2402/11/3 2380/11/3 2379/11/3
f 2403/11/3 2380/11/3 2402/11/3
f 2404/1/3 2382/1/3 2381/1/3
f 2405/1/3 2382/1/3 2404/1/3
f 2406/1/3 2382/1/3 2405/1/3
f 2407/1/3 2386/1/3 2385/1/3
f 2408/4/3 2387/4/3 2386/4/3
f 2408/1/3 2386/1/3 2407/1/3
f 2409/1/3 2388/1/3 2387/1/3
f 2409/4/3 2387/4/3 2408/4/3
f 2410/1/3 2388/1/3 2409/1/3
f 2411/1/3 2394/1/3 2393/1/3
f 2411/3/3 2395/3/3 2394/3/3
f 2412/1/3 2396/1/3 2395/1/3
f 2412/3/3 2395/3/3 2411/3/3
f 2413/1/3 2398/1/3 2397/1/3
f 2414/1/3 2398/1/3 2413/1/3
f 2417/2/3 2384/2/3 2383/2/3
f 2418/2/3 2384/2/3 2417/2/3
f 2419/4/3 2408/4/3 2407/4/3
f 2419/4/3 2410/4/3 2409/4/3
f 2419/4/3 2409/4/3 2408/4/3
f 2420/4/3 2410/4/3 2419/4/3
f 2421/4/3 2414/4/3 2413/4/3
f 2422/4/3 2414/4/3 2421/4/3
f 2423/1/3 2405/1/3 2404/1/3
f 2424/2/3 2406/2/3 2405/2/3
f 2424/1/3 2405/1/3 2423/1/3
f 2425/2/3 2406/2/3 2424/2/3
f 2426/1/3 2420/1/3 2419/1/3
f 2427/1/3 2420/1/3 2426/1/3
f 2428/3/3 2392/3/3 2391/3/3
f 2429/3/3 2392/3/3 2428/3/3
f 2430/1/3 2411/1/3 2393/1/3
f 2431/4/3 2412/4/3 2411/4/3
f 2431/1/3 2411/1/3 2430/1/3
f 2432/1/3 2422/1/3 2421/1/3
f 2433/1/3 2422/1/3 2432/1/3
f 2434/4/3 2401/4/3 2400/4/3
f 2434/3/3 2400/3/3 2399/3/3
f 2435/4/3 2401/4/3 2434/4/3
f 2436/12/3 2416/12/3 2415/12/3
f 2439/4/3 2418/4/3 2417/4/3
f 2439/2/3 2417/2/3 2383/2/3
f 2440/4/3 2418/4/3 2439/4/3
f 2447/1/3 2396/1/3 2412/1/3
f 2447/4/3 2431/4/3 2430/4/3
f 2447/4/3 2412/4/3 2431/4/3
f 2448/1/3 2396/1/3 2447/1/3
f 2452/4/3 2447/4/3 2430/4/3
f 2452/4/3 2448/4/3 2447/4/3
f 2453/4/3 2448/4/3 2452/4/3
f 2454/12/3 2416/12/3 2436/12/3
f 2455/12/3 2416/12/3 2454/12/3
f 2456/3/3 2438/3/3 2437/3/3
f 2457/2/3 2439/2/3 2383/2/3
f 2457/2/3 2440/2/3 2439/2/3
f 2458/2/3 2440/2/3 2457/2/3
f 2459/1/3 2442/1/3 2441/1/3
f 2460/1/3 2442/1/3 2459/1/3
f 2461/3/3 2390/3/3 2389/3/3
f 2462/3/3 2390/3/3 2461/3/3
f 2463/1/3 2444/1/3 2443/1/3
f 2464/4/3 2445/4/3 2444/4/3
f 2464/1/3 2444/1/3 2463/1/3
f 2465/1/3 2446/1/3 2445/1/3
f 2465/4/3 2445/4/3 2464/4/3
f 2466/1/3 2446/1/3 2465/1/3
f 2467/1/3 2453/1/3 2452/1/3
f 2468/1/3 2453/1/3 2467/1/3
f 2469/3/3 2451/3/3 2450/3/3
f 2469/4/3 2450/4/3 2449/4/3
f 2470/3/3 2451/3/3 2469/3/3
f 2471/3/3 2435/3/3 2434/3/3
f 2471/3/3 2434/3/3 2399/3/3
f 2472/3/3 2435/3/3 2471/3/3
f 2473/3/3 2438/3/3 2456/3/3
f 2474/3/3 2438/3/3 2473/3/3
f 2477/1/3 2459/1/3 2441/1/3
f 2478/4/3 2460/4/3 2459/4/3
f 2478/1/3 2459/1/3 2477/1/3
f 2485/11/3 2455/11/3 2454/11/3
f 2486/11/3 2455/11/3 2485/11/3
f 2487/2/3 2474/2/3 2473/2/3
f 2488/2/3 2474/2/3 2487/2/3
f 2489/3/3 2438/3/3 2474/3/3
f 2489/2/3 2474/2/3 2488/2/3
f 2490/3/3 2438/3/3 2489/3/3
f 2491/3/3 2476/3/3 2475/3/3
f 2492/3/3 2476/3/3 2491/3/3
f 2493/4/3 2478/4/3 2477/4/3
f 2493/4/3 2460/4/3 2478/4/3
f 2494/4/3 2460/4/3 2493/4/3
f 2495/1/3 2480/1/3 2479/1/3
f 2496/1/3 2480/1/3 2495/1/3
f 2497/1/3 2482/1/3 2481/1/3
f 2498/1/3 2482/1/3 2497/1/3
f 2499/4/3 2470/4/3 2469/4/3
f 2499/4/3 2469/4/3 2449/4/3
f 2500/4/3 2470/4/3 2499/4/3
f 2501/12/3 2486/12/3 2485/12/3
f 2502/12/3 2486/12/3 2501/12/3
f 2503/3/3 2488/3/3 2487/3/3
f 2504/4/3 2490/4/3 2489/4/3
f 2504/3/3 2488/3/3 2503/3/3
f 2504/4/3 2489/4/3 2488/4/3
f 2505/4/3 2490/4/3 2504/4/3
f 2506/3/3 2476/3/3 2492/3/3
f 2506/4/3 2492/4/3 2491/4/3
f 2507/3/3 2476/3/3 2506/3/3
f 2508/4/3 2493/4/3 2477/4/3
f 2509/4/3 2493/4/3 2508/4/3
f 2510/4/3 2466/4/3 2465/4/3
f 2510/4/3 2464/4/3 2463/4/3
f 2510/4/3 2465/4/3 2464/4/3
f 2511/4/3 2466/4/3 2510/4/3
f 2512/4/3 2466/4/3 2511/4/3
f 2513/4/3 2466/4/3 2512/4/3
f 2514/4/3 2498/4/3 2497/4/3
f 2515/1/3 2482/1/3 2498/1/3
f 2515/4/3 2498/4/3 2514/4/3
f 2516/4/3 2470/4/3 2500/4/3
f 2516/3/3 2500/3/3 2499/3/3
f 2517/4/3 2470/4/3 2516/4/3
f 2518/1/3 2484/1/3 2483/1/3
f 2519/1/3 2484/1/3 2518/1/3
f 2520/10/3 2502/10/3 2501/10/3
f 2521/10/3 2502/10/3 2520/10/3
f 2522/3/3 2505/3/3 2504/3/3
f 2522/3/3 2504/3/3 2503/3/3
f 2523/3/3 2505/3/3 2522/3/3
f 2524/4/3 2507/4/3 2506/4/3
f 2524/4/3 2506/4/3 2491/4/3
f 2525/4/3 2507/4/3 2524/4/3
f 2526/1/3 2509/1/3 2508/1/3
f 2527/4/3 2493/4/3 2509/4/3
f 2527/1/3 2509/1/3 2526/1/3
f 2528/1/3 2494/1/3 2493/1/3
f 2528/4/3 2493/4/3 2527/4/3
f 2529/1/3 2494/1/3 2528/1/3
f 2530/4/3 2496/4/3 2495/4/3
f 2531/4/3 2496/4/3 2530/4/3
f 2532/1/3 2511/1/3 2510/1/3
f 2533/4/3 2512/4/3 2511/4/3
f 2533/1/3 2511/1/3 2532/1/3
f 2534/1/3 2513/1/3 2512/1/3
f 2534/4/3 2512/4/3 2533/4/3
f 2535/1/3 2513/1/3 2534/1/3
f 2536/1/3 2515/1/3 2514/1/3
f 2537/1/3 2482/1/3 2515/1/3
f 2537/1/3 2515/1/3 2536/1/3
f 2538/3/3 2517/3/3 2516/3/3
f 2538/3/3 2516/3/3 2499/3/3
f 2539/3/3 2517/3/3 2538/3/3
f 2540/4/3 2519/4/3 2518/4/3
f 2541/4/3 2519/4/3 2540/4/3
f 2544/10/3 2543/10/3 2542/10/3
f 2545/10/3 2543/10/3 2544/10/3
f 2562/10/3 2547/10/3 2546/10/3
f 2563/10/3 2547/10/3 2562/10/3
f 2564/5/3 2549/5/3 2548/5/3
f 2565/5/3 2549/5/3 2564/5/3
f 2566/5/3 2551/5/3 2550/5/3
f 2567/5/3 2551/5/3 2566/5/3
f 2568/5/3 2553/5/3 2552/5/3
f 2569/9/3 2557/9/3 2556/9/3
f 2570/9/3 2557/9/3 2569/9/3
f 2571/9/3 2559/9/3 2558/9/3
f 2572/9/3 2559/9/3 2571/9/3
f 2573/5/3 2561/5/3 2560/5/3
f 2576/9/3 2565/9/3 2564/9/3
f 2577/9/3 2565/9/3 2576/9/3
f 2578/9/3 2567/9/3 2566/9/3
f 2580/5/3 2553/5/3 2568/5/3
f 2581/5/3 2553/5/3 2580/5/3
f 2582/9/3 2555/9/3 2554/9/3
f 2584/5/3 2570/5/3 2569/5/3
f 2585/5/3 2570/5/3 2584/5/3
f 2586/7/3 2572/7/3 2571/7/3
f 2588/5/3 2561/5/3 2573/5/3
f 2589/5/3 2561/5/3 2588/5/3
f 2590/5/3 2575/5/3 2574/5/3
f 2591/9/3 2576/9/3 2575/9/3
f 2591/5/3 2575/5/3 2590/5/3
f 2592/7/3 2577/7/3 2576/7/3
f 2592/9/3 2576/9/3 2591/9/3
f 2593/9/3 2578/9/3 2566/9/3
f 2594/5/3 2579/5/3 2578/5/3
f 2594/9/3 2578/9/3 2593/9/3
f 2595/7/3 2580/7/3 2579/7/3
f 2595/5/3 2579/5/3 2594/5/3
f 2596/9/3 2581/9/3 2580/9/3
f 2596/7/3 2580/7/3 2595/7/3
f 2597/9/3 2581/9/3 2596/9/3
f 2598/7/3 2583/7/3 2582/7/3
f 2598/9/3 2582/9/3 2554/9/3
f 2599/9/3 2585/9/3 2584/9/3
f 2599/7/3 2583/7/3 2598/7/3
f 2599/9/3 2584/9/3 2583/9/3
f 2600/9/3 2585/9/3 2599/9/3
f 2601/9/3 2585/9/3 2600/9/3
f 2602/7/3 2586/7/3 2571/7/3
f 2603/5/3 2587/5/3 2586/5/3
f 2603/7/3 2586/7/3 2602/7/3
f 2604/9/3 2588/9/3 2587/9/3
f 2604/5/3 2587/5/3 2603/5/3
f 2604/9/3 2589/9/3 2588/9/3
f 2605/9/3 2589/9/3 2604/9/3
f 2606/9/3 2589/9/3 2605/9/3
f 2607/9/3 2589/9/3 2606/9/3
f 2608/7/3 2577/7/3 2592/7/3
f 2609/7/3 2577/7/3 2608/7/3
f 2610/9/3 2585/9/3 2601/9/3
f 2611/9/3 2585/9/3 2610/9/3
f 2612/9/3 2603/9/3 2602/9/3
f 2613/7/3 2607/7/3 2606/7/3
f 2614/7/3 2607/7/3 2613/7/3
f 2615/9/3 2609/9/3 2608/9/3
f 2617/9/3 2594/9/3 2593/9/3
f 2618/7/3 2597/7/3 2596/7/3
f 2619/7/3 2597/7/3 2618/7/3
f 2622/9/3 2598/9/3 2554/9/3
f 2623/9/3 2598/9/3 2622/9/3
f 2624/7/3 2611/7/3 2610/7/3
f 2625/7/3 2611/7/3 2624/7/3
f 2627/9/3 2603/9/3 2612/9/3
f 2628/9/3 2614/9/3 2613/9/3
f 2629/9/3 2614/9/3 2628/9/3
f 2633/5/3 2616/5/3 2615/5/3
f 2633/9/3 2615/9/3 2608/9/3
f 2634/9/3 2617/9/3 2616/9/3
f 2634/5/3 2616/5/3 2633/5/3
f 2635/9/3 2594/9/3 2617/9/3
f 2635/9/3 2617/9/3 2634/9/3
f 2636/9/3 2594/9/3 2635/9/3
f 2637/9/3 2619/9/3 2618/9/3
f 2638/5/3 2620/5/3 2619/5/3
f 2638/9/3 2619/9/3 2637/9/3
f 2639/9/3 2621/9/3 2620/9/3
f 2639/5/3 2620/5/3 2638/5/3
f 2640/7/3 2622/7/3 2621/7/3
f 2640/9/3 2621/9/3 2639/9/3
f 2641/5/3 2623/5/3 2622/5/3
f 2641/7/3 2622/7/3 2640/7/3
f 2642/7/3 2626/7/3 2625/7/3
f 2642/9/3 2625/9/3 2624/9/3
f 2643/9/3 2627/9/3 2626/9/3
f 2643/7/3 2626/7/3 2642/7/3
f 2644/9/3 2603/9/3 2627/9/3
f 2644/9/3 2627/9/3 2643/9/3
f 2645/9/3 2629/9/3 2628/9/3
f 2645/9/3 2630/9/3 2629/9/3
f 2646/7/3 2631/7/3 2630/7/3
f 2646/9/3 2630/9/3 2645/9/3
f 2647/10/3 2632/10/3 2631/10/3
f 2647/7/3 2631/7/3 2646/7/3
f 2648/10/3 2632/10/3 2647/10/3
f 2649/9/3 2633/9/3 2608/9/3
f 2650/9/3 2633/9/3 2649/9/3
f 2651/7/3 2638/7/3 2637/7/3
f 2652/7/3 2638/7/3 2651/7/3
f 2653/5/3 2623/5/3 2641/5/3
f 2654/5/3 2623/5/3 2653/5/3
f 2655/9/3 2642/9/3 2624/9/3
f 2656/9/3 2642/9/3 2655/9/3
f 2657/9/3 2603/9/3 2644/9/3
f 2658/9/3 2603/9/3 2657/9/3
f 2659/7/3 2650/7/3 2649/7/3
f 2660/7/3 2650/7/3 2659/7/3
f 2661/5/3 2636/5/3 2635/5/3
f 2662/5/3 2636/5/3 2661/5/3
f 2663/7/3 2652/7/3 2651/7/3
f 2664/7/3 2652/7/3 2663/7/3
f 2665/7/3 2654/7/3 2653/7/3
f 2666/7/3 2654/7/3 2665/7/3
f 2667/7/3 2656/7/3 2655/7/3
f 2668/7/3 2656/7/3 2667/7/3
f 2669/7/3 2658/7/3 2657/7/3
f 2670/7/3 2658/7/3 2669/7/3
f 2671/9/3 2645/9/3 2628/9/3
f 2672/9/3 2645/9/3 2671/9/3
f 2675/10/3 2674/10/3 2673/10/3
f 2676/10/3 2674/10/3 2675/10/3
f 2686/3/3 2678/3/3 2677/3/3
f 2687/3/3 2678/3/3 2686/3/3
f 2688/1/3 2680/1/3 2679/1/3
f 2689/1/3 2680/1/3 2688/1/3
f 2690/1/3 2680/1/3 2689/1/3
f 2691/3/3 2682/3/3 2681/3/3
f 2692/1/3 2683/1/3 2682/1/3
f 2692/3/3 2682/3/3 2691/3/3
f 2693/1/3 2683/1/3 2692/1/3
f 2694/1/3 2685/1/3 2684/1/3
f 2695/1/3 2685/1/3 2694/1/3
f 2696/1/3 2685/1/3 2695/1/3
f 2697/1/3 2685/1/3 2696/1/3
f 2712/1/3 2699/1/3 2698/1/3
f 2712/1/3 2700/1/3 2699/1/3
f 2713/1/3 2700/1/3 2712/1/3
f 2714/1/3 2702/1/3 2701/1/3
f 2714/1/3 2703/1/3 2702/1/3
f 2714/1/3 2704/1/3 2703/1/3
f 2715/1/3 2704/1/3 2714/1/3
f 2716/1/3 2706/1/3 2705/1/3
f 2716/1/3 2707/1/3 2706/1/3
f 2717/1/3 2707/1/3 2716/1/3
f 2718/1/3 2709/1/3 2708/1/3
f 2719/4/3 2710/4/3 2709/4/3
f 2719/1/3 2709/1/3 2718/1/3
f 2720/1/3 2711/1/3 2710/1/3
f 2720/4/3 2710/4/3 2719/4/3
f 2721/1/3 2711/1/3 2720/1/3
f 2726/1/3 2723/1/3 2722/1/3
f 2727/1/3 2723/1/3 2726/1/3
f 2728/3/3 2725/3/3 2724/3/3
f 2729/3/3 2725/3/3 2728/3/3
f 2730/3/3 2725/3/3 2729/3/3
f 2734/3/3 2732/3/3 2731/3/3
f 2734/3/3 2733/3/3 2732/3/3
f 2735/3/3 2733/3/3 2734/3/3
f 2740/3/3 2737/3/3 2736/3/3
f 2741/3/3 2737/3/3 2740/3/3
f 2742/3/3 2737/3/3 2741/3/3
f 2743/3/3 2737/3/3 2742/3/3
f 2744/2/3 2739/2/3 2738/2/3
f 2745/2/3 2739/2/3 2744/2/3
f 2746/2/3 2739/2/3 2745/2/3
f 2754/1/3 2749/1/3 2748/1/3
f 2754/1/3 2748/1/3 2747/1/3
f 2755/1/3 2749/1/3 2754/1/3
f 2756/1/3 2753/1/3 2752/1/3
f 2756/1/3 2752/1/3 2751/1/3
f 2756/1/3 2751/1/3 2750/1/3
f 2757/1/3 2753/1/3 2756/1/3
f 2761/1/3 2759/1/3 2758/1/3
f 2761/1/3 2760/1/3 2759/1/3
f 2762/1/3 2760/1/3 2761/1/3
f 2766/3/3 2764/3/3 2763/3/3
f 2767/3/3 2764/3/3 2766/3/3
f 2768/2/3 2765/2/3 2764/2/3
f 2768/3/3 2764/3/3 2767/3/3
f 2769/2/3 2765/2/3 2768/2/3
f 2776/1/3 2771/1/3 2770/1/3
f 2777/1/3 2771/1/3 2776/1/3
f 2778/1/3 2771/1/3 2777/1/3
f 2779/2/3 2773/2/3 2772/2/3
f 2780/3/3 2774/3/3 2773/3/3
f 2780/2/3 2773/2/3 2779/2/3
f 2781/2/3 2775/2/3 2774/2/3
f 2781/3/3 2774/3/3 2780/3/3
f 2782/2/3 2775/2/3 2781/2/3
f 2792/2/3 2784/2/3 2783/2/3
f 2792/2/3 2785/2/3 2784/2/3
f 2793/2/3 2785/2/3 2792/2/3
f 2794/2/3 2787/2/3 2786/2/3
f 2795/4/3 2788/4/3 2787/4/3
f 2795/2/3 2787/2/3 2794/2/3
f 2796/2/3 2789/2/3 2788/2/3
f 2796/4/3 2788/4/3 2795/4/3
f 2797/2/3 2789/2/3 2796/2/3
f 2798/3/3 2791/3/3 2790/3/3
f 2799/3/3 2791/3/3 2798/3/3
f 2802/1/3 2801/1/3 2800/1/3
f 2803/1/3 2801/1/3 2802/1/3
f 2804/1/3 2801/1/3 2803/1/3
f 2805/1/3 2801/1/3 2804/1/3
f 2809/3/3 2807/3/3 2806/3/3
f 2809/3/3 2808/3/3 2807/3/3
f 2810/3/3 2808/3/3 2809/3/3
f 2813/3/3 2812/3/3 2811/3/3
f 2814/3/3 2812/3/3 2813/3/3
f 2815/3/3 2812/3/3 2814/3/3
f 2818/1/3 2817/1/3 2816/1/3
f 2819/1/3 2817/1/3 2818/1/3
f 2828/1/3 2821/1/3 2820/1/3
f 2828/1/3 2822/1/3 2821/1/3
f 2828/1/3 2823/1/3 2822/1/3
f 2829/1/3 2823/1/3 2828/1/3
f 2830/1/3 2825/1/3 2824/1/3
f 2831/1/3 2825/1/3 2830/1/3
f 2832/1/3 2827/1/3 2826/1/3
f 2833/1/3 2827/1/3 2832/1/3
f 2839/3/3 2835/3/3 2834/3/3
f 2840/1/3 2836/1/3 2835/1/3
f 2840/3/3 2835/3/3 2839/3/3
f 2841/1/3 2836/1/3 2840/1/3
f 2842/1/3 2838/1/3 2837/1/3
f 2843/1/3 2838/1/3 2842/1/3
f 2844/1/3 2838/1/3 2843/1/3
f 2849/1/3 2846/1/3 2845/1/3
f 2849/1/3 2848/1/3 2847/1/3
f 2849/1/3 2847/1/3 2846/1/3
f 2850/1/3 2848/1/3 2849/1/3
f 2853/1/3 2852/1/3 2851/1/3
f 2854/1/3 2852/1/3 2853/1/3
f 2855/1/3 2852/1/3 2854/1/3
f 2859/1/3 2857/1/3 2856/1/3
f 2859/1/3 2858/1/3 2857/1/3
f 2860/1/3 2858/1/3 2859/1/3
f 2867/3/3 2862/3/3 2861/3/3
f 2868/3/3 2862/3/3 2867/3/3
f 2869/3/3 2862/3/3 2868/3/3
f 2870/3/3 2864/3/3 2863/3/3
f 2871/3/3 2864/3/3 2870/3/3
f 2872/3/3 2864/3/3 2871/3/3
f 2873/1/3 2866/1/3 2865/1/3
f 2874/1/3 2866/1/3 2873/1/3
f 2875/1/3 2866/1/3 2874/1/3
f 2880/1/3 2877/1/3 2876/1/3
f 2881/4/3 2878/4/3 2877/4/3
f 2881/1/3 2877/1/3 2880/1/3
f 2882/1/3 2879/1/3 2878/1/3
f 2882/4/3 2878/4/3 2881/4/3
f 2883/1/3 2879/1/3 2882/1/3
f 2889/1/3 2885/1/3 2884/1/3
f 2890/1/3 2885/1/3 2889/1/3
f 2891/3/3 2888/3/3 2887/3/3
f 2891/3/3 2887/3/3 2886/3/3
f 2892/3/3 2888/3/3 2891/3/3
f 2895/3/3 2894/3/3 2893/3/3
f 2896/3/3 2894/3/3 2895/3/3
f 2897/3/3 2894/3/3 2896/3/3
f 2902/1/3 2899/1/3 2898/1/3
f 2903/1/3 2899/1/3 2902/1/3
f 2904/1/3 2899/1/3 2903/1/3
f 2905/1/3 2901/1/3 2900/1/3
f 2906/1/3 2901/1/3 2905/1/3
f 2907/1/3 2901/1/3 2906/1/3
f 2921/3/3 2909/3/3 2908/3/3
f 2921/3/3 2910/3/3 2909/3/3
f 2922/3/3 2910/3/3 2921/3/3
f 2923/4/3 2912/4/3 2911/4/3
f 2924/1/3 2913/1/3 2912/1/3
f 2924/4/3 2912/4/3 2923/4/3
f 2924/1/3 2914/1/3 2913/1/3
f 2925/1/3 2914/1/3 2924/1/3
f 2926/1/3 2917/1/3 2916/1/3
f 2926/1/3 2916/1/3 2915/1/3
f 2927/1/3 2917/1/3 2926/1/3
f 2928/3/3 2920/3/3 2919/3/3
f 2928/3/3 2919/3/3 2918/3/3
f 2929/3/3 2920/3/3 2928/3/3
f 2932/1/3 2931/1/3 2930/1/3
f 2933/1/3 2931/1/3 2932/1/3
f 2934/1/3 2931/1/3 2933/1/3
f 2947/1/3 2936/1/3 2935/1/3
f 2948/3/3 2937/3/3 2936/3/3
f 2948/1/3 2936/1/3 2947/1/3
f 2949/1/3 2938/1/3 2937/1/3
f 2949/3/3 2937/3/3 2948/3/3
f 2950/1/3 2938/1/3 2949/1/3
f 2951/3/3 2940/3/3 2939/3/3
f 2952/3/3 2940/3/3 2951/3/3
f 2953/3/3 2940/3/3 2952/3/3
f 2954/1/3 2942/1/3 2941/1/3
f 2955/3/3 2943/3/3 2942/3/3
f 2955/1/3 2942/1/3 2954/1/3
f 2956/1/3 2944/1/3 2943/1/3
f 2956/3/3 2943/3/3 2955/3/3
f 2957/1/3 2944/1/3 2956/1/3
f 2958/3/3 2946/3/3 2945/3/3
f 2959/3/3 2946/3/3 2958/3/3
f 2960/3/3 2946/3/3 2959/3/3
f 2973/1/3 2962/1/3 2961/1/3
f 2973/1/3 2963/1/3 2962/1/3
f 2974/1/3 2963/1/3 2973/1/3
f 2975/3/3 2965/3/3 2964/3/3
f 2975/3/3 2966/3/3 2965/3/3
f 2975/3/3 2967/3/3 2966/3/3
f 2976/3/3 2967/3/3 2975/3/3
f 2977/1/3 2970/1/3 2969/1/3
f 2977/1/3 2969/1/3 2968/1/3
f 2978/1/3 2970/1/3 2977/1/3
f 2979/1/3 2972/1/3 2971/1/3
f 2980/1/3 2972/1/3 2979/1/3
f 2989/3/3 2982/3/3 2981/3/3
f 2990/3/3 2982/3/3 2989/3/3
f 2991/1/3 2984/1/3 2983/1/3
f 2992/1/3 2984/1/3 2991/1/3
f 2993/1/3 2984/1/3 2992/1/3
f 2994/1/3 2986/1/3 2985/1/3
f 2995/1/3 2986/1/3 2994/1/3
f 2996/1/3 2988/1/3 2987/1/3
f 2997/1/3 2988/1/3 2996/1/3
f 2998/1/3 2988/1/3 2997/1/3
f 3011/1/3 3000/1/3 2999/1/3
f 3012/4/3 3001/4/3 3000/4/3
f 3012/1/3 3000/1/3 3011/1/3
f 3013/1/3 3002/1/3 3001/1/3
f 3013/4/3 3001/4/3 3012/4/3
f 3014/1/3 3002/1/3 3013/1/3
f 3015/1/3 3004/1/3 3003/1/3
f 3016/1/3 3004/1/3 3015/1/3
f 3017/2/3 3007/2/3 3006/2/3
f 3017/2/3 3006/2/3 3005/2/3
f 3018/2/3 3007/2/3 3017/2/3
f 3019/3/3 3010/3/3 3009/3/3
f 3019/3/3 3009/3/3 3008/3/3
f 3020/3/3 3010/3/3 3019/3/3
f 3021/2/4 3022/2/4 3030/2/4
f 3030/2/4 3022/2/4 3031/2/4
f 3023/3/4 3024/3/4 3032/3/4
f 3032/3/4 3024/3/4 3033/3/4
f 3033/3/4 3024/3/4 3034/3/4
f 3025/3/4 3026/3/4 3035/3/4
f 3026/1/4 3027/1/4 3036/1/4
f 3035/3/4 3026/3/4 3036/3/4
f 3036/1/4 3027/1/4 3037/1/4
f 3028/3/4 3029/3/4 3038/3/4
f 3038/3/4 3029/3/4 3039/3/4
f 3039/3/4 3029/3/4 3040/3/4
f 3040/3/4 3029/3/4 3041/3/4
f 3042/3/4 3043/3/4 3054/3/4
f 3043/3/4 3044/3/4 3054/3/4
f 3054/3/4 3044/3/4 3055/3/4
f 3045/1/4 3046/1/4 3056/1/4
f 3046/1/4 3047/1/4 3056/1/4
f 3047/1/4 3048/1/4 3056/1/4
f 3056/1/4 3048/1/4 3057/1/4
f 3050/1/4 3051/1/4 3058/1/4
f 3049/1/4 3050/1/4 3058/1/4
f 3058/1/4 3051/1/4 3059/1/4
f 3052/3/4 3053/3/4 3060/3/4
f 3060/3/4 3053/3/4 3061/3/4
f 3062/1/4 3063/1/4 3066/1/4
f 3066/1/4 3063/1/4 3067/1/4
f 3064/1/4 3065/1/4 3068/1/4
f 3068/1/4 3065/1/4 3069/1/4
f 3069/1/4 3065/1/4 3070/1/4
f 3071/1/4 3072/1/4 3075/1/4
f 3073/4/4 3074/4/4 3076/4/4
f 3075/1/4 3072/1/4 3076/1/4
f 3072/4/4 3073/4/4 3076/4/4
f 3076/4/4 3074/4/4 3077/4/4
f 3078/1/4 3079/1/4 3082/1/4
f 3082/1/4 3079/1/4 3083/1/4
f 3083/1/4 3079/1/4 3084/1/4
f 3084/1/4 3079/1/4 3085/1/4
f 3080/3/4 3081/3/4 3086/3/4
f 3086/3/4 3081/3/4 3087/3/4
f 3087/3/4 3081/3/4 3088/3/4
f 3090/3/4 3091/3/4 3096/3/4
f 3089/3/4 3090/3/4 3096/3/4
f 3096/3/4 3091/3/4 3097/3/4
f 3094/1/4 3095/1/4 3098/1/4
f 3093/1/4 3094/1/4 3098/1/4
f 3092/1/4 3093/1/4 3098/1/4
f 3098/1/4 3095/1/4 3099/1/4
f 3100/1/4 3101/1/4 3103/1/4
f 3101/1/4 3102/1/4 3103/1/4
f 3103/1/4 3102/1/4 3104/1/4
f 3105/3/4 3106/3/4 3107/3/4
f 3107/3/4 3106/3/4 3108/3/4
f 3108/3/4 3106/3/4 3109/3/4
f 3110/1/4 3111/1/4 3114/1/4
f 3114/1/4 3111/1/4 3115/1/4
f 3115/1/4 3111/1/4 3116/1/4
f 3112/1/4 3113/1/4 3117/1/4
f 3117/1/4 3113/1/4 3118/1/4
f 3118/1/4 3113/1/4 3119/1/4
f 3119/1/4 3113/1/4 3120/1/4
f 3121/1/4 3122/1/4 3130/1/4
f 3122/4/4 3123/4/4 3131/4/4
f 3130/1/4 3122/1/4 3131/1/4
f 3123/1/4 3124/1/4 3132/1/4
f 3131/4/4 3123/4/4 3132/4/4
f 3132/1/4 3124/1/4 3133/1/4
f 3125/1/4 3126/1/4 3134/1/4
f 3126/1/4 3127/1/4 3134/1/4
f 3134/1/4 3127/1/4 3135/1/4
f 3128/1/4 3129/1/4 3136/1/4
f 3136/1/4 3129/1/4 3137/1/4
f 3138/1/4 3139/1/4 3140/1/4
f 3140/1/4 3139/1/4 3141/1/4
f 3141/1/4 3139/1/4 3142/1/4
f 3142/1/4 3139/1/4 3143/1/4
f 3144/1/4 3145/1/4 3147/1/4
f 3145/1/4 3146/1/4 3147/1/4
f 3147/1/4 3146/1/4 3148/1/4
f 3149/1/4 3150/1/4 3151/1/4
f 3151/1/4 3150/1/4 3152/1/4
f 3152/1/4 3150/1/4 3153/1/4
f 3154/1/4 3155/1/4 3156/1/4
f 3156/1/4 3155/1/4 3157/1/4
f 3158/1/4 3159/1/4 3168/1/4
f 3159/1/4 3160/1/4 3168/1/4
f 3160/1/4 3161/1/4 3168/1/4
f 3168/1/4 3161/1/4 3169/1/4
f 3162/3/4 3163/3/4 3170/3/4
f 3170/3/4 3163/3/4 3171/3/4
f 3164/1/4 3165/1/4 3172/1/4
f 3165/4/4 3166/4/4 3173/4/4
f 3172/1/4 3165/1/4 3173/1/4
f 3166/1/4 3167/1/4 3174/1/4
f 3173/4/4 3166/4/4 3174/4/4
f 3174/1/4 3167/1/4 3175/1/4
f 3176/3/4 3177/3/4 3180/3/4
f 3180/3/4 3177/3/4 3181/3/4
f 3181/3/4 3177/3/4 3182/3/4
f 3178/2/4 3179/2/4 3183/2/4
f 3183/2/4 3179/2/4 3184/2/4
f 3184/2/4 3179/2/4 3185/2/4
f 3186/1/4 3187/1/4 3190/1/4
f 3188/1/4 3189/1/4 3190/1/4
f 3187/1/4 3188/1/4 3190/1/4
f 3190/1/4 3189/1/4 3191/1/4
f 3192/3/4 3193/3/4 3195/3/4
f 3195/3/4 3193/3/4 3196/3/4
f 3193/1/4 3194/1/4 3197/1/4
f 3196/3/4 3193/3/4 3197/3/4
f 3197/1/4 3194/1/4 3198/1/4
f 3199/2/4 3200/2/4 3203/2/4
f 3200/4/4 3201/4/4 3204/4/4
f 3203/2/4 3200/2/4 3204/2/4
f 3201/2/4 3202/2/4 3205/2/4
f 3204/4/4 3201/4/4 3205/4/4
f 3205/2/4 3202/2/4 3206/2/4
f 3207/2/4 3208/2/4 3213/2/4
f 3213/2/4 3208/2/4 3214/2/4
f 3214/2/4 3208/2/4 3215/2/4
f 3209/3/4 3210/3/4 3216/3/4
f 3216/3/4 3210/3/4 3217/3/4
f 3217/3/4 3210/3/4 3218/3/4
f 3211/2/4 3212/2/4 3219/2/4
f 3219/2/4 3212/2/4 3220/2/4
f 3220/2/4 3212/2/4 3221/2/4
f 3222/3/4 3223/3/4 3224/3/4
f 3224/3/4 3223/3/4 3225/3/4
f 3226/3/4 3227/3/4 3231/3/4
f 3231/3/4 3227/3/4 3232/3/4
f 3229/2/4 3230/2/4 3233/2/4
f 3228/2/4 3229/2/4 3233/2/4
f 3233/2/4 3230/2/4 3234/2/4
f 3235/3/4 3236/3/4 3237/3/4
f 3237/3/4 3236/3/4 3238/3/4
f 3238/3/4 3236/3/4 3239/3/4
f 3240/1/4 3241/1/4 3244/1/4
f 3244/1/4 3241/1/4 3245/1/4
f 3245/1/4 3241/1/4 3246/1/4
f 3242/1/4 3243/1/4 3247/1/4
f 3247/1/4 3243/1/4 3248/1/4
f 3248/1/4 3243/1/4 3249/1/4
f 3250/1/4 3251/1/4 3263/1/4
f 3251/1/4 3252/1/4 3263/1/4
f 3263/1/4 3252/1/4 3264/1/4
f 3253/1/4 3254/1/4 3265/1/4
f 3254/1/4 3255/1/4 3265/1/4
f 3255/1/4 3256/1/4 3265/1/4
f 3265/1/4 3256/1/4 3266/1/4
f 3258/1/4 3259/1/4 3267/1/4
f 3257/1/4 3258/1/4 3267/1/4
f 3267/1/4 3259/1/4 3268/1/4
f 3261/1/4 3262/1/4 3269/1/4
f 3260/1/4 3261/1/4 3269/1/4
f 3269/1/4 3262/1/4 3270/1/4
f 3271/1/4 3272/1/4 3273/1/4
f 3273/1/4 3272/1/4 3274/1/4
f 3274/1/4 3272/1/4 3275/1/4
f 3276/3/4 3277/3/4 3284/3/4
f 3284/3/4 3277/3/4 3285/3/4
f 3285/3/4 3277/3/4 3286/3/4
f 3278/1/4 3279/1/4 3287/1/4
f 3287/1/4 3279/1/4 3288/1/4
f 3288/1/4 3279/1/4 3289/1/4
f 3280/3/4 3281/3/4 3290/3/4
f 3290/3/4 3281/3/4 3291/3/4
f 3291/3/4 3281/3/4 3292/3/4
f 3282/1/4 3283/1/4 3293/1/4
f 3293/1/4 3283/1/4 3294/1/4
f 3294/1/4 3283/1/4 3295/1/4
f 3296/1/4 3297/1/4 3309/1/4
f 3297/4/4 3298/4/4 3310/4/4
f 3309/1/4 3297/1/4 3310/1/4
f 3298/4/4 3299/4/4 3310/4/4
f 3310/4/4 3299/4/4 3311/4/4
f 3300/1/4 3301/1/4 3312/1/4
f 3301/1/4 3302/1/4 3312/1/4
f 3302/1/4 3303/1/4 3312/1/4
f 3312/1/4 3303/1/4 3313/1/4
f 3305/3/4 3306/3/4 3314/3/4
f 3304/3/4 3305/3/4 3314/3/4
f 3314/3/4 3306/3/4 3315/3/4
f 3307/1/4 3308/1/4 3316/1/4
f 3316/1/4 3308/1/4 3317/1/4
f 3318/1/4 3319/1/4 3330/1/4
f 3319/3/4 3320/3/4 3331/3/4
f 3330/1/4 3319/1/4 3331/1/4
f 3320/1/4 3321/1/4 3332/1/4
f 3331/3/4 3320/3/4 3332/3/4
f 3332/1/4 3321/1/4 3333/1/4
f 3322/2/4 3323/2/4 3334/2/4
f 3323/3/4 3324/3/4 3335/3/4
f 3334/2/4 3323/2/4 3335/2/4
f 3324/2/4 3325/2/4 3336/2/4
f 3335/3/4 3324/3/4 3336/3/4
f 3336/2/4 3325/2/4 3337/2/4
f 3326/3/4 3327/3/4 3338/3/4
f 3338/3/4 3327/3/4 3339/3/4
f 3328/1/4 3329/1/4 3340/1/4
f 3340/1/4 3329/1/4 3341/1/4
f 3341/1/4 3329/1/4 3342/1/4
f 3343/3/4 3344/3/4 3355/3/4
f 3344/3/4 3345/3/4 3355/3/4
f 3355/3/4 3345/3/4 3356/3/4
f 3346/1/4 3347/1/4 3357/1/4
f 3357/1/4 3347/1/4 3358/1/4
f 3348/1/4 3349/1/4 3359/1/4
f 3349/4/4 3350/4/4 3360/4/4
f 3359/1/4 3349/1/4 3360/1/4
f 3350/1/4 3351/1/4 3361/1/4
f 3360/4/4 3350/4/4 3361/4/4
f 3361/1/4 3351/1/4 3362/1/4
f 3353/3/4 3354/3/4 3363/3/4
f 3352/3/4 3353/3/4 3363/3/4
f 3363/3/4 3354/3/4 3364/3/4
f 3365/10/4 3366/10/4 3381/10/4
f 3381/10/4 3366/10/4 3382/10/4
f 3367/7/4 3368/7/4 3383/7/4
f 3383/7/4 3368/7/4 3384/7/4
f 3369/9/4 3370/9/4 3385/9/4
f 3373/5/4 3374/5/4 3386/5/4
f 3386/5/4 3374/5/4 3387/5/4
f 3375/9/4 3376/9/4 3388/9/4
f 3379/4/4 3380/4/4 3389/4/4
f 3389/4/4 3380/4/4 3390/4/4
f 3383/9/4 3384/9/4 3391/9/4
f 3369/9/4 3385/9/4 3393/9/4
f 3393/9/4 3385/9/4 3394/9/4
f 3371/7/4 3372/7/4 3395/7/4
f 3395/7/4 3372/7/4 3396/7/4
f 3386/7/4 3387/7/4 3397/7/4
f 3397/7/4 3387/7/4 3398/7/4
f 3388/9/4 3376/9/4 3399/9/4
f 3377/9/4 3378/9/4 3402/9/4
f 3389/5/4 3390/5/4 3403/5/4
f 3403/5/4 3390/5/4 3404/5/4
f 3391/9/4 3392/9/4 3408/9/4
f 3383/9/4 3391/9/4 3408/9/4
f 3408/9/4 3392/9/4 3409/9/4
f 3392/7/4 3393/7/4 3410/7/4
f 3409/9/4 3392/9/4 3410/9/4
f 3393/9/4 3394/9/4 3411/9/4
f 3410/7/4 3393/7/4 3411/7/4
f 3395/9/4 3396/9/4 3412/9/4
f 3396/5/4 3397/5/4 3412/5/4
f 3397/9/4 3398/9/4 3413/9/4
f 3412/5/4 3397/5/4 3413/5/4
f 3400/9/4 3401/9/4 3414/9/4
f 3388/9/4 3399/9/4 3414/9/4
f 3399/9/4 3400/9/4 3414/9/4
f 3414/9/4 3401/9/4 3415/9/4
f 3401/5/4 3402/5/4 3416/5/4
f 3415/9/4 3401/9/4 3416/9/4
f 3402/9/4 3378/9/4 3417/9/4
f 3416/5/4 3402/5/4 3417/5/4
f 3417/9/4 3378/9/4 3418/9/4
f 3403/9/4 3404/9/4 3419/9/4
f 3404/9/4 3405/9/4 3419/9/4
f 3405/7/4 3406/7/4 3420/7/4
f 3419/9/4 3405/9/4 3420/9/4
f 3406/10/4 3407/10/4 3421/10/4
f 3420/7/4 3406/7/4 3421/7/4
f 3421/10/4 3407/10/4 3422/10/4
f 3408/7/4 3409/7/4 3423/7/4
f 3423/7/4 3409/7/4 3424/7/4
f 3411/9/4 3394/9/4 3425/9/4
f 3395/9/4 3412/9/4 3426/9/4
f 3413/9/4 3398/9/4 3427/9/4
f 3427/9/4 3398/9/4 3428/9/4
f 3414/5/4 3415/5/4 3429/5/4
f 3429/5/4 3415/5/4 3430/5/4
f 3423/9/4 3424/9/4 3433/9/4
f 3425/9/4 3394/9/4 3434/9/4
f 3426/9/4 3412/9/4 3437/9/4
f 3427/7/4 3428/7/4 3438/7/4
f 3438/7/4 3428/7/4 3439/7/4
f 3429/9/4 3430/9/4 3440/9/4
f 3417/7/4 3418/7/4 3441/7/4
f 3441/7/4 3418/7/4 3442/7/4
f 3403/9/4 3419/9/4 3444/9/4
f 3431/7/4 3432/7/4 3445/7/4
f 3432/9/4 3433/9/4 3446/9/4
f 3445/7/4 3432/7/4 3446/7/4
f 3433/9/4 3424/9/4 3447/9/4
f 3446/9/4 3433/9/4 3447/9/4
f 3425/9/4 3434/9/4 3448/9/4
f 3434/9/4 3435/9/4 3448/9/4
f 3448/9/4 3435/9/4 3449/9/4
f 3435/5/4 3436/5/4 3450/5/4
f 3449/9/4 3435/9/4 3450/9/4
f 3436/7/4 3437/7/4 3451/7/4
f 3450/5/4 3436/5/4 3451/5/4
f 3437/9/4 3412/9/4 3452/9/4
f 3451/7/4 3437/7/4 3452/7/4
f 3439/9/4 3440/9/4 3453/9/4
f 3438/9/4 3439/9/4 3453/9/4
f 3453/9/4 3440/9/4 3454/9/4
f 3454/9/4 3440/9/4 3455/9/4
f 3455/9/4 3440/9/4 3456/9/4
f 3440/9/4 3430/9/4 3457/9/4
f 3456/9/4 3440/9/4 3457/9/4
f 3441/5/4 3442/5/4 3458/5/4
f 3442/9/4 3443/9/4 3459/9/4
f 3458/5/4 3442/5/4 3459/5/4
f 3443/7/4 3444/7/4 3460/7/4
f 3459/9/4 3443/9/4 3460/9/4
f 3460/7/4 3444/7/4 3461/7/4
f 3444/9/4 3419/9/4 3462/9/4
f 3461/7/4 3444/7/4 3462/7/4
f 3452/9/4 3412/9/4 3463/9/4
f 3463/9/4 3412/9/4 3464/9/4
f 3453/9/4 3454/9/4 3465/9/4
f 3465/9/4 3454/9/4 3466/9/4
f 3447/9/4 3424/9/4 3467/9/4
f 3467/9/4 3424/9/4 3468/9/4
f 3448/7/4 3449/7/4 3469/7/4
f 3469/7/4 3449/7/4 3470/7/4
f 3463/5/4 3464/5/4 3471/5/4
f 3471/5/4 3464/5/4 3472/5/4
f 3465/7/4 3466/7/4 3473/7/4
f 3473/7/4 3466/7/4 3474/7/4
f 3457/9/4 3430/9/4 3475/9/4
f 3475/9/4 3430/9/4 3476/9/4
f 3458/9/4 3459/9/4 3477/9/4
f 3477/9/4 3459/9/4 3478/9/4
f 3462/9/4 3419/9/4 3479/9/4
f 3479/9/4 3419/9/4 3480/9/4
f 3481/10/4 3482/10/4 3483/10/4
f 3483/10/4 3482/10/4 3484/10/4
f 3485/11/4 3486/11/4 3506/11/4
f 3506/11/4 3486/11/4 3507/11/4
f 3487/3/4 3488/3/4 3508/3/4
f 3508/3/4 3488/3/4 3509/3/4
f 3489/1/4 3490/1/4 3510/1/4
f 3490/3/4 3491/3/4 3511/3/4
f 3510/1/4 3490/1/4 3511/1/4
f 3511/3/4 3491/3/4 3512/3/4
f 3512/3/4 3491/3/4 3513/3/4
f 3492/3/4 3493/3/4 3514/3/4
f 3493/1/4 3494/1/4 3515/1/4
f 3514/3/4 3493/3/4 3515/3/4
f 3497/1/4 3498/1/4 3516/1/4
f 3516/1/4 3498/1/4 3517/1/4
f 3500/4/4 3501/4/4 3518/4/4
f 3518/4/4 3501/4/4 3519/4/4
f 3502/1/4 3503/1/4 3520/1/4
f 3520/1/4 3503/1/4 3521/1/4
f 3510/4/4 3511/4/4 3524/4/4
f 3511/4/4 3512/4/4 3524/4/4
f 3512/1/4 3513/1/4 3525/1/4
f 3524/4/4 3512/4/4 3525/4/4
f 3514/1/4 3515/1/4 3526/1/4
f 3515/1/4 3494/1/4 3527/1/4
f 3526/1/4 3515/1/4 3527/1/4
f 3516/4/4 3517/4/4 3528/4/4
f 3528/4/4 3517/4/4 3529/4/4
f 3520/4/4 3521/4/4 3530/4/4
f 3530/4/4 3521/4/4 3531/4/4
f 3504/3/4 3505/3/4 3532/3/4
f 3522/10/4 3523/10/4 3533/10/4
f 3524/1/4 3525/1/4 3534/1/4
f 3525/1/4 3513/1/4 3535/1/4
f 3534/1/4 3525/1/4 3535/1/4
f 3526/4/4 3527/4/4 3536/4/4
f 3536/4/4 3527/4/4 3537/4/4
f 3527/1/4 3494/1/4 3538/1/4
f 3537/4/4 3527/4/4 3538/4/4
f 3538/1/4 3494/1/4 3539/1/4
f 3495/3/4 3496/3/4 3540/3/4
f 3540/3/4 3496/3/4 3541/3/4
f 3516/4/4 3528/4/4 3542/4/4
f 3542/4/4 3528/4/4 3543/4/4
f 3499/1/4 3500/1/4 3544/1/4
f 3500/4/4 3518/4/4 3545/4/4
f 3544/1/4 3500/1/4 3545/1/4
f 3518/1/4 3519/1/4 3546/1/4
f 3545/4/4 3518/4/4 3546/4/4
f 3546/1/4 3519/1/4 3547/1/4
f 3504/3/4 3532/3/4 3548/3/4
f 3548/3/4 3532/3/4 3549/3/4
f 3508/4/4 3509/4/4 3550/4/4
f 3550/4/4 3509/4/4 3551/4/4
f 3551/4/4 3509/4/4 3552/4/4
f 3543/4/4 3528/4/4 3557/4/4
f 3542/1/4 3543/1/4 3557/1/4
f 3528/1/4 3529/1/4 3558/1/4
f 3557/4/4 3528/4/4 3558/4/4
f 3520/4/4 3530/4/4 3561/4/4
f 3530/1/4 3531/1/4 3562/1/4
f 3561/4/4 3530/4/4 3562/4/4
f 3533/10/4 3523/10/4 3565/10/4
f 3565/10/4 3523/10/4 3566/10/4
f 3550/4/4 3551/4/4 3567/4/4
f 3551/3/4 3552/3/4 3568/3/4
f 3567/4/4 3551/4/4 3568/4/4
f 3553/1/4 3554/1/4 3569/1/4
f 3569/1/4 3554/1/4 3570/1/4
f 3538/4/4 3539/4/4 3571/4/4
f 3536/1/4 3537/1/4 3571/1/4
f 3537/4/4 3538/4/4 3571/4/4
f 3571/4/4 3539/4/4 3572/4/4
f 3555/1/4 3556/1/4 3573/1/4
f 3573/1/4 3556/1/4 3574/1/4
f 3567/3/4 3568/3/4 3575/3/4
f 3568/3/4 3552/3/4 3576/3/4
f 3575/3/4 3568/3/4 3576/3/4
f 3571/1/4 3572/1/4 3577/1/4
f 3536/1/4 3571/1/4 3577/1/4
f 3577/1/4 3572/1/4 3578/1/4
f 3542/1/4 3557/1/4 3579/1/4
f 3557/1/4 3558/1/4 3579/1/4
f 3558/1/4 3529/1/4 3580/1/4
f 3579/1/4 3558/1/4 3580/1/4
f 3561/1/4 3562/1/4 3581/1/4
f 3562/1/4 3531/1/4 3582/1/4
f 3581/1/4 3562/1/4 3582/1/4
f 3574/1/4 3556/1/4 3587/1/4
f 3573/4/4 3574/4/4 3587/4/4
f 3587/1/4 3556/1/4 3588/1/4
f 3565/11/4 3566/11/4 3596/11/4
f 3583/1/4 3584/1/4 3597/1/4
f 3597/1/4 3584/1/4 3598/1/4
f 3589/1/4 3590/1/4 3599/1/4
f 3590/4/4 3591/4/4 3600/4/4
f 3599/1/4 3590/1/4 3600/1/4
f 3597/4/4 3598/4/4 3601/4/4
f 3601/4/4 3598/4/4 3602/4/4
f 3598/1/4 3584/1/4 3603/1/4
f 3602/4/4 3598/4/4 3603/4/4
f 3603/1/4 3584/1/4 3604/1/4
f 3569/4/4 3570/4/4 3605/4/4
f 3605/4/4 3570/4/4 3606/4/4
f 3555/1/4 3573/1/4 3607/1/4
f 3573/4/4 3587/4/4 3608/4/4
f 3607/1/4 3573/1/4 3608/1/4
f 3587/4/4 3588/4/4 3608/4/4
f 3559/2/4 3560/2/4 3609/2/4
f 3609/2/4 3560/2/4 3610/2/4
f 3563/3/4 3564/3/4 3611/3/4
f 3611/3/4 3564/3/4 3612/3/4
f 3596/11/4 3566/11/4 3613/11/4
f 3613/11/4 3566/11/4 3614/11/4
f 3601/1/4 3602/1/4 3615/1/4
f 3603/4/4 3604/4/4 3616/4/4
f 3615/1/4 3602/1/4 3616/1/4
f 3602/4/4 3603/4/4 3616/4/4
f 3616/4/4 3604/4/4 3617/4/4
f 3553/1/4 3569/1/4 3618/1/4
f 3569/4/4 3605/4/4 3619/4/4
f 3618/1/4 3569/1/4 3619/1/4
f 3605/1/4 3606/1/4 3620/1/4
f 3619/4/4 3605/4/4 3620/4/4
f 3620/1/4 3606/1/4 3621/1/4
f 3585/3/4 3586/3/4 3622/3/4
f 3622/3/4 3586/3/4 3623/3/4
f 3607/4/4 3608/4/4 3624/4/4
f 3608/4/4 3588/4/4 3625/4/4
f 3624/4/4 3608/4/4 3625/4/4
f 3599/4/4 3600/4/4 3626/4/4
f 3591/1/4 3592/1/4 3627/1/4
f 3626/4/4 3600/4/4 3627/4/4
f 3600/4/4 3591/4/4 3627/4/4
f 3627/1/4 3592/1/4 3628/1/4
f 3559/2/4 3609/2/4 3629/2/4
f 3609/4/4 3610/4/4 3630/4/4
f 3629/2/4 3609/2/4 3630/2/4
f 3630/4/4 3610/4/4 3631/4/4
f 3593/4/4 3594/4/4 3632/4/4
f 3594/1/4 3595/1/4 3633/1/4
f 3632/4/4 3594/4/4 3633/4/4
f 3633/1/4 3595/1/4 3634/1/4
f 3563/3/4 3611/3/4 3635/3/4
f 3611/4/4 3612/4/4 3636/4/4
f 3635/3/4 3611/3/4 3636/3/4
f 3612/3/4 3564/3/4 3637/3/4
f 3636/4/4 3612/4/4 3637/4/4
f 3637/3/4 3564/3/4 3638/3/4
f 3639/10/4 3640/10/4 3641/10/4
f 3641/10/4 3640/10/4 3642/10/4
f 3643/10/4 3644/10/4 3646/10/4
f 3644/11/4 3645/11/4 3646/11/4
f 3646/11/4 3645/11/4 3647/11/4
f 3643/10/4 3646/10/4 3649/10/4
f 3646/10/4 3647/10/4 3649/10/4
f 3647/11/4 3648/11/4 3650/11/4
f 3649/10/4 3647/10/4 3650/10/4
f 3650/11/4 3648/11/4 3651/11/4
f 3643/10/4 3649/10/4 3652/10/4
f 3649/12/4 3650/12/4 3653/12/4
f 3652/10/4 3649/10/4 3653/10/4
f 3650/12/4 3651/12/4 3653/12/4
f 3653/12/4 3651/12/4 3654/12/4
f 3654/12/4 3651/12/4 3655/12/4
f 3652/11/4 3653/11/4 3656/11/4
f 3653/12/4 3654/12/4 3657/12/4
f 3656/11/4 3653/11/4 3657/11/4
f 3652/11/4 3656/11/4 3658/11/4
f 3656/12/4 3657/12/4 3659/12/4
f 3658/11/4 3656/11/4 3659/11/4
f 3657/12/4 3654/12/4 3660/12/4
f 3659/12/4 3657/12/4 3660/12/4
f 3654/13/4 3655/13/4 3660/13/4
f 3658/10/4 3659/10/4 3661/10/4
f 3659/11/4 3660/11/4 3661/11/4
f 3660/13/4 3655/13/4 3662/13/4
f 3661/11/4 3660/11/4 3662/11/4
f 3661/10/4 3662/10/4 3663/10/4
f 3662/13/4 3655/13/4 3664/13/4
f 3663/10/4 3662/10/4 3664/10/4
f 3664/13/4 3655/13/4 3665/13/4
f 3663/11/4 3664/11/4 3666/11/4
f 3664/12/4 3665/12/4 3666/12/4
f 3666/12/4 3665/12/4 3667/12/4
f 3661/10/4 3663/10/4 3668/10/4
f 3663/11/4 3666/11/4 3668/11/4
f 3666/11/4 3667/11/4 3668/11/4
f 3668/11/4 3667/11/4 3669/11/4
f 3669/11/4 3667/11/4 3670/11/4
f 3658/10/4 3661/10/4 3671/10/4
f 3661/10/4 3668/10/4 3671/10/4
f 3668/10/4 3669/10/4 3671/10/4
f 3671/10/4 3669/10/4 3672/10/4
f 3673/12/4 3674/12/4 3675/12/4
f 3675/12/4 3674/12/4 3676/12/4
f 3676/12/4 3674/12/4 3677/12/4
f 3676/11/4 3677/11/4 3678/11/4
f 3678/11/4 3677/11/4 3679/11/4
f 3678/10/4 3679/10/4 3680/10/4
f 3680/10/4 3679/10/4 3681/10/4
f 3680/11/4 3681/11/4 3682/11/4
f 3682/11/4 3681/11/4 3683/11/4
f 3682/12/4 3683/12/4 3684/12/4
f 3684/12/4 3683/12/4 3685/12/4
f 3684/10/4 3685/10/4 3686/10/4
f 3686/10/4 3685/10/4 3687/10/4
f 3686/11/4 3687/11/4 3688/11/4
f 3688/11/4 3687/11/4 3689/11/4
f 3688/10/4 3689/10/4 3690/10/4
f 3690/10/4 3689/10/4 3691/10/4
f 3690/11/4 3691/11/4 3692/11/4
f 3692/11/4 3691/11/4 3693/11/4
f 3692/12/4 3693/12/4 3694/12/4
f 3694/12/4 3693/12/4 3695/12/4
f 3695/12/4 3693/12/4 3696/12/4
f 3695/11/4 3696/11/4 3697/11/4
f 3697/11/4 3696/11/4 3698/11/4
f 3698/11/4 3696/11/4 3699/11/4
f 3699/11/4 3696/11/4 3700/11/4
f 3699/12/4 3700/12/4 3701/12/4
f 3701/12/4 3700/12/4 3702/12/4
f 3701/11/4 3702/11/4 3703/11/4
f 3703/11/4 3702/11/4 3704/11/4
f 3703/10/4 3704/10/4 3705/10/4
f 3705/10/4 3704/10/4 3706/10/4
f 3705/11/4 3706/11/4 3707/11/4
f 3707/11/4 3706/11/4 3708/11/4
f 3708/11/4 3706/11/4 3709/11/4
f 3709/11/4 3706/11/4 3710/11/4
f 3709/10/4 3710/10/4 3711/10/4
f 3711/10/4 3710/10/4 3712/10/4
f 3712/10/4 3710/10/4 3713/10/4
f 3714/11/4 3715/11/4 3717/11/4
f 3715/13/4 3716/13/4 3717/13/4
f 3717/13/4 3716/13/4 3718/13/4
f 3714/11/4 3717/11/4 3719/11/4
f 3717/12/4 3718/12/4 3720/12/4
f 3719/11/4 3717/11/4 3720/11/4
f 3720/12/4 3718/12/4 3721/12/4
f 3719/10/4 3720/10/4 3722/10/4
f 3720/11/4 3721/11/4 3723/11/4
f 3722/10/4 3720/10/4 3723/10/4
f 3723/11/4 3721/11/4 3724/11/4
f 3722/11/4 3723/11/4 3725/11/4
f 3723/10/4 3724/10/4 3726/10/4
f 3725/11/4 3723/11/4 3726/11/4
f 3725/10/4 3726/10/4 3727/10/4
f 3726/10/4 3724/10/4 3727/10/4
f 3727/10/4 3724/10/4 3728/10/4
f 3725/10/4 3727/10/4 3729/10/4
f 3727/11/4 3728/11/4 3729/11/4
f 3729/11/4 3728/11/4 3730/11/4
f 3725/10/4 3729/10/4 3731/10/4
f 3729/10/4 3730/10/4 3731/10/4
f 3731/10/4 3730/10/4 3732/10/4
f 3725/10/4 3731/10/4 3733/10/4
f 3731/11/4 3732/11/4 3733/11/4
f 3733/11/4 3732/11/4 3734/11/4
f 3725/10/4 3733/10/4 3735/10/4
f 3733/12/4 3734/12/4 3735/12/4
f 3735/12/4 3734/12/4 3736/12/4
f 3725/10/4 3735/10/4 3737/10/4
f 3735/11/4 3736/11/4 3737/11/4
f 3737/11/4 3736/11/4 3738/11/4
f 3725/10/4 3737/10/4 3739/10/4
f 3737/13/4 3738/13/4 3739/13/4
f 3739/13/4 3738/13/4 3740/13/4
f 3725/10/4 3739/10/4 3741/10/4
f 3739/12/4 3740/12/4 3742/12/4
f 3741/10/4 3739/10/4 3742/10/4
f 3742/12/4 3740/12/4 3743/12/4
f 3741/11/4 3742/11/4 3744/11/4
f 3742/13/4 3743/13/4 3745/13/4
f 3744/11/4 3742/11/4 3745/11/4
f 3744/13/4 3745/13/4 3746/13/4
f 3745/13/4 3743/13/4 3747/13/4
f 3746/13/4 3745/13/4 3747/13/4
f 3747/13/4 3743/13/4 3748/13/4
f 3746/10/4 3747/10/4 3749/10/4
f 3747/11/4 3748/11/4 3749/11/4
f 3749/11/4 3748/11/4 3750/11/4
f 3746/10/4 3749/10/4 3751/10/4
f 3749/10/4 3750/10/4 3751/10/4
f 3751/10/4 3750/10/4 3752/10/4
f 3752/10/4 3750/10/4 3753/10/4
f 3751/11/4 3752/11/4 3754/11/4
f 3752/12/4 3753/12/4 3754/12/4
f 3754/12/4 3753/12/4 3755/12/4
f 3751/11/4 3754/11/4 3756/11/4
f 3754/13/4 3755/13/4 3757/13/4
f 3756/11/4 3754/11/4 3757/11/4
f 3757/13/4 3755/13/4 3758/13/4
f 3756/10/4 3757/10/4 3759/10/4
f 3757/12/4 3758/12/4 3760/12/4
f 3759/10/4 3757/10/4 3760/10/4
f 3760/12/4 3758/12/4 3761/12/4
f 3759/11/4 3760/11/4 3762/11/4
f 3760/11/4 3761/11/4 3762/11/4
f 3762/11/4 3761/11/4 3763/11/4
f 3762/10/4 3763/10/4 3764/10/4
f 3764/10/4 3763/10/4 3765/10/4
f 3783/10/5 3767/10/5 3766/10/5
f 3783/11/5 3768/11/5 3767/11/5
f 3784/10/5 3769/10/5 3768/10/5
f 3784/11/5 3768/11/5 3783/11/5
f 3785/12/5 3770/12/5 3769/12/5
f 3785/10/5 3769/10/5 3784/10/5
f 3786/11/5 3771/11/5 3770/11/5
f 3786/12/5 3770/12/5 3785/12/5
f 3787/10/5 3772/10/5 3771/10/5
f 3787/11/5 3771/11/5 3786/11/5
f 3788/11/5 3773/11/5 3772/11/5
f 3788/10/5 3772/10/5 3787/10/5
f 3789/10/5 3774/10/5 3773/10/5
f 3789/11/5 3773/11/5 3788/11/5
f 3790/11/5 3775/11/5 3774/11/5
f 3790/10/5 3774/10/5 3789/10/5
f 3791/12/5 3776/12/5 3775/12/5
f 3791/11/5 3775/11/5 3790/11/5
f 3792/11/5 3777/11/5 3776/11/5
f 3792/12/5 3776/12/5 3791/12/5
f 3793/10/5 3778/10/5 3777/10/5
f 3793/11/5 3777/11/5 3792/11/5
f 3794/11/5 3779/11/5 3778/11/5
f 3794/10/5 3778/10/5 3793/10/5
f 3795/10/5 3780/10/5 3779/10/5
f 3795/11/5 3779/11/5 3794/11/5
f 3796/11/5 3781/11/5 3780/11/5
f 3796/10/5 3780/10/5 3795/10/5
f 3797/10/5 3782/10/5 3781/10/5
f 3797/11/5 3781/11/5 3796/11/5
f 3798/10/5 3796/10/5 3795/10/5
f 3798/10/5 3782/10/5 3797/10/5
f 3798/10/5 3797/10/5 3796/10/5
f 3798/10/5 3794/10/5 3793/10/5
f 3798/10/5 3793/10/5 3792/10/5
f 3798/10/5 3792/10/5 3791/10/5
f 3798/10/5 3791/10/5 3790/10/5
f 3798/10/5 3790/10/5 3789/10/5
f 3798/10/5 3789/10/5 3788/10/5
f 3798/10/5 3788/10/5 3787/10/5
f 3798/10/5 3787/10/5 3786/10/5
f 3798/10/5 3786/10/5 3785/10/5
f 3798/10/5 3785/10/5 3784/10/5
f 3798/10/5 3784/10/5 3783/10/5
f 3798/10/5 3795/10/5 3794/10/5
f 3799/10/5 3782/10/5 3798/10/5
f 3800/10/5 3798/10/5 3783/10/5
f 3800/11/5 3799/11/5 3798/11/5
f 3801/11/5 3799/11/5 3800/11/5
f 3802/10/5 3800/10/5 3783/10/5
f 3802/12/5 3801/12/5 3800/12/5
f 3803/12/5 3801/12/5 3802/12/5
f 3804/10/5 3802/10/5 3783/10/5
f 3804/11/5 3803/11/5 3802/11/5
f 3805/11/5 3803/11/5 3804/11/5
f 3806/10/5 3783/10/5 3766/10/5
f 3806/10/5 3804/10/5 3783/10/5
f 3806/10/5 3805/10/5 3804/10/5
f 3807/10/5 3805/10/5 3806/10/5
f 3808/11/5 3807/11/5 3806/11/5
f 3809/10/5 3805/10/5 3807/10/5
f 3809/11/5 3807/11/5 3808/11/5
f 3810/10/5 3805/10/5 3809/10/5
f 3811/10/5 3805/10/5 3810/10/5
f 3812/10/5 3809/10/5 3808/10/5
f 3812/10/5 3810/10/5 3809/10/5
f 3812/11/5 3811/11/5 3810/11/5
f 3813/11/5 3811/11/5 3812/11/5
f 3814/10/5 3812/10/5 3808/10/5
f 3814/12/5 3813/12/5 3812/12/5
f 3815/12/5 3813/12/5 3814/12/5
f 3816/10/5 3814/10/5 3808/10/5
f 3816/11/5 3815/11/5 3814/11/5
f 3817/11/5 3815/11/5 3816/11/5
f 3818/10/5 3816/10/5 3808/10/5
f 3818/10/5 3817/10/5 3816/10/5
f 3819/10/5 3817/10/5 3818/10/5
f 3820/10/5 3818/10/5 3808/10/5
f 3820/11/5 3819/11/5 3818/11/5
f 3821/11/5 3819/11/5 3820/11/5
f 3822/10/5 3820/10/5 3808/10/5
f 3822/10/5 3821/10/5 3820/10/5
f 3823/10/5 3821/10/5 3822/10/5
f 3824/11/5 3823/11/5 3822/11/5
f 3825/10/5 3821/10/5 3823/10/5
f 3825/11/5 3823/11/5 3824/11/5
f 3826/10/5 3821/10/5 3825/10/5
f 3827/10/5 3821/10/5 3826/10/5
f 3828/10/5 3825/10/5 3824/10/5
f 3828/10/5 3826/10/5 3825/10/5
f 3828/11/5 3827/11/5 3826/11/5
f 3829/11/5 3827/11/5 3828/11/5
f 3830/10/5 3828/10/5 3824/10/5
f 3830/10/5 3829/10/5 3828/10/5
f 3831/10/5 3829/10/5 3830/10/5
f 3832/10/5 3829/10/5 3831/10/5
f 3833/10/5 3829/10/5 3832/10/5
f 3834/10/5 3829/10/5 3833/10/5
f 3835/10/5 3829/10/5 3834/10/5
f 3836/10/5 3829/10/5 3835/10/5
f 3837/10/5 3829/10/5 3836/10/5
f 3838/10/5 3829/10/5 3837/10/5
f 3839/10/5 3829/10/5 3838/10/5
f 3840/10/5 3829/10/5 3839/10/5
f 3841/11/5 3831/11/5 3830/11/5
f 3842/10/5 3832/10/5 3831/10/5
f 3842/11/5 3831/11/5 3841/11/5
f 3843/11/5 3833/11/5 3832/11/5
f 3843/10/5 3832/10/5 3842/10/5
f 3844/10/5 3834/10/5 3833/10/5
f 3844/11/5 3833/11/5 3843/11/5
f 3845/11/5 3835/11/5 3834/11/5
f 3845/10/5 3834/10/5 3844/10/5
f 3846/13/5 3836/13/5 3835/13/5
f 3846/11/5 3835/11/5 3845/11/5
f 3847/10/5 3837/10/5 3836/10/5
f 3847/13/5 3836/13/5 3846/13/5
f 3848/11/5 3838/11/5 3837/11/5
f 3848/10/5 3837/10/5 3847/10/5
f 3849/10/5 3839/10/5 3838/10/5
f 3849/11/5 3838/11/5 3848/11/5
f 3850/11/5 3840/11/5 3839/11/5
f 3850/10/5 3839/10/5 3849/10/5
f 3851/10/5 3829/10/5 3840/10/5
f 3851/11/5 3840/11/5 3850/11/5
f 3852/10/5 3829/10/5 3851/10/5
f 3858/2/5 3854/2/5 3853/2/5
f 3859/2/5 3854/2/5 3858/2/5
f 3860/2/5 3854/2/5 3859/2/5
f 3861/2/5 3854/2/5 3860/2/5
f 3862/2/5 3854/2/5 3861/2/5
f 3863/3/5 3856/3/5 3855/3/5
f 3864/4/5 3857/4/5 3856/4/5
f 3864/3/5 3856/3/5 3863/3/5
f 3865/4/5 3857/4/5 3864/4/5
f 3866/4/5 3857/4/5 3865/4/5
f 3867/3/5 3866/3/5 3865/3/5
f 3868/2/5 3858/2/5 3853/2/5
f 3869/2/5 3858/2/5 3868/2/5
f 3872/3/5 3866/3/5 3867/3/5
f 3873/3/5 3871/3/5 3870/3/5
f 3874/3/5 3866/3/5 3872/3/5
f 3875/3/5 3873/3/5 3870/3/5
f 3876/3/5 3866/3/5 3874/3/5
f 3877/3/5 3866/3/5 3876/3/5
f 3878/3/5 3875/3/5 3870/3/5
f 3881/3/5 3878/3/5 3870/3/5
f 3882/3/5 3878/3/5 3881/3/5
f 3883/1/5 3880/1/5 3879/1/5
f 3884/1/5 3880/1/5 3883/1/5
f 3887/3/5 3886/3/5 3885/3/5
f 3888/3/5 3886/3/5 3887/3/5
f 3889/4/5 3884/4/5 3883/4/5
f 3890/4/5 3884/4/5 3889/4/5
f 3891/1/5 3890/1/5 3889/1/5
f 3892/1/5 3890/1/5 3891/1/5
f 3893/1/5 3890/1/5 3892/1/5
f 3896/2/5 3888/2/5 3887/2/5
f 3897/2/5 3888/2/5 3896/2/5
f 3898/3/5 3897/3/5 3896/3/5
f 3899/3/5 3898/3/5 3896/3/5
f 3900/3/5 3898/3/5 3899/3/5
f 3901/1/5 3895/1/5 3894/1/5
f 3902/2/5 3900/2/5 3899/2/5
f 3903/2/5 3902/2/5 3899/2/5
f 3904/2/5 3902/2/5 3903/2/5
f 3907/3/5 3906/3/5 3905/3/5
f 3908/1/5 3895/1/5 3901/1/5
f 3909/1/5 3895/1/5 3908/1/5
f 3910/4/5 3909/4/5 3908/4/5
f 3911/4/5 3909/4/5 3910/4/5
f 3912/3/5 3907/3/5 3905/3/5
f 3913/1/5 3911/1/5 3910/1/5
f 3914/1/5 3911/1/5 3913/1/5
f 3917/3/5 3912/3/5 3905/3/5
f 3918/3/5 3912/3/5 3917/3/5
f 3919/3/5 3916/3/5 3915/3/5
f 3922/3/5 3916/3/5 3919/3/5
f 3923/1/5 3921/1/5 3920/1/5
f 3924/1/5 3921/1/5 3923/1/5
f 3925/3/5 3924/3/5 3923/3/5
f 3926/3/5 3916/3/5 3922/3/5
f 3927/3/5 3916/3/5 3926/3/5
f 3928/3/5 3925/3/5 3923/3/5
f 3929/3/5 3925/3/5 3928/3/5
f 3932/1/5 3929/1/5 3928/1/5
f 3933/1/5 3929/1/5 3932/1/5
f 3934/1/5 3931/1/5 3930/1/5
f 3935/3/5 3933/3/5 3932/3/5
f 3936/3/5 3933/3/5 3935/3/5
f 3941/1/5 3931/1/5 3934/1/5
f 3942/1/5 3936/1/5 3935/1/5
f 3943/4/5 3937/4/5 3936/4/5
f 3943/1/5 3936/1/5 3942/1/5
f 3944/1/5 3938/1/5 3937/1/5
f 3944/4/5 3937/4/5 3943/4/5
f 3945/1/5 3938/1/5 3944/1/5
f 3946/1/5 3940/1/5 3939/1/5
f 3946/1/5 3941/1/5 3940/1/5
f 3947/1/5 3931/1/5 3941/1/5
f 3947/1/5 3941/1/5 3946/1/5
f 3956/1/5 3949/1/5 3948/1/5
f 3956/4/5 3950/4/5 3949/4/5
f 3957/1/5 3951/1/5 3950/1/5
f 3957/4/5 3950/4/5 3956/4/5
f 3958/1/5 3951/1/5 3957/1/5
f 3959/1/5 3953/1/5 3952/1/5
f 3960/4/5 3954/4/5 3953/4/5
f 3960/1/5 3953/1/5 3959/1/5
f 3961/1/5 3955/1/5 3954/1/5
f 3961/4/5 3954/4/5 3960/4/5
f 3962/1/5 3955/1/5 3961/1/5
f 3963/1/5 3956/1/5 3948/1/5
f 3964/1/5 3956/1/5 3963/1/5
f 3965/1/5 3955/1/5 3962/1/5
f 3966/1/5 3955/1/5 3965/1/5
f 3967/3/5 3964/3/5 3963/3/5
f 3968/3/5 3964/3/5 3967/3/5
f 3971/1/5 3968/1/5 3967/1/5
f 3972/1/5 3968/1/5 3971/1/5
f 3975/1/5 3970/1/5 3969/1/5
f 3976/1/5 3970/1/5 3975/1/5
f 3977/1/5 3974/1/5 3973/1/5
f 3978/1/5 3974/1/5 3977/1/5
f 3979/4/5 3976/4/5 3975/4/5
f 3980/4/5 3976/4/5 3979/4/5
f 3981/3/5 3978/3/5 3977/3/5
f 3982/3/5 3981/3/5 3977/3/5
f 3983/3/5 3981/3/5 3982/3/5
f 3984/1/5 3980/1/5 3979/1/5
f 3985/1/5 3980/1/5 3984/1/5
f 3986/1/5 3983/1/5 3982/1/5
f 3989/1/5 3986/1/5 3982/1/5
f 3990/1/5 3986/1/5 3989/1/5
f 3991/2/5 3988/2/5 3987/2/5
f 3994/2/5 3988/2/5 3991/2/5
f 3995/2/5 3988/2/5 3994/2/5
f 3996/3/5 3993/3/5 3992/3/5
f 3997/4/5 3995/4/5 3994/4/5
f 3998/3/5 3996/3/5 3992/3/5
f 3999/4/5 3995/4/5 3997/4/5
f 4000/4/5 3995/4/5 3999/4/5
f 4001/2/5 4000/2/5 3999/2/5
f 4002/2/5 4000/2/5 4001/2/5
f 4003/3/5 3998/3/5 3992/3/5
f 4006/1/5 4005/1/5 4004/1/5
f 4007/3/5 4003/3/5 3992/3/5
f 4008/3/5 4003/3/5 4007/3/5
f 4011/1/5 4005/1/5 4006/1/5
f 4012/1/5 4005/1/5 4011/1/5
f 4013/4/5 4012/4/5 4011/4/5
f 4014/4/5 4012/4/5 4013/4/5
f 4015/1/5 4014/1/5 4013/1/5
f 4016/3/5 4010/3/5 4009/3/5
f 4017/3/5 4010/3/5 4016/3/5
f 4018/1/5 4014/1/5 4015/1/5
f 4019/1/5 4014/1/5 4018/1/5
f 4020/2/5 4017/2/5 4016/2/5
f 4023/3/5 4022/3/5 4021/3/5
f 4024/3/5 4022/3/5 4023/3/5
f 4025/2/5 4020/2/5 4016/2/5
f 4026/2/5 4020/2/5 4025/2/5
f 4027/4/5 4024/4/5 4023/4/5
f 4028/4/5 4024/4/5 4027/4/5
f 4031/3/5 4028/3/5 4027/3/5
f 4032/1/5 4030/1/5 4029/1/5
f 4033/3/5 4028/3/5 4031/3/5
f 4034/1/5 4032/1/5 4029/1/5
f 4035/1/5 4032/1/5 4034/1/5
f 4040/3/5 4028/3/5 4033/3/5
f 4041/3/5 4035/3/5 4034/3/5
f 4042/1/5 4036/1/5 4035/1/5
f 4042/3/5 4035/3/5 4041/3/5
f 4043/4/5 4037/4/5 4036/4/5
f 4043/1/5 4036/1/5 4042/1/5
f 4044/1/5 4038/1/5 4037/1/5
f 4044/4/5 4037/4/5 4043/4/5
f 4045/1/5 4038/1/5 4044/1/5
f 4046/3/5 4040/3/5 4039/3/5
f 4047/3/5 4028/3/5 4040/3/5
f 4047/3/5 4040/3/5 4046/3/5
f 4053/3/5 4049/3/5 4048/3/5
f 4054/3/5 4049/3/5 4053/3/5
f 4055/3/5 4049/3/5 4054/3/5
f 4056/3/5 4049/3/5 4055/3/5
f 4057/1/5 4051/1/5 4050/1/5
f 4058/4/5 4052/4/5 4051/4/5
f 4058/1/5 4051/1/5 4057/1/5
f 4059/4/5 4052/4/5 4058/4/5
f 4060/4/5 4052/4/5 4059/4/5
f 4061/3/5 4053/3/5 4048/3/5
f 4062/3/5 4061/3/5 4048/3/5
f 4063/3/5 4061/3/5 4062/3/5
f 4066/1/5 4065/1/5 4064/1/5
f 4067/1/5 4065/1/5 4066/1/5
f 4068/1/5 4060/1/5 4059/1/5
f 4069/1/5 4060/1/5 4068/1/5
f 4072/3/5 4067/3/5 4066/3/5
f 4073/3/5 4072/3/5 4066/3/5
f 4074/3/5 4072/3/5 4073/3/5
f 4075/1/5 4074/1/5 4073/1/5
f 4076/1/5 4075/1/5 4073/1/5
f 4077/1/5 4075/1/5 4076/1/5
f 4078/3/5 4071/3/5 4070/3/5
f 4079/3/5 4071/3/5 4078/3/5
f 4082/4/5 4079/4/5 4078/4/5
f 4083/4/5 4079/4/5 4082/4/5
f 4084/1/5 4081/1/5 4080/1/5
f 4085/3/5 4083/3/5 4082/3/5
f 4086/3/5 4083/3/5 4085/3/5
f 4089/1/5 4084/1/5 4080/1/5
f 4090/1/5 4084/1/5 4089/1/5
f 4091/1/5 4088/1/5 4087/1/5
f 4092/1/5 4088/1/5 4091/1/5
f 4093/4/5 4092/4/5 4091/4/5
f 4094/4/5 4092/4/5 4093/4/5
f 4095/1/5 4094/1/5 4093/1/5
f 4096/3/5 4090/3/5 4089/3/5
f 4097/3/5 4090/3/5 4096/3/5
f 4100/1/5 4099/1/5 4098/1/5
f 4101/1/5 4094/1/5 4095/1/5
f 4102/1/5 4094/1/5 4101/1/5
f 4103/1/5 4100/1/5 4098/1/5
f 4104/4/5 4102/4/5 4101/4/5
f 4105/1/5 4103/1/5 4098/1/5
f 4106/1/5 4103/1/5 4105/1/5
f 4107/4/5 4102/4/5 4104/4/5
f 4108/4/5 4102/4/5 4107/4/5
f 4109/1/5 4108/1/5 4107/1/5
f 4110/1/5 4108/1/5 4109/1/5
f 4111/3/5 4106/3/5 4105/3/5
f 4114/3/5 4111/3/5 4105/3/5
f 4115/3/5 4111/3/5 4114/3/5
f 4116/4/5 4113/4/5 4112/4/5
f 4117/1/5 4115/1/5 4114/1/5
f 4118/1/5 4115/1/5 4117/1/5
f 4119/4/5 4113/4/5 4116/4/5
f 4120/4/5 4113/4/5 4119/4/5
f 4123/1/5 4120/1/5 4119/1/5
f 4124/1/5 4120/1/5 4123/1/5
f 4125/1/5 4120/1/5 4124/1/5
f 4126/1/5 4120/1/5 4125/1/5
f 4127/3/5 4122/3/5 4121/3/5
f 4130/3/5 4127/3/5 4121/3/5
f 4131/1/5 4129/1/5 4128/1/5
f 4132/1/5 4129/1/5 4131/1/5
f 4133/3/5 4130/3/5 4121/3/5
f 4137/4/5 4132/4/5 4131/4/5
f 4138/3/5 4133/3/5 4121/3/5
f 4138/3/5 4134/3/5 4133/3/5
f 4139/3/5 4134/3/5 4138/3/5
f 4140/1/5 4136/1/5 4135/1/5
f 4140/1/5 4137/1/5 4136/1/5
f 4141/4/5 4132/4/5 4137/4/5
f 4141/1/5 4137/1/5 4140/1/5
f 4142/4/5 4132/4/5 4141/4/5
f 4149/3/5 4144/3/5 4143/3/5
f 4150/3/5 4144/3/5 4149/3/5
f 4151/1/5 4146/1/5 4145/1/5
f 4152/4/5 4147/4/5 4146/4/5
f 4152/1/5 4146/1/5 4151/1/5
f 4153/4/5 4147/4/5 4152/4/5
f 4154/1/5 4148/1/5 4147/1/5
f 4154/4/5 4147/4/5 4153/4/5
f 4155/1/5 4148/1/5 4154/1/5
f 4156/3/5 4149/3/5 4143/3/5
f 4157/4/5 4155/4/5 4154/4/5
f 4158/4/5 4155/4/5 4157/4/5
f 4159/3/5 4156/3/5 4143/3/5
f 4160/1/5 4158/1/5 4157/1/5
f 4161/1/5 4158/1/5 4160/1/5
f 4162/3/5 4159/3/5 4143/3/5
f 4165/3/5 4162/3/5 4143/3/5
f 4166/3/5 4162/3/5 4165/3/5
f 4167/1/5 4164/1/5 4163/1/5
f 4170/1/5 4164/1/5 4167/1/5
f 4171/1/5 4164/1/5 4170/1/5
f 4172/2/5 4169/2/5 4168/2/5
f 4173/2/5 4169/2/5 4172/2/5
f 4174/1/5 4164/1/5 4171/1/5
f 4175/1/5 4164/1/5 4174/1/5
f 4178/3/5 4173/3/5 4172/3/5
f 4179/3/5 4173/3/5 4178/3/5
f 4180/2/5 4179/2/5 4178/2/5
f 4181/2/5 4180/2/5 4178/2/5
f 4182/2/5 4180/2/5 4181/2/5
f 4185/1/5 4184/1/5 4183/1/5
f 4186/1/5 4184/1/5 4185/1/5
f 4187/2/5 4177/2/5 4176/2/5
f 4188/3/5 4186/3/5 4185/3/5
f 4189/2/5 4177/2/5 4187/2/5
f 4190/3/5 4188/3/5 4185/3/5
f 4191/2/5 4177/2/5 4189/2/5
f 4192/3/5 4190/3/5 4185/3/5
f 4193/2/5 4177/2/5 4191/2/5
f 4194/2/5 4177/2/5 4193/2/5
f 4195/3/5 4192/3/5 4185/3/5
f 4196/3/5 4192/3/5 4195/3/5
f 4199/1/5 4196/1/5 4195/1/5
f 4200/1/5 4199/1/5 4195/1/5
f 4201/1/5 4199/1/5 4200/1/5
f 4202/3/5 4198/3/5 4197/3/5
f 4205/3/5 4198/3/5 4202/3/5
f 4206/1/5 4204/1/5 4203/1/5
f 4207/1/5 4204/1/5 4206/1/5
f 4208/3/5 4198/3/5 4205/3/5
f 4209/3/5 4207/3/5 4206/3/5
f 4210/3/5 4198/3/5 4208/3/5
f 4211/3/5 4198/3/5 4210/3/5
f 4212/3/5 4209/3/5 4206/3/5
f 4215/1/5 4214/1/5 4213/1/5
f 4216/3/5 4212/3/5 4206/3/5
f 4217/3/5 4212/3/5 4216/3/5
f 4218/1/5 4214/1/5 4215/1/5
f 4219/1/5 4214/1/5 4218/1/5
f 4222/1/5 4221/1/5 4220/1/5
f 4223/1/5 4221/1/5 4222/1/5
f 4224/4/5 4219/4/5 4218/4/5
f 4225/3/5 4223/3/5 4222/3/5
f 4226/3/5 4223/3/5 4225/3/5
f 4233/4/5 4219/4/5 4224/4/5
f 4234/1/5 4226/1/5 4225/1/5
f 4235/4/5 4227/4/5 4226/4/5
f 4235/1/5 4226/1/5 4234/1/5
f 4235/4/5 4228/4/5 4227/4/5
f 4236/1/5 4229/1/5 4228/1/5
f 4236/4/5 4228/4/5 4235/4/5
f 4236/1/5 4230/1/5 4229/1/5
f 4237/1/5 4230/1/5 4236/1/5
f 4238/1/5 4232/1/5 4231/1/5
f 4239/4/5 4233/4/5 4232/4/5
f 4239/1/5 4232/1/5 4238/1/5
f 4240/4/5 4219/4/5 4233/4/5
f 4240/4/5 4233/4/5 4239/4/5
f 4249/1/5 4242/1/5 4241/1/5
f 4250/1/5 4242/1/5 4249/1/5
f 4251/1/5 4242/1/5 4250/1/5
f 4252/4/5 4243/4/5 4242/4/5
f 4252/1/5 4242/1/5 4251/1/5
f 4253/1/5 4244/1/5 4243/1/5
f 4253/4/5 4243/4/5 4252/4/5
f 4254/1/5 4244/1/5 4253/1/5
f 4255/1/5 4246/1/5 4245/1/5
f 4256/4/5 4247/4/5 4246/4/5
f 4256/1/5 4246/1/5 4255/1/5
f 4257/1/5 4248/1/5 4247/1/5
f 4257/4/5 4247/4/5 4256/4/5
f 4258/3/5 4250/3/5 4249/3/5
f 4259/3/5 4258/3/5 4249/3/5
f 4260/3/5 4258/3/5 4259/3/5
f 4261/1/5 4248/1/5 4257/1/5
f 4264/3/5 4263/3/5 4262/3/5
f 4265/3/5 4263/3/5 4264/3/5
f 4266/1/5 4265/1/5 4264/1/5
f 4267/1/5 4265/1/5 4266/1/5
f 4268/3/5 4267/3/5 4266/3/5
f 4269/1/5 4248/1/5 4261/1/5
f 4270/1/5 4248/1/5 4269/1/5
f 4271/3/5 4268/3/5 4266/3/5
f 4272/3/5 4268/3/5 4271/3/5
f 4275/1/5 4274/1/5 4273/1/5
f 4276/1/5 4274/1/5 4275/1/5
f 4277/1/5 4272/1/5 4271/1/5
f 4278/1/5 4272/1/5 4277/1/5
f 4279/4/5 4276/4/5 4275/4/5
f 4282/4/5 4276/4/5 4279/4/5
f 4283/4/5 4276/4/5 4282/4/5
f 4284/1/5 4283/1/5 4282/1/5
f 4285/1/5 4283/1/5 4284/1/5
f 4286/1/5 4281/1/5 4280/1/5
f 4289/1/5 4286/1/5 4280/1/5
f 4290/1/5 4289/1/5 4280/1/5
f 4291/1/5 4289/1/5 4290/1/5
f 4292/3/5 4291/3/5 4290/3/5
f 4293/1/5 4288/1/5 4287/1/5
f 4294/3/5 4292/3/5 4290/3/5
f 4295/3/5 4292/3/5 4294/3/5
f 4296/1/5 4288/1/5 4293/1/5
f 4299/3/5 4298/3/5 4297/3/5
f 4300/1/5 4288/1/5 4296/1/5
f 4301/1/5 4288/1/5 4300/1/5
f 4304/3/5 4299/3/5 4297/3/5
f 4305/1/5 4303/1/5 4302/1/5
f 4306/1/5 4303/1/5 4305/1/5
f 4307/3/5 4304/3/5 4297/3/5
f 4308/3/5 4304/3/5 4307/3/5
f 4309/1/5 4303/1/5 4306/1/5
f 4310/1/5 4303/1/5 4309/1/5
f 4313/1/5 4312/1/5 4311/1/5
f 4314/1/5 4312/1/5 4313/1/5
f 4315/4/5 4310/4/5 4309/4/5
f 4316/4/5 4310/4/5 4315/4/5
f 4317/1/5 4316/1/5 4315/1/5
f 4318/1/5 4316/1/5 4317/1/5
f 4321/2/5 4320/2/5 4319/2/5
f 4322/3/5 4314/3/5 4313/3/5
f 4323/3/5 4314/3/5 4322/3/5
f 4327/2/5 4320/2/5 4321/2/5
f 4328/1/5 4323/1/5 4322/1/5
f 4328/1/5 4324/1/5 4323/1/5
f 4329/1/5 4324/1/5 4328/1/5
f 4330/2/5 4326/2/5 4325/2/5
f 4330/2/5 4327/2/5 4326/2/5
f 4331/2/5 4320/2/5 4327/2/5
f 4331/2/5 4327/2/5 4330/2/5
f 4339/1/5 4333/1/5 4332/1/5
f 4339/4/5 4334/4/5 4333/4/5
f 4340/1/5 4335/1/5 4334/1/5
f 4340/4/5 4334/4/5 4339/4/5
f 4341/1/5 4335/1/5 4340/1/5
f 4342/4/5 4337/4/5 4336/4/5
f 4343/3/5 4338/3/5 4337/3/5
f 4343/4/5 4337/4/5 4342/4/5
f 4344/3/5 4338/3/5 4343/3/5
f 4345/1/5 4339/1/5 4332/1/5
f 4346/3/5 4338/3/5 4344/3/5
f 4347/3/5 4338/3/5 4346/3/5
f 4348/1/5 4345/1/5 4332/1/5
f 4351/1/5 4348/1/5 4332/1/5
f 4352/1/5 4348/1/5 4351/1/5
f 4353/1/5 4350/1/5 4349/1/5
f 4354/1/5 4350/1/5 4353/1/5
f 4357/4/5 4354/4/5 4353/4/5
f 4358/3/5 4356/3/5 4355/3/5
f 4359/3/5 4358/3/5 4355/3/5
f 4360/3/5 4358/3/5 4359/3/5
f 4361/4/5 4354/4/5 4357/4/5
f 4362/4/5 4354/4/5 4361/4/5
f 4363/1/5 4360/1/5 4359/1/5
f 4364/1/5 4362/1/5 4361/1/5
f 4365/1/5 4362/1/5 4364/1/5
f 4368/1/5 4363/1/5 4359/1/5
f 4369/1/5 4368/1/5 4359/1/5
f 4370/1/5 4368/1/5 4369/1/5
f 4373/3/5 4367/3/5 4366/3/5
f 4374/3/5 4367/3/5 4373/3/5
f 4375/1/5 4372/1/5 4371/1/5
f 4376/4/5 4374/4/5 4373/4/5
f 4377/4/5 4374/4/5 4376/4/5
f 4378/1/5 4375/1/5 4371/1/5
f 4379/1/5 4378/1/5 4371/1/5
f 4380/3/5 4377/3/5 4376/3/5
f 4381/3/5 4377/3/5 4380/3/5
f 4382/3/5 4377/3/5 4381/3/5
f 4385/1/5 4379/1/5 4371/1/5
f 4386/1/5 4384/1/5 4383/1/5
f 4387/1/5 4385/1/5 4371/1/5
f 4388/1/5 4385/1/5 4387/1/5
f 4389/1/5 4384/1/5 4386/1/5
f 4392/1/5 4384/1/5 4389/1/5
f 4393/1/5 4384/1/5 4392/1/5
f 4394/1/5 4384/1/5 4393/1/5
f 4395/1/5 4391/1/5 4390/1/5
f 4396/4/5 4394/4/5 4393/4/5
f 4397/4/5 4394/4/5 4396/4/5
f 4398/1/5 4397/1/5 4396/1/5
f 4399/1/5 4397/1/5 4398/1/5
f 4402/1/5 4395/1/5 4390/1/5
f 4403/1/5 4401/1/5 4400/1/5
f 4404/1/5 4402/1/5 4390/1/5
f 4405/1/5 4402/1/5 4404/1/5
f 4406/1/5 4401/1/5 4403/1/5
f 4407/1/5 4401/1/5 4406/1/5
f 4410/4/5 4407/4/5 4406/4/5
f 4411/4/5 4407/4/5 4410/4/5
f 4412/1/5 4409/1/5 4408/1/5
f 4413/1/5 4411/1/5 4410/1/5
f 4414/1/5 4412/1/5 4408/1/5
f 4418/1/5 4411/1/5 4413/1/5
f 4419/1/5 4411/1/5 4418/1/5
f 4420/1/5 4414/1/5 4408/1/5
f 4421/4/5 4415/4/5 4414/4/5
f 4421/1/5 4414/1/5 4420/1/5
f 4422/1/5 4416/1/5 4415/1/5
f 4422/4/5 4415/4/5 4421/4/5
f 4423/1/5 4416/1/5 4422/1/5
f 4424/4/5 4418/4/5 4417/4/5
f 4424/4/5 4419/4/5 4418/4/5
f 4425/4/5 4419/4/5 4424/4/5
f 4431/3/5 4427/3/5 4426/3/5
f 4432/3/5 4427/3/5 4431/3/5
f 4433/3/5 4427/3/5 4432/3/5
f 4434/3/5 4427/3/5 4433/3/5
f 4435/3/5 4427/3/5 4434/3/5
f 4436/1/5 4429/1/5 4428/1/5
f 4437/4/5 4430/4/5 4429/4/5
f 4437/1/5 4429/1/5 4436/1/5
f 4438/4/5 4430/4/5 4437/4/5
f 4439/1/5 4438/1/5 4437/1/5
f 4440/1/5 4438/1/5 4439/1/5
f 4441/3/5 4431/3/5 4426/3/5
f 4442/3/5 4431/3/5 4441/3/5
f 4443/4/5 4440/4/5 4439/4/5
f 4444/4/5 4440/4/5 4443/4/5
f 4447/1/5 4446/1/5 4445/1/5
f 4448/1/5 4444/1/5 4443/1/5
f 4449/1/5 4447/1/5 4445/1/5
f 4450/1/5 4444/1/5 4448/1/5
f 4451/1/5 4444/1/5 4450/1/5
f 4454/1/5 4453/1/5 4452/1/5
f 4455/1/5 4449/1/5 4445/1/5
f 4456/1/5 4453/1/5 4454/1/5
f 4457/1/5 4453/1/5 4456/1/5
f 4458/1/5 4455/1/5 4445/1/5
f 4459/1/5 4455/1/5 4458/1/5
f 4462/4/5 4457/4/5 4456/4/5
f 4463/2/5 4461/2/5 4460/2/5
f 4464/2/5 4461/2/5 4463/2/5
f 4465/4/5 4457/4/5 4462/4/5
f 4466/4/5 4457/4/5 4465/4/5
f 4467/3/5 4464/3/5 4463/3/5
f 4468/3/5 4464/3/5 4467/3/5
f 4469/2/5 4468/2/5 4467/2/5
f 4470/1/5 4466/1/5 4465/1/5
f 4471/1/5 4466/1/5 4470/1/5
f 4472/2/5 4469/2/5 4467/2/5
f 4475/1/5 4474/1/5 4473/1/5
f 4476/2/5 4472/2/5 4467/2/5
f 4477/2/5 4472/2/5 4476/2/5
f 4478/1/5 4474/1/5 4475/1/5
f 4479/1/5 4474/1/5 4478/1/5
f 4482/4/5 4479/4/5 4478/4/5
f 4483/4/5 4479/4/5 4482/4/5
f 4484/4/5 4479/4/5 4483/4/5
f 4485/1/5 4484/1/5 4483/1/5
f 4486/1/5 4484/1/5 4485/1/5
f 4489/1/5 4481/1/5 4480/1/5
f 4490/1/5 4489/1/5 4480/1/5
f 4491/1/5 4489/1/5 4490/1/5
f 4492/3/5 4488/3/5 4487/3/5
f 4493/3/5 4488/3/5 4492/3/5
f 4496/4/5 4493/4/5 4492/4/5
f 4497/4/5 4493/4/5 4496/4/5
f 4498/4/5 4493/4/5 4497/4/5
f 4499/3/5 4495/3/5 4494/3/5
f 4500/3/5 4498/3/5 4497/3/5
f 4501/3/5 4498/3/5 4500/3/5
f 4502/3/5 4499/3/5 4494/3/5
f 4505/3/5 4502/3/5 4494/3/5
f 4506/3/5 4504/3/5 4503/3/5
f 4507/3/5 4505/3/5 4494/3/5
f 4511/3/5 4504/3/5 4506/3/5
f 4512/3/5 4509/3/5 4508/3/5
f 4512/3/5 4507/3/5 4494/3/5
f 4512/3/5 4508/3/5 4507/3/5
f 4513/3/5 4509/3/5 4512/3/5
f 4514/3/5 4511/3/5 4510/3/5
f 4515/3/5 4504/3/5 4511/3/5
f 4515/3/5 4511/3/5 4514/3/5
f 4519/10/5 4517/10/5 4516/10/5
f 4520/10/5 4517/10/5 4519/10/5
f 4521/10/5 4517/10/5 4520/10/5
f 4522/10/5 4517/10/5 4521/10/5
f 4523/10/5 4517/10/5 4522/10/5
f 4524/13/5 4518/13/5 4517/13/5
f 4524/10/5 4517/10/5 4523/10/5
f 4525/13/5 4518/13/5 4524/13/5
f 4526/10/5 4519/10/5 4516/10/5
f 4527/10/5 4522/10/5 4521/10/5
f 4528/10/5 4522/10/5 4527/10/5
f 4529/10/5 4525/10/5 4524/10/5
f 4530/10/5 4526/10/5 4516/10/5
f 4532/10/5 4530/10/5 4516/10/5
f 4532/10/5 4531/10/5 4530/10/5
f 4533/10/5 4531/10/5 4532/10/5
f 4534/10/5 4525/10/5 4529/10/5
f 4535/10/5 4525/10/5 4534/10/5
f 4537/11/5 4535/11/5 4534/11/5
f 4538/10/5 4537/10/5 4536/10/5
f 4539/11/5 4535/11/5 4537/11/5
f 4539/10/5 4537/10/5 4538/10/5
f 4540/11/5 4535/11/5 4539/11/5
f 4541/10/5 4540/10/5 4539/10/5
f 4542/10/5 4532/10/5 4516/10/5
f 4544/10/5 4542/10/5 4516/10/5
f 4544/10/5 4543/10/5 4542/10/5
f 4545/10/5 4543/10/5 4544/10/5
f 4546/10/5 4540/10/5 4541/10/5
f 4548/10/5 4540/10/5 4546/10/5
f 4549/10/5 4544/10/5 4516/10/5
f 4550/10/5 4548/10/5 4547/10/5
f 4551/10/5 4540/10/5 4548/10/5
f 4551/10/5 4548/10/5 4550/10/5
f 4552/10/5 4549/10/5 4516/10/5
f 4553/10/5 4552/10/5 4516/10/5
f 4555/10/5 4540/10/5 4551/10/5
f 4556/10/5 4554/10/5 4553/10/5
f 4556/10/5 4553/10/5 4516/10/5
f 4557/10/5 4554/10/5 4556/10/5
f 4558/10/5 4540/10/5 4555/10/5
f 4559/10/5 4556/10/5 4516/10/5
f 4561/10/5 4540/10/5 4558/10/5
f 4562/10/5 4561/10/5 4560/10/5
f 4563/10/5 4540/10/5 4561/10/5
f 4563/10/5 4561/10/5 4562/10/5
f 4564/10/5 4559/10/5 4516/10/5
f 4565/10/5 4540/10/5 4563/10/5
f 4566/10/5 4564/10/5 4516/10/5
f 4568/10/5 4566/10/5 4516/10/5
f 4568/10/5 4567/10/5 4566/10/5
f 4569/10/5 4567/10/5 4568/10/5
f 4570/10/5 4567/10/5 4569/10/5
f 4571/10/5 4540/10/5 4565/10/5
f 4572/11/5 4569/11/5 4568/11/5
f 4573/11/5 4569/11/5 4572/11/5
f 4575/10/5 4540/10/5 4571/10/5
f 4576/10/5 4575/10/5 4574/10/5
f 4577/10/5 4540/10/5 4575/10/5
f 4577/10/5 4575/10/5 4576/10/5
f 4580/10/5 4573/10/5 4572/10/5
f 4582/10/5 4579/10/5 4578/10/5
f 4583/10/5 4579/10/5 4582/10/5
f 4584/10/5 4540/10/5 4577/10/5
f 4585/10/5 4581/10/5 4580/10/5
f 4585/10/5 4580/10/5 4572/10/5
f 4586/11/5 4583/11/5 4582/11/5
f 4586/10/5 4581/10/5 4585/10/5
f 4586/11/5 4582/11/5 4581/11/5
f 4587/10/5 4584/10/5 4583/10/5
f 4587/11/5 4583/11/5 4586/11/5
f 4588/10/5 4540/10/5 4584/10/5
f 4588/10/5 4584/10/5 4587/10/5
f 4589/10/6 4590/10/6 4611/10/6
f 4611/10/6 4590/10/6 4612/10/6
f 4590/11/6 4591/11/6 4613/11/6
f 4612/10/6 4590/10/6 4613/10/6
f 4613/11/6 4591/11/6 4614/11/6
f 4591/13/6 4592/13/6 4615/13/6
f 4614/11/6 4591/11/6 4615/11/6
f 4592/12/6 4593/12/6 4616/12/6
f 4615/13/6 4592/13/6 4616/13/6
f 4593/11/6 4594/11/6 4617/11/6
f 4616/12/6 4593/12/6 4617/12/6
f 4617/11/6 4594/11/6 4618/11/6
f 4594/12/6 4595/12/6 4619/12/6
f 4618/11/6 4594/11/6 4619/11/6
f 4595/11/6 4596/11/6 4620/11/6
f 4619/12/6 4595/12/6 4620/12/6
f 4596/12/6 4597/12/6 4621/12/6
f 4620/11/6 4596/11/6 4621/11/6
f 4597/13/6 4598/13/6 4622/13/6
f 4621/12/6 4597/12/6 4622/12/6
f 4598/11/6 4599/11/6 4623/11/6
f 4622/13/6 4598/13/6 4623/13/6
f 4599/10/6 4600/10/6 4624/10/6
f 4623/11/6 4599/11/6 4624/11/6
f 4600/11/6 4601/11/6 4625/11/6
f 4624/10/6 4600/10/6 4625/10/6
f 4625/11/6 4601/11/6 4626/11/6
f 4626/11/6 4601/11/6 4627/11/6
f 4601/13/6 4602/13/6 4628/13/6
f 4627/11/6 4601/11/6 4628/11/6
f 4602/12/6 4603/12/6 4629/12/6
f 4628/13/6 4602/13/6 4629/13/6
f 4629/12/6 4603/12/6 4630/12/6
f 4603/11/6 4604/11/6 4631/11/6
f 4630/12/6 4603/12/6 4631/12/6
f 4604/10/6 4605/10/6 4632/10/6
f 4631/11/6 4604/11/6 4632/11/6
f 4605/11/6 4606/11/6 4633/11/6
f 4632/10/6 4605/10/6 4633/10/6
f 4606/12/6 4607/12/6 4634/12/6
f 4633/11/6 4606/11/6 4634/11/6
f 4607/11/6 4608/11/6 4635/11/6
f 4634/12/6 4607/12/6 4635/12/6
f 4635/11/6 4608/11/6 4636/11/6
f 4608/10/6 4609/10/6 4637/10/6
f 4636/11/6 4608/11/6 4637/11/6
f 4637/10/6 4609/10/6 4638/10/6
f 4609/12/6 4610/12/6 4639/12/6
f 4638/10/6 4609/10/6 4639/10/6
f 4639/12/6 4610/12/6 4640/12/6
f 4640/12/6 4610/12/6 4641/12/6
f 4640/11/6 4641/11/6 4642/11/6
f 4642/11/6 4641/11/6 4643/11/6
f 4643/11/6 4641/11/6 4644/11/6
f 4644/11/6 4641/11/6 4645/11/6
f 4644/12/6 4645/12/6 4646/12/6
f 4646/12/6 4645/12/6 4647/12/6
f 4646/13/6 4647/13/6 4648/13/6
f 4648/13/6 4647/13/6 4649/13/6
f 4649/13/6 4647/13/6 4650/13/6
f 4649/12/6 4650/12/6 4651/12/6
f 4651/12/6 4650/12/6 4652/12/6
f 4589/10/6 4611/10/6 4653/10/6
f 4653/10/6 4611/10/6 4654/10/6
f 4651/11/6 4652/11/6 4655/11/6
f 4655/11/6 4652/11/6 4656/11/6
f 4653/11/6 4654/11/6 4657/11/6
f 4657/11/6 4654/11/6 4658/11/6
f 4657/13/6 4658/13/6 4659/13/6
f 4659/13/6 4658/13/6 4660/13/6
f 4655/10/6 4656/10/6 4661/10/6
f 4659/11/6 4660/11/6 4662/11/6
f 4659/11/6 4662/11/6 4663/11/6
f 4663/11/6 4662/11/6 4664/11/6
f 4661/10/6 4656/10/6 4665/10/6
f 4665/10/6 4656/10/6 4666/10/6
f 4665/11/6 4666/11/6 4667/11/6
f 4667/11/6 4666/11/6 4668/11/6
f 4667/12/6 4668/12/6 4669/12/6
f 4669/12/6 4668/12/6 4670/12/6
f 4663/10/6 4664/10/6 4671/10/6
f 4669/13/6 4670/13/6 4672/13/6
f 4672/13/6 4670/13/6 4673/13/6
f 4672/12/6 4673/12/6 4674/12/6
f 4674/12/6 4673/12/6 4675/12/6
f 4663/10/6 4671/10/6 4676/10/6
f 4674/11/6 4675/11/6 4677/11/6
f 4663/10/6 4676/10/6 4678/10/6
f 4678/10/6 4676/10/6 4679/10/6
f 4677/11/6 4675/11/6 4680/11/6
f 4680/11/6 4675/11/6 4681/11/6
f 4678/11/6 4679/11/6 4682/11/6
f 4682/11/6 4679/11/6 4683/11/6
f 4682/12/6 4683/12/6 4684/12/6
f 4684/12/6 4683/12/6 4685/12/6
f 4684/13/6 4685/13/6 4686/13/6
f 4686/13/6 4685/13/6 4687/13/6
f 4680/10/6 4681/10/6 4688/10/6
f 4688/10/6 4681/10/6 4689/10/6
f 4686/12/6 4687/12/6 4690/12/6
f 4690/12/6 4687/12/6 4691/12/6
f 4688/11/6 4689/11/6 4692/11/6
f 4692/11/6 4689/11/6 4693/11/6
f 4690/11/6 4691/11/6 4694/11/6
f 4692/12/6 4693/12/6 4695/12/6
f 4695/12/6 4693/12/6 4696/12/6
f 4695/13/6 4696/13/6 4697/13/6
f 4697/13/6 4696/13/6 4698/13/6
f 4698/13/6 4696/13/6 4699/13/6
f 4698/11/6 4699/11/6 4700/11/6
f 4690/11/6 4694/11/6 4701/11/6
f 4701/11/6 4694/11/6 4702/11/6
f 4701/10/6 4702/10/6 4703/10/6
f 4700/11/6 4699/11/6 4704/11/6
f 4704/11/6 4699/11/6 4705/11/6
f 4701/10/6 4703/10/6 4706/10/6
f 4706/10/6 4703/10/6 4707/10/6
f 4704/10/6 4705/10/6 4708/10/6
f 4706/11/6 4707/11/6 4709/11/6
f 4709/11/6 4707/11/6 4710/11/6
f 4709/12/6 4710/12/6 4711/12/6
f 4711/12/6 4710/12/6 4712/12/6
f 4708/10/6 4705/10/6 4735/10/6
f 4711/13/6 4712/13/6 4736/13/6
f 4712/12/6 4713/12/6 4737/12/6
f 4736/13/6 4712/13/6 4737/13/6
f 4713/11/6 4714/11/6 4738/11/6
f 4737/12/6 4713/12/6 4738/12/6
f 4714/11/6 4715/11/6 4738/11/6
f 4715/10/6 4716/10/6 4739/10/6
f 4738/11/6 4715/11/6 4739/11/6
f 4716/10/6 4717/10/6 4739/10/6
f 4717/11/6 4718/11/6 4740/11/6
f 4739/10/6 4717/10/6 4740/10/6
f 4718/10/6 4719/10/6 4741/10/6
f 4740/11/6 4718/11/6 4741/11/6
f 4719/10/6 4720/10/6 4741/10/6
f 4720/11/6 4721/11/6 4742/11/6
f 4741/10/6 4720/10/6 4742/10/6
f 4721/11/6 4722/11/6 4742/11/6
f 4722/12/6 4723/12/6 4743/12/6
f 4742/11/6 4722/11/6 4743/11/6
f 4723/11/6 4724/11/6 4744/11/6
f 4743/12/6 4723/12/6 4744/12/6
f 4724/13/6 4725/13/6 4745/13/6
f 4744/11/6 4724/11/6 4745/11/6
f 4725/12/6 4726/12/6 4746/12/6
f 4745/13/6 4725/13/6 4746/13/6
f 4726/13/6 4727/13/6 4747/13/6
f 4746/12/6 4726/12/6 4747/12/6
f 4727/13/6 4728/13/6 4747/13/6
f 4728/11/6 4729/11/6 4748/11/6
f 4747/13/6 4728/13/6 4748/13/6
f 4729/10/6 4730/10/6 4749/10/6
f 4748/11/6 4729/11/6 4749/11/6
f 4730/12/6 4731/12/6 4750/12/6
f 4749/10/6 4730/10/6 4750/10/6
f 4731/13/6 4732/13/6 4751/13/6
f 4750/12/6 4731/12/6 4751/12/6
f 4732/12/6 4733/12/6 4752/12/6
f 4751/13/6 4732/13/6 4752/13/6
f 4733/11/6 4734/11/6 4753/11/6
f 4752/12/6 4733/12/6 4753/12/6
f 4734/10/6 4735/10/6 4754/10/6
f 4753/11/6 4734/11/6 4754/11/6
f 4735/10/6 4705/10/6 4755/10/6
f 4754/10/6 4735/10/6 4755/10/6
f 4756/10/6 4757/10/6 4774/10/6
f 4757/11/6 4758/11/6 4774/11/6
f 4774/11/6 4758/11/6 4775/11/6
f 4758/12/6 4759/12/6 4776/12/6
f 4759/11/6 4760/11/6 4776/11/6
f 4760/10/6 4761/10/6 4777/10/6
f 4776/11/6 4760/11/6 4777/11/6
f 4761/11/6 4762/11/6 4778/11/6
f 4777/10/6 4761/10/6 4778/10/6
f 4762/13/6 4763/13/6 4779/13/6
f 4778/11/6 4762/11/6 4779/11/6
f 4764/11/6 4765/11/6 4780/11/6
f 4765/10/6 4766/10/6 4780/10/6
f 4766/11/6 4767/11/6 4781/11/6
f 4780/10/6 4766/10/6 4781/10/6
f 4767/13/6 4768/13/6 4782/13/6
f 4781/11/6 4767/11/6 4782/11/6
f 4768/12/6 4769/12/6 4783/12/6
f 4782/13/6 4768/13/6 4783/13/6
f 4769/11/6 4770/11/6 4784/11/6
f 4783/12/6 4769/12/6 4784/12/6
f 4770/10/6 4771/10/6 4785/10/6
f 4784/11/6 4770/11/6 4785/11/6
f 4785/10/6 4771/10/6 4786/10/6
f 4771/11/6 4772/11/6 4787/11/6
f 4786/10/6 4771/10/6 4787/10/6
f 4772/10/6 4773/10/6 4788/10/6
f 4787/11/6 4772/11/6 4788/11/6
f 4788/10/6 4773/10/6 4789/10/6
f 4789/10/6 4773/10/6 4790/10/6
f 4774/10/6 4775/10/6 4791/10/6
f 4791/10/6 4775/10/6 4792/10/6
f 4775/11/6 4758/11/6 4793/11/6
f 4792/10/6 4775/10/6 4793/10/6
f 4758/12/6 4776/12/6 4794/12/6
f 4793/11/6 4758/11/6 4794/11/6
f 4776/12/6 4777/12/6 4794/12/6
f 4794/12/6 4777/12/6 4795/12/6
f 4795/12/6 4777/12/6 4796/12/6
f 4777/11/6 4778/11/6 4797/11/6
f 4796/12/6 4777/12/6 4797/12/6
f 4797/11/6 4778/11/6 4798/11/6
f 4778/12/6 4779/12/6 4799/12/6
f 4798/11/6 4778/11/6 4799/11/6
f 4779/13/6 4763/13/6 4800/13/6
f 4799/12/6 4779/12/6 4800/12/6
f 4800/13/6 4763/13/6 4801/13/6
f 4763/12/6 4764/12/6 4802/12/6
f 4801/13/6 4763/13/6 4802/13/6
f 4764/11/6 4780/11/6 4803/11/6
f 4802/12/6 4764/12/6 4803/12/6
f 4780/11/6 4781/11/6 4803/11/6
f 4803/11/6 4781/11/6 4804/11/6
f 4785/10/6 4786/10/6 4805/10/6
f 4804/11/6 4781/11/6 4805/11/6
f 4781/10/6 4782/10/6 4805/10/6
f 4782/10/6 4783/10/6 4805/10/6
f 4783/10/6 4784/10/6 4805/10/6
f 4784/10/6 4785/10/6 4805/10/6
f 4805/10/6 4786/10/6 4806/10/6
f 4806/10/6 4786/10/6 4807/10/6
f 4786/11/6 4787/11/6 4808/11/6
f 4807/10/6 4786/10/6 4808/10/6
f 4808/11/6 4787/11/6 4809/11/6
f 4787/10/6 4788/10/6 4810/10/6
f 4809/11/6 4787/11/6 4810/11/6
f 4788/10/6 4789/10/6 4810/10/6
f 4810/10/6 4789/10/6 4811/10/6
f 4789/11/6 4790/11/6 4812/11/6
f 4811/10/6 4789/10/6 4812/10/6
f 4812/11/6 4790/11/6 4813/11/6
f 4774/10/6 4791/10/6 4814/10/6
f 4756/10/6 4774/10/6 4814/10/6
f 4814/10/6 4791/10/6 4815/10/6
f 4815/10/6 4791/10/6 4816/10/6
f 4791/11/6 4792/11/6 4817/11/6
f 4816/10/6 4791/10/6 4817/10/6
f 4792/10/6 4793/10/6 4818/10/6
f 4793/10/6 4794/10/6 4818/10/6
f 4794/12/6 4795/12/6 4819/12/6
f 4818/10/6 4794/10/6 4819/10/6
f 4795/13/6 4796/13/6 4820/13/6
f 4797/12/6 4798/12/6 4820/12/6
f 4796/12/6 4797/12/6 4820/12/6
f 4820/12/6 4798/12/6 4821/12/6
f 4800/12/6 4801/12/6 4822/12/6
f 4822/12/6 4801/12/6 4823/12/6
f 4806/10/6 4807/10/6 4824/10/6
f 4824/10/6 4807/10/6 4825/10/6
f 4807/11/6 4808/11/6 4826/11/6
f 4826/11/6 4808/11/6 4827/11/6
f 4812/10/6 4813/10/6 4828/10/6
f 4811/10/6 4812/10/6 4828/10/6
f 4828/10/6 4813/10/6 4829/10/6
f 4815/10/6 4816/10/6 4830/10/6
f 4814/11/6 4815/11/6 4830/11/6
f 4816/11/6 4817/11/6 4831/11/6
f 4830/10/6 4816/10/6 4831/10/6
f 4831/11/6 4817/11/6 4832/11/6
f 4817/11/6 4792/11/6 4833/11/6
f 4832/11/6 4817/11/6 4833/11/6
f 4792/10/6 4818/10/6 4834/10/6
f 4833/11/6 4792/11/6 4834/11/6
f 4818/11/6 4819/11/6 4835/11/6
f 4834/10/6 4818/10/6 4835/10/6
f 4825/10/6 4807/10/6 4836/10/6
f 4824/11/6 4825/11/6 4836/11/6
f 4807/11/6 4826/11/6 4837/11/6
f 4836/10/6 4807/10/6 4837/10/6
f 4826/12/6 4827/12/6 4838/12/6
f 4837/11/6 4826/11/6 4838/11/6
f 4827/11/6 4808/11/6 4839/11/6
f 4838/12/6 4827/12/6 4839/12/6
f 4808/10/6 4809/10/6 4840/10/6
f 4839/11/6 4808/11/6 4840/11/6
f 4809/11/6 4810/11/6 4841/11/6
f 4840/10/6 4809/10/6 4841/10/6
f 4810/11/6 4811/11/6 4841/11/6
f 4828/11/6 4829/11/6 4842/11/6
f 4811/10/6 4828/10/6 4842/10/6
f 4842/11/6 4829/11/6 4843/11/6
f 4831/11/6 4832/11/6 4844/11/6
f 4830/11/6 4831/11/6 4844/11/6
f 4832/13/6 4833/13/6 4845/13/6
f 4844/11/6 4832/11/6 4845/11/6
f 4833/12/6 4834/12/6 4846/12/6
f 4845/13/6 4833/13/6 4846/13/6
f 4834/11/6 4835/11/6 4847/11/6
f 4846/12/6 4834/12/6 4847/12/6
f 4835/11/6 4819/11/6 4848/11/6
f 4847/11/6 4835/11/6 4848/11/6
f 4824/11/6 4836/11/6 4850/11/6
f 4837/12/6 4838/12/6 4851/12/6
f 4836/12/6 4837/12/6 4851/12/6
f 4850/11/6 4836/11/6 4851/11/6
f 4839/12/6 4840/12/6 4851/12/6
f 4840/12/6 4841/12/6 4851/12/6
f 4838/12/6 4839/12/6 4851/12/6
f 4851/12/6 4841/12/6 4852/12/6
f 4852/12/6 4841/12/6 4853/12/6
f 4853/12/6 4841/12/6 4854/12/6
f 4854/12/6 4841/12/6 4855/12/6
f 4841/11/6 4811/11/6 4856/11/6
f 4855/12/6 4841/12/6 4856/12/6
f 4856/11/6 4811/11/6 4857/11/6
f 4842/13/6 4843/13/6 4858/13/6
f 4811/10/6 4842/10/6 4858/10/6
f 4858/13/6 4843/13/6 4859/13/6
f 4844/12/6 4845/12/6 4860/12/6
f 4846/13/6 4847/13/6 4860/13/6
f 4845/13/6 4846/13/6 4860/13/6
f 4860/13/6 4847/13/6 4861/13/6
f 4847/12/6 4848/12/6 4862/12/6
f 4848/11/6 4819/11/6 4862/11/6
f 4819/12/6 4795/12/6 4863/12/6
f 4862/11/6 4819/11/6 4863/11/6
f 4849/12/6 4850/12/6 4864/12/6
f 4850/12/6 4851/12/6 4864/12/6
f 4851/12/6 4852/12/6 4864/12/6
f 4864/12/6 4852/12/6 4865/12/6
f 4865/12/6 4852/12/6 4866/12/6
f 4852/11/6 4853/11/6 4867/11/6
f 4866/12/6 4852/12/6 4867/12/6
f 4853/10/6 4854/10/6 4868/10/6
f 4867/11/6 4853/11/6 4868/11/6
f 4854/12/6 4855/12/6 4869/12/6
f 4868/10/6 4854/10/6 4869/10/6
f 4855/13/6 4856/13/6 4870/13/6
f 4869/12/6 4855/12/6 4870/12/6
f 4830/11/6 4844/11/6 4871/11/6
f 4860/12/6 4861/12/6 4871/12/6
f 4844/12/6 4860/12/6 4871/12/6
f 4871/12/6 4861/12/6 4872/12/6
f 4861/13/6 4847/13/6 4873/13/6
f 4872/12/6 4861/12/6 4873/12/6
f 4847/12/6 4862/12/6 4874/12/6
f 4873/13/6 4847/13/6 4874/13/6
f 4862/12/6 4863/12/6 4874/12/6
f 4874/12/6 4863/12/6 4875/12/6
f 4865/12/6 4866/12/6 4876/12/6
f 4866/13/6 4867/13/6 4877/13/6
f 4876/12/6 4866/12/6 4877/12/6
f 4867/12/6 4868/12/6 4878/12/6
f 4877/13/6 4867/13/6 4878/13/6
f 4869/13/6 4870/13/6 4879/13/6
f 4878/12/6 4868/12/6 4879/12/6
f 4868/13/6 4869/13/6 4879/13/6
f 4879/13/6 4870/13/6 4880/13/6
f 4870/13/6 4856/13/6 4881/13/6
f 4880/13/6 4870/13/6 4881/13/6
f 4856/12/6 4857/12/6 4882/12/6
f 4881/13/6 4856/13/6 4882/13/6
f 4857/11/6 4811/11/6 4883/11/6
f 4882/12/6 4857/12/6 4883/12/6
f 4811/10/6 4858/10/6 4884/10/6
f 4883/11/6 4811/11/6 4884/11/6
f 4756/10/6 4814/10/6 4885/10/6
f 4814/11/6 4830/11/6 4886/11/6
f 4885/10/6 4814/10/6 4886/10/6
f 4830/11/6 4871/11/6 4886/11/6
f 4871/10/6 4872/10/6 4887/10/6
f 4886/11/6 4871/11/6 4887/11/6
f 4872/11/6 4873/11/6 4888/11/6
f 4873/12/6 4874/12/6 4888/12/6
f 4874/11/6 4875/11/6 4889/11/6
f 4888/12/6 4874/12/6 4889/12/6
f 4875/12/6 4863/12/6 4890/12/6
f 4889/11/6 4875/11/6 4890/11/6
f 4863/12/6 4795/12/6 4891/12/6
f 4890/12/6 4863/12/6 4891/12/6
f 4820/13/6 4821/13/6 4892/13/6
f 4891/12/6 4795/12/6 4892/12/6
f 4795/13/6 4820/13/6 4892/13/6
f 4892/13/6 4821/13/6 4893/13/6
f 4876/13/6 4877/13/6 4895/13/6
f 4879/13/6 4880/13/6 4895/13/6
f 4877/13/6 4878/13/6 4895/13/6
f 4878/13/6 4879/13/6 4895/13/6
f 4880/11/6 4881/11/6 4896/11/6
f 4895/13/6 4880/13/6 4896/13/6
f 4881/12/6 4882/12/6 4897/12/6
f 4896/11/6 4881/11/6 4897/11/6
f 4882/12/6 4883/12/6 4897/12/6
f 4883/12/6 4884/12/6 4897/12/6
f 4897/12/6 4884/12/6 4898/12/6
f 4898/12/6 4884/12/6 4899/12/6
f 4884/10/6 4858/10/6 4900/10/6
f 4899/12/6 4884/12/6 4900/12/6
f 4900/10/6 4858/10/6 4901/10/6
f 4858/11/6 4859/11/6 4902/11/6
f 4901/10/6 4858/10/6 4902/10/6
f 4902/11/6 4859/11/6 4903/11/6
f 4887/10/6 4872/10/6 4904/10/6
f 4886/10/6 4887/10/6 4904/10/6
f 4872/11/6 4888/11/6 4905/11/6
f 4904/10/6 4872/10/6 4905/10/6
f 4888/11/6 4889/11/6 4905/11/6
f 4905/11/6 4889/11/6 4906/11/6
f 4906/11/6 4889/11/6 4907/11/6
f 4889/12/6 4890/12/6 4908/12/6
f 4890/12/6 4891/12/6 4908/12/6
f 4892/13/6 4893/13/6 4909/13/6
f 4908/12/6 4891/12/6 4909/12/6
f 4891/13/6 4892/13/6 4909/13/6
f 4893/12/6 4894/12/6 4910/12/6
f 4909/13/6 4893/13/6 4910/13/6
f 4910/12/6 4894/12/6 4911/12/6
f 4876/13/6 4895/13/6 4912/13/6
f 4895/12/6 4896/12/6 4913/12/6
f 4912/13/6 4895/13/6 4913/13/6
f 4913/12/6 4896/12/6 4914/12/6
f 4896/13/6 4897/13/6 4915/13/6
f 4897/11/6 4898/11/6 4915/11/6
f 4898/12/6 4899/12/6 4916/12/6
f 4915/11/6 4898/11/6 4916/11/6
f 4900/11/6 4901/11/6 4917/11/6
f 4916/12/6 4899/12/6 4917/12/6
f 4899/11/6 4900/11/6 4917/11/6
f 4902/10/6 4903/10/6 4918/10/6
f 4917/11/6 4901/11/6 4918/11/6
f 4901/10/6 4902/10/6 4918/10/6
f 4885/11/6 4886/11/6 4919/11/6
f 4886/10/6 4904/10/6 4920/10/6
f 4919/11/6 4886/11/6 4920/11/6
f 4906/12/6 4907/12/6 4921/12/6
f 4905/11/6 4906/11/6 4921/11/6
f 4904/11/6 4905/11/6 4921/11/6
f 4907/11/6 4889/11/6 4922/11/6
f 4921/12/6 4907/12/6 4922/12/6
f 4889/12/6 4908/12/6 4923/12/6
f 4922/11/6 4889/11/6 4923/11/6
f 4908/13/6 4909/13/6 4924/13/6
f 4923/12/6 4908/12/6 4924/12/6
f 4909/13/6 4910/13/6 4924/13/6
f 4876/13/6 4912/13/6 4925/13/6
f 4912/11/6 4913/11/6 4926/11/6
f 4925/13/6 4912/13/6 4926/13/6
f 4913/11/6 4914/11/6 4926/11/6
f 4914/12/6 4896/12/6 4927/12/6
f 4926/11/6 4914/11/6 4927/11/6
f 4915/13/6 4916/13/6 4928/13/6
f 4927/12/6 4896/12/6 4928/12/6
f 4896/13/6 4915/13/6 4928/13/6
f 4916/12/6 4917/12/6 4929/12/6
f 4928/13/6 4916/13/6 4929/13/6
f 4917/10/6 4918/10/6 4930/10/6
f 4929/12/6 4917/12/6 4930/12/6
f 4930/10/6 4918/10/6 4931/10/6
f 4931/10/6 4918/10/6 4932/10/6
f 4920/10/6 4904/10/6 4933/10/6
f 4919/13/6 4920/13/6 4933/13/6
f 4904/11/6 4921/11/6 4934/11/6
f 4933/10/6 4904/10/6 4934/10/6
f 4921/11/6 4922/11/6 4934/11/6
f 4934/11/6 4922/11/6 4935/11/6
f 4935/11/6 4922/11/6 4936/11/6
f 4922/12/6 4923/12/6 4937/12/6
f 4936/11/6 4922/11/6 4937/11/6
f 4924/13/6 4910/13/6 4938/13/6
f 4923/13/6 4924/13/6 4938/13/6
f 4938/13/6 4910/13/6 4939/13/6
f 4925/13/6 4926/13/6 4940/13/6
f 4926/12/6 4927/12/6 4941/12/6
f 4940/13/6 4926/13/6 4941/13/6
f 4927/11/6 4928/11/6 4942/11/6
f 4941/12/6 4927/12/6 4942/12/6
f 4928/13/6 4929/13/6 4943/13/6
f 4942/11/6 4928/11/6 4943/11/6
f 4943/13/6 4929/13/6 4944/13/6
f 4929/11/6 4930/11/6 4945/11/6
f 4944/13/6 4929/13/6 4945/13/6
f 4930/10/6 4931/10/6 4946/10/6
f 4945/11/6 4930/11/6 4946/11/6
f 4931/11/6 4932/11/6 4947/11/6
f 4946/10/6 4931/10/6 4947/10/6
f 4932/10/6 4918/10/6 4948/10/6
f 4947/11/6 4932/11/6 4948/11/6
f 4918/10/6 4903/10/6 4949/10/6
f 4948/10/6 4918/10/6 4949/10/6
f 4949/10/6 4903/10/6 4950/10/6
f 4919/13/6 4933/13/6 4951/13/6
f 4933/12/6 4934/12/6 4952/12/6
f 4951/13/6 4933/13/6 4952/13/6
f 4934/12/6 4935/12/6 4952/12/6
f 4952/12/6 4935/12/6 4953/12/6
f 4935/11/6 4936/11/6 4954/11/6
f 4953/12/6 4935/12/6 4954/12/6
f 4936/12/6 4937/12/6 4955/12/6
f 4954/11/6 4936/11/6 4955/11/6
f 4923/13/6 4938/13/6 4956/13/6
f 4956/13/6 4938/13/6 4957/13/6
f 4938/12/6 4939/12/6 4958/12/6
f 4957/13/6 4938/13/6 4958/13/6
f 4958/12/6 4939/12/6 4959/12/6
f 4925/13/6 4940/13/6 4960/13/6
f 4940/12/6 4941/12/6 4961/12/6
f 4960/13/6 4940/13/6 4961/13/6
f 4941/13/6 4942/13/6 4962/13/6
f 4961/12/6 4941/12/6 4962/12/6
f 4943/13/6 4944/13/6 4962/13/6
f 4942/13/6 4943/13/6 4962/13/6
f 4962/13/6 4944/13/6 4963/13/6
f 4963/13/6 4944/13/6 4964/13/6
f 4952/12/6 4953/12/6 4965/12/6
f 4951/12/6 4952/12/6 4965/12/6
f 4953/11/6 4954/11/6 4966/11/6
f 4965/12/6 4953/12/6 4966/12/6
f 4954/12/6 4955/12/6 4967/12/6
f 4966/11/6 4954/11/6 4967/11/6
f 4955/12/6 4937/12/6 4968/12/6
f 4967/12/6 4955/12/6 4968/12/6
f 4937/12/6 4923/12/6 4969/12/6
f 4968/12/6 4937/12/6 4969/12/6
f 4923/13/6 4956/13/6 4969/13/6
f 4969/13/6 4956/13/6 4970/13/6
f 4958/11/6 4959/11/6 4971/11/6
f 4956/12/6 4957/12/6 4971/12/6
f 4957/11/6 4958/11/6 4971/11/6
f 4971/11/6 4959/11/6 4972/11/6
f 4960/12/6 4961/12/6 4974/12/6
f 4961/13/6 4962/13/6 4975/13/6
f 4974/12/6 4961/12/6 4975/12/6
f 4962/10/6 4963/10/6 4976/10/6
f 4963/12/6 4964/12/6 4976/12/6
f 4976/12/6 4964/12/6 4977/12/6
f 4964/13/6 4944/13/6 4978/13/6
f 4977/12/6 4964/12/6 4978/12/6
f 4944/12/6 4945/12/6 4979/12/6
f 4978/13/6 4944/13/6 4979/13/6
f 4946/12/6 4947/12/6 4980/12/6
f 4947/12/6 4948/12/6 4980/12/6
f 4945/10/6 4946/10/6 4980/10/6
f 4948/12/6 4949/12/6 4980/12/6
f 4980/12/6 4949/12/6 4981/12/6
f 4949/11/6 4950/11/6 4982/11/6
f 4981/12/6 4949/12/6 4982/12/6
f 4950/10/6 4903/10/6 4983/10/6
f 4982/11/6 4950/11/6 4983/11/6
f 4983/10/6 4903/10/6 4984/10/6
f 4951/12/6 4965/12/6 4985/12/6
f 4965/10/6 4966/10/6 4986/10/6
f 4985/12/6 4965/12/6 4986/12/6
f 4966/11/6 4967/11/6 4987/11/6
f 4986/10/6 4966/10/6 4987/10/6
f 4967/10/6 4968/10/6 4988/10/6
f 4987/11/6 4967/11/6 4988/11/6
f 4968/11/6 4969/11/6 4989/11/6
f 4969/12/6 4970/12/6 4990/12/6
f 4989/11/6 4969/11/6 4990/11/6
f 4970/13/6 4956/13/6 4991/13/6
f 4990/12/6 4970/12/6 4991/12/6
f 4991/13/6 4956/13/6 4992/13/6
f 4956/12/6 4971/12/6 4993/12/6
f 4992/13/6 4956/13/6 4993/13/6
f 4971/12/6 4972/12/6 4993/12/6
f 4973/12/6 4974/12/6 4994/12/6
f 4974/13/6 4975/13/6 4995/13/6
f 4994/12/6 4974/12/6 4995/12/6
f 4975/13/6 4962/13/6 4996/13/6
f 4995/13/6 4975/13/6 4996/13/6
f 4976/10/6 4977/10/6 4997/10/6
f 4996/13/6 4962/13/6 4997/13/6
f 4962/10/6 4976/10/6 4997/10/6
f 4997/10/6 4977/10/6 4998/10/6
f 4977/11/6 4978/11/6 4999/11/6
f 4998/10/6 4977/10/6 4999/10/6
f 4978/12/6 4979/12/6 5000/12/6
f 4999/11/6 4978/11/6 5000/11/6
f 5000/12/6 4979/12/6 5001/12/6
f 4979/12/6 4945/12/6 5002/12/6
f 5001/12/6 4979/12/6 5002/12/6
f 4980/10/6 4981/10/6 5002/10/6
f 4945/10/6 4980/10/6 5002/10/6
f 4981/12/6 4982/12/6 5003/12/6
f 5002/10/6 4981/10/6 5003/10/6
f 4982/12/6 4983/12/6 5003/12/6
f 5003/12/6 4983/12/6 5004/12/6
f 4986/10/6 4987/10/6 5005/10/6
f 4988/10/6 4968/10/6 5005/10/6
f 4987/10/6 4988/10/6 5005/10/6
f 4968/11/6 4989/11/6 5006/11/6
f 5005/10/6 4968/10/6 5006/10/6
f 4989/12/6 4990/12/6 5007/12/6
f 5006/11/6 4989/11/6 5007/11/6
f 4990/11/6 4991/11/6 5008/11/6
f 5007/12/6 4990/12/6 5008/12/6
f 4991/13/6 4992/13/6 5009/13/6
f 5008/11/6 4991/11/6 5009/11/6
f 4992/12/6 4993/12/6 5010/12/6
f 5009/13/6 4992/13/6 5010/13/6
f 4993/12/6 4972/12/6 5011/12/6
f 5010/12/6 4993/12/6 5011/12/6
f 4998/10/6 4999/10/6 5012/10/6
f 4997/11/6 4998/11/6 5012/11/6
f 4999/10/6 5000/10/6 5012/10/6
f 5012/10/6 5000/10/6 5013/10/6
f 5000/11/6 5001/11/6 5014/11/6
f 5013/10/6 5000/10/6 5014/10/6
f 5001/10/6 5002/10/6 5015/10/6
f 5014/11/6 5001/11/6 5015/11/6
f 5002/10/6 5003/10/6 5015/10/6
f 5015/10/6 5003/10/6 5016/10/6
f 5003/11/6 5004/11/6 5017/11/6
f 5016/10/6 5003/10/6 5017/10/6
f 5004/12/6 4983/12/6 5018/12/6
f 5017/11/6 5004/11/6 5018/11/6
f 5018/12/6 4983/12/6 5019/12/6
f 4983/11/6 4984/11/6 5020/11/6
f 5019/12/6 4983/12/6 5020/12/6
f 5020/11/6 4984/11/6 5021/11/6
f 4986/10/6 5005/10/6 5022/10/6
f 5005/11/6 5006/11/6 5023/11/6
f 5022/10/6 5005/10/6 5023/10/6
f 5008/11/6 5009/11/6 5023/11/6
f 5007/11/6 5008/11/6 5023/11/6
f 5006/11/6 5007/11/6 5023/11/6
f 5023/11/6 5009/11/6 5024/11/6
f 5024/11/6 5009/11/6 5025/11/6
f 5009/12/6 5010/12/6 5026/12/6
f 5025/11/6 5009/11/6 5026/11/6
f 5026/12/6 5010/12/6 5027/12/6
f 5010/13/6 5011/13/6 5028/13/6
f 5027/12/6 5010/12/6 5028/12/6
f 5011/12/6 4972/12/6 5029/12/6
f 5028/13/6 5011/13/6 5029/13/6
f 5029/12/6 4972/12/6 5030/12/6
f 4972/11/6 4959/11/6 5031/11/6
f 5030/12/6 4972/12/6 5031/12/6
f 5031/11/6 4959/11/6 5032/11/6
f 4995/12/6 4996/12/6 5034/12/6
f 4996/13/6 4997/13/6 5035/13/6
f 5034/12/6 4996/12/6 5035/12/6
f 5012/11/6 5013/11/6 5036/11/6
f 5035/13/6 4997/13/6 5036/13/6
f 4997/11/6 5012/11/6 5036/11/6
f 5036/11/6 5013/11/6 5037/11/6
f 5013/10/6 5014/10/6 5038/10/6
f 5037/11/6 5013/11/6 5038/11/6
f 5015/10/6 5016/10/6 5038/10/6
f 5014/10/6 5015/10/6 5038/10/6
f 5038/10/6 5016/10/6 5039/10/6
f 5016/11/6 5017/11/6 5040/11/6
f 5039/10/6 5016/10/6 5040/10/6
f 5017/11/6 5018/11/6 5040/11/6
f 5040/11/6 5018/11/6 5041/11/6
f 5018/10/6 5019/10/6 5042/10/6
f 5041/11/6 5018/11/6 5042/11/6
f 5020/12/6 5021/12/6 5043/12/6
f 5042/10/6 5019/10/6 5043/10/6
f 5019/12/6 5020/12/6 5043/12/6
f 5043/12/6 5021/12/6 5044/12/6
f 5022/11/6 5023/11/6 5045/11/6
f 5023/11/6 5024/11/6 5045/11/6
f 5045/11/6 5024/11/6 5046/11/6
f 5024/10/6 5025/10/6 5047/10/6
f 5046/11/6 5024/11/6 5047/11/6
f 5047/10/6 5025/10/6 5048/10/6
f 5026/11/6 5027/11/6 5049/11/6
f 5048/10/6 5025/10/6 5049/10/6
f 5025/11/6 5026/11/6 5049/11/6
f 5027/12/6 5028/12/6 5050/12/6
f 5049/11/6 5027/11/6 5050/11/6
f 5028/12/6 5029/12/6 5050/12/6
f 5050/12/6 5029/12/6 5051/12/6
f 5032/12/6 5033/12/6 5052/12/6
f 5031/12/6 5032/12/6 5052/12/6
f 5030/12/6 5031/12/6 5052/12/6
f 5052/12/6 5033/12/6 5053/12/6
f 5036/13/6 5037/13/6 5054/13/6
f 5034/13/6 5035/13/6 5054/13/6
f 5035/13/6 5036/13/6 5054/13/6
f 5054/13/6 5037/13/6 5055/13/6
f 5038/10/6 5039/10/6 5056/10/6
f 5040/11/6 5041/11/6 5056/11/6
f 5039/11/6 5040/11/6 5056/11/6
f 5056/11/6 5041/11/6 5057/11/6
f 5057/11/6 5041/11/6 5058/11/6
f 5041/12/6 5042/12/6 5059/12/6
f 5058/11/6 5041/11/6 5059/11/6
f 5042/12/6 5043/12/6 5059/12/6
f 5059/12/6 5043/12/6 5060/12/6
f 5043/13/6 5044/13/6 5061/13/6
f 5060/12/6 5043/12/6 5061/12/6
f 4985/11/6 4986/11/6 5062/11/6
f 4986/10/6 5022/10/6 5063/10/6
f 5062/11/6 4986/11/6 5063/11/6
f 5047/11/6 5048/11/6 5064/11/6
f 5045/13/6 5046/13/6 5064/13/6
f 5046/11/6 5047/11/6 5064/11/6
f 5048/12/6 5049/12/6 5065/12/6
f 5064/11/6 5048/11/6 5065/11/6
f 5049/12/6 5050/12/6 5065/12/6
f 5065/12/6 5050/12/6 5066/12/6
f 5050/13/6 5051/13/6 5067/13/6
f 5066/12/6 5050/12/6 5067/12/6
f 5051/12/6 5029/12/6 5068/12/6
f 5067/13/6 5051/13/6 5068/13/6
f 5029/13/6 5030/13/6 5069/13/6
f 5068/12/6 5029/12/6 5069/12/6
f 5030/12/6 5052/12/6 5070/12/6
f 5069/13/6 5030/13/6 5070/13/6
f 5070/12/6 5052/12/6 5071/12/6
f 5055/13/6 5037/13/6 5072/13/6
f 5054/12/6 5055/12/6 5072/12/6
f 5072/13/6 5037/13/6 5073/13/6
f 5037/12/6 5038/12/6 5074/12/6
f 5073/13/6 5037/13/6 5074/13/6
f 5056/10/6 5057/10/6 5075/10/6
f 5038/10/6 5056/10/6 5075/10/6
f 5075/10/6 5057/10/6 5076/10/6
f 5057/12/6 5058/12/6 5077/12/6
f 5076/10/6 5057/10/6 5077/10/6
f 5058/13/6 5059/13/6 5078/13/6
f 5077/12/6 5058/12/6 5078/12/6
f 5059/12/6 5060/12/6 5079/12/6
f 5078/13/6 5059/13/6 5079/13/6
f 5060/11/6 5061/11/6 5080/11/6
f 5079/12/6 5060/12/6 5080/12/6
f 5061/13/6 5044/13/6 5081/13/6
f 5080/11/6 5061/11/6 5081/11/6
f 5081/13/6 5044/13/6 5082/13/6
f 5082/13/6 5044/13/6 5083/13/6
f 5063/10/6 5022/10/6 5084/10/6
f 5062/10/6 5063/10/6 5084/10/6
f 5022/11/6 5045/11/6 5084/11/6
f 5045/13/6 5064/13/6 5085/13/6
f 5084/11/6 5045/11/6 5085/11/6
f 5064/13/6 5065/13/6 5085/13/6
f 5085/13/6 5065/13/6 5086/13/6
f 5065/12/6 5066/12/6 5087/12/6
f 5086/13/6 5065/13/6 5087/13/6
f 5087/12/6 5066/12/6 5088/12/6
f 5066/13/6 5067/13/6 5089/13/6
f 5088/12/6 5066/12/6 5089/12/6
f 5068/13/6 5069/13/6 5089/13/6
f 5070/13/6 5071/13/6 5089/13/6
f 5067/13/6 5068/13/6 5089/13/6
f 5069/13/6 5070/13/6 5089/13/6
f 5089/13/6 5071/13/6 5090/13/6
f 5090/13/6 5071/13/6 5091/13/6
f 5054/12/6 5072/12/6 5092/12/6
f 5072/11/6 5073/11/6 5093/11/6
f 5092/12/6 5072/12/6 5093/12/6
f 5073/12/6 5074/12/6 5094/12/6
f 5093/11/6 5073/11/6 5094/11/6
f 5038/10/6 5075/10/6 5095/10/6
f 5094/12/6 5074/12/6 5095/12/6
f 5074/12/6 5038/12/6 5095/12/6
f 5075/11/6 5076/11/6 5096/11/6
f 5095/10/6 5075/10/6 5096/10/6
f 5076/12/6 5077/12/6 5097/12/6
f 5096/11/6 5076/11/6 5097/11/6
f 5078/13/6 5079/13/6 5098/13/6
f 5097/12/6 5077/12/6 5098/12/6
f 5077/13/6 5078/13/6 5098/13/6
f 5098/13/6 5079/13/6 5099/13/6
f 5079/11/6 5080/11/6 5100/11/6
f 5099/13/6 5079/13/6 5100/13/6
f 5080/12/6 5081/12/6 5101/12/6
f 5100/11/6 5080/11/6 5101/11/6
f 5081/13/6 5082/13/6 5102/13/6
f 5101/12/6 5081/12/6 5102/12/6
f 5082/12/6 5083/12/6 5103/12/6
f 5102/13/6 5082/13/6 5103/13/6
f 5086/13/6 5087/13/6 5104/13/6
f 5084/10/6 5085/10/6 5104/10/6
f 5085/10/6 5086/10/6 5104/10/6
f 5087/11/6 5088/11/6 5105/11/6
f 5104/13/6 5087/13/6 5105/13/6
f 5089/12/6 5090/12/6 5106/12/6
f 5105/11/6 5088/11/6 5106/11/6
f 5088/12/6 5089/12/6 5106/12/6
f 5090/13/6 5091/13/6 5107/13/6
f 5106/12/6 5090/12/6 5107/12/6
f 5107/13/6 5091/13/6 5108/13/6
f 5093/11/6 5094/11/6 5109/11/6
f 5094/11/6 5095/11/6 5109/11/6
f 5096/11/6 5097/11/6 5109/11/6
f 5092/11/6 5093/11/6 5109/11/6
f 5095/11/6 5096/11/6 5109/11/6
f 5109/11/6 5097/11/6 5110/11/6
f 5110/11/6 5097/11/6 5111/11/6
f 5098/13/6 5099/13/6 5112/13/6
f 5111/11/6 5097/11/6 5112/11/6
f 5097/13/6 5098/13/6 5112/13/6
f 5112/13/6 5099/13/6 5113/13/6
f 5102/12/6 5103/12/6 5114/12/6
f 5113/13/6 5099/13/6 5114/13/6
f 5101/12/6 5102/12/6 5114/12/6
f 5100/12/6 5101/12/6 5114/12/6
f 5099/12/6 5100/12/6 5114/12/6
f 5114/12/6 5103/12/6 5115/12/6
f 5115/12/6 5103/12/6 5116/12/6
f 5103/12/6 5083/12/6 5117/12/6
f 5116/12/6 5103/12/6 5117/12/6
f 5084/10/6 5104/10/6 5118/10/6
f 5062/10/6 5084/10/6 5118/10/6
f 5118/10/6 5104/10/6 5119/10/6
f 5119/10/6 5104/10/6 5120/10/6
f 5120/10/6 5104/10/6 5121/10/6
f 5121/10/6 5104/10/6 5122/10/6
f 5104/11/6 5105/11/6 5123/11/6
f 5105/11/6 5106/11/6 5123/11/6
f 5106/11/6 5107/11/6 5123/11/6
f 5123/11/6 5107/11/6 5124/11/6
f 5110/11/6 5111/11/6 5125/11/6
f 5125/11/6 5111/11/6 5126/11/6
f 5111/10/6 5112/10/6 5127/10/6
f 5126/11/6 5111/11/6 5127/11/6
f 5112/12/6 5113/12/6 5128/12/6
f 5127/10/6 5112/10/6 5128/10/6
f 5113/13/6 5114/13/6 5129/13/6
f 5128/12/6 5113/12/6 5129/12/6
f 5114/13/6 5115/13/6 5129/13/6
f 5115/12/6 5116/12/6 5130/12/6
f 5129/13/6 5115/13/6 5130/13/6
f 5116/10/6 5117/10/6 5131/10/6
f 5130/12/6 5116/12/6 5131/12/6
f 5117/12/6 5083/12/6 5132/12/6
f 5131/10/6 5117/10/6 5132/10/6
f 5132/12/6 5083/12/6 5133/12/6
f 5121/13/6 5122/13/6 5134/13/6
f 5120/11/6 5121/11/6 5134/11/6
f 5122/10/6 5104/10/6 5135/10/6
f 5134/13/6 5122/13/6 5135/13/6
f 5104/11/6 5123/11/6 5136/11/6
f 5135/10/6 5104/10/6 5136/10/6
f 5123/10/6 5124/10/6 5137/10/6
f 5136/11/6 5123/11/6 5137/11/6
f 5092/11/6 5109/11/6 5139/11/6
f 5109/12/6 5110/12/6 5140/12/6
f 5139/11/6 5109/11/6 5140/11/6
f 5110/11/6 5125/11/6 5141/11/6
f 5140/12/6 5110/12/6 5141/12/6
f 5125/10/6 5126/10/6 5142/10/6
f 5141/11/6 5125/11/6 5142/11/6
f 5126/12/6 5127/12/6 5143/12/6
f 5142/10/6 5126/10/6 5143/10/6
f 5128/13/6 5129/13/6 5144/13/6
f 5143/12/6 5127/12/6 5144/12/6
f 5129/13/6 5130/13/6 5144/13/6
f 5127/13/6 5128/13/6 5144/13/6
f 5144/13/6 5130/13/6 5145/13/6
f 5130/11/6 5131/11/6 5146/11/6
f 5145/13/6 5130/13/6 5146/13/6
f 5120/11/6 5134/11/6 5147/11/6
f 5119/10/6 5120/10/6 5147/10/6
f 5134/11/6 5135/11/6 5147/11/6
f 5136/10/6 5137/10/6 5148/10/6
f 5147/11/6 5135/11/6 5148/11/6
f 5135/10/6 5136/10/6 5148/10/6
f 5124/11/6 5107/11/6 5149/11/6
f 5148/10/6 5137/10/6 5149/10/6
f 5137/10/6 5124/10/6 5149/10/6
f 5107/12/6 5108/12/6 5150/12/6
f 5149/11/6 5107/11/6 5150/11/6
f 5108/13/6 5091/13/6 5151/13/6
f 5150/12/6 5108/12/6 5151/12/6
f 5151/13/6 5091/13/6 5152/13/6
f 5138/12/6 5139/12/6 5153/12/6
f 5139/12/6 5140/12/6 5153/12/6
f 5153/12/6 5140/12/6 5154/12/6
f 5141/11/6 5142/11/6 5155/11/6
f 5154/12/6 5140/12/6 5155/12/6
f 5140/11/6 5141/11/6 5155/11/6
f 5142/12/6 5143/12/6 5156/12/6
f 5155/11/6 5142/11/6 5156/11/6
f 5144/13/6 5145/13/6 5157/13/6
f 5156/12/6 5143/12/6 5157/12/6
f 5143/13/6 5144/13/6 5157/13/6
f 5157/13/6 5145/13/6 5158/13/6
f 5158/13/6 5145/13/6 5159/13/6
f 5159/13/6 5145/13/6 5160/13/6
f 5145/12/6 5146/12/6 5161/12/6
f 5160/13/6 5145/13/6 5161/13/6
f 5146/11/6 5131/11/6 5162/11/6
f 5161/12/6 5146/12/6 5162/12/6
f 5131/10/6 5132/10/6 5163/10/6
f 5162/11/6 5131/11/6 5163/11/6
f 5163/10/6 5132/10/6 5164/10/6
f 5132/11/6 5133/11/6 5165/11/6
f 5164/10/6 5132/10/6 5165/10/6
f 5165/11/6 5133/11/6 5166/11/6
f 5147/10/6 5148/10/6 5167/10/6
f 5149/10/6 5150/10/6 5167/10/6
f 5148/10/6 5149/10/6 5167/10/6
f 5167/10/6 5150/10/6 5168/10/6
f 5168/10/6 5150/10/6 5169/10/6
f 5151/12/6 5152/12/6 5170/12/6
f 5169/10/6 5150/10/6 5170/10/6
f 5150/12/6 5151/12/6 5170/12/6
f 5170/12/6 5152/12/6 5171/12/6
f 5155/12/6 5156/12/6 5172/12/6
f 5154/12/6 5155/12/6 5172/12/6
f 5156/13/6 5157/13/6 5173/13/6
f 5172/12/6 5156/12/6 5173/12/6
f 5157/13/6 5158/13/6 5173/13/6
f 5165/10/6 5166/10/6 5174/10/6
f 5164/10/6 5165/10/6 5174/10/6
f 5163/11/6 5164/11/6 5174/11/6
f 5174/10/6 5166/10/6 5175/10/6
f 5118/11/6 5119/11/6 5176/11/6
f 5147/10/6 5167/10/6 5177/10/6
f 5176/11/6 5119/11/6 5177/11/6
f 5119/10/6 5147/10/6 5177/10/6
f 5177/10/6 5167/10/6 5178/10/6
f 5178/10/6 5167/10/6 5179/10/6
f 5168/10/6 5169/10/6 5180/10/6
f 5167/11/6 5168/11/6 5180/11/6
f 5170/11/6 5171/11/6 5181/11/6
f 5180/10/6 5169/10/6 5181/10/6
f 5169/11/6 5170/11/6 5181/11/6
f 5181/11/6 5171/11/6 5182/11/6
f 5171/12/6 5152/12/6 5183/12/6
f 5182/11/6 5171/11/6 5183/11/6
f 5152/13/6 5091/13/6 5184/13/6
f 5183/12/6 5152/12/6 5184/12/6
f 5172/13/6 5173/13/6 5185/13/6
f 5173/13/6 5158/13/6 5186/13/6
f 5185/13/6 5173/13/6 5186/13/6
f 5158/12/6 5159/12/6 5187/12/6
f 5186/13/6 5158/13/6 5187/13/6
f 5159/13/6 5160/13/6 5188/13/6
f 5187/12/6 5159/12/6 5188/12/6
f 5160/12/6 5161/12/6 5189/12/6
f 5188/13/6 5160/13/6 5189/13/6
f 5161/12/6 5162/12/6 5189/12/6
f 5189/12/6 5162/12/6 5190/12/6
f 5162/10/6 5163/10/6 5191/10/6
f 5190/12/6 5162/12/6 5191/12/6
f 5174/11/6 5175/11/6 5192/11/6
f 5191/10/6 5163/10/6 5192/10/6
f 5163/11/6 5174/11/6 5192/11/6
f 5175/10/6 5166/10/6 5193/10/6
f 5192/11/6 5175/11/6 5193/11/6
f 5179/10/6 5167/10/6 5194/10/6
f 5178/11/6 5179/11/6 5194/11/6
f 5167/11/6 5180/11/6 5195/11/6
f 5194/10/6 5167/10/6 5195/10/6
f 5180/11/6 5181/11/6 5195/11/6
f 5181/12/6 5182/12/6 5196/12/6
f 5195/11/6 5181/11/6 5196/11/6
f 5196/12/6 5182/12/6 5197/12/6
f 5182/13/6 5183/13/6 5198/13/6
f 5197/12/6 5182/12/6 5198/12/6
f 5183/13/6 5184/13/6 5198/13/6
f 5198/13/6 5184/13/6 5199/13/6
f 5184/13/6 5091/13/6 5200/13/6
f 5199/13/6 5184/13/6 5200/13/6
f 5200/13/6 5091/13/6 5201/13/6
f 5187/13/6 5188/13/6 5203/13/6
f 5186/13/6 5187/13/6 5203/13/6
f 5185/12/6 5186/12/6 5203/12/6
f 5203/13/6 5188/13/6 5204/13/6
f 5188/12/6 5189/12/6 5205/12/6
f 5204/13/6 5188/13/6 5205/13/6
f 5189/11/6 5190/11/6 5206/11/6
f 5205/12/6 5189/12/6 5206/12/6
f 5190/12/6 5191/12/6 5207/12/6
f 5206/11/6 5190/11/6 5207/11/6
f 5191/12/6 5192/12/6 5207/12/6
f 5192/10/6 5193/10/6 5208/10/6
f 5207/12/6 5192/12/6 5208/12/6
f 5208/10/6 5193/10/6 5209/10/6
f 5176/13/6 5177/13/6 5210/13/6
f 5177/10/6 5178/10/6 5211/10/6
f 5210/13/6 5177/13/6 5211/13/6
f 5195/13/6 5196/13/6 5212/13/6
f 5196/12/6 5197/12/6 5213/12/6
f 5212/13/6 5196/13/6 5213/13/6
f 5198/13/6 5199/13/6 5214/13/6
f 5213/12/6 5197/12/6 5214/12/6
f 5197/13/6 5198/13/6 5214/13/6
f 5214/13/6 5199/13/6 5215/13/6
f 5215/13/6 5199/13/6 5216/13/6
f 5199/12/6 5200/12/6 5217/12/6
f 5216/13/6 5199/13/6 5217/13/6
f 5200/13/6 5201/13/6 5218/13/6
f 5217/12/6 5200/12/6 5218/12/6
f 5201/12/6 5202/12/6 5219/12/6
f 5218/13/6 5201/13/6 5219/13/6
f 5219/12/6 5202/12/6 5220/12/6
f 5185/12/6 5203/12/6 5221/12/6
f 5203/12/6 5204/12/6 5221/12/6
f 5221/12/6 5204/12/6 5222/12/6
f 5204/13/6 5205/13/6 5223/13/6
f 5205/13/6 5206/13/6 5223/13/6
f 5206/13/6 5207/13/6 5223/13/6
f 5207/12/6 5208/12/6 5224/12/6
f 5223/13/6 5207/13/6 5224/13/6
f 5224/12/6 5208/12/6 5225/12/6
f 5210/12/6 5211/12/6 5226/12/6
f 5211/10/6 5178/10/6 5227/10/6
f 5226/12/6 5211/12/6 5227/12/6
f 5194/11/6 5195/11/6 5228/11/6
f 5227/10/6 5178/10/6 5228/10/6
f 5178/11/6 5194/11/6 5228/11/6
f 5195/13/6 5212/13/6 5229/13/6
f 5228/11/6 5195/11/6 5229/11/6
f 5212/10/6 5213/10/6 5230/10/6
f 5229/13/6 5212/13/6 5230/13/6
f 5215/10/6 5216/10/6 5231/10/6
f 5213/11/6 5214/11/6 5231/11/6
f 5214/11/6 5215/11/6 5231/11/6
f 5217/13/6 5218/13/6 5232/13/6
f 5231/10/6 5216/10/6 5232/10/6
f 5216/13/6 5217/13/6 5232/13/6
f 5218/13/6 5219/13/6 5232/13/6
f 5232/13/6 5219/13/6 5233/13/6
f 5221/11/6 5222/11/6 5234/11/6
f 5222/12/6 5204/12/6 5235/12/6
f 5204/13/6 5223/13/6 5235/13/6
f 5235/13/6 5223/13/6 5236/13/6
f 5223/12/6 5224/12/6 5237/12/6
f 5236/13/6 5223/13/6 5237/13/6
f 5224/13/6 5225/13/6 5238/13/6
f 5237/12/6 5224/12/6 5238/12/6
f 5228/10/6 5229/10/6 5239/10/6
f 5227/10/6 5228/10/6 5239/10/6
f 5229/10/6 5230/10/6 5239/10/6
f 5213/11/6 5231/11/6 5240/11/6
f 5239/10/6 5230/10/6 5240/10/6
f 5230/10/6 5213/10/6 5240/10/6
f 5240/11/6 5231/11/6 5241/11/6
f 5231/12/6 5232/12/6 5242/12/6
f 5241/11/6 5231/11/6 5242/11/6
f 5232/13/6 5233/13/6 5243/13/6
f 5242/12/6 5232/12/6 5243/12/6
f 5234/11/6 5222/11/6 5245/11/6
f 5245/11/6 5222/11/6 5246/11/6
f 5246/11/6 5222/11/6 5247/11/6
f 5235/12/6 5236/12/6 5248/12/6
f 5247/11/6 5222/11/6 5248/11/6
f 5222/12/6 5235/12/6 5248/12/6
f 5248/12/6 5236/12/6 5249/12/6
f 5225/12/6 5208/12/6 5250/12/6
f 5208/11/6 5209/11/6 5250/11/6
f 5209/10/6 5193/10/6 5251/10/6
f 5250/11/6 5209/11/6 5251/11/6
f 5226/11/6 5227/11/6 5252/11/6
f 5227/10/6 5239/10/6 5253/10/6
f 5252/11/6 5227/11/6 5253/11/6
f 5253/10/6 5239/10/6 5254/10/6
f 5254/10/6 5239/10/6 5255/10/6
f 5255/10/6 5239/10/6 5256/10/6
f 5240/12/6 5241/12/6 5257/12/6
f 5256/10/6 5239/10/6 5257/10/6
f 5239/12/6 5240/12/6 5257/12/6
f 5241/13/6 5242/13/6 5258/13/6
f 5257/12/6 5241/12/6 5258/12/6
f 5242/13/6 5243/13/6 5258/13/6
f 5243/13/6 5233/13/6 5259/13/6
f 5258/13/6 5243/13/6 5259/13/6
f 5245/12/6 5246/12/6 5260/12/6
f 5244/12/6 5245/12/6 5260/12/6
f 5260/12/6 5246/12/6 5261/12/6
f 5246/11/6 5247/11/6 5262/11/6
f 5247/10/6 5248/10/6 5262/10/6
f 5248/11/6 5249/11/6 5263/11/6
f 5262/10/6 5248/10/6 5263/10/6
f 5249/12/6 5236/12/6 5264/12/6
f 5263/11/6 5249/11/6 5264/11/6
f 5264/12/6 5236/12/6 5265/12/6
f 5238/13/6 5225/13/6 5266/13/6
f 5237/13/6 5238/13/6 5266/13/6
f 5225/12/6 5250/12/6 5266/12/6
f 5236/13/6 5237/13/6 5266/13/6
f 5250/10/6 5251/10/6 5267/10/6
f 5266/12/6 5250/12/6 5267/12/6
f 5255/13/6 5256/13/6 5268/13/6
f 5254/12/6 5255/12/6 5268/12/6
f 5256/12/6 5257/12/6 5269/12/6
f 5268/13/6 5256/13/6 5269/13/6
f 5257/13/6 5258/13/6 5270/13/6
f 5269/12/6 5257/12/6 5270/12/6
f 5258/13/6 5259/13/6 5270/13/6
f 5270/13/6 5259/13/6 5271/13/6
f 5271/13/6 5259/13/6 5272/13/6
f 5272/13/6 5259/13/6 5273/13/6
f 5264/11/6 5265/11/6 5274/11/6
f 5262/11/6 5263/11/6 5274/11/6
f 5246/11/6 5262/11/6 5274/11/6
f 5263/11/6 5264/11/6 5274/11/6
f 5274/11/6 5265/11/6 5275/11/6
f 5236/13/6 5266/13/6 5276/13/6
f 5266/11/6 5267/11/6 5277/11/6
f 5276/13/6 5266/13/6 5277/13/6
f 5251/10/6 5193/10/6 5278/10/6
f 5193/10/6 5166/10/6 5278/10/6
f 5267/10/6 5251/10/6 5278/10/6
f 5278/10/6 5166/10/6 5279/10/6
f 5268/12/6 5269/12/6 5280/12/6
f 5254/12/6 5268/12/6 5280/12/6
f 5253/10/6 5254/10/6 5280/10/6
f 5252/10/6 5253/10/6 5280/10/6
f 5269/13/6 5270/13/6 5281/13/6
f 5280/12/6 5269/12/6 5281/12/6
f 5270/12/6 5271/12/6 5282/12/6
f 5281/13/6 5270/13/6 5282/13/6
f 5282/12/6 5271/12/6 5283/12/6
f 5271/13/6 5272/13/6 5284/13/6
f 5283/12/6 5271/12/6 5284/12/6
f 5284/13/6 5272/13/6 5285/13/6
f 5285/13/6 5272/13/6 5286/13/6
f 5272/12/6 5273/12/6 5287/12/6
f 5286/13/6 5272/13/6 5287/13/6
f 5287/12/6 5273/12/6 5288/12/6
f 5273/13/6 5259/13/6 5289/13/6
f 5288/12/6 5273/12/6 5289/12/6
f 5289/13/6 5259/13/6 5290/13/6
f 5275/11/6 5265/11/6 5292/11/6
f 5274/10/6 5275/10/6 5292/10/6
f 5265/12/6 5236/12/6 5293/12/6
f 5292/11/6 5265/11/6 5293/11/6
f 5236/13/6 5276/13/6 5294/13/6
f 5293/12/6 5236/12/6 5294/12/6
f 5276/12/6 5277/12/6 5295/12/6
f 5294/13/6 5276/13/6 5295/13/6
f 5277/11/6 5267/11/6 5296/11/6
f 5295/12/6 5277/12/6 5296/12/6
f 5267/10/6 5278/10/6 5297/10/6
f 5296/11/6 5267/11/6 5297/11/6
f 5297/10/6 5278/10/6 5298/10/6
f 5278/12/6 5279/12/6 5299/12/6
f 5298/10/6 5278/10/6 5299/10/6
f 5299/12/6 5279/12/6 5300/12/6
f 5280/11/6 5281/11/6 5301/11/6
f 5252/10/6 5280/10/6 5301/10/6
f 5301/11/6 5281/11/6 5302/11/6
f 5282/12/6 5283/12/6 5303/12/6
f 5302/11/6 5281/11/6 5303/11/6
f 5281/12/6 5282/12/6 5303/12/6
f 5283/11/6 5284/11/6 5304/11/6
f 5303/12/6 5283/12/6 5304/12/6
f 5284/11/6 5285/11/6 5304/11/6
f 5285/10/6 5286/10/6 5305/10/6
f 5304/11/6 5285/11/6 5305/11/6
f 5287/13/6 5288/13/6 5306/13/6
f 5290/12/6 5291/12/6 5306/12/6
f 5289/12/6 5290/12/6 5306/12/6
f 5288/12/6 5289/12/6 5306/12/6
f 5306/12/6 5291/12/6 5307/12/6
f 5307/12/6 5291/12/6 5308/12/6
f 5308/12/6 5291/12/6 5309/12/6
f 5261/12/6 5246/12/6 5310/12/6
f 5246/11/6 5274/11/6 5311/11/6
f 5310/12/6 5246/12/6 5311/12/6
f 5294/12/6 5295/12/6 5312/12/6
f 5293/11/6 5294/11/6 5312/11/6
f 5295/11/6 5296/11/6 5313/11/6
f 5312/12/6 5295/12/6 5313/12/6
f 5296/10/6 5297/10/6 5314/10/6
f 5313/11/6 5296/11/6 5314/11/6
f 5299/13/6 5300/13/6 5315/13/6
f 5298/10/6 5299/10/6 5315/10/6
f 5315/13/6 5300/13/6 5316/13/6
f 5303/11/6 5304/11/6 5317/11/6
f 5301/10/6 5302/10/6 5317/10/6
f 5302/11/6 5303/11/6 5317/11/6
f 5304/10/6 5305/10/6 5318/10/6
f 5317/11/6 5304/11/6 5318/11/6
f 5305/10/6 5286/10/6 5319/10/6
f 5318/10/6 5305/10/6 5319/10/6
f 5286/11/6 5287/11/6 5320/11/6
f 5319/10/6 5286/10/6 5320/10/6
f 5287/13/6 5306/13/6 5321/13/6
f 5320/11/6 5287/11/6 5321/11/6
f 5321/13/6 5306/13/6 5322/13/6
f 5307/12/6 5308/12/6 5323/12/6
f 5306/11/6 5307/11/6 5323/11/6
f 5323/12/6 5308/12/6 5324/12/6
f 5312/11/6 5313/11/6 5325/11/6
f 5292/10/6 5293/10/6 5325/10/6
f 5293/11/6 5312/11/6 5325/11/6
f 5325/11/6 5313/11/6 5326/11/6
f 5313/12/6 5314/12/6 5327/12/6
f 5326/11/6 5313/11/6 5327/11/6
f 5314/10/6 5297/10/6 5328/10/6
f 5327/12/6 5314/12/6 5328/12/6
f 5297/11/6 5298/11/6 5329/11/6
f 5328/10/6 5297/10/6 5329/10/6
f 5317/10/6 5318/10/6 5330/10/6
f 5301/10/6 5317/10/6 5330/10/6
f 5252/10/6 5301/10/6 5330/10/6
f 5318/10/6 5319/10/6 5330/10/6
f 5330/10/6 5319/10/6 5331/10/6
f 5331/10/6 5319/10/6 5332/10/6
f 5320/10/6 5321/10/6 5333/10/6
f 5319/11/6 5320/11/6 5333/11/6
f 5321/12/6 5322/12/6 5334/12/6
f 5333/10/6 5321/10/6 5334/10/6
f 5322/13/6 5306/13/6 5335/13/6
f 5334/12/6 5322/12/6 5335/12/6
f 5323/11/6 5324/11/6 5336/11/6
f 5335/13/6 5306/13/6 5336/13/6
f 5306/11/6 5323/11/6 5336/11/6
f 5311/11/6 5274/11/6 5339/11/6
f 5310/10/6 5311/10/6 5339/10/6
f 5274/10/6 5292/10/6 5340/10/6
f 5339/11/6 5274/11/6 5340/11/6
f 5292/10/6 5325/10/6 5340/10/6
f 5325/10/6 5326/10/6 5340/10/6
f 5340/10/6 5326/10/6 5341/10/6
f 5326/12/6 5327/12/6 5342/12/6
f 5341/10/6 5326/10/6 5342/10/6
f 5327/13/6 5328/13/6 5343/13/6
f 5328/13/6 5329/13/6 5343/13/6
f 5329/11/6 5298/11/6 5344/11/6
f 5343/13/6 5329/13/6 5344/13/6
f 5330/12/6 5331/12/6 5345/12/6
f 5331/11/6 5332/11/6 5345/11/6
f 5332/10/6 5319/10/6 5346/10/6
f 5345/11/6 5332/11/6 5346/11/6
f 5346/10/6 5319/10/6 5347/10/6
f 5333/11/6 5334/11/6 5348/11/6
f 5347/10/6 5319/10/6 5348/10/6
f 5319/11/6 5333/11/6 5348/11/6
f 5348/11/6 5334/11/6 5349/11/6
f 5334/12/6 5335/12/6 5350/12/6
f 5349/11/6 5334/11/6 5350/11/6
f 5335/11/6 5336/11/6 5351/11/6
f 5350/12/6 5335/12/6 5351/12/6
f 5336/11/6 5324/11/6 5352/11/6
f 5351/11/6 5336/11/6 5352/11/6
f 5352/11/6 5324/11/6 5353/11/6
f 5337/12/6 5338/12/6 5357/12/6
f 5357/12/6 5338/12/6 5358/12/6
f 5310/10/6 5339/10/6 5361/10/6
f 5340/10/6 5341/10/6 5361/10/6
f 5339/10/6 5340/10/6 5361/10/6
f 5361/10/6 5341/10/6 5362/10/6
f 5362/10/6 5341/10/6 5363/10/6
f 5363/10/6 5341/10/6 5364/10/6
f 5341/12/6 5342/12/6 5365/12/6
f 5364/10/6 5341/10/6 5365/10/6
f 5342/12/6 5327/12/6 5366/12/6
f 5365/12/6 5342/12/6 5366/12/6
f 5327/13/6 5343/13/6 5367/13/6
f 5343/12/6 5344/12/6 5367/12/6
f 5344/11/6 5298/11/6 5368/11/6
f 5367/12/6 5344/12/6 5368/12/6
f 5298/10/6 5315/10/6 5369/10/6
f 5368/11/6 5298/11/6 5369/11/6
f 5315/11/6 5316/11/6 5370/11/6
f 5369/10/6 5315/10/6 5370/10/6
f 5370/11/6 5316/11/6 5371/11/6
f 5348/10/6 5349/10/6 5372/10/6
f 5347/10/6 5348/10/6 5372/10/6
f 5350/11/6 5351/11/6 5373/11/6
f 5372/10/6 5349/10/6 5373/10/6
f 5349/11/6 5350/11/6 5373/11/6
f 5351/11/6 5352/11/6 5373/11/6
f 5373/11/6 5352/11/6 5374/11/6
f 5352/10/6 5353/10/6 5375/10/6
f 5374/11/6 5352/11/6 5375/11/6
f 5353/12/6 5354/12/6 5376/12/6
f 5375/10/6 5353/10/6 5376/10/6
f 5354/12/6 5355/12/6 5376/12/6
f 5376/12/6 5355/12/6 5377/12/6
f 5377/12/6 5355/12/6 5378/12/6
f 5355/11/6 5356/11/6 5379/11/6
f 5378/12/6 5355/12/6 5379/12/6
f 5356/12/6 5357/12/6 5380/12/6
f 5379/11/6 5356/11/6 5380/11/6
f 5359/10/6 5360/10/6 5381/10/6
f 5358/10/6 5359/10/6 5381/10/6
f 5357/11/6 5358/11/6 5381/11/6
f 5360/10/6 5361/10/6 5381/10/6
f 5361/10/6 5362/10/6 5381/10/6
f 5362/12/6 5363/12/6 5382/12/6
f 5381/10/6 5362/10/6 5382/10/6
f 5364/10/6 5365/10/6 5383/10/6
f 5363/11/6 5364/11/6 5383/11/6
f 5365/10/6 5366/10/6 5383/10/6
f 5383/10/6 5366/10/6 5384/10/6
f 5366/12/6 5327/12/6 5385/12/6
f 5384/10/6 5366/10/6 5385/10/6
f 5367/13/6 5368/13/6 5386/13/6
f 5385/12/6 5327/12/6 5386/12/6
f 5327/13/6 5367/13/6 5386/13/6
f 5368/10/6 5369/10/6 5387/10/6
f 5386/13/6 5368/13/6 5387/13/6
f 5369/10/6 5370/10/6 5387/10/6
f 5370/10/6 5371/10/6 5387/10/6
f 5387/10/6 5371/10/6 5388/10/6
f 5330/12/6 5345/12/6 5389/12/6
f 5345/12/6 5346/12/6 5389/12/6
f 5346/11/6 5347/11/6 5390/11/6
f 5389/12/6 5346/12/6 5390/12/6
f 5347/10/6 5372/10/6 5391/10/6
f 5390/11/6 5347/11/6 5391/11/6
f 5372/11/6 5373/11/6 5392/11/6
f 5391/10/6 5372/10/6 5392/10/6
f 5373/12/6 5374/12/6 5393/12/6
f 5392/11/6 5373/11/6 5393/11/6
f 5375/10/6 5376/10/6 5394/10/6
f 5393/12/6 5374/12/6 5394/12/6
f 5374/10/6 5375/10/6 5394/10/6
f 5376/11/6 5377/11/6 5395/11/6
f 5394/10/6 5376/10/6 5395/10/6
f 5377/10/6 5378/10/6 5396/10/6
f 5395/11/6 5377/11/6 5396/11/6
f 5378/11/6 5379/11/6 5397/11/6
f 5396/10/6 5378/10/6 5397/10/6
f 5379/12/6 5380/12/6 5398/12/6
f 5397/11/6 5379/11/6 5398/11/6
f 5380/12/6 5357/12/6 5399/12/6
f 5398/12/6 5380/12/6 5399/12/6
f 5381/11/6 5382/11/6 5399/11/6
f 5357/11/6 5381/11/6 5399/11/6
f 5382/12/6 5363/12/6 5400/12/6
f 5399/11/6 5382/11/6 5400/11/6
f 5383/11/6 5384/11/6 5401/11/6
f 5400/12/6 5363/12/6 5401/12/6
f 5363/11/6 5383/11/6 5401/11/6
f 5385/10/6 5386/10/6 5402/10/6
f 5401/11/6 5384/11/6 5402/11/6
f 5384/10/6 5385/10/6 5402/10/6
f 5386/11/6 5387/11/6 5403/11/6
f 5402/10/6 5386/10/6 5403/10/6
f 5387/11/6 5388/11/6 5403/11/6
f 5388/10/6 5371/10/6 5404/10/6
f 5403/11/6 5388/11/6 5404/11/6
f 5404/10/6 5371/10/6 5405/10/6
f 5406/1/6 5407/1/6 5413/1/6
f 5407/2/6 5408/2/6 5413/2/6
f 5413/2/6 5408/2/6 5414/2/6
f 5414/2/6 5408/2/6 5415/2/6
f 5409/3/6 5410/3/6 5416/3/6
f 5416/3/6 5410/3/6 5417/3/6
f 5410/4/6 5411/4/6 5418/4/6
f 5417/3/6 5410/3/6 5418/3/6
f 5411/3/6 5412/3/6 5419/3/6
f 5418/4/6 5411/4/6 5419/4/6
f 5419/3/6 5412/3/6 5420/3/6
f 5406/1/6 5413/1/6 5421/1/6
f 5420/3/6 5412/3/6 5422/3/6
f 5422/3/6 5412/3/6 5423/3/6
f 5406/1/6 5421/1/6 5426/1/6
f 5424/1/6 5425/1/6 5427/1/6
f 5406/1/6 5426/1/6 5428/1/6
f 5428/1/6 5426/1/6 5429/1/6
f 5427/1/6 5425/1/6 5432/1/6
f 5432/1/6 5425/1/6 5433/1/6
f 5430/3/6 5431/3/6 5434/3/6
f 5432/4/6 5433/4/6 5435/4/6
f 5435/4/6 5433/4/6 5436/4/6
f 5435/1/6 5436/1/6 5437/1/6
f 5437/1/6 5436/1/6 5438/1/6
f 5430/3/6 5434/3/6 5441/3/6
f 5441/3/6 5434/3/6 5442/3/6
f 5443/1/6 5444/1/6 5445/1/6
f 5439/3/6 5440/3/6 5446/3/6
f 5443/1/6 5445/1/6 5447/1/6
f 5447/1/6 5445/1/6 5448/1/6
f 5447/3/6 5448/3/6 5449/3/6
f 5449/3/6 5448/3/6 5450/3/6
f 5446/3/6 5440/3/6 5451/3/6
f 5451/3/6 5440/3/6 5452/3/6
f 5449/1/6 5450/1/6 5453/1/6
f 5453/1/6 5450/1/6 5454/1/6
f 5455/1/6 5456/1/6 5457/1/6
f 5457/1/6 5456/1/6 5458/1/6
f 5453/3/6 5454/3/6 5459/3/6
f 5459/3/6 5454/3/6 5460/3/6
f 5459/1/6 5460/1/6 5461/1/6
f 5461/1/6 5460/1/6 5462/1/6
f 5463/1/6 5464/1/6 5465/1/6
f 5465/1/6 5464/1/6 5466/1/6
f 5457/4/6 5458/4/6 5467/4/6
f 5467/4/6 5458/4/6 5468/4/6
f 5465/3/6 5466/3/6 5469/3/6
f 5469/3/6 5466/3/6 5470/3/6
f 5469/1/6 5470/1/6 5473/1/6
f 5473/1/6 5470/1/6 5474/1/6
f 5471/1/6 5472/1/6 5475/1/6
f 5475/1/6 5472/1/6 5478/1/6
f 5478/1/6 5472/1/6 5479/1/6
f 5476/3/6 5477/3/6 5480/3/6
f 5478/4/6 5479/4/6 5481/4/6
f 5481/4/6 5479/4/6 5482/4/6
f 5476/3/6 5480/3/6 5483/3/6
f 5481/1/6 5482/1/6 5489/1/6
f 5489/1/6 5482/1/6 5490/1/6
f 5476/3/6 5483/3/6 5491/3/6
f 5483/4/6 5484/4/6 5492/4/6
f 5491/3/6 5483/3/6 5492/3/6
f 5484/4/6 5485/4/6 5492/4/6
f 5486/3/6 5487/3/6 5493/3/6
f 5492/4/6 5485/4/6 5493/4/6
f 5485/3/6 5486/3/6 5493/3/6
f 5493/3/6 5487/3/6 5494/3/6
f 5488/1/6 5489/1/6 5495/1/6
f 5489/4/6 5490/4/6 5496/4/6
f 5495/1/6 5489/1/6 5496/1/6
f 5496/4/6 5490/4/6 5497/4/6
f 5498/2/6 5499/2/6 5505/2/6
f 5499/4/6 5500/4/6 5506/4/6
f 5505/2/6 5499/2/6 5506/2/6
f 5500/2/6 5501/2/6 5507/2/6
f 5506/4/6 5500/4/6 5507/4/6
f 5507/2/6 5501/2/6 5508/2/6
f 5502/3/6 5503/3/6 5509/3/6
f 5503/4/6 5504/4/6 5510/4/6
f 5509/3/6 5503/3/6 5510/3/6
f 5510/4/6 5504/4/6 5511/4/6
f 5510/3/6 5511/3/6 5512/3/6
f 5498/2/6 5505/2/6 5513/2/6
f 5513/2/6 5505/2/6 5514/2/6
f 5515/3/6 5516/3/6 5517/3/6
f 5512/3/6 5511/3/6 5518/3/6
f 5518/3/6 5511/3/6 5519/3/6
f 5515/3/6 5517/3/6 5520/3/6
f 5515/3/6 5520/3/6 5523/3/6
f 5515/3/6 5523/3/6 5524/3/6
f 5524/3/6 5523/3/6 5525/3/6
f 5521/1/6 5522/1/6 5528/1/6
f 5528/1/6 5522/1/6 5529/1/6
f 5526/2/6 5527/2/6 5530/2/6
f 5530/2/6 5527/2/6 5531/2/6
f 5528/4/6 5529/4/6 5532/4/6
f 5532/4/6 5529/4/6 5533/4/6
f 5532/1/6 5533/1/6 5534/1/6
f 5534/1/6 5533/1/6 5535/1/6
f 5535/1/6 5533/1/6 5536/1/6
f 5530/3/6 5531/3/6 5539/3/6
f 5539/3/6 5531/3/6 5540/3/6
f 5537/1/6 5538/1/6 5541/1/6
f 5539/2/6 5540/2/6 5542/2/6
f 5541/1/6 5538/1/6 5543/1/6
f 5543/1/6 5538/1/6 5544/1/6
f 5544/1/6 5538/1/6 5545/1/6
f 5539/2/6 5542/2/6 5546/2/6
f 5546/2/6 5542/2/6 5547/2/6
f 5544/4/6 5545/4/6 5550/4/6
f 5550/4/6 5545/4/6 5551/4/6
f 5550/1/6 5551/1/6 5552/1/6
f 5552/1/6 5551/1/6 5553/1/6
f 5553/1/6 5551/1/6 5554/1/6
f 5548/3/6 5549/3/6 5555/3/6
f 5555/3/6 5549/3/6 5556/3/6
f 5555/1/6 5556/1/6 5559/1/6
f 5559/1/6 5556/1/6 5560/1/6
f 5557/3/6 5558/3/6 5561/3/6
f 5561/3/6 5558/3/6 5562/3/6
f 5559/3/6 5560/3/6 5563/3/6
f 5563/3/6 5560/3/6 5564/3/6
f 5561/4/6 5562/4/6 5565/4/6
f 5565/4/6 5562/4/6 5568/4/6
f 5568/4/6 5562/4/6 5569/4/6
f 5566/1/6 5567/1/6 5570/1/6
f 5570/1/6 5567/1/6 5571/1/6
f 5570/3/6 5571/3/6 5572/3/6
f 5568/3/6 5569/3/6 5573/3/6
f 5573/3/6 5569/3/6 5574/3/6
f 5570/3/6 5572/3/6 5577/3/6
f 5577/3/6 5572/3/6 5578/3/6
f 5575/1/6 5576/1/6 5579/1/6
f 5579/1/6 5576/1/6 5580/1/6
f 5577/1/6 5578/1/6 5581/1/6
f 5581/1/6 5578/1/6 5582/1/6
f 5579/4/6 5580/4/6 5587/4/6
f 5587/4/6 5580/4/6 5588/4/6
f 5581/3/6 5582/3/6 5589/3/6
f 5582/1/6 5583/1/6 5590/1/6
f 5589/3/6 5582/3/6 5590/3/6
f 5590/1/6 5583/1/6 5591/1/6
f 5584/1/6 5585/1/6 5592/1/6
f 5585/4/6 5586/4/6 5593/4/6
f 5592/1/6 5585/1/6 5593/1/6
f 5586/4/6 5587/4/6 5593/4/6
f 5587/1/6 5588/1/6 5594/1/6
f 5593/4/6 5587/4/6 5594/4/6
f 5594/1/6 5588/1/6 5595/1/6
f 5596/1/6 5597/1/6 5604/1/6
f 5597/4/6 5598/4/6 5604/4/6
f 5598/1/6 5599/1/6 5605/1/6
f 5604/4/6 5598/4/6 5605/4/6
f 5605/1/6 5599/1/6 5606/1/6
f 5600/1/6 5601/1/6 5607/1/6
f 5601/4/6 5602/4/6 5608/4/6
f 5607/1/6 5601/1/6 5608/1/6
f 5608/4/6 5602/4/6 5609/4/6
f 5602/1/6 5603/1/6 5610/1/6
f 5609/4/6 5602/4/6 5610/4/6
f 5610/1/6 5603/1/6 5611/1/6
f 5596/1/6 5604/1/6 5612/1/6
f 5596/1/6 5612/1/6 5613/1/6
f 5611/1/6 5603/1/6 5614/1/6
f 5614/1/6 5603/1/6 5615/1/6
f 5596/1/6 5613/1/6 5618/1/6
f 5618/1/6 5613/1/6 5619/1/6
f 5616/1/6 5617/1/6 5620/1/6
f 5621/1/6 5622/1/6 5623/1/6
f 5621/1/6 5623/1/6 5624/1/6
f 5624/1/6 5623/1/6 5625/1/6
f 5624/3/6 5625/3/6 5626/3/6
f 5624/3/6 5626/3/6 5627/3/6
f 5620/1/6 5617/1/6 5628/1/6
f 5628/1/6 5617/1/6 5629/1/6
f 5624/3/6 5627/3/6 5630/3/6
f 5630/3/6 5627/3/6 5631/3/6
f 5630/1/6 5631/1/6 5634/1/6
f 5634/1/6 5631/1/6 5635/1/6
f 5632/2/6 5633/2/6 5636/2/6
f 5636/2/6 5633/2/6 5639/2/6
f 5639/2/6 5633/2/6 5640/2/6
f 5639/4/6 5640/4/6 5641/4/6
f 5641/4/6 5640/4/6 5642/4/6
f 5641/2/6 5642/2/6 5643/2/6
f 5643/2/6 5642/2/6 5644/2/6
f 5644/2/6 5642/2/6 5645/2/6
f 5645/2/6 5642/2/6 5646/2/6
f 5637/3/6 5638/3/6 5649/3/6
f 5637/3/6 5649/3/6 5650/3/6
f 5647/1/6 5648/1/6 5651/1/6
f 5651/1/6 5648/1/6 5652/1/6
f 5637/3/6 5650/3/6 5653/3/6
f 5653/3/6 5650/3/6 5654/3/6
f 5651/4/6 5652/4/6 5655/4/6
f 5655/4/6 5652/4/6 5656/4/6
f 5655/1/6 5656/1/6 5659/1/6
f 5657/3/6 5658/3/6 5660/3/6
f 5659/1/6 5656/1/6 5661/1/6
f 5657/3/6 5660/3/6 5662/3/6
f 5661/1/6 5656/1/6 5663/1/6
f 5657/3/6 5662/3/6 5664/3/6
f 5664/3/6 5662/3/6 5665/3/6
f 5663/1/6 5656/1/6 5666/1/6
f 5666/1/6 5656/1/6 5667/1/6
f 5668/3/6 5669/3/6 5670/3/6
f 5664/2/6 5665/2/6 5671/2/6
f 5671/2/6 5665/2/6 5672/2/6
f 5670/3/6 5669/3/6 5675/3/6
f 5673/1/6 5674/1/6 5676/1/6
f 5676/1/6 5674/1/6 5677/1/6
f 5675/3/6 5669/3/6 5678/3/6
f 5676/3/6 5677/3/6 5679/3/6
f 5679/3/6 5677/3/6 5680/3/6
f 5678/3/6 5669/3/6 5686/3/6
f 5679/1/6 5680/1/6 5687/1/6
f 5680/1/6 5681/1/6 5687/1/6
f 5681/4/6 5682/4/6 5688/4/6
f 5687/1/6 5681/1/6 5688/1/6
f 5682/1/6 5683/1/6 5689/1/6
f 5688/4/6 5682/4/6 5689/4/6
f 5689/1/6 5683/1/6 5690/1/6
f 5684/3/6 5685/3/6 5691/3/6
f 5685/3/6 5686/3/6 5691/3/6
f 5686/3/6 5669/3/6 5692/3/6
f 5691/3/6 5686/3/6 5692/3/6
f 5693/3/6 5694/3/6 5698/3/6
f 5698/3/6 5694/3/6 5699/3/6
f 5695/1/6 5696/1/6 5700/1/6
f 5696/4/6 5697/4/6 5701/4/6
f 5700/1/6 5696/1/6 5701/1/6
f 5701/4/6 5697/4/6 5702/4/6
f 5702/4/6 5697/4/6 5703/4/6
f 5693/3/6 5698/3/6 5704/3/6
f 5702/1/6 5703/1/6 5705/1/6
f 5705/1/6 5703/1/6 5706/1/6
f 5693/3/6 5704/3/6 5707/3/6
f 5707/3/6 5704/3/6 5708/3/6
f 5705/4/6 5706/4/6 5709/4/6
f 5709/4/6 5706/4/6 5712/4/6
f 5710/1/6 5711/1/6 5713/1/6
f 5713/1/6 5711/1/6 5714/1/6
f 5712/4/6 5706/4/6 5715/4/6
f 5715/4/6 5706/4/6 5716/4/6
f 5713/3/6 5714/3/6 5717/3/6
f 5713/3/6 5717/3/6 5720/3/6
f 5718/3/6 5719/3/6 5721/3/6
f 5721/3/6 5719/3/6 5722/3/6
f 5713/3/6 5720/3/6 5723/3/6
f 5723/3/6 5720/3/6 5724/3/6
f 5722/3/6 5719/3/6 5725/3/6
f 5723/1/6 5724/1/6 5726/1/6
f 5726/1/6 5724/1/6 5727/1/6
f 5728/1/6 5729/1/6 5730/1/6
f 5730/1/6 5729/1/6 5731/1/6
f 5725/3/6 5719/3/6 5732/3/6
f 5732/3/6 5719/3/6 5733/3/6
f 5730/3/6 5731/3/6 5736/3/6
f 5736/3/6 5731/3/6 5737/3/6
f 5734/1/6 5735/1/6 5738/1/6
f 5738/1/6 5735/1/6 5739/1/6
f 5736/1/6 5737/1/6 5740/1/6
f 5738/4/6 5739/4/6 5741/4/6
f 5736/1/6 5740/1/6 5742/1/6
f 5742/1/6 5740/1/6 5743/1/6
f 5741/4/6 5739/4/6 5744/4/6
f 5744/4/6 5739/4/6 5745/4/6
f 5744/1/6 5745/1/6 5748/1/6
f 5748/1/6 5745/1/6 5749/1/6
f 5746/1/6 5747/1/6 5750/1/6
f 5750/1/6 5747/1/6 5751/1/6
f 5748/4/6 5749/4/6 5752/4/6
f 5752/4/6 5749/4/6 5753/4/6
f 5750/3/6 5751/3/6 5754/3/6
f 5750/3/6 5754/3/6 5755/3/6
f 5752/1/6 5753/1/6 5756/1/6
f 5756/1/6 5753/1/6 5757/1/6
f 5750/3/6 5755/3/6 5758/3/6
f 5758/3/6 5755/3/6 5759/3/6
f 5758/1/6 5759/1/6 5762/1/6
f 5760/1/6 5761/1/6 5763/1/6
f 5763/1/6 5761/1/6 5764/1/6
f 5763/4/6 5764/4/6 5765/4/6
f 5758/1/6 5762/1/6 5766/1/6
f 5766/1/6 5762/1/6 5767/1/6
f 5765/4/6 5764/4/6 5768/4/6
f 5768/4/6 5764/4/6 5769/4/6
f 5768/1/6 5769/1/6 5772/1/6
f 5770/3/6 5771/3/6 5773/3/6
f 5772/1/6 5769/1/6 5774/1/6
f 5774/1/6 5769/1/6 5775/1/6
f 5770/3/6 5773/3/6 5778/3/6
f 5776/1/6 5777/1/6 5779/1/6
f 5779/1/6 5777/1/6 5780/1/6
f 5770/3/6 5778/3/6 5781/3/6
f 5779/4/6 5780/4/6 5789/4/6
f 5770/3/6 5781/3/6 5790/3/6
f 5781/3/6 5782/3/6 5790/3/6
f 5782/3/6 5783/3/6 5790/3/6
f 5790/3/6 5783/3/6 5791/3/6
f 5784/1/6 5785/1/6 5792/1/6
f 5785/1/6 5786/1/6 5792/1/6
f 5786/1/6 5787/1/6 5792/1/6
f 5787/4/6 5788/4/6 5793/4/6
f 5792/1/6 5787/1/6 5793/1/6
f 5788/4/6 5789/4/6 5793/4/6
f 5789/4/6 5780/4/6 5794/4/6
f 5793/4/6 5789/4/6 5794/4/6
f 5795/3/6 5796/3/6 5801/3/6
f 5801/3/6 5796/3/6 5802/3/6
f 5802/3/6 5796/3/6 5803/3/6
f 5797/1/6 5798/1/6 5804/1/6
f 5804/1/6 5798/1/6 5805/1/6
f 5798/4/6 5799/4/6 5806/4/6
f 5805/1/6 5798/1/6 5806/1/6
f 5806/4/6 5799/4/6 5807/4/6
f 5799/1/6 5800/1/6 5808/1/6
f 5807/4/6 5799/4/6 5808/4/6
f 5795/3/6 5801/3/6 5809/3/6
f 5808/1/6 5800/1/6 5810/1/6
f 5810/1/6 5800/1/6 5811/1/6
f 5795/3/6 5809/3/6 5814/3/6
f 5814/3/6 5809/3/6 5815/3/6
f 5812/1/6 5813/1/6 5816/1/6
f 5816/1/6 5813/1/6 5817/1/6
f 5816/4/6 5817/4/6 5820/4/6
f 5820/4/6 5817/4/6 5821/4/6
f 5818/2/6 5819/2/6 5822/2/6
f 5820/1/6 5821/1/6 5823/1/6
f 5823/1/6 5821/1/6 5824/1/6
f 5825/2/6 5826/2/6 5827/2/6
f 5818/2/6 5822/2/6 5828/2/6
f 5828/2/6 5822/2/6 5829/2/6
f 5830/1/6 5831/1/6 5832/1/6
f 5830/1/6 5832/1/6 5833/1/6
f 5833/1/6 5832/1/6 5834/1/6
f 5827/2/6 5826/2/6 5835/2/6
f 5833/3/6 5834/3/6 5836/3/6
f 5835/2/6 5826/2/6 5837/2/6
f 5837/2/6 5826/2/6 5838/2/6
f 5838/2/6 5826/2/6 5839/2/6
f 5833/3/6 5836/3/6 5840/3/6
f 5840/3/6 5836/3/6 5841/3/6
f 5842/3/6 5843/3/6 5844/3/6
f 5844/3/6 5843/3/6 5845/3/6
f 5840/1/6 5841/1/6 5846/1/6
f 5846/1/6 5841/1/6 5847/1/6
f 5844/4/6 5845/4/6 5848/4/6
f 5848/4/6 5845/4/6 5851/4/6
f 5851/4/6 5845/4/6 5852/4/6
f 5849/1/6 5850/1/6 5853/1/6
f 5851/3/6 5852/3/6 5854/3/6
f 5849/1/6 5853/1/6 5855/1/6
f 5855/1/6 5853/1/6 5856/1/6
f 5854/3/6 5852/3/6 5857/3/6
f 5857/3/6 5852/3/6 5858/3/6
f 5858/3/6 5852/3/6 5859/3/6
f 5855/3/6 5856/3/6 5860/3/6
f 5855/3/6 5860/3/6 5863/3/6
f 5863/3/6 5860/3/6 5864/3/6
f 5861/1/6 5862/1/6 5865/1/6
f 5865/1/6 5862/1/6 5866/1/6
f 5865/4/6 5866/4/6 5869/4/6
f 5867/1/6 5868/1/6 5870/1/6
f 5870/1/6 5868/1/6 5871/1/6
f 5869/4/6 5866/4/6 5872/4/6
f 5870/3/6 5871/3/6 5873/3/6
f 5873/3/6 5871/3/6 5874/3/6
f 5872/4/6 5866/4/6 5880/4/6
f 5880/4/6 5866/4/6 5881/4/6
f 5873/1/6 5874/1/6 5882/1/6
f 5874/4/6 5875/4/6 5883/4/6
f 5882/1/6 5874/1/6 5883/1/6
f 5877/1/6 5878/1/6 5884/1/6
f 5883/4/6 5875/4/6 5884/4/6
f 5875/1/6 5876/1/6 5884/1/6
f 5876/1/6 5877/1/6 5884/1/6
f 5884/1/6 5878/1/6 5885/1/6
f 5880/1/6 5881/1/6 5886/1/6
f 5879/1/6 5880/1/6 5886/1/6
f 5886/1/6 5881/1/6 5887/1/6
f 5888/1/6 5889/1/6 5894/1/6
f 5894/1/6 5889/1/6 5895/1/6
f 5889/4/6 5890/4/6 5896/4/6
f 5895/1/6 5889/1/6 5896/1/6
f 5890/1/6 5891/1/6 5897/1/6
f 5896/4/6 5890/4/6 5897/4/6
f 5897/1/6 5891/1/6 5898/1/6
f 5892/1/6 5893/1/6 5899/1/6
f 5899/1/6 5893/1/6 5900/1/6
f 5900/1/6 5893/1/6 5901/1/6
f 5901/1/6 5893/1/6 5902/1/6
f 5888/1/6 5894/1/6 5903/1/6
f 5901/4/6 5902/4/6 5904/4/6
f 5904/4/6 5902/4/6 5905/4/6
f 5888/1/6 5903/1/6 5906/1/6
f 5906/1/6 5903/1/6 5907/1/6
f 5908/1/6 5909/1/6 5910/1/6
f 5910/1/6 5909/1/6 5911/1/6
f 5910/3/6 5911/3/6 5912/3/6
f 5912/3/6 5911/3/6 5913/3/6
f 5904/1/6 5905/1/6 5914/1/6
f 5912/1/6 5913/1/6 5915/1/6
f 5914/1/6 5905/1/6 5916/1/6
f 5916/1/6 5905/1/6 5917/1/6
f 5912/1/6 5915/1/6 5920/1/6
f 5918/1/6 5919/1/6 5921/1/6
f 5921/1/6 5919/1/6 5922/1/6
f 5912/1/6 5920/1/6 5923/1/6
f 5923/1/6 5920/1/6 5924/1/6
f 5921/4/6 5922/4/6 5925/4/6
f 5925/4/6 5922/4/6 5926/4/6
f 5927/1/6 5928/1/6 5929/1/6
f 5925/1/6 5926/1/6 5930/1/6
f 5930/1/6 5926/1/6 5931/1/6
f 5927/1/6 5929/1/6 5932/1/6
f 5927/1/6 5932/1/6 5935/1/6
f 5927/1/6 5935/1/6 5936/1/6
f 5936/1/6 5935/1/6 5937/1/6
f 5933/1/6 5934/1/6 5938/1/6
f 5938/1/6 5934/1/6 5939/1/6
f 5936/3/6 5937/3/6 5940/3/6
f 5938/4/6 5939/4/6 5941/4/6
f 5936/3/6 5940/3/6 5942/3/6
f 5942/3/6 5940/3/6 5943/3/6
f 5941/4/6 5939/4/6 5944/4/6
f 5944/4/6 5939/4/6 5947/4/6
f 5947/4/6 5939/4/6 5948/4/6
f 5945/3/6 5946/3/6 5949/3/6
f 5947/1/6 5948/1/6 5950/1/6
f 5945/3/6 5949/3/6 5951/3/6
f 5950/1/6 5948/1/6 5952/1/6
f 5952/1/6 5948/1/6 5953/1/6
f 5945/3/6 5951/3/6 5954/3/6
f 5945/3/6 5954/3/6 5957/3/6
f 5955/1/6 5956/1/6 5958/1/6
f 5945/3/6 5957/3/6 5959/3/6
f 5959/3/6 5957/3/6 5960/3/6
f 5958/1/6 5956/1/6 5961/1/6
f 5962/1/6 5963/1/6 5964/1/6
f 5964/1/6 5963/1/6 5965/1/6
f 5961/1/6 5956/1/6 5966/1/6
f 5966/1/6 5956/1/6 5967/1/6
f 5967/1/6 5956/1/6 5968/1/6
f 5964/3/6 5965/3/6 5969/3/6
f 5964/3/6 5969/3/6 5972/3/6
f 5970/2/6 5971/2/6 5973/2/6
f 5973/2/6 5971/2/6 5974/2/6
f 5964/3/6 5972/3/6 5975/3/6
f 5975/3/6 5972/3/6 5976/3/6
f 5973/4/6 5974/4/6 5981/4/6
f 5975/4/6 5976/4/6 5982/4/6
f 5976/1/6 5977/1/6 5983/1/6
f 5982/4/6 5976/4/6 5983/4/6
f 5983/1/6 5977/1/6 5984/1/6
f 5979/2/6 5980/2/6 5985/2/6
f 5980/2/6 5981/2/6 5985/2/6
f 5978/2/6 5979/2/6 5985/2/6
f 5981/4/6 5974/4/6 5986/4/6
f 5985/2/6 5981/2/6 5986/2/6
f 5986/4/6 5974/4/6 5987/4/6
f 5988/1/6 5989/1/6 5996/1/6
f 5989/4/6 5990/4/6 5996/4/6
f 5990/1/6 5991/1/6 5997/1/6
f 5996/4/6 5990/4/6 5997/4/6
f 5997/1/6 5991/1/6 5998/1/6
f 5992/3/6 5993/3/6 5999/3/6
f 5999/3/6 5993/3/6 6000/3/6
f 5993/4/6 5994/4/6 6001/4/6
f 6000/3/6 5993/3/6 6001/3/6
f 5994/3/6 5995/3/6 6002/3/6
f 6001/4/6 5994/4/6 6002/4/6
f 6002/3/6 5995/3/6 6003/3/6
f 6003/3/6 5995/3/6 6004/3/6
f 5988/1/6 5996/1/6 6005/1/6
f 5988/1/6 6005/1/6 6008/1/6
f 6008/1/6 6005/1/6 6009/1/6
f 6006/1/6 6007/1/6 6010/1/6
f 6010/1/6 6007/1/6 6013/1/6
f 6011/3/6 6012/3/6 6014/3/6
f 6014/3/6 6012/3/6 6015/3/6
f 6013/1/6 6007/1/6 6016/1/6
f 6016/1/6 6007/1/6 6017/1/6
f 6014/1/6 6015/1/6 6018/1/6
f 6014/1/6 6018/1/6 6019/1/6
f 6017/1/6 6007/1/6 6020/1/6
f 6020/1/6 6007/1/6 6021/1/6
f 6014/1/6 6019/1/6 6022/1/6
f 6014/1/6 6022/1/6 6025/1/6
f 6025/1/6 6022/1/6 6026/1/6
f 6023/3/6 6024/3/6 6027/3/6
f 6028/1/6 6029/1/6 6030/1/6
f 6028/1/6 6030/1/6 6031/1/6
f 6027/3/6 6024/3/6 6032/3/6
f 6032/3/6 6024/3/6 6033/3/6
f 6028/1/6 6031/1/6 6034/1/6
f 6033/3/6 6024/3/6 6035/3/6
f 6035/3/6 6024/3/6 6036/3/6
f 6028/1/6 6034/1/6 6037/1/6
f 6037/1/6 6034/1/6 6038/1/6
f 6037/3/6 6038/3/6 6041/3/6
f 6041/3/6 6038/3/6 6042/3/6
f 6039/1/6 6040/1/6 6043/1/6
f 6041/1/6 6042/1/6 6044/1/6
f 6044/1/6 6042/1/6 6045/1/6
f 6043/1/6 6040/1/6 6046/1/6
f 6046/1/6 6040/1/6 6047/1/6
f 6046/4/6 6047/4/6 6050/4/6
f 6050/4/6 6047/4/6 6051/4/6
f 6048/1/6 6049/1/6 6052/1/6
f 6052/1/6 6049/1/6 6053/1/6
f 6052/3/6 6053/3/6 6054/3/6
f 6050/1/6 6051/1/6 6055/1/6
f 6055/1/6 6051/1/6 6056/1/6
f 6052/3/6 6054/3/6 6057/3/6
f 6057/3/6 6054/3/6 6058/3/6
f 6059/1/6 6060/1/6 6061/1/6
f 6057/1/6 6058/1/6 6062/1/6
f 6062/1/6 6058/1/6 6063/1/6
f 6061/1/6 6060/1/6 6066/1/6
f 6066/1/6 6060/1/6 6067/1/6
f 6064/1/6 6065/1/6 6068/1/6
f 6066/4/6 6067/4/6 6069/4/6
f 6069/4/6 6067/4/6 6070/4/6
f 6064/1/6 6068/1/6 6071/1/6
f 6069/1/6 6070/1/6 6076/1/6
f 6064/1/6 6071/1/6 6077/1/6
f 6071/4/6 6072/4/6 6078/4/6
f 6077/1/6 6071/1/6 6078/1/6
f 6073/1/6 6074/1/6 6079/1/6
f 6078/4/6 6072/4/6 6079/4/6
f 6072/1/6 6073/1/6 6079/1/6
f 6079/1/6 6074/1/6 6080/1/6
f 6075/1/6 6076/1/6 6081/1/6
f 6076/1/6 6070/1/6 6082/1/6
f 6081/1/6 6076/1/6 6082/1/6
f 6083/10/6 6084/10/6 6087/10/6
f 6087/10/6 6084/10/6 6088/10/6
f 6085/13/6 6086/13/6 6089/13/6
f 6089/13/6 6086/13/6 6090/13/6
f 6091/11/6 6092/11/6 6095/11/6
f 6095/11/6 6092/11/6 6096/11/6
f 6093/10/6 6094/10/6 6097/10/6
f 6097/10/6 6094/10/6 6098/10/6
f 6099/11/6 6100/11/6 6107/11/6
f 6100/12/6 6101/12/6 6108/12/6
f 6107/11/6 6100/11/6 6108/11/6
f 6101/13/6 6102/13/6 6109/13/6
f 6108/12/6 6101/12/6 6109/12/6
f 6109/13/6 6102/13/6 6110/13/6
f 6102/12/6 6103/12/6 6111/12/6
f 6110/13/6 6102/13/6 6111/13/6
f 6103/11/6 6104/11/6 6112/11/6
f 6111/12/6 6103/12/6 6112/12/6
f 6104/10/6 6105/10/6 6113/10/6
f 6112/11/6 6104/11/6 6113/11/6
f 6113/10/6 6105/10/6 6114/10/6
f 6106/11/6 6107/11/6 6116/11/6
f 6107/11/6 6108/11/6 6116/11/6
f 6116/11/6 6108/11/6 6117/11/6
f 6117/11/6 6108/11/6 6118/11/6
f 6114/10/6 6115/10/6 6119/10/6
f 6113/10/6 6114/10/6 6119/10/6
f 6119/10/6 6115/10/6 6120/10/6
f 6120/10/6 6115/10/6 6121/10/6
f 6116/10/6 6117/10/6 6122/10/6
f 6122/10/6 6117/10/6 6123/10/6
f 6120/11/6 6121/11/6 6124/11/6
f 6124/11/6 6121/11/6 6125/11/6
f 6125/11/6 6121/11/6 6126/11/6
f 6122/11/6 6123/11/6 6127/11/6
f 6127/11/6 6123/11/6 6128/11/6
f 6125/12/6 6126/12/6 6129/12/6
f 6129/12/6 6126/12/6 6130/12/6
f 6127/12/6 6128/12/6 6131/12/6
f 6131/12/6 6128/12/6 6132/12/6
f 6129/13/6 6130/13/6 6133/13/6
f 6133/13/6 6130/13/6 6134/13/6
f 6131/13/6 6132/13/6 6135/13/6
f 6133/12/6 6134/12/6 6136/12/6
f 6131/13/6 6135/13/6 6137/13/6
f 6137/13/6 6135/13/6 6138/13/6
f 6136/12/6 6134/12/6 6139/12/6
f 6139/12/6 6134/12/6 6140/12/6
f 6137/12/6 6138/12/6 6141/12/6
f 6141/12/6 6138/12/6 6142/12/6
f 6139/11/6 6140/11/6 6143/11/6
f 6143/11/6 6140/11/6 6144/11/6
f 6143/12/6 6144/12/6 6145/12/6
f 6145/12/6 6144/12/6 6146/12/6
f 6145/11/6 6146/11/6 6147/11/6
f 6147/11/6 6146/11/6 6148/11/6
f 6141/13/6 6142/13/6 6149/13/6
f 6149/13/6 6142/13/6 6150/13/6
f 6147/12/6 6148/12/6 6151/12/6
f 6151/12/6 6148/12/6 6152/12/6
f 6149/12/6 6150/12/6 6153/12/6
f 6153/12/6 6150/12/6 6154/12/6
f 6153/11/6 6154/11/6 6155/11/6
f 6155/11/6 6154/11/6 6156/11/6
f 6155/12/6 6156/12/6 6157/12/6
f 6157/12/6 6156/12/6 6158/12/6
f 6151/13/6 6152/13/6 6159/13/6
f 6159/13/6 6152/13/6 6160/13/6
f 6159/12/6 6160/12/6 6161/12/6
f 6161/12/6 6160/12/6 6162/12/6
f 6157/13/6 6158/13/6 6163/13/6
f 6161/10/6 6162/10/6 6164/10/6
f 6164/10/6 6162/10/6 6165/10/6
f 6164/12/6 6165/12/6 6166/12/6
f 6157/13/6 6163/13/6 6167/13/6
f 6167/13/6 6163/13/6 6168/13/6
f 6166/12/6 6165/12/6 6169/12/6
f 6169/12/6 6165/12/6 6170/12/6
f 6167/12/6 6168/12/6 6171/12/6
f 6171/12/6 6168/12/6 6172/12/6
f 6169/13/6 6170/13/6 6173/13/6
f 6173/13/6 6170/13/6 6174/13/6
f 6174/13/6 6170/13/6 6175/13/6
f 6171/11/6 6172/11/6 6176/11/6
f 6176/11/6 6172/11/6 6177/11/6
f 6174/12/6 6175/12/6 6178/12/6
f 6178/12/6 6175/12/6 6179/12/6
f 6176/12/6 6177/12/6 6180/12/6
f 6178/11/6 6179/11/6 6181/11/6
f 6176/12/6 6180/12/6 6182/12/6
f 6182/12/6 6180/12/6 6183/12/6
f 6181/11/6 6179/11/6 6184/11/6
f 6184/11/6 6179/11/6 6185/11/6
f 6184/10/6 6185/10/6 6186/10/6
f 6186/10/6 6185/10/6 6187/10/6
f 6186/11/6 6187/11/6 6188/11/6
f 6188/11/6 6187/11/6 6189/11/6
f 6182/13/6 6183/13/6 6190/13/6
f 6190/13/6 6183/13/6 6191/13/6
f 6190/12/6 6191/12/6 6192/12/6
f 6192/12/6 6191/12/6 6193/12/6
f 6188/13/6 6189/13/6 6194/13/6
f 6194/13/6 6189/13/6 6195/13/6
f 6192/11/6 6193/11/6 6196/11/6
f 6194/10/6 6195/10/6 6199/10/6
f 6196/11/6 6197/11/6 6200/11/6
f 6192/11/6 6196/11/6 6200/11/6
f 6200/11/6 6197/11/6 6201/11/6
f 6201/11/6 6197/11/6 6202/11/6
f 6198/11/6 6199/11/6 6206/11/6
f 6199/10/6 6195/10/6 6207/10/6
f 6206/11/6 6199/11/6 6207/11/6
f 6207/10/6 6195/10/6 6208/10/6
f 6201/11/6 6202/11/6 6209/11/6
f 6202/12/6 6203/12/6 6210/12/6
f 6209/11/6 6202/11/6 6210/11/6
f 6204/13/6 6205/13/6 6211/13/6
f 6210/12/6 6203/12/6 6211/12/6
f 6203/13/6 6204/13/6 6211/13/6
f 6205/12/6 6206/12/6 6212/12/6
f 6211/13/6 6205/13/6 6212/13/6
f 6206/11/6 6207/11/6 6213/11/6
f 6212/12/6 6206/12/6 6213/12/6
f 6213/11/6 6207/11/6 6214/11/6
f 6215/12/6 6216/12/6 6221/12/6
f 6221/12/6 6216/12/6 6222/12/6
f 6222/12/6 6216/12/6 6223/12/6
f 6216/11/6 6217/11/6 6224/11/6
f 6223/12/6 6216/12/6 6224/12/6
f 6217/12/6 6218/12/6 6225/12/6
f 6224/11/6 6217/11/6 6225/11/6
f 6218/10/6 6219/10/6 6226/10/6
f 6225/12/6 6218/12/6 6226/12/6
f 6226/10/6 6219/10/6 6227/10/6
f 6224/12/6 6225/12/6 6229/12/6
f 6223/13/6 6224/13/6 6229/13/6
f 6227/10/6 6228/10/6 6230/10/6
f 6229/12/6 6225/12/6 6230/12/6
f 6226/10/6 6227/10/6 6230/10/6
f 6225/10/6 6226/10/6 6230/10/6
f 6230/10/6 6228/10/6 6231/10/6
f 6223/13/6 6229/13/6 6232/13/6
f 6222/12/6 6223/12/6 6232/12/6
f 6229/13/6 6230/13/6 6232/13/6
f 6232/13/6 6230/13/6 6233/13/6
f 6230/11/6 6231/11/6 6234/11/6
f 6233/13/6 6230/13/6 6234/13/6
f 6234/11/6 6231/11/6 6235/11/6
f 6235/11/6 6231/11/6 6236/11/6
f 6220/10/6 6221/10/6 6237/10/6
f 6221/11/6 6222/11/6 6238/11/6
f 6237/10/6 6221/10/6 6238/10/6
f 6232/12/6 6233/12/6 6239/12/6
f 6238/11/6 6222/11/6 6239/11/6
f 6222/12/6 6232/12/6 6239/12/6
f 6239/12/6 6233/12/6 6240/12/6
f 6240/12/6 6233/12/6 6241/12/6
f 6233/13/6 6234/13/6 6242/13/6
f 6241/12/6 6233/12/6 6242/12/6
f 6234/13/6 6235/13/6 6242/13/6
f 6242/13/6 6235/13/6 6243/13/6
f 6241/12/6 6242/12/6 6244/12/6
f 6242/12/6 6243/12/6 6244/12/6
f 6243/13/6 6235/13/6 6245/13/6
f 6244/12/6 6243/12/6 6245/12/6
f 6235/12/6 6236/12/6 6246/12/6
f 6245/13/6 6235/13/6 6246/13/6
f 6237/11/6 6238/11/6 6247/11/6
f 6239/10/6 6240/10/6 6248/10/6
f 6247/11/6 6238/11/6 6248/11/6
f 6238/10/6 6239/10/6 6248/10/6
f 6244/13/6 6245/13/6 6249/13/6
f 6245/12/6 6246/12/6 6249/12/6
f 6246/12/6 6236/12/6 6250/12/6
f 6249/12/6 6246/12/6 6250/12/6
f 6249/11/6 6250/11/6 6251/11/6
f 6250/12/6 6236/12/6 6252/12/6
f 6251/11/6 6250/11/6 6252/11/6
f 6247/12/6 6248/12/6 6253/12/6
f 6248/10/6 6240/10/6 6254/10/6
f 6253/12/6 6248/12/6 6254/12/6
f 6254/10/6 6240/10/6 6255/10/6
f 6240/11/6 6241/11/6 6256/11/6
f 6255/10/6 6240/10/6 6256/10/6
f 6252/12/6 6236/12/6 6257/12/6
f 6251/10/6 6252/10/6 6257/10/6
f 6257/12/6 6236/12/6 6258/12/6
f 6253/11/6 6254/11/6 6259/11/6
f 6254/10/6 6255/10/6 6260/10/6
f 6259/11/6 6254/11/6 6260/11/6
f 6255/11/6 6256/11/6 6261/11/6
f 6260/10/6 6255/10/6 6261/10/6
f 6256/11/6 6241/11/6 6262/11/6
f 6261/11/6 6256/11/6 6262/11/6
f 6260/10/6 6261/10/6 6263/10/6
f 6259/10/6 6260/10/6 6263/10/6
f 6261/10/6 6262/10/6 6263/10/6
f 6263/10/6 6262/10/6 6264/10/6
f 6264/10/6 6262/10/6 6265/10/6
f 6262/11/6 6241/11/6 6266/11/6
f 6265/10/6 6262/10/6 6266/10/6
f 6244/13/6 6249/13/6 6267/13/6
f 6249/11/6 6251/11/6 6267/11/6
f 6251/10/6 6257/10/6 6268/10/6
f 6267/11/6 6251/11/6 6268/11/6
f 6257/11/6 6258/11/6 6269/11/6
f 6268/10/6 6257/10/6 6269/10/6
f 6269/11/6 6258/11/6 6270/11/6
f 6267/12/6 6268/12/6 6271/12/6
f 6268/10/6 6269/10/6 6271/10/6
f 6269/10/6 6270/10/6 6271/10/6
f 6271/10/6 6270/10/6 6272/10/6
f 6244/13/6 6267/13/6 6273/13/6
f 6267/12/6 6271/12/6 6273/12/6
f 6271/11/6 6272/11/6 6274/11/6
f 6273/12/6 6271/12/6 6274/12/6
f 6263/11/6 6264/11/6 6275/11/6
f 6264/10/6 6265/10/6 6276/10/6
f 6275/11/6 6264/11/6 6276/11/6
f 6266/11/6 6241/11/6 6277/11/6
f 6265/11/6 6266/11/6 6277/11/6
f 6241/12/6 6244/12/6 6278/12/6
f 6277/11/6 6241/11/6 6278/11/6
f 6244/13/6 6273/13/6 6279/13/6
f 6273/13/6 6274/13/6 6279/13/6
f 6274/11/6 6272/11/6 6280/11/6
f 6279/13/6 6274/13/6 6280/13/6
f 6272/10/6 6270/10/6 6281/10/6
f 6280/11/6 6272/11/6 6281/11/6
f 6265/11/6 6277/11/6 6282/11/6
f 6277/12/6 6278/12/6 6282/12/6
f 6278/12/6 6244/12/6 6283/12/6
f 6282/12/6 6278/12/6 6283/12/6
f 6244/13/6 6279/13/6 6284/13/6
f 6283/12/6 6244/12/6 6284/12/6
f 6276/10/6 6265/10/6 6285/10/6
f 6275/10/6 6276/10/6 6285/10/6
f 6282/11/6 6283/11/6 6285/11/6
f 6265/11/6 6282/11/6 6285/11/6
f 6285/11/6 6283/11/6 6286/11/6
f 6283/13/6 6284/13/6 6287/13/6
f 6286/11/6 6283/11/6 6287/11/6
f 6284/13/6 6279/13/6 6288/13/6
f 6287/13/6 6284/13/6 6288/13/6
f 6279/12/6 6280/12/6 6289/12/6
f 6288/13/6 6279/13/6 6289/13/6
f 6280/10/6 6281/10/6 6290/10/6
f 6289/12/6 6280/12/6 6290/12/6
f 6281/10/6 6270/10/6 6291/10/6
f 6290/10/6 6281/10/6 6291/10/6
f 6285/10/6 6286/10/6 6292/10/6
f 6275/10/6 6285/10/6 6292/10/6
f 6292/10/6 6286/10/6 6293/10/6
f 6291/10/6 6270/10/6 6294/10/6
f 6290/12/6 6291/12/6 6294/12/6
f 6294/10/6 6270/10/6 6295/10/6
f 6286/11/6 6287/11/6 6296/11/6
f 6287/12/6 6288/12/6 6296/12/6
f 6289/13/6 6290/13/6 6297/13/6
f 6296/12/6 6288/12/6 6297/12/6
f 6288/13/6 6289/13/6 6297/13/6
f 6294/11/6 6295/11/6 6298/11/6
f 6290/12/6 6294/12/6 6298/12/6
f 6298/11/6 6295/11/6 6299/11/6
f 6293/10/6 6286/10/6 6300/10/6
f 6292/11/6 6293/11/6 6300/11/6
f 6300/10/6 6286/10/6 6301/10/6
f 6286/11/6 6296/11/6 6302/11/6
f 6296/11/6 6297/11/6 6302/11/6
f 6297/13/6 6290/13/6 6303/13/6
f 6302/11/6 6297/11/6 6303/11/6
f 6303/13/6 6290/13/6 6304/13/6
f 6298/12/6 6299/12/6 6305/12/6
f 6304/13/6 6290/13/6 6305/13/6
f 6290/12/6 6298/12/6 6305/12/6
f 6305/12/6 6299/12/6 6306/12/6
f 6306/12/6 6299/12/6 6307/12/6
f 6307/12/6 6299/12/6 6308/12/6
f 6303/12/6 6304/12/6 6309/12/6
f 6302/12/6 6303/12/6 6309/12/6
f 6304/13/6 6305/13/6 6310/13/6
f 6309/12/6 6304/12/6 6310/12/6
f 6305/13/6 6306/13/6 6310/13/6
f 6301/10/6 6286/10/6 6311/10/6
f 6286/11/6 6302/11/6 6311/11/6
f 6302/12/6 6309/12/6 6312/12/6
f 6311/11/6 6302/11/6 6312/11/6
f 6309/13/6 6310/13/6 6313/13/6
f 6312/12/6 6309/12/6 6313/12/6
f 6310/13/6 6306/13/6 6314/13/6
f 6313/13/6 6310/13/6 6314/13/6
f 6307/11/6 6308/11/6 6315/11/6
f 6306/12/6 6307/12/6 6315/12/6
f 6315/11/6 6308/11/6 6316/11/6
f 6311/10/6 6312/10/6 6317/10/6
f 6301/10/6 6311/10/6 6317/10/6
f 6312/12/6 6313/12/6 6318/12/6
f 6317/10/6 6312/10/6 6318/10/6
f 6313/12/6 6314/12/6 6318/12/6
f 6318/12/6 6314/12/6 6319/12/6
f 6314/13/6 6306/13/6 6320/13/6
f 6319/12/6 6314/12/6 6320/12/6
f 6301/10/6 6317/10/6 6321/10/6
f 6300/11/6 6301/11/6 6321/11/6
f 6317/11/6 6318/11/6 6322/11/6
f 6321/10/6 6317/10/6 6322/10/6
f 6318/12/6 6319/12/6 6323/12/6
f 6322/11/6 6318/11/6 6323/11/6
f 6319/13/6 6320/13/6 6324/13/6
f 6323/12/6 6319/12/6 6324/12/6
f 6315/10/6 6316/10/6 6325/10/6
f 6306/12/6 6315/12/6 6325/12/6
f 6325/10/6 6316/10/6 6326/10/6
f 6322/11/6 6323/11/6 6327/11/6
f 6321/11/6 6322/11/6 6327/11/6
f 6292/11/6 6300/11/6 6327/11/6
f 6323/11/6 6324/11/6 6327/11/6
f 6300/11/6 6321/11/6 6327/11/6
f 6327/11/6 6324/11/6 6328/11/6
f 6328/11/6 6324/11/6 6329/11/6
f 6325/11/6 6326/11/6 6330/11/6
f 6306/12/6 6325/12/6 6330/12/6
f 6330/11/6 6326/11/6 6331/11/6
f 6329/11/6 6324/11/6 6332/11/6
f 6324/13/6 6320/13/6 6333/13/6
f 6332/11/6 6324/11/6 6333/11/6
f 6320/13/6 6306/13/6 6334/13/6
f 6333/13/6 6320/13/6 6334/13/6
f 6306/12/6 6330/12/6 6334/12/6
f 6330/10/6 6331/10/6 6335/10/6
f 6334/12/6 6330/12/6 6335/12/6
f 6332/12/6 6333/12/6 6336/12/6
f 6329/11/6 6332/11/6 6336/11/6
f 6333/13/6 6334/13/6 6337/13/6
f 6336/12/6 6333/12/6 6337/12/6
f 6337/13/6 6334/13/6 6338/13/6
f 6334/11/6 6335/11/6 6339/11/6
f 6338/13/6 6334/13/6 6339/13/6
f 6329/11/6 6336/11/6 6340/11/6
f 6337/13/6 6338/13/6 6341/13/6
f 6340/11/6 6336/11/6 6341/11/6
f 6336/13/6 6337/13/6 6341/13/6
f 6341/13/6 6338/13/6 6342/13/6
f 6335/10/6 6331/10/6 6343/10/6
f 6339/11/6 6335/11/6 6343/11/6
f 6343/10/6 6331/10/6 6344/10/6
f 6342/13/6 6338/13/6 6345/13/6
f 6338/12/6 6339/12/6 6345/12/6
f 6343/11/6 6344/11/6 6346/11/6
f 6345/12/6 6339/12/6 6346/12/6
f 6339/11/6 6343/11/6 6346/11/6
f 6327/12/6 6328/12/6 6347/12/6
f 6328/10/6 6329/10/6 6348/10/6
f 6347/12/6 6328/12/6 6348/12/6
f 6329/11/6 6340/11/6 6349/11/6
f 6341/12/6 6342/12/6 6349/12/6
f 6340/12/6 6341/12/6 6349/12/6
f 6349/12/6 6342/12/6 6350/12/6
f 6342/13/6 6345/13/6 6351/13/6
f 6345/11/6 6346/11/6 6352/11/6
f 6351/13/6 6345/13/6 6352/13/6
f 6346/11/6 6344/11/6 6353/11/6
f 6352/11/6 6346/11/6 6353/11/6
f 6348/10/6 6329/10/6 6354/10/6
f 6347/10/6 6348/10/6 6354/10/6
f 6329/11/6 6349/11/6 6354/11/6
f 6349/11/6 6350/11/6 6354/11/6
f 6354/11/6 6350/11/6 6355/11/6
f 6350/12/6 6342/12/6 6356/12/6
f 6355/11/6 6350/11/6 6356/11/6
f 6342/13/6 6351/13/6 6357/13/6
f 6356/12/6 6342/12/6 6357/12/6
f 6351/12/6 6352/12/6 6358/12/6
f 6357/13/6 6351/13/6 6358/13/6
f 6352/10/6 6353/10/6 6359/10/6
f 6358/12/6 6352/12/6 6359/12/6
f 6353/11/6 6344/11/6 6360/11/6
f 6359/10/6 6353/10/6 6360/10/6
f 6360/11/6 6344/11/6 6361/11/6
f 6354/10/6 6355/10/6 6362/10/6
f 6347/10/6 6354/10/6 6362/10/6
f 6362/10/6 6355/10/6 6363/10/6
f 6358/11/6 6359/11/6 6364/11/6
f 6363/10/6 6355/10/6 6364/10/6
f 6356/11/6 6357/11/6 6364/11/6
f 6357/11/6 6358/11/6 6364/11/6
f 6355/11/6 6356/11/6 6364/11/6
f 6364/11/6 6359/11/6 6365/11/6
f 6359/10/6 6360/10/6 6366/10/6
f 6365/11/6 6359/11/6 6366/11/6
f 6360/10/6 6361/10/6 6366/10/6
f 6366/10/6 6361/10/6 6367/10/6
f 6367/10/6 6361/10/6 6368/10/6
f 6364/10/6 6365/10/6 6369/10/6
f 6363/10/6 6364/10/6 6369/10/6
f 6366/11/6 6367/11/6 6370/11/6
f 6369/10/6 6365/10/6 6370/10/6
f 6365/11/6 6366/11/6 6370/11/6
f 6370/11/6 6367/11/6 6371/11/6
