# MagicaVoxel @ Ephtracy

# group
o 

# material
mtllib Ruin.mtl
usemtl palette

# normals
vn -1 0 0
vn 1 0 0
vn 0 0 1
vn 0 0 -1
vn 0 -1 0
vn 0 1 0

# texcoords
vt 0.00195312 0.5
vt 0.0253906 0.5
vt 0.0292969 0.5
vt 0.0761719 0.5
vt 0.0957031 0.5
vt 0.111328 0.5
vt 0.154297 0.5
vt 0.158203 0.5
vt 0.162109 0.5
vt 0.166016 0.5
vt 0.169922 0.5
vt 0.193359 0.5
vt 0.197266 0.5
vt 0.201172 0.5
vt 0.212891 0.5
vt 0.216797 0.5

# verts
v -2 0 2
v -2 0 -2
v -2 0.1 1.2
v -2 0.1 1
v -2 0.1 0.9
v -2 0.1 0.7
v -2 0.1 0.4
v -2 0.1 -0.6
v -2 0.1 -1.4
v -2 0.1 -1.6
v -2 0.2 2
v -2 0.2 1.2
v -2 0.2 1
v -2 0.2 0.9
v -2 0.2 0.7
v -2 0.2 0.4
v -2 0.2 -0.6
v -2 0.2 -1.4
v -2 0.2 -1.6
v -2 0.2 -2
v -1.9 0.2 1.9
v -1.9 0.2 1.2
v -1.9 0.2 1
v -1.9 0.2 0.9
v -1.9 0.2 0.7
v -1.9 0.2 0.4
v -1.9 0.2 -0.6
v -1.9 0.2 -1.4
v -1.9 0.2 -1.6
v -1.9 0.2 -1.9
v -1.9 0.3 1.9
v -1.9 0.3 1.2
v -1.9 0.3 0.7
v -1.9 0.3 0.4
v -1.9 0.3 0.3
v -1.9 0.3 0.2
v -1.9 0.3 -0.6
v -1.9 0.3 -1.4
v -1.9 0.3 -1.6
v -1.9 0.3 -1.9
v -1.9 0.4 0.3
v -1.9 0.4 0.2
v -1.8 0.3 0.4
v -1.8 0.3 0.3
v -1.8 0.3 0.2
v -1.8 0.3 -0.2
v -1.8 0.4 0.4
v -1.8 0.4 0.3
v -1.8 0.4 0.2
v -1.8 0.4 -0.2
v -1.7 0.4 0.2
v -1.7 0.4 -2.38419e-07
v -1.7 0.5 -2.38419e-07
v -1.7 0.5 -0.1
v -1.7 0.6 0.2
v -1.7 0.6 -0.1
v -1.6 0.4 0.3
v -1.6 0.4 0.2
v -1.6 0.5 0.3
v -1.6 0.5 0.2
v -1.5 0.4 0.0999999
v -1.5 0.4 -2.38419e-07
v -1.5 0.5 0.0999999
v -1.5 0.5 -2.38419e-07
v -1.4 0.3 0.7
v -1.4 0.3 0.5
v -1.4 0.4 0.7
v -1.4 0.4 0.5
v -1.3 0.3 0.9
v -1.3 0.3 0.7
v -1.3 0.3 -0.7
v -1.3 0.3 -0.8
v -1.3 0.3 -0.9
v -1.3 0.3 -1
v -1.3 0.3 -1.1
v -1.3 0.3 -1.5
v -1.3 0.4 0.9
v -1.3 0.4 0.7
v -1.3 0.4 -0.7
v -1.3 0.4 -0.8
v -1.3 0.4 -1
v -1.3 0.4 -1.1
v -1.3 0.5 -0.9
v -1.3 0.5 -1.5
v -1.2 0.3 1.3
v -1.2 0.3 1.2
v -1.2 0.4 1.3
v -1.2 0.4 1.2
v -1.2 0.5 -1
v -1.2 0.5 -1.3
v -1.2 0.6 -1
v -1.2 0.6 -1.3
v -1.1 0.3 1.4
v -1.1 0.3 1.3
v -1.1 0.4 1.4
v -1.1 0.4 1.3
v -1 0.3 0.5
v -1 0.3 0.4
v -1 0.4 0.5
v -1 0.4 0.4
v -0.9 0.3 0.3
v -0.9 0.3 0.2
v -0.9 0.4 0.3
v -0.9 0.4 0.2
v -0.7 0.3 1.2
v -0.7 0.3 1
v -0.7 0.3 0.5
v -0.7 0.3 0.0999999
v -0.7 0.3 -2.38419e-07
v -0.7 0.3 -0.1
v -0.7 0.3 -0.2
v -0.7 0.3 -0.4
v -0.7 0.3 -0.5
v -0.7 0.3 -0.9
v -0.7 0.4 1.2
v -0.7 0.4 1
v -0.7 0.4 0.0999999
v -0.7 0.4 -2.38419e-07
v -0.7 0.4 -0.1
v -0.7 0.4 -0.2
v -0.7 0.4 -0.4
v -0.7 0.4 -0.6
v -0.7 0.5 1.2
v -0.7 0.5 1.1
v -0.7 0.5 0.5
v -0.7 0.5 0.4
v -0.7 0.5 0.3
v -0.7 0.5 0.0999999
v -0.7 0.5 -0.6
v -0.7 0.5 -0.7
v -0.7 0.6 1.2
v -0.7 0.6 1.1
v -0.7 0.6 0.4
v -0.7 0.6 0.3
v -0.7 0.8 -0.7
v -0.7 0.8 -0.9
v -0.6 0.3 1
v -0.6 0.3 0.9
v -0.6 0.3 0.5
v -0.6 0.3 -2.38419e-07
v -0.6 0.3 -0.1
v -0.6 0.3 -0.2
v -0.6 0.3 -0.4
v -0.6 0.4 1.2
v -0.6 0.4 1
v -0.6 0.4 0.5
v -0.6 0.4 0.0999999
v -0.6 0.4 -2.38419e-07
v -0.6 0.4 -0.1
v -0.6 0.4 -0.2
v -0.6 0.4 -0.4
v -0.6 0.4 -0.5
v -0.6 0.4 -0.6
v -0.6 0.5 1.2
v -0.6 0.5 1.1
v -0.6 0.5 0.5
v -0.6 0.5 0.4
v -0.6 0.5 0.2
v -0.6 0.5 0.0999999
v -0.6 0.5 -2.38419e-07
v -0.6 0.5 -0.5
v -0.6 0.5 -0.6
v -0.6 0.6 1.1
v -0.6 0.6 1
v -0.6 0.6 0.5
v -0.6 0.6 0.4
v -0.6 0.6 0.2
v -0.6 0.6 0.0999999
v -0.5 0.4 0.9
v -0.5 0.4 0.7
v -0.5 0.5 0.9
v -0.5 0.5 0.7
v -0.5 0.6 1.2
v -0.5 0.6 1
v -0.5 0.7 1.2
v -0.5 0.7 1
v -0.4 0.4 0.7
v -0.4 0.4 0.6
v -0.4 0.4 -0.3
v -0.4 0.4 -0.6
v -0.4 0.5 0.8
v -0.4 0.5 0.7
v -0.4 0.5 0.6
v -0.4 0.5 -0.3
v -0.4 0.5 -0.6
v -0.4 0.6 0.8
v -0.4 0.6 0.7
v -0.2 0.4 0.7
v -0.2 0.4 0.6
v -0.2 0.4 0.4
v -0.2 0.4 0.3
v -0.2 0.4 0.2
v -0.2 0.4 0.0999999
v -0.2 0.5 0.7
v -0.2 0.5 0.6
v -0.2 0.5 0.4
v -0.2 0.5 0.3
v -0.2 0.5 0.2
v -0.2 0.5 0.0999999
v -0.2 0.8 -1.2
v -0.2 0.8 -1.3
v -0.2 0.9 -1.3
v -0.2 0.9 -1.5
v -0.2 1.1 -1.2
v -0.2 1.1 -1.5
v -0.2 1.3 -1.2
v -0.2 1.3 -1.3
v -0.2 1.5 -1.2
v -0.2 1.5 -1.3
v -0.0999999 0.3 -1.2
v -0.0999999 0.3 -1.5
v -0.0999999 0.4 -1.2
v -0.0999999 0.4 -1.3
v -0.0999999 0.8 -1.1
v -0.0999999 0.8 -1.2
v -0.0999999 0.8 -1.3
v -0.0999999 0.8 -1.5
v -0.0999999 0.8 -1.6
v -0.0999999 0.9 -1.3
v -0.0999999 0.9 -1.5
v -0.0999999 1.1 -1.2
v -0.0999999 1.1 -1.5
v -0.0999999 1.2 -1.1
v -0.0999999 1.2 -1.2
v -0.0999999 1.2 -1.3
v -0.0999999 1.2 -1.5
v -0.0999999 1.2 -1.6
v -0.0999999 1.3 -1.2
v -0.0999999 1.3 -1.3
v -0.0999999 1.3 -1.4
v -0.0999999 1.3 -1.5
v -0.0999999 1.4 -1.3
v -0.0999999 1.4 -1.4
v -0.0999999 1.5 -1.1
v -0.0999999 1.5 -1.2
v -0.0999999 1.5 -1.3
v -0.0999999 1.5 -1.4
v -0.0999999 1.6 -1.2
v -0.0999999 1.6 -1.3
v 2.38419e-07 0.4 0.9
v 2.38419e-07 0.4 0.7
v 2.38419e-07 0.4 0.6
v 2.38419e-07 0.4 0.4
v 2.38419e-07 0.4 0.3
v 2.38419e-07 0.4 0.2
v 2.38419e-07 0.4 0.0999999
v 2.38419e-07 0.4 -2.38419e-07
v 2.38419e-07 0.4 -0.2
v 2.38419e-07 0.4 -0.3
v 2.38419e-07 0.4 -0.4
v 2.38419e-07 0.4 -0.5
v 2.38419e-07 0.4 -1.2
v 2.38419e-07 0.4 -1.3
v 2.38419e-07 0.5 1.2
v 2.38419e-07 0.5 1.1
v 2.38419e-07 0.5 1
v 2.38419e-07 0.5 0.9
v 2.38419e-07 0.5 0.7
v 2.38419e-07 0.5 0.6
v 2.38419e-07 0.5 0.4
v 2.38419e-07 0.5 0.3
v 2.38419e-07 0.5 0.2
v 2.38419e-07 0.5 0.0999999
v 2.38419e-07 0.5 -2.38419e-07
v 2.38419e-07 0.5 -0.3
v 2.38419e-07 0.5 -0.5
v 2.38419e-07 0.6 1.2
v 2.38419e-07 0.6 1
v 2.38419e-07 0.6 0.7
v 2.38419e-07 0.6 0.6
v 2.38419e-07 0.6 0.4
v 2.38419e-07 0.6 0.3
v 2.38419e-07 0.6 0.2
v 2.38419e-07 0.6 -2.38419e-07
v 2.38419e-07 0.8 -1.2
v 2.38419e-07 0.8 -1.3
v 2.38419e-07 1.2 -1.5
v 2.38419e-07 1.2 -1.6
v 2.38419e-07 1.3 -1.4
v 2.38419e-07 1.3 -1.5
v 2.38419e-07 1.4 -1.4
v 2.38419e-07 1.4 -1.5
v 2.38419e-07 1.4 -1.6
v 2.38419e-07 1.5 -1.4
v 2.38419e-07 1.5 -1.5
v 0.1 0.3 -1
v 0.1 0.3 -1.1
v 0.1 0.4 -1
v 0.1 0.4 -1.1
v 0.1 0.6 1.2
v 0.1 0.6 1
v 0.1 0.7 1.2
v 0.1 0.7 1
v 0.2 0.3 -0.8
v 0.2 0.3 -0.9
v 0.2 0.4 -0.7
v 0.2 0.4 -0.8
v 0.2 0.4 -0.9
v 0.2 0.5 -0.7
v 0.2 0.5 -0.8
v 0.2 0.7 1.2
v 0.2 0.7 1.1
v 0.2 0.8 1.2
v 0.2 0.8 1.1
v 0.3 0.4 0.5
v 0.3 0.4 0.4
v 0.3 0.4 -0.8
v 0.3 0.4 -0.9
v 0.3 0.5 0.6
v 0.3 0.5 0.5
v 0.3 0.5 0.4
v 0.3 0.5 -0.8
v 0.3 0.5 -0.9
v 0.3 0.6 0.6
v 0.3 0.6 0.5
v 0.3 0.7 1.1
v 0.3 0.7 1
v 0.3 0.8 1.1
v 0.3 0.8 1
v 0.4 0.3 1.7
v 0.4 0.3 1.6
v 0.4 0.3 -0.9
v 0.4 0.3 -1
v 0.4 0.4 1.6
v 0.4 0.4 1.5
v 0.4 0.4 -0.1
v 0.4 0.4 -0.3
v 0.4 0.4 -0.5
v 0.4 0.4 -0.9
v 0.4 0.4 -1
v 0.4 0.5 1.7
v 0.4 0.5 1.6
v 0.4 0.5 1.5
v 0.4 0.5 1.4
v 0.4 0.5 0.7
v 0.4 0.5 0.6
v 0.4 0.5 0.5
v 0.4 0.5 0.4
v 0.4 0.5 0.3
v 0.4 0.5 0.2
v 0.4 0.5 0.0999999
v 0.4 0.5 -2.38419e-07
v 0.4 0.5 -0.1
v 0.4 0.5 -0.2
v 0.4 0.5 -0.5
v 0.4 0.6 1.6
v 0.4 0.6 1.5
v 0.4 0.6 1.4
v 0.4 0.6 1.3
v 0.4 0.6 0.7
v 0.4 0.6 0.6
v 0.4 0.6 0.5
v 0.4 0.6 0.4
v 0.4 0.6 0.3
v 0.4 0.6 0.2
v 0.4 0.6 0.0999999
v 0.4 0.6 -2.38419e-07
v 0.4 0.6 -0.1
v 0.4 0.6 -0.2
v 0.4 0.7 1.5
v 0.4 0.7 1.4
v 0.4 0.7 1.3
v 0.4 0.7 1.2
v 0.4 0.7 0.7
v 0.4 0.7 0.6
v 0.4 0.7 0.0999999
v 0.4 0.7 -0.1
v 0.4 0.8 1.4
v 0.4 0.8 1.3
v 0.4 0.8 1.2
v 0.4 0.8 1.1
v 0.4 0.9 1.3
v 0.4 0.9 1.2
v 0.4 0.9 1.1
v 0.4 0.9 1
v 0.4 0.9 0.8
v 0.4 0.9 0.7
v 0.4 1 1.2
v 0.4 1 1.1
v 0.4 1 1
v 0.4 1 0.8
v 0.4 1 0.7
v 0.4 1.1 1.1
v 0.4 1.1 0.8
v 0.5 0.6 0.6
v 0.5 0.6 0.4
v 0.5 0.6 0.3
v 0.5 0.7 0.6
v 0.5 0.7 0.3
v 0.6 0.3 -1.5
v 0.6 0.3 -1.6
v 0.6 0.4 1
v 0.6 0.4 0.8
v 0.6 0.5 -1.5
v 0.6 0.5 -1.6
v 0.6 0.6 1
v 0.6 0.6 0.8
v 0.6 0.6 0.2
v 0.6 0.6 0.0999999
v 0.6 0.7 0.7
v 0.6 0.7 0.3
v 0.6 0.7 0.2
v 0.6 0.7 0.0999999
v 0.6 0.8 0.7
v 0.6 0.8 0.0999999
v 0.7 0.3 -0.9
v 0.7 0.3 -1
v 0.7 0.3 -1.6
v 0.7 0.3 -1.7
v 0.7 0.4 -0.9
v 0.7 0.4 -1
v 0.7 0.5 -1.6
v 0.7 0.5 -1.7
v 0.8 0.3 -0.8
v 0.8 0.3 -0.9
v 0.8 0.4 -0.8
v 0.8 0.4 -0.9
v 0.8 0.8 0.7
v 0.8 0.8 0.4
v 0.8 0.8 0.0999999
v 0.8 0.9 0.7
v 0.8 0.9 0.4
v 0.8 0.9 0.0999999
v 0.8 1 0.4
v 0.8 1 0.2
v 0.8 1.1 0.2
v 0.8 1.1 0.0999999
v 0.9 0.3 1.3
v 0.9 0.3 1.2
v 0.9 0.4 1.3
v 0.9 0.4 1.2
v 0.9 0.4 0.3
v 0.9 0.4 0.0999999
v 0.9 0.5 0.3
v 0.9 0.5 0.0999999
v 0.9 0.5 -1.6
v 0.9 0.5 -1.7
v 0.9 0.6 -1.6
v 0.9 0.6 -1.7
v 1 0.3 -0.8
v 1 0.3 -0.9
v 1 0.3 -1.4
v 1 0.3 -1.5
v 1 0.4 1
v 1 0.4 0.3
v 1 0.4 0.0999999
v 1 0.4 -0.2
v 1 0.4 -0.4
v 1 0.4 -0.5
v 1 0.4 -0.7
v 1 0.4 -0.8
v 1 0.4 -1.4
v 1 0.4 -1.5
v 1 0.5 0.3
v 1 0.5 0.0999999
v 1 0.5 -0.5
v 1 0.5 -0.7
v 1 0.5 -0.8
v 1 0.5 -0.9
v 1 0.6 -0.1
v 1 0.6 -0.3
v 1 0.6 -0.4
v 1 0.6 -0.5
v 1 0.7 1.1
v 1 0.7 1
v 1 0.7 0.7
v 1 0.7 0.6
v 1 0.7 0.4
v 1 0.7 0.3
v 1 0.7 -0.2
v 1 0.7 -0.3
v 1 0.8 1.1
v 1 0.8 1
v 1 0.8 0.7
v 1 0.8 0.6
v 1 0.8 0.4
v 1 0.8 0.3
v 1 0.8 0.0999999
v 1 0.8 -2.38419e-07
v 1 0.8 -0.1
v 1 0.8 -0.2
v 1 0.8 -0.4
v 1 0.8 -0.8
v 1 0.9 0.4
v 1 0.9 0.3
v 1 0.9 -2.38419e-07
v 1 0.9 -0.4
v 1 1 0.4
v 1 1 0.3
v 1.1 0.5 -0.8
v 1.1 0.5 -0.9
v 1.1 0.6 -0.8
v 1.1 0.6 -0.9
v 1.3 0.6 0.2
v 1.3 0.6 0.0999999
v 1.3 0.7 0.7
v 1.3 0.7 0.6
v 1.3 0.7 0.4
v 1.3 0.7 0.3
v 1.3 0.7 0.2
v 1.3 0.7 0.0999999
v 1.3 0.8 0.7
v 1.3 0.8 0.6
v 1.3 0.8 0.4
v 1.3 0.8 0.3
v -1.6 0.3 -0.1
v -1.6 0.3 -0.2
v -1.6 0.4 0.2
v -1.6 0.4 -2.38419e-07
v -1.6 0.4 -0.1
v -1.6 0.4 -0.2
v -1.6 0.5 0.2
v -1.6 0.5 -2.38419e-07
v -1.6 0.5 -0.1
v -1.6 0.6 0.2
v -1.6 0.6 -0.1
v -1.5 0.3 0.4
v -1.5 0.3 0.3
v -1.5 0.3 -2.38419e-07
v -1.5 0.3 -0.1
v -1.5 0.4 0.4
v -1.5 0.4 0.3
v -1.5 0.4 0.2
v -1.5 0.4 -2.38419e-07
v -1.5 0.4 -0.1
v -1.5 0.5 0.3
v -1.5 0.5 0.2
v -1.4 0.3 0.3
v -1.4 0.3 -2.38419e-07
v -1.4 0.4 0.3
v -1.4 0.4 0.0999999
v -1.4 0.5 0.0999999
v -1.4 0.5 -2.38419e-07
v -1.3 0.3 0.7
v -1.3 0.3 0.6
v -1.3 0.4 0.7
v -1.3 0.4 0.6
v -1.2 0.3 0.9
v -1.2 0.3 0.7
v -1.2 0.3 0.6
v -1.2 0.3 0.5
v -1.2 0.3 -0.7
v -1.2 0.3 -0.8
v -1.2 0.4 0.9
v -1.2 0.4 0.7
v -1.2 0.4 0.6
v -1.2 0.4 0.5
v -1.2 0.4 -0.7
v -1.2 0.4 -0.8
v -1.1 0.3 -0.9
v -1.1 0.3 -1
v -1.1 0.4 -1.3
v -1.1 0.4 -1.5
v -1.1 0.5 -0.9
v -1.1 0.5 -1
v -1.1 0.5 -1.3
v -1.1 0.5 -1.5
v -1 0.3 1.4
v -1 0.3 1.2
v -1 0.4 1.4
v -1 0.4 1.2
v -0.8 0.3 0.5
v -0.8 0.3 0.4
v -0.8 0.3 0.3
v -0.8 0.3 0.2
v -0.8 0.3 -1
v -0.8 0.3 -1.1
v -0.8 0.3 -1.3
v -0.8 0.4 0.5
v -0.8 0.4 0.4
v -0.8 0.4 0.3
v -0.8 0.4 0.2
v -0.8 0.4 -1.3
v -0.8 0.6 -1
v -0.8 0.6 -1.3
v -0.6 0.3 -1.3
v -0.6 0.3 -1.5
v -0.6 0.4 -1.3
v -0.6 0.4 -1.5
v -0.6 0.6 -0.7
v -0.6 0.6 -0.8
v -0.6 0.8 -0.7
v -0.6 0.8 -0.8
v -0.5 0.4 0.5
v -0.5 0.4 0.2
v -0.5 0.4 -2.38419e-07
v -0.5 0.4 -0.5
v -0.5 0.4 -0.7
v -0.5 0.5 0.3
v -0.5 0.5 0.2
v -0.5 0.5 0.0999999
v -0.5 0.5 -2.38419e-07
v -0.5 0.5 -0.5
v -0.5 0.5 -0.7
v -0.5 0.5 -0.8
v -0.5 0.5 -0.9
v -0.5 0.6 0.5
v -0.5 0.6 0.3
v -0.5 0.6 0.2
v -0.5 0.6 0.0999999
v -0.5 0.6 -0.8
v -0.5 0.8 -0.8
v -0.5 0.8 -0.9
v -0.4 0.4 0.9
v -0.4 0.4 0.8
v -0.4 0.4 -0.7
v -0.4 0.4 -0.8
v -0.4 0.4 -0.9
v -0.4 0.5 0.9
v -0.4 0.5 0.8
v -0.4 0.5 -0.8
v -0.4 0.5 -0.9
v -0.4 0.6 -0.7
v -0.4 0.6 -0.8
v -0.3 0.3 -0.8
v -0.3 0.3 -0.9
v -0.3 0.4 0.8
v -0.3 0.4 0.6
v -0.3 0.4 -0.3
v -0.3 0.4 -0.6
v -0.3 0.4 -0.8
v -0.3 0.4 -0.9
v -0.3 0.5 0.7
v -0.3 0.5 0.6
v -0.3 0.5 -0.3
v -0.3 0.5 -0.6
v -0.3 0.6 0.8
v -0.3 0.6 0.7
v -0.2 0.6 1.1
v -0.2 0.6 1
v -0.2 0.7 1.1
v -0.2 0.7 1
v -0.0999999 0.5 1.2
v -0.0999999 0.5 1.1
v -0.0999999 0.5 1
v -0.0999999 0.6 1.1
v -0.0999999 0.6 1
v -0.0999999 0.7 1.2
v -0.0999999 0.7 1.1
v 0.1 0.4 0.9
v 0.1 0.4 0.7
v 0.1 0.4 0.6
v 0.1 0.4 0.4
v 0.1 0.4 0.3
v 0.1 0.4 0.2
v 0.1 0.4 0.0999999
v 0.1 0.4 -2.38419e-07
v 0.1 0.4 -0.1
v 0.1 0.4 -0.3
v 0.1 0.4 -0.5
v 0.1 0.4 -1.2
v 0.1 0.4 -1.3
v 0.1 0.4 -1.4
v 0.1 0.4 -1.5
v 0.1 0.5 0.9
v 0.1 0.5 0.7
v 0.1 0.5 0.6
v 0.1 0.5 0.4
v 0.1 0.5 0.3
v 0.1 0.5 0.2
v 0.1 0.5 0.0999999
v 0.1 0.5 -2.38419e-07
v 0.1 0.5 -0.3
v 0.1 0.5 -0.5
v 0.1 0.6 0.7
v 0.1 0.6 0.6
v 0.1 0.6 0.4
v 0.1 0.6 0.3
v 0.1 0.6 0.2
v 0.1 0.6 -2.38419e-07
v 0.1 0.7 -1.2
v 0.1 0.7 -1.3
v 0.1 0.8 -1.4
v 0.1 0.8 -1.5
v 0.1 1.2 -1.5
v 0.1 1.2 -1.6
v 0.1 1.4 -1.2
v 0.1 1.4 -1.3
v 0.1 1.4 -1.4
v 0.1 1.4 -1.5
v 0.1 1.4 -1.6
v 0.1 1.5 -1.2
v 0.1 1.5 -1.3
v 0.1 1.5 -1.5
v 0.1 1.6 -1.2
v 0.1 1.6 -1.3
v 0.2 0.3 -1
v 0.2 0.3 -1.1
v 0.2 0.3 -1.2
v 0.2 0.3 -1.5
v 0.2 0.4 -1
v 0.2 0.4 -1.1
v 0.2 0.4 -1.2
v 0.2 0.4 -1.3
v 0.2 0.4 -1.4
v 0.2 0.4 -1.5
v 0.2 0.7 -1.2
v 0.2 0.7 -1.3
v 0.2 0.8 -1.1
v 0.2 0.8 -1.2
v 0.2 0.8 -1.3
v 0.2 0.8 -1.4
v 0.2 0.8 -1.5
v 0.2 0.8 -1.6
v 0.2 1.2 -1.5
v 0.2 1.2 -1.6
v 0.2 1.3 -1.1
v 0.2 1.3 -1.2
v 0.2 1.3 -1.3
v 0.2 1.3 -1.4
v 0.2 1.3 -1.5
v 0.2 1.4 -1.2
v 0.2 1.4 -1.3
v 0.2 1.4 -1.4
v 0.2 1.4 -1.5
v 0.2 1.5 -1.1
v 0.2 1.5 -1.2
v 0.3 0.8 -1.2
v 0.3 0.8 -1.5
v 0.3 1.3 -1.2
v 0.3 1.3 -1.5
v 0.4 0.4 0.5
v 0.4 0.4 0.4
v 0.4 0.4 0.3
v 0.4 0.4 0.2
v 0.4 0.4 0.0999999
v 0.4 0.5 0.5
v 0.4 0.5 0.4
v 0.4 0.5 0.3
v 0.4 0.5 0.2
v 0.4 0.5 0.0999999
v 0.5 0.3 1.7
v 0.5 0.3 1.6
v 0.5 0.3 -0.9
v 0.5 0.3 -1
v 0.5 0.4 1.6
v 0.5 0.4 1.5
v 0.5 0.4 0.7
v 0.5 0.4 0.6
v 0.5 0.4 -0.1
v 0.5 0.4 -0.5
v 0.5 0.4 -0.7
v 0.5 0.4 -0.8
v 0.5 0.4 -0.9
v 0.5 0.4 -1
v 0.5 0.5 1.7
v 0.5 0.5 1.6
v 0.5 0.5 1.5
v 0.5 0.5 1.4
v 0.5 0.5 0.7
v 0.5 0.5 0.6
v 0.5 0.5 0.4
v 0.5 0.5 -2.38419e-07
v 0.5 0.5 -0.1
v 0.5 0.5 -0.2
v 0.5 0.5 -0.5
v 0.5 0.5 -0.7
v 0.5 0.5 -0.9
v 0.5 0.6 1.6
v 0.5 0.6 1.5
v 0.5 0.6 1.4
v 0.5 0.6 1.3
v 0.5 0.6 0.6
v 0.5 0.6 0.4
v 0.5 0.6 0.0999999
v 0.5 0.6 -2.38419e-07
v 0.5 0.6 -0.1
v 0.5 0.6 -0.2
v 0.5 0.7 1.5
v 0.5 0.7 1.4
v 0.5 0.7 1.3
v 0.5 0.7 1.2
v 0.5 0.7 0.0999999
v 0.5 0.7 -0.1
v 0.5 0.8 1.4
v 0.5 0.8 1.3
v 0.5 0.8 1.2
v 0.5 0.8 1.1
v 0.5 0.9 1.3
v 0.5 0.9 1.2
v 0.5 0.9 1.1
v 0.5 0.9 1
v 0.5 0.9 0.8
v 0.5 0.9 0.7
v 0.5 1 1.2
v 0.5 1 1.1
v 0.5 1 1
v 0.5 1 0.8
v 0.5 1 0.7
v 0.5 1.1 1.1
v 0.5 1.1 0.8
v 0.6 0.5 0.7
v 0.6 0.5 0.6
v 0.6 0.5 0.4
v 0.6 0.5 0.3
v 0.6 0.5 0.2
v 0.6 0.5 0.0999999
v 0.6 0.6 0.7
v 0.6 0.6 0.6
v 0.6 0.6 0.4
v 0.6 0.6 0.3
v 0.6 0.6 0.2
v 0.6 0.6 0.0999999
v 0.6 0.7 1.2
v 0.6 0.7 1
v 0.6 0.7 0.6
v 0.6 0.7 0.4
v 0.6 0.8 1.2
v 0.6 0.8 1
v 0.7 0.3 -0.8
v 0.7 0.3 -0.9
v 0.7 0.4 0.9
v 0.7 0.4 0.8
v 0.7 0.4 -0.8
v 0.7 0.4 -0.9
v 0.7 0.6 0.9
v 0.7 0.6 0.8
v 0.8 0.4 1
v 0.8 0.4 0.9
v 0.8 0.6 1
v 0.8 0.6 0.9
v 0.8 0.6 0.7
v 0.8 0.6 0.6
v 0.8 0.6 0.4
v 0.8 0.6 0.3
v 0.8 0.6 0.2
v 0.8 0.6 0.0999999
v 0.8 0.7 0.7
v 0.8 0.7 0.6
v 0.8 0.7 0.4
v 0.8 0.7 0.3
v 0.8 0.7 0.2
v 0.8 0.7 0.0999999
v 0.8 0.8 0.6
v 0.8 0.8 0.4
v 0.8 0.8 0.3
v 0.8 0.8 0.2
v 0.9 0.3 -0.8
v 0.9 0.3 -0.9
v 0.9 0.3 -1
v 0.9 0.4 -0.8
v 0.9 0.4 -1
v 0.9 0.7 0.2
v 0.9 0.7 0.0999999
v 0.9 0.8 0.2
v 0.9 0.8 0.0999999
v 0.9 0.9 0.4
v 0.9 0.9 0.2
v 0.9 1 0.4
v 0.9 1 0.2
v 1 0.3 1.3
v 1 0.3 1.2
v 1 0.3 -1.5
v 1 0.3 -1.7
v 1 0.4 1.3
v 1 0.4 1.2
v 1 0.4 -1.5
v 1 0.5 -1.5
v 1 0.5 -1.6
v 1 0.6 -1.6
v 1 0.6 -1.7
v 1 0.8 0.6
v 1 0.8 0.4
v 1 0.8 0.3
v 1 0.8 0.2
v 1 0.9 0.6
v 1 0.9 0.4
v 1 0.9 0.3
v 1 0.9 0.2
v 1 1 0.2
v 1 1 0.0999999
v 1 1.1 0.2
v 1 1.1 0.0999999
v 1.1 0.3 -1.4
v 1.1 0.3 -1.5
v 1.1 0.4 -1.4
v 1.1 0.4 -1.5
v 1.1 0.5 1.2
v 1.1 0.5 1.1
v 1.1 0.7 1.2
v 1.1 0.7 1.1
v 1.1 0.9 0.4
v 1.1 0.9 0.3
v 1.1 0.9 0.2
v 1.1 0.9 0.0999999
v 1.1 1 0.4
v 1.1 1 0.3
v 1.1 1 0.2
v 1.1 1 0.0999999
v 1.2 0.3 1.2
v 1.2 0.3 1.1
v 1.2 0.3 0.0999999
v 1.2 0.3 -2.38419e-07
v 1.2 0.3 -0.4
v 1.2 0.3 -0.5
v 1.2 0.3 -0.9
v 1.2 0.5 1.2
v 1.2 0.5 1.1
v 1.2 0.6 -0.1
v 1.2 0.6 -0.3
v 1.2 0.6 -0.8
v 1.2 0.6 -0.9
v 1.2 0.7 1.1
v 1.2 0.7 1
v 1.2 0.7 0.2
v 1.2 0.7 0.0999999
v 1.2 0.7 -0.2
v 1.2 0.7 -0.3
v 1.2 0.8 1.1
v 1.2 0.8 1
v 1.2 0.8 0.7
v 1.2 0.8 0.6
v 1.2 0.8 0.4
v 1.2 0.8 0.3
v 1.2 0.8 0.2
v 1.2 0.8 0.0999999
v 1.2 0.8 -2.38419e-07
v 1.2 0.8 -0.1
v 1.2 0.8 -0.2
v 1.2 0.8 -0.4
v 1.2 0.8 -0.8
v 1.2 0.9 0.2
v 1.2 0.9 0.0999999
v 1.2 0.9 -2.38419e-07
v 1.2 0.9 -0.4
v 1.3 0.7 0.2
v 1.3 0.7 0.0999999
v 1.3 0.8 0.7
v 1.3 0.8 0.6
v 1.3 0.8 0.4
v 1.3 0.8 0.3
v 1.3 0.8 0.2
v 1.3 0.8 0.0999999
v 1.3 0.9 0.7
v 1.3 0.9 0.6
v 1.3 0.9 0.4
v 1.3 0.9 0.3
v 1.4 0.6 0.2
v 1.4 0.6 0.0999999
v 1.4 0.7 0.7
v 1.4 0.7 0.6
v 1.4 0.7 0.4
v 1.4 0.7 0.3
v 1.4 0.7 0.2
v 1.4 0.7 0.0999999
v 1.4 0.8 0.7
v 1.4 0.8 0.6
v 1.4 0.8 0.4
v 1.4 0.8 0.3
v 1.9 0.2 1.9
v 1.9 0.2 1.8
v 1.9 0.2 1.5
v 1.9 0.2 0.5
v 1.9 0.2 0.0999999
v 1.9 0.2 -0.1
v 1.9 0.2 -1.3
v 1.9 0.2 -1.4
v 1.9 0.2 -1.5
v 1.9 0.2 -1.6
v 1.9 0.2 -1.9
v 1.9 0.3 1.9
v 1.9 0.3 1.5
v 1.9 0.3 0.5
v 1.9 0.3 0.0999999
v 1.9 0.3 -0.1
v 1.9 0.3 -1.3
v 1.9 0.3 -1.6
v 1.9 0.3 -1.9
v 2 0 2
v 2 0 -2
v 2 0.1 1.8
v 2 0.1 0.0999999
v 2 0.1 -0.1
v 2 0.1 -1.4
v 2 0.1 -1.5
v 2 0.1 -1.6
v 2 0.2 2
v 2 0.2 1.8
v 2 0.2 0.0999999
v 2 0.2 -0.1
v 2 0.2 -1.4
v 2 0.2 -1.5
v 2 0.2 -1.6
v 2 0.2 -2
v -2 0 2
v -2 0.2 2
v 1.1 0.1 2
v 1.1 0.2 2
v 1.9 0.1 2
v 1.9 0.2 2
v 2 0 2
v 2 0.2 2
v -1.9 0.2 1.9
v -1.9 0.3 1.9
v -1.2 0.2 1.9
v -1.2 0.3 1.9
v -0.7 0.2 1.9
v -0.7 0.3 1.9
v 1.1 0.2 1.9
v 1.1 0.3 1.9
v 1.9 0.2 1.9
v 1.9 0.3 1.9
v 0.4 0.3 1.7
v 0.4 0.5 1.7
v 0.5 0.3 1.7
v 0.5 0.5 1.7
v 0.4 0.5 1.6
v 0.4 0.6 1.6
v 0.5 0.5 1.6
v 0.5 0.6 1.6
v 0.4 0.6 1.5
v 0.4 0.7 1.5
v 0.5 0.6 1.5
v 0.5 0.7 1.5
v -1.1 0.3 1.4
v -1.1 0.4 1.4
v -1 0.3 1.4
v -1 0.4 1.4
v 0.4 0.7 1.4
v 0.4 0.8 1.4
v 0.5 0.7 1.4
v 0.5 0.8 1.4
v -1.2 0.3 1.3
v -1.2 0.4 1.3
v -1.1 0.3 1.3
v -1.1 0.4 1.3
v 0.4 0.8 1.3
v 0.4 0.9 1.3
v 0.5 0.8 1.3
v 0.5 0.9 1.3
v 0.9 0.3 1.3
v 0.9 0.4 1.3
v 1 0.3 1.3
v 1 0.4 1.3
v -0.7 0.3 1.2
v -0.7 0.4 1.2
v -0.7 0.5 1.2
v -0.7 0.6 1.2
v -0.6 0.4 1.2
v -0.6 0.5 1.2
v -0.5 0.6 1.2
v -0.5 0.7 1.2
v -0.4 0.3 1.2
v -0.3 0.6 1.2
v -0.3 0.7 1.2
v -0.2 0.5 1.2
v -0.2 0.6 1.2
v -0.0999999 0.5 1.2
v -0.0999999 0.7 1.2
v 2.38419e-07 0.5 1.2
v 2.38419e-07 0.6 1.2
v 0.1 0.5 1.2
v 0.1 0.6 1.2
v 0.1 0.7 1.2
v 0.2 0.7 1.2
v 0.2 0.8 1.2
v 0.4 0.7 1.2
v 0.4 0.8 1.2
v 0.4 0.9 1.2
v 0.4 1 1.2
v 0.5 0.7 1.2
v 0.5 0.8 1.2
v 0.5 0.9 1.2
v 0.5 1 1.2
v 0.6 0.7 1.2
v 0.6 0.8 1.2
v 0.7 0.3 1.2
v 0.9 0.3 1.2
v 0.9 0.4 1.2
v 0.9 0.6 1.2
v 1 0.3 1.2
v 1 0.4 1.2
v 1 0.6 1.2
v 1 0.7 1.2
v 1.1 0.5 1.2
v 1.1 0.7 1.2
v 1.2 0.3 1.2
v 1.2 0.5 1.2
v 0.4 1 1.1
v 0.4 1.1 1.1
v 0.5 1 1.1
v 0.5 1.1 1.1
v 1 0.7 1.1
v 1 0.8 1.1
v 1.1 0.5 1.1
v 1.1 0.7 1.1
v 1.2 0.5 1.1
v 1.2 0.7 1.1
v 1.2 0.8 1.1
v -1.3 0.3 0.9
v -1.3 0.4 0.9
v -1.2 0.3 0.9
v -1.2 0.4 0.9
v -0.5 0.4 0.9
v -0.5 0.5 0.9
v -0.4 0.4 0.9
v -0.4 0.5 0.9
v 2.38419e-07 0.4 0.9
v 2.38419e-07 0.5 0.9
v 0.1 0.4 0.9
v 0.1 0.5 0.9
v -0.4 0.4 0.8
v -0.4 0.5 0.8
v -0.4 0.6 0.8
v -0.3 0.4 0.8
v -0.3 0.6 0.8
v 0.4 0.9 0.8
v 0.4 1 0.8
v 0.5 0.9 0.8
v 0.5 1 0.8
v -1.4 0.3 0.7
v -1.4 0.4 0.7
v -1.3 0.3 0.7
v -1.3 0.4 0.7
v -0.2 0.4 0.7
v -0.2 0.5 0.7
v -0.0999999 0.4 0.7
v -0.0999999 0.5 0.7
v 2.38419e-07 0.4 0.7
v 2.38419e-07 0.5 0.7
v 2.38419e-07 0.6 0.7
v 0.1 0.4 0.7
v 0.1 0.5 0.7
v 0.1 0.6 0.7
v 0.4 0.4 0.7
v 0.4 0.5 0.7
v 0.4 0.6 0.7
v 0.4 0.7 0.7
v 0.5 0.4 0.7
v 0.5 0.5 0.7
v 0.6 0.5 0.7
v 0.6 0.6 0.7
v 0.6 0.7 0.7
v 0.6 0.8 0.7
v 0.8 0.6 0.7
v 0.8 0.7 0.7
v 0.8 0.8 0.7
v 0.8 0.9 0.7
v 1 0.7 0.7
v 1 0.8 0.7
v 1 0.9 0.7
v 1.2 0.8 0.7
v 1.3 0.7 0.7
v 1.3 0.8 0.7
v 1.3 0.9 0.7
v 1.4 0.7 0.7
v 1.4 0.8 0.7
v -1.3 0.3 0.6
v -1.3 0.4 0.6
v -1.2 0.3 0.6
v -1.2 0.4 0.6
v 0.3 0.5 0.6
v 0.3 0.6 0.6
v 0.4 0.5 0.6
v 0.4 0.6 0.6
v -1 0.3 0.5
v -1 0.4 0.5
v -0.8 0.3 0.5
v -0.8 0.4 0.5
v -0.7 0.3 0.5
v -0.7 0.5 0.5
v -0.6 0.3 0.5
v -0.6 0.4 0.5
v -0.6 0.5 0.5
v -0.6 0.6 0.5
v -0.5 0.4 0.5
v -0.5 0.6 0.5
v 0.3 0.4 0.5
v 0.3 0.5 0.5
v 0.4 0.4 0.5
v 0.4 0.5 0.5
v -1.8 0.3 0.4
v -1.8 0.4 0.4
v -1.7 0.3 0.4
v -1.5 0.3 0.4
v -1.5 0.4 0.4
v -0.7 0.5 0.4
v -0.7 0.6 0.4
v -0.6 0.5 0.4
v -0.6 0.6 0.4
v -0.2 0.4 0.4
v -0.2 0.5 0.4
v 2.38419e-07 0.4 0.4
v 2.38419e-07 0.5 0.4
v 2.38419e-07 0.6 0.4
v 0.1 0.4 0.4
v 0.1 0.5 0.4
v 0.1 0.6 0.4
v 0.3 0.4 0.4
v 0.3 0.5 0.4
v 0.5 0.5 0.4
v 0.5 0.6 0.4
v 0.6 0.5 0.4
v 0.6 0.6 0.4
v 0.6 0.7 0.4
v 0.8 0.6 0.4
v 0.8 0.7 0.4
v 0.8 0.8 0.4
v 0.8 0.9 0.4
v 0.8 1 0.4
v 0.9 0.9 0.4
v 0.9 1 0.4
v 1 0.7 0.4
v 1 0.8 0.4
v 1 0.9 0.4
v 1 1 0.4
v 1.1 0.8 0.4
v 1.1 0.9 0.4
v 1.1 1 0.4
v 1.2 0.8 0.4
v 1.3 0.7 0.4
v 1.3 0.8 0.4
v 1.3 0.9 0.4
v 1.4 0.7 0.4
v 1.4 0.8 0.4
v -1.9 0.3 0.3
v -1.9 0.4 0.3
v -1.8 0.3 0.3
v -1.8 0.4 0.3
v -1.6 0.4 0.3
v -1.6 0.5 0.3
v -1.5 0.3 0.3
v -1.5 0.4 0.3
v -1.5 0.5 0.3
v -1.4 0.3 0.3
v -1.4 0.4 0.3
v -0.9 0.3 0.3
v -0.9 0.4 0.3
v -0.8 0.3 0.3
v -0.8 0.4 0.3
v 0.9 0.4 0.3
v 0.9 0.5 0.3
v 1 0.4 0.3
v 1 0.5 0.3
v -1.7 0.4 0.2
v -1.7 0.6 0.2
v -1.6 0.4 0.2
v -1.6 0.5 0.2
v -1.6 0.6 0.2
v -0.6 0.5 0.2
v -0.6 0.6 0.2
v -0.5 0.5 0.2
v -0.5 0.6 0.2
v -0.2 0.4 0.2
v -0.2 0.5 0.2
v 2.38419e-07 0.4 0.2
v 2.38419e-07 0.5 0.2
v 2.38419e-07 0.6 0.2
v 0.1 0.4 0.2
v 0.1 0.5 0.2
v 0.1 0.6 0.2
v 0.4 0.4 0.2
v 0.4 0.5 0.2
v 0.4 0.6 0.2
v 0.6 0.5 0.2
v 0.6 0.6 0.2
v 0.6 0.7 0.2
v 0.8 0.6 0.2
v 0.8 0.7 0.2
v 0.8 0.8 0.2
v 0.8 1 0.2
v 0.8 1.1 0.2
v 0.9 0.7 0.2
v 0.9 0.8 0.2
v 0.9 0.9 0.2
v 0.9 1 0.2
v 1 0.8 0.2
v 1 0.9 0.2
v 1 1 0.2
v 1 1.1 0.2
v 1.1 0.8 0.2
v 1.1 0.9 0.2
v 1.1 1 0.2
v 1.2 0.7 0.2
v 1.2 0.8 0.2
v 1.2 0.9 0.2
v 1.3 0.6 0.2
v 1.3 0.7 0.2
v 1.3 0.8 0.2
v 1.4 0.6 0.2
v 1.4 0.7 0.2
v -1.5 0.4 0.0999999
v -1.5 0.5 0.0999999
v -1.4 0.4 0.0999999
v -1.4 0.5 0.0999999
v 0.4 0.6 0.0999999
v 0.4 0.7 0.0999999
v 0.5 0.6 0.0999999
v 0.5 0.7 0.0999999
v 0.4 0.5 -2.38419e-07
v 0.4 0.6 -2.38419e-07
v 0.5 0.5 -2.38419e-07
v 0.5 0.6 -2.38419e-07
v 1 0.8 -2.38419e-07
v 1 0.9 -2.38419e-07
v 1.2 0.8 -2.38419e-07
v 1.2 0.9 -2.38419e-07
v -0.7 0.3 -0.1
v -0.7 0.4 -0.1
v -0.6 0.3 -0.1
v -0.6 0.4 -0.1
v 0.4 0.4 -0.1
v 0.4 0.5 -0.1
v 0.5 0.4 -0.1
v 0.5 0.5 -0.1
v 1 0.7 -0.2
v 1 0.8 -0.2
v 1.2 0.7 -0.2
v 1.2 0.8 -0.2
v -0.4 0.4 -0.3
v -0.4 0.5 -0.3
v -0.3 0.4 -0.3
v -0.3 0.5 -0.3
v 1 0.6 -0.3
v 1 0.7 -0.3
v 1.2 0.6 -0.3
v 1.2 0.7 -0.3
v -0.7 0.3 -0.4
v -0.7 0.4 -0.4
v -0.6 0.3 -0.4
v -0.6 0.4 -0.4
v -0.6 0.4 -0.5
v -0.6 0.5 -0.5
v -0.5 0.4 -0.5
v -0.5 0.5 -0.5
v -0.7 0.4 -0.6
v -0.7 0.5 -0.6
v -0.6 0.4 -0.6
v -0.6 0.5 -0.6
v -1.3 0.3 -0.7
v -1.3 0.4 -0.7
v -1.2 0.3 -0.7
v -1.2 0.4 -0.7
v -0.7 0.5 -0.7
v -0.7 0.8 -0.7
v -0.6 0.6 -0.7
v -0.6 0.8 -0.7
v -0.5 0.4 -0.7
v -0.5 0.5 -0.7
v -0.4 0.4 -0.7
v -0.4 0.6 -0.7
v 0.2 0.4 -0.7
v 0.2 0.5 -0.7
v 0.5 0.4 -0.7
v 0.5 0.5 -0.7
v -0.6 0.6 -0.8
v -0.6 0.8 -0.8
v -0.5 0.6 -0.8
v -0.5 0.8 -0.8
v -1.3 0.3 -0.9
v -1.3 0.5 -0.9
v -1.2 0.3 -0.9
v -1.1 0.3 -0.9
v -1.1 0.5 -0.9
v 0.7 0.3 -0.9
v 0.7 0.4 -0.9
v 0.8 0.3 -0.9
v 0.8 0.4 -0.9
v -1.2 0.5 -1
v -1.2 0.6 -1
v -1.1 0.3 -1
v -1.1 0.5 -1
v -0.8 0.3 -1
v -0.8 0.6 -1
v 0.1 0.3 -1
v 0.1 0.4 -1
v 0.2 0.3 -1
v 0.2 0.4 -1
v -0.0999999 0.8 -1.1
v -0.0999999 1.2 -1.1
v -0.0999999 1.5 -1.1
v 2.38419e-07 1.2 -1.1
v 2.38419e-07 1.3 -1.1
v 2.38419e-07 1.4 -1.1
v 2.38419e-07 1.5 -1.1
v 0.1 1.4 -1.1
v 0.1 1.5 -1.1
v 0.2 0.8 -1.1
v 0.2 1.3 -1.1
v 0.2 1.5 -1.1
v -0.2 0.8 -1.2
v -0.2 1.1 -1.2
v -0.2 1.3 -1.2
v -0.2 1.5 -1.2
v -0.0999999 0.3 -1.2
v -0.0999999 0.4 -1.2
v -0.0999999 0.8 -1.2
v -0.0999999 1.1 -1.2
v -0.0999999 1.3 -1.2
v -0.0999999 1.5 -1.2
v -0.0999999 1.6 -1.2
v 2.38419e-07 0.4 -1.2
v 2.38419e-07 0.8 -1.2
v 2.38419e-07 1.5 -1.2
v 0.1 0.4 -1.2
v 0.1 0.7 -1.2
v 0.1 0.8 -1.2
v 0.1 1.5 -1.2
v 0.1 1.6 -1.2
v 0.2 0.3 -1.2
v 0.2 0.4 -1.2
v 0.2 0.7 -1.2
v 0.2 0.8 -1.2
v 0.2 1.3 -1.2
v 0.3 0.8 -1.2
v 0.3 1.3 -1.2
v -0.8 0.3 -1.3
v -0.8 0.4 -1.3
v -0.6 0.3 -1.3
v -0.6 0.4 -1.3
v -0.0999999 0.4 -1.3
v -0.0999999 0.8 -1.3
v 2.38419e-07 0.4 -1.3
v 2.38419e-07 0.8 -1.3
v 0.1 0.4 -1.3
v 0.1 0.7 -1.3
v 0.2 0.4 -1.3
v 0.2 0.7 -1.3
v 1 0.3 -1.4
v 1 0.4 -1.4
v 1.1 0.3 -1.4
v 1.1 0.4 -1.4
v 0.6 0.3 -1.5
v 0.6 0.5 -1.5
v 0.9 0.3 -1.5
v 1 0.3 -1.5
v 1 0.4 -1.5
v 1 0.5 -1.5
v 0.9 0.5 -1.6
v 0.9 0.6 -1.6
v 1 0.5 -1.6
v 1 0.6 -1.6
v 0.4 0.3 1.6
v 0.4 0.4 1.6
v 0.5 0.3 1.6
v 0.5 0.4 1.6
v 0.4 0.4 1.5
v 0.4 0.5 1.5
v 0.5 0.4 1.5
v 0.5 0.5 1.5
v 0.4 0.5 1.4
v 0.4 0.6 1.4
v 0.5 0.5 1.4
v 0.5 0.6 1.4
v 0.4 0.6 1.3
v 0.4 0.7 1.3
v 0.5 0.6 1.3
v 0.5 0.7 1.3
v -1.2 0.3 1.2
v -1.2 0.4 1.2
v -1 0.3 1.2
v -1 0.4 1.2
v -0.7 0.5 1.1
v -0.7 0.6 1.1
v -0.6 0.5 1.1
v -0.6 0.6 1.1
v -0.2 0.6 1.1
v -0.2 0.7 1.1
v -0.0999999 0.6 1.1
v -0.0999999 0.7 1.1
v 0.2 0.7 1.1
v 0.2 0.8 1.1
v 0.3 0.7 1.1
v 0.3 0.8 1.1
v 0.4 0.8 1.1
v 0.4 0.9 1.1
v 0.5 0.8 1.1
v 0.5 0.9 1.1
v -0.7 0.3 1
v -0.7 0.4 1
v -0.6 0.3 1
v -0.6 0.4 1
v -0.6 0.6 1
v -0.5 0.6 1
v -0.5 0.7 1
v -0.3 0.6 1
v -0.3 0.7 1
v -0.2 0.6 1
v -0.2 0.7 1
v -0.0999999 0.4 1
v -0.0999999 0.5 1
v -0.0999999 0.6 1
v 2.38419e-07 0.5 1
v 2.38419e-07 0.6 1
v 0.1 0.4 1
v 0.1 0.6 1
v 0.1 0.7 1
v 0.2 0.4 1
v 0.3 0.7 1
v 0.3 0.8 1
v 0.4 0.4 1
v 0.4 0.9 1
v 0.4 1 1
v 0.5 0.9 1
v 0.5 1 1
v 0.6 0.4 1
v 0.6 0.6 1
v 0.6 0.7 1
v 0.6 0.8 1
v 0.8 0.4 1
v 0.8 0.6 1
v 1 0.4 1
v 1 0.7 1
v 0.7 0.4 0.9
v 0.7 0.6 0.9
v 0.8 0.4 0.9
v 0.8 0.6 0.9
v 0.4 1 0.8
v 0.4 1.1 0.8
v 0.5 1 0.8
v 0.5 1.1 0.8
v 0.6 0.4 0.8
v 0.6 0.6 0.8
v 0.7 0.4 0.8
v 0.7 0.6 0.8
v -1.3 0.3 0.7
v -1.3 0.4 0.7
v -1.2 0.3 0.7
v -1.2 0.4 0.7
v -0.5 0.4 0.7
v -0.5 0.5 0.7
v -0.4 0.4 0.7
v -0.4 0.5 0.7
v -0.4 0.6 0.7
v -0.3 0.5 0.7
v -0.3 0.6 0.7
v 0.4 0.9 0.7
v 0.4 1 0.7
v 0.5 0.9 0.7
v 0.5 1 0.7
v -0.4 0.4 0.6
v -0.4 0.5 0.6
v -0.3 0.4 0.6
v -0.3 0.5 0.6
v -0.2 0.4 0.6
v -0.2 0.5 0.6
v -0.0999999 0.4 0.6
v -0.0999999 0.5 0.6
v 2.38419e-07 0.4 0.6
v 2.38419e-07 0.5 0.6
v 2.38419e-07 0.6 0.6
v 0.1 0.4 0.6
v 0.1 0.5 0.6
v 0.1 0.6 0.6
v 0.3 0.4 0.6
v 0.3 0.5 0.6
v 0.4 0.4 0.6
v 0.4 0.5 0.6
v 0.4 0.6 0.6
v 0.4 0.7 0.6
v 0.5 0.4 0.6
v 0.5 0.5 0.6
v 0.5 0.6 0.6
v 0.5 0.7 0.6
v 0.6 0.5 0.6
v 0.6 0.6 0.6
v 0.6 0.7 0.6
v 0.8 0.6 0.6
v 0.8 0.7 0.6
v 0.8 0.8 0.6
v 1 0.7 0.6
v 1 0.8 0.6
v 1 0.9 0.6
v 1.2 0.8 0.6
v 1.3 0.7 0.6
v 1.3 0.8 0.6
v 1.3 0.9 0.6
v 1.4 0.7 0.6
v 1.4 0.8 0.6
v -1.4 0.3 0.5
v -1.4 0.4 0.5
v -1.2 0.3 0.5
v -1.2 0.4 0.5
v 0.3 0.5 0.5
v 0.3 0.6 0.5
v 0.4 0.5 0.5
v 0.4 0.6 0.5
v -1 0.3 0.4
v -1 0.4 0.4
v -0.8 0.3 0.4
v -0.8 0.4 0.4
v -0.7 0.5 0.3
v -0.7 0.6 0.3
v -0.5 0.5 0.3
v -0.5 0.6 0.3
v -0.2 0.4 0.3
v -0.2 0.5 0.3
v 2.38419e-07 0.4 0.3
v 2.38419e-07 0.5 0.3
v 2.38419e-07 0.6 0.3
v 0.1 0.4 0.3
v 0.1 0.5 0.3
v 0.1 0.6 0.3
v 0.4 0.4 0.3
v 0.4 0.5 0.3
v 0.4 0.6 0.3
v 0.5 0.6 0.3
v 0.5 0.7 0.3
v 0.6 0.5 0.3
v 0.6 0.6 0.3
v 0.6 0.7 0.3
v 0.8 0.6 0.3
v 0.8 0.7 0.3
v 0.8 0.8 0.3
v 1 0.7 0.3
v 1 0.8 0.3
v 1 0.9 0.3
v 1 1 0.3
v 1.1 0.8 0.3
v 1.1 0.9 0.3
v 1.1 1 0.3
v 1.2 0.8 0.3
v 1.3 0.7 0.3
v 1.3 0.8 0.3
v 1.3 0.9 0.3
v 1.4 0.7 0.3
v 1.4 0.8 0.3
v -1.9 0.3 0.2
v -1.9 0.4 0.2
v -1.8 0.3 0.2
v -1.8 0.4 0.2
v -1.6 0.4 0.2
v -1.6 0.5 0.2
v -1.5 0.4 0.2
v -1.5 0.5 0.2
v -0.9 0.3 0.2
v -0.9 0.4 0.2
v -0.8 0.3 0.2
v -0.8 0.4 0.2
v -0.7 0.4 0.0999999
v -0.7 0.5 0.0999999
v -0.6 0.4 0.0999999
v -0.6 0.5 0.0999999
v -0.6 0.6 0.0999999
v -0.5 0.5 0.0999999
v -0.5 0.6 0.0999999
v -0.2 0.4 0.0999999
v -0.2 0.5 0.0999999
v 2.38419e-07 0.4 0.0999999
v 2.38419e-07 0.5 0.0999999
v 0.1 0.4 0.0999999
v 0.1 0.5 0.0999999
v 0.3 0.4 0.0999999
v 0.4 0.4 0.0999999
v 0.4 0.5 0.0999999
v 0.4 0.6 0.0999999
v 0.5 0.6 0.0999999
v 0.6 0.5 0.0999999
v 0.6 0.6 0.0999999
v 0.6 0.7 0.0999999
v 0.6 0.8 0.0999999
v 0.8 0.6 0.0999999
v 0.8 0.7 0.0999999
v 0.8 0.8 0.0999999
v 0.8 0.9 0.0999999
v 0.8 1.1 0.0999999
v 0.9 0.4 0.0999999
v 0.9 0.5 0.0999999
v 0.9 0.7 0.0999999
v 0.9 0.8 0.0999999
v 0.9 0.9 0.0999999
v 0.9 1 0.0999999
v 1 0.4 0.0999999
v 1 0.5 0.0999999
v 1 0.8 0.0999999
v 1 1 0.0999999
v 1 1.1 0.0999999
v 1.1 0.8 0.0999999
v 1.1 0.9 0.0999999
v 1.1 1 0.0999999
v 1.2 0.7 0.0999999
v 1.2 0.8 0.0999999
v 1.2 0.9 0.0999999
v 1.3 0.6 0.0999999
v 1.3 0.7 0.0999999
v 1.3 0.8 0.0999999
v 1.4 0.6 0.0999999
v 1.4 0.7 0.0999999
v -1.7 0.4 -2.38419e-07
v -1.7 0.5 -2.38419e-07
v -1.6 0.4 -2.38419e-07
v -1.6 0.5 -2.38419e-07
v -1.5 0.3 -2.38419e-07
v -1.5 0.4 -2.38419e-07
v -1.5 0.5 -2.38419e-07
v -1.4 0.3 -2.38419e-07
v -1.4 0.5 -2.38419e-07
v -0.7 0.3 -2.38419e-07
v -0.7 0.4 -2.38419e-07
v -0.6 0.3 -2.38419e-07
v -0.6 0.4 -2.38419e-07
v -0.6 0.5 -2.38419e-07
v -0.5 0.4 -2.38419e-07
v -0.5 0.5 -2.38419e-07
v 2.38419e-07 0.5 -2.38419e-07
v 2.38419e-07 0.6 -2.38419e-07
v 0.1 0.5 -2.38419e-07
v 0.1 0.6 -2.38419e-07
v -1.7 0.5 -0.1
v -1.7 0.6 -0.1
v -1.6 0.3 -0.1
v -1.6 0.4 -0.1
v -1.6 0.5 -0.1
v -1.6 0.6 -0.1
v -1.5 0.3 -0.1
v -1.5 0.4 -0.1
v 0.4 0.6 -0.1
v 0.4 0.7 -0.1
v 0.5 0.6 -0.1
v 0.5 0.7 -0.1
v 1 0.6 -0.1
v 1 0.8 -0.1
v 1.2 0.6 -0.1
v 1.2 0.8 -0.1
v -1.8 0.3 -0.2
v -1.8 0.4 -0.2
v -1.7 0.3 -0.2
v -1.6 0.3 -0.2
v -1.6 0.4 -0.2
v -0.7 0.3 -0.2
v -0.7 0.4 -0.2
v -0.6 0.3 -0.2
v -0.6 0.4 -0.2
v 0.4 0.5 -0.2
v 0.4 0.6 -0.2
v 0.5 0.5 -0.2
v 0.5 0.6 -0.2
v 1 0.8 -0.4
v 1 0.9 -0.4
v 1.2 0.8 -0.4
v 1.2 0.9 -0.4
v 2.38419e-07 0.4 -0.5
v 2.38419e-07 0.5 -0.5
v 0.1 0.4 -0.5
v 0.1 0.5 -0.5
v 0.4 0.4 -0.5
v 0.4 0.5 -0.5
v 0.5 0.4 -0.5
v 0.5 0.5 -0.5
v -0.4 0.4 -0.6
v -0.4 0.5 -0.6
v -0.3 0.4 -0.6
v -0.3 0.5 -0.6
v -1.3 0.3 -0.8
v -1.3 0.4 -0.8
v -1.2 0.3 -0.8
v -1.2 0.4 -0.8
v -0.5 0.5 -0.8
v -0.5 0.6 -0.8
v -0.4 0.5 -0.8
v -0.4 0.6 -0.8
v -0.3 0.3 -0.8
v -0.3 0.4 -0.8
v 0.2 0.3 -0.8
v 0.2 0.4 -0.8
v 0.2 0.5 -0.8
v 0.3 0.4 -0.8
v 0.3 0.5 -0.8
v 0.7 0.3 -0.8
v 0.7 0.4 -0.8
v 0.8 0.3 -0.8
v 0.8 0.4 -0.8
v 0.9 0.3 -0.8
v 0.9 0.4 -0.8
v 1 0.3 -0.8
v 1 0.4 -0.8
v 1 0.5 -0.8
v 1 0.8 -0.8
v 1.1 0.5 -0.8
v 1.1 0.6 -0.8
v 1.2 0.6 -0.8
v 1.2 0.8 -0.8
v -0.7 0.3 -0.9
v -0.7 0.8 -0.9
v -0.5 0.5 -0.9
v -0.5 0.8 -0.9
v -0.4 0.4 -0.9
v -0.4 0.5 -0.9
v -0.3 0.3 -0.9
v -0.3 0.4 -0.9
v 0.2 0.3 -0.9
v 0.2 0.4 -0.9
v 0.3 0.4 -0.9
v 0.3 0.5 -0.9
v 0.4 0.3 -0.9
v 0.4 0.4 -0.9
v 0.5 0.3 -0.9
v 0.5 0.4 -0.9
v 0.5 0.5 -0.9
v 0.6 0.3 -0.9
v 0.6 0.4 -0.9
v 0.7 0.3 -0.9
v 0.7 0.4 -0.9
v 1 0.3 -0.9
v 1 0.5 -0.9
v 1.1 0.3 -0.9
v 1.1 0.5 -0.9
v 1.1 0.6 -0.9
v 1.2 0.3 -0.9
v 1.2 0.6 -0.9
v 0.4 0.3 -1
v 0.4 0.4 -1
v 0.5 0.3 -1
v 0.5 0.4 -1
v 0.7 0.3 -1
v 0.7 0.4 -1
v 0.8 0.3 -1
v 0.9 0.3 -1
v 0.9 0.4 -1
v 0.1 0.3 -1.1
v 0.1 0.4 -1.1
v 0.2 0.3 -1.1
v 0.2 0.4 -1.1
v 0.1 1.4 -1.2
v 0.1 1.5 -1.2
v 0.2 1.4 -1.2
v 0.2 1.5 -1.2
v -1.2 0.5 -1.3
v -1.2 0.6 -1.3
v -1.1 0.4 -1.3
v -1.1 0.5 -1.3
v -0.8 0.4 -1.3
v -0.8 0.6 -1.3
v -0.2 0.8 -1.3
v -0.2 0.9 -1.3
v -0.2 1.3 -1.3
v -0.2 1.5 -1.3
v -0.0999999 0.8 -1.3
v -0.0999999 0.9 -1.3
v -0.0999999 1.3 -1.3
v -0.0999999 1.4 -1.3
v -0.0999999 1.5 -1.3
v -0.0999999 1.6 -1.3
v 0.1 1.5 -1.3
v 0.1 1.6 -1.3
v -0.0999999 1.3 -1.4
v -0.0999999 1.4 -1.4
v -0.0999999 1.5 -1.4
v 2.38419e-07 1.3 -1.4
v 2.38419e-07 1.4 -1.4
v 2.38419e-07 1.5 -1.4
v 0.1 0.4 -1.4
v 0.1 0.8 -1.4
v 0.2 0.4 -1.4
v 0.2 0.8 -1.4
v -1.3 0.3 -1.5
v -1.3 0.5 -1.5
v -1.1 0.3 -1.5
v -1.1 0.4 -1.5
v -1.1 0.5 -1.5
v -0.9 0.3 -1.5
v -0.7 0.3 -1.5
v -0.6 0.3 -1.5
v -0.6 0.4 -1.5
v -0.2 0.9 -1.5
v -0.2 1.1 -1.5
v -0.0999999 0.3 -1.5
v -0.0999999 0.8 -1.5
v -0.0999999 0.9 -1.5
v -0.0999999 1.1 -1.5
v -0.0999999 1.2 -1.5
v -0.0999999 1.3 -1.5
v 2.38419e-07 1.2 -1.5
v 2.38419e-07 1.3 -1.5
v 2.38419e-07 1.4 -1.5
v 2.38419e-07 1.5 -1.5
v 0.1 0.4 -1.5
v 0.1 0.8 -1.5
v 0.1 1.2 -1.5
v 0.1 1.4 -1.5
v 0.1 1.5 -1.5
v 0.2 0.3 -1.5
v 0.2 0.4 -1.5
v 0.2 0.8 -1.5
v 0.2 1.2 -1.5
v 0.2 1.3 -1.5
v 0.2 1.4 -1.5
v 0.3 0.8 -1.5
v 0.3 1.3 -1.5
v 1 0.3 -1.5
v 1 0.4 -1.5
v 1.1 0.3 -1.5
v 1.1 0.4 -1.5
v -0.0999999 0.8 -1.6
v -0.0999999 1.2 -1.6
v 2.38419e-07 1.2 -1.6
v 2.38419e-07 1.4 -1.6
v 0.1 1.2 -1.6
v 0.1 1.4 -1.6
v 0.2 0.8 -1.6
v 0.2 1.2 -1.6
v 0.6 0.3 -1.6
v 0.6 0.5 -1.6
v 0.7 0.3 -1.6
v 0.7 0.5 -1.6
v 0.7 0.3 -1.7
v 0.7 0.5 -1.7
v 0.9 0.5 -1.7
v 0.9 0.6 -1.7
v 1 0.3 -1.7
v 1 0.6 -1.7
v -1.9 0.2 -1.9
v -1.9 0.3 -1.9
v -1.6 0.2 -1.9
v -1.6 0.3 -1.9
v 1 0.2 -1.9
v 1 0.3 -1.9
v 1.2 0.2 -1.9
v 1.2 0.3 -1.9
v 1.4 0.2 -1.9
v 1.4 0.3 -1.9
v 1.9 0.2 -1.9
v 1.9 0.3 -1.9
v -2 0 -2
v -2 0.2 -2
v -1.6 0.1 -2
v -1.6 0.2 -2
v 1.4 0.1 -2
v 1.4 0.2 -2
v 2 0 -2
v 2 0.2 -2
v -2 0 2
v 2 0 2
v -2 0 -2
v 2 0 -2
v 0.4 0.4 1.6
v 0.5 0.4 1.6
v 0.4 0.4 1.5
v 0.5 0.4 1.5
v 0.4 0.5 1.5
v 0.5 0.5 1.5
v 0.4 0.5 1.4
v 0.5 0.5 1.4
v -0.7 0.5 1.2
v -0.6 0.5 1.2
v -0.7 0.5 1.1
v -0.6 0.5 1.1
v 0.5 0.5 0.7
v 0.6 0.5 0.7
v 0.3 0.5 0.6
v 0.4 0.5 0.6
v 0.5 0.5 0.6
v 0.6 0.5 0.6
v 0.3 0.5 0.5
v 0.4 0.5 0.5
v 0.4 0.5 0.4
v 0.5 0.5 0.4
v 0.6 0.5 0.4
v 0.4 0.5 0.3
v 0.6 0.5 0.3
v 0.4 0.5 0.2
v 0.6 0.5 0.2
v 0.4 0.5 0.0999999
v 0.6 0.5 0.0999999
v -1.7 0.5 -2.38419e-07
v -1.6 0.5 -2.38419e-07
v 0.4 0.5 -2.38419e-07
v 0.5 0.5 -2.38419e-07
v -1.7 0.5 -0.1
v -1.6 0.5 -0.1
v 0.4 0.5 -0.1
v 0.5 0.5 -0.1
v 0.4 0.6 1.4
v 0.5 0.6 1.4
v 0.4 0.6 1.3
v 0.5 0.6 1.3
v 0.6 0.6 0.7
v 0.8 0.6 0.7
v 0.5 0.6 0.6
v 0.6 0.6 0.6
v 0.8 0.6 0.6
v 0.5 0.6 0.4
v 0.6 0.6 0.4
v 0.8 0.6 0.4
v 0.6 0.6 0.3
v 0.8 0.6 0.3
v 0.6 0.6 0.2
v 0.8 0.6 0.2
v 1.3 0.6 0.2
v 1.4 0.6 0.2
v 0.4 0.6 0.0999999
v 0.5 0.6 0.0999999
v 0.6 0.6 0.0999999
v 0.8 0.6 0.0999999
v 1.3 0.6 0.0999999
v 1.4 0.6 0.0999999
v 0.4 0.6 -2.38419e-07
v 0.5 0.6 -2.38419e-07
v 0.4 0.7 1.3
v 0.5 0.7 1.3
v 0.4 0.7 1.2
v 0.5 0.7 1.2
v 0.8 0.7 0.7
v 1 0.7 0.7
v 1.3 0.7 0.7
v 1.4 0.7 0.7
v 0.6 0.7 0.6
v 0.8 0.7 0.6
v 1 0.7 0.6
v 1.3 0.7 0.6
v 1.4 0.7 0.6
v 0.6 0.7 0.4
v 0.8 0.7 0.4
v 1 0.7 0.4
v 1.3 0.7 0.4
v 1.4 0.7 0.4
v 0.6 0.7 0.3
v 0.8 0.7 0.3
v 1 0.7 0.3
v 1.3 0.7 0.3
v 1.4 0.7 0.3
v 0.6 0.7 0.2
v 0.8 0.7 0.2
v 0.9 0.7 0.2
v 1.2 0.7 0.2
v 1.3 0.7 0.2
v 0.8 0.7 0.0999999
v 0.9 0.7 0.0999999
v 1.2 0.7 0.0999999
v 1.3 0.7 0.0999999
v 1 0.7 -0.2
v 1.2 0.7 -0.2
v 1 0.7 -0.3
v 1.2 0.7 -0.3
v 0.1 0.7 -1.2
v 0.2 0.7 -1.2
v 0.1 0.7 -1.3
v 0.2 0.7 -1.3
v 1.2 0.8 0.7
v 1.3 0.8 0.7
v 0.8 0.8 0.6
v 1 0.8 0.6
v 1.2 0.8 0.6
v 1.3 0.8 0.6
v 0.8 0.8 0.4
v 1 0.8 0.4
v 1.2 0.8 0.4
v 1.3 0.8 0.4
v 0.8 0.8 0.3
v 1 0.8 0.3
v 1.2 0.8 0.3
v 1.3 0.8 0.3
v 0.8 0.8 0.2
v 0.9 0.8 0.2
v 0.9 0.8 0.0999999
v 1 0.8 0.0999999
v 1 0.8 -0.1
v 1.2 0.8 -0.1
v 1 0.8 -0.2
v 1.2 0.8 -0.2
v -0.0999999 0.8 -1.1
v 0.2 0.8 -1.1
v -0.2 0.8 -1.2
v -0.0999999 0.8 -1.2
v 2.38419e-07 0.8 -1.2
v 0.1 0.8 -1.2
v 0.2 0.8 -1.2
v 0.3 0.8 -1.2
v -0.2 0.8 -1.3
v -0.0999999 0.8 -1.3
v 2.38419e-07 0.8 -1.3
v 0.2 0.8 -1.3
v 0.1 0.8 -1.4
v 0.2 0.8 -1.4
v -0.0999999 0.8 -1.5
v 0.1 0.8 -1.5
v 0.2 0.8 -1.5
v 0.3 0.8 -1.5
v -0.0999999 0.8 -1.6
v 0.2 0.8 -1.6
v 0.4 0.9 1.1
v 0.5 0.9 1.1
v 0.4 0.9 1
v 0.5 0.9 1
v 0.4 0.9 0.8
v 0.5 0.9 0.8
v 0.4 0.9 0.7
v 0.5 0.9 0.7
v -0.2 0.9 -1.3
v -0.0999999 0.9 -1.3
v -0.2 0.9 -1.5
v -0.0999999 0.9 -1.5
v 0.4 1 1
v 0.5 1 1
v 0.4 1 0.8
v 0.5 1 0.8
v -0.2 1.3 -1.2
v -0.0999999 1.3 -1.2
v -0.2 1.3 -1.3
v -0.0999999 1.3 -1.3
v -2 0.2 2
v 1.1 0.2 2
v 1.9 0.2 2
v 2 0.2 2
v -1.9 0.2 1.9
v -1.2 0.2 1.9
v -0.7 0.2 1.9
v 1.1 0.2 1.9
v 1.9 0.2 1.9
v 1.9 0.2 1.8
v 2 0.2 1.8
v 1.9 0.2 1.5
v -2 0.2 1.2
v -1.9 0.2 1.2
v -2 0.2 1
v -1.9 0.2 1
v -2 0.2 0.9
v -1.9 0.2 0.9
v -2 0.2 0.7
v -1.9 0.2 0.7
v 1.9 0.2 0.5
v -2 0.2 0.4
v -1.9 0.2 0.4
v 1.9 0.2 0.0999999
v 2 0.2 0.0999999
v 1.9 0.2 -0.1
v 2 0.2 -0.1
v -2 0.2 -0.6
v -1.9 0.2 -0.6
v 1.9 0.2 -1.3
v -2 0.2 -1.4
v -1.9 0.2 -1.4
v 1.9 0.2 -1.4
v 2 0.2 -1.4
v 1.9 0.2 -1.5
v 2 0.2 -1.5
v -2 0.2 -1.6
v -1.9 0.2 -1.6
v 1.9 0.2 -1.6
v 2 0.2 -1.6
v -1.9 0.2 -1.9
v -1.6 0.2 -1.9
v 1 0.2 -1.9
v 1.2 0.2 -1.9
v 1.4 0.2 -1.9
v 1.9 0.2 -1.9
v -2 0.2 -2
v -1.6 0.2 -2
v 1.4 0.2 -2
v 2 0.2 -2
v -1.9 0.3 1.9
v -1.2 0.3 1.9
v -0.7 0.3 1.9
v 1.1 0.3 1.9
v 1.9 0.3 1.9
v -1 0.3 1.8
v -0.7 0.3 1.8
v -0.4 0.3 1.8
v 1.1 0.3 1.8
v 0.4 0.3 1.7
v 0.5 0.3 1.7
v 0.4 0.3 1.6
v 0.5 0.3 1.6
v 1.2 0.3 1.6
v 1.7 0.3 1.6
v -1.1 0.3 1.5
v -1 0.3 1.5
v -0.9 0.3 1.5
v 0.7 0.3 1.5
v 1 0.3 1.5
v 1.1 0.3 1.5
v 1.2 0.3 1.5
v 1.7 0.3 1.5
v 1.9 0.3 1.5
v -1.8 0.3 1.4
v -1.4 0.3 1.4
v -1.2 0.3 1.4
v -1.1 0.3 1.4
v -1 0.3 1.4
v -0.9 0.3 1.4
v -0.8 0.3 1.4
v 0.9 0.3 1.4
v 1 0.3 1.4
v -1.2 0.3 1.3
v -1.1 0.3 1.3
v -0.9 0.3 1.3
v -0.8 0.3 1.3
v 0.9 0.3 1.3
v 1 0.3 1.3
v 1.1 0.3 1.3
v 1.2 0.3 1.3
v 1.3 0.3 1.3
v -1.9 0.3 1.2
v -1.8 0.3 1.2
v -1.3 0.3 1.2
v -1.2 0.3 1.2
v -1 0.3 1.2
v -0.7 0.3 1.2
v -0.4 0.3 1.2
v 0.7 0.3 1.2
v 0.9 0.3 1.2
v 1 0.3 1.2
v 1.2 0.3 1.2
v -1.8 0.3 1.1
v -1.4 0.3 1.1
v -1.3 0.3 1.1
v -1.2 0.3 1.1
v -1 0.3 1.1
v -0.9 0.3 1.1
v -0.8 0.3 1.1
v 1.2 0.3 1.1
v 1.3 0.3 1.1
v -0.7 0.3 1
v -0.6 0.3 1
v -1.3 0.3 0.9
v -1.2 0.3 0.9
v -0.7 0.3 0.9
v -0.6 0.3 0.9
v -1.9 0.3 0.7
v -1.8 0.3 0.7
v -1.4 0.3 0.7
v -1.3 0.3 0.7
v -1.2 0.3 0.7
v -1 0.3 0.7
v -0.8 0.3 0.7
v -1.3 0.3 0.6
v -1.2 0.3 0.6
v -1.7 0.3 0.5
v -1.4 0.3 0.5
v -1.2 0.3 0.5
v -1 0.3 0.5
v -0.8 0.3 0.5
v -0.7 0.3 0.5
v -0.6 0.3 0.5
v 1.7 0.3 0.5
v 1.9 0.3 0.5
v -1.9 0.3 0.4
v -1.8 0.3 0.4
v -1.7 0.3 0.4
v -1.5 0.3 0.4
v -1 0.3 0.4
v -0.8 0.3 0.4
v -1.9 0.3 0.3
v -1.8 0.3 0.3
v -1.5 0.3 0.3
v -1.4 0.3 0.3
v -1.1 0.3 0.3
v -1 0.3 0.3
v -0.9 0.3 0.3
v -0.8 0.3 0.3
v -1.9 0.3 0.2
v -1.8 0.3 0.2
v -1.2 0.3 0.2
v -1.1 0.3 0.2
v -1 0.3 0.2
v -0.9 0.3 0.2
v -0.8 0.3 0.2
v 1.3 0.3 0.2
v 1.5 0.3 0.2
v 1.7 0.3 0.2
v -1 0.3 0.0999999
v -0.7 0.3 0.0999999
v 1.2 0.3 0.0999999
v 1.3 0.3 0.0999999
v 1.5 0.3 0.0999999
v 1.9 0.3 0.0999999
v -1.5 0.3 -2.38419e-07
v -1.4 0.3 -2.38419e-07
v -0.7 0.3 -2.38419e-07
v -0.6 0.3 -2.38419e-07
v 1.2 0.3 -2.38419e-07
v 1.3 0.3 -2.38419e-07
v -1.6 0.3 -0.1
v -1.5 0.3 -0.1
v -0.7 0.3 -0.1
v -0.6 0.3 -0.1
v 1.3 0.3 -0.1
v 1.5 0.3 -0.1
v 1.9 0.3 -0.1
v -1.8 0.3 -0.2
v -1.7 0.3 -0.2
v -1.6 0.3 -0.2
v -0.7 0.3 -0.2
v -0.6 0.3 -0.2
v -1.2 0.3 -0.4
v -0.7 0.3 -0.4
v -0.6 0.3 -0.4
v 1.2 0.3 -0.4
v 1.3 0.3 -0.4
v -1.7 0.3 -0.5
v -1.3 0.3 -0.5
v -1.2 0.3 -0.5
v -0.7 0.3 -0.5
v 1.2 0.3 -0.5
v 1.8 0.3 -0.5
v -1.9 0.3 -0.6
v -1.7 0.3 -0.6
v -1.2 0.3 -0.6
v -1 0.3 -0.6
v -1.3 0.3 -0.7
v -1.2 0.3 -0.7
v -1.1 0.3 -0.7
v -1 0.3 -0.7
v -1.3 0.3 -0.8
v -1.2 0.3 -0.8
v -0.3 0.3 -0.8
v 0.2 0.3 -0.8
v 0.7 0.3 -0.8
v 0.8 0.3 -0.8
v 0.9 0.3 -0.8
v 1 0.3 -0.8
v -1.3 0.3 -0.9
v -1.2 0.3 -0.9
v -1.1 0.3 -0.9
v -0.7 0.3 -0.9
v -0.3 0.3 -0.9
v 0.2 0.3 -0.9
v 0.4 0.3 -0.9
v 0.5 0.3 -0.9
v 0.6 0.3 -0.9
v 0.7 0.3 -0.9
v 0.8 0.3 -0.9
v 0.9 0.3 -0.9
v 1 0.3 -0.9
v 1.1 0.3 -0.9
v 1.2 0.3 -0.9
v -1.3 0.3 -1
v -1.1 0.3 -1
v -0.8 0.3 -1
v 0.1 0.3 -1
v 0.2 0.3 -1
v 0.4 0.3 -1
v 0.5 0.3 -1
v 0.7 0.3 -1
v 0.8 0.3 -1
v 0.9 0.3 -1
v -1.3 0.3 -1.1
v -0.8 0.3 -1.1
v -0.7 0.3 -1.1
v 0.1 0.3 -1.1
v 0.2 0.3 -1.1
v 0.8 0.3 -1.1
v 0.9 0.3 -1.1
v 1.1 0.3 -1.1
v 1.2 0.3 -1.1
v 1.4 0.3 -1.1
v 1.8 0.3 -1.1
v -0.7 0.3 -1.2
v -0.6 0.3 -1.2
v -0.0999999 0.3 -1.2
v 0.2 0.3 -1.2
v 0.8 0.3 -1.2
v -0.8 0.3 -1.3
v -0.6 0.3 -1.3
v 1.2 0.3 -1.3
v 1.3 0.3 -1.3
v 1.4 0.3 -1.3
v 1.9 0.3 -1.3
v -1.9 0.3 -1.4
v -1.7 0.3 -1.4
v 1 0.3 -1.4
v 1.1 0.3 -1.4
v -1.7 0.3 -1.5
v -1.3 0.3 -1.5
v -1.1 0.3 -1.5
v -0.9 0.3 -1.5
v -0.7 0.3 -1.5
v -0.6 0.3 -1.5
v -0.0999999 0.3 -1.5
v 0.2 0.3 -1.5
v 0.6 0.3 -1.5
v 0.9 0.3 -1.5
v 1 0.3 -1.5
v 1.1 0.3 -1.5
v -1.9 0.3 -1.6
v -1.6 0.3 -1.6
v -1.1 0.3 -1.6
v -0.9 0.3 -1.6
v -0.0999999 0.3 -1.6
v 0.3 0.3 -1.6
v 0.6 0.3 -1.6
v 0.7 0.3 -1.6
v 1.3 0.3 -1.6
v 1.4 0.3 -1.6
v 1.9 0.3 -1.6
v -0.7 0.3 -1.7
v -0.0999999 0.3 -1.7
v 0.3 0.3 -1.7
v 0.7 0.3 -1.7
v 1 0.3 -1.7
v 1.2 0.3 -1.7
v -1.9 0.3 -1.9
v -1.6 0.3 -1.9
v 1 0.3 -1.9
v 1.2 0.3 -1.9
v 1.4 0.3 -1.9
v 1.9 0.3 -1.9
v -1.1 0.4 1.4
v -1 0.4 1.4
v -1.2 0.4 1.3
v -1.1 0.4 1.3
v 0.9 0.4 1.3
v 1 0.4 1.3
v -1.2 0.4 1.2
v -1 0.4 1.2
v -0.7 0.4 1.2
v -0.6 0.4 1.2
v 0.9 0.4 1.2
v 1 0.4 1.2
v -0.7 0.4 1
v -0.6 0.4 1
v -0.0999999 0.4 1
v 0.1 0.4 1
v 0.2 0.4 1
v 0.4 0.4 1
v 0.6 0.4 1
v 0.8 0.4 1
v 1 0.4 1
v -1.3 0.4 0.9
v -1.2 0.4 0.9
v -0.5 0.4 0.9
v -0.4 0.4 0.9
v 2.38419e-07 0.4 0.9
v 0.1 0.4 0.9
v 0.2 0.4 0.9
v 0.7 0.4 0.9
v 0.8 0.4 0.9
v -0.4 0.4 0.8
v -0.3 0.4 0.8
v 0.6 0.4 0.8
v 0.7 0.4 0.8
v -1.4 0.4 0.7
v -1.3 0.4 0.7
v -1.2 0.4 0.7
v -0.5 0.4 0.7
v -0.4 0.4 0.7
v -0.2 0.4 0.7
v -0.0999999 0.4 0.7
v 2.38419e-07 0.4 0.7
v 0.1 0.4 0.7
v 0.4 0.4 0.7
v 0.5 0.4 0.7
v -1.3 0.4 0.6
v -1.2 0.4 0.6
v -0.4 0.4 0.6
v -0.3 0.4 0.6
v -0.2 0.4 0.6
v -0.0999999 0.4 0.6
v 2.38419e-07 0.4 0.6
v 0.1 0.4 0.6
v 0.3 0.4 0.6
v 0.4 0.4 0.6
v 0.5 0.4 0.6
v -1.4 0.4 0.5
v -1.2 0.4 0.5
v -1 0.4 0.5
v -0.8 0.4 0.5
v -0.6 0.4 0.5
v -0.5 0.4 0.5
v 0.3 0.4 0.5
v 0.4 0.4 0.5
v -1.8 0.4 0.4
v -1.5 0.4 0.4
v -1 0.4 0.4
v -0.8 0.4 0.4
v -0.4 0.4 0.4
v -0.2 0.4 0.4
v 2.38419e-07 0.4 0.4
v 0.1 0.4 0.4
v 0.3 0.4 0.4
v 0.4 0.4 0.4
v -1.9 0.4 0.3
v -1.8 0.4 0.3
v -1.6 0.4 0.3
v -1.5 0.4 0.3
v -1.4 0.4 0.3
v -0.9 0.4 0.3
v -0.8 0.4 0.3
v -0.4 0.4 0.3
v -0.3 0.4 0.3
v -0.2 0.4 0.3
v 2.38419e-07 0.4 0.3
v 0.1 0.4 0.3
v 0.4 0.4 0.3
v 0.9 0.4 0.3
v 1 0.4 0.3
v -1.9 0.4 0.2
v -1.8 0.4 0.2
v -1.7 0.4 0.2
v -1.6 0.4 0.2
v -1.5 0.4 0.2
v -0.9 0.4 0.2
v -0.8 0.4 0.2
v -0.5 0.4 0.2
v -0.4 0.4 0.2
v -0.3 0.4 0.2
v -0.2 0.4 0.2
v 2.38419e-07 0.4 0.2
v 0.1 0.4 0.2
v 0.4 0.4 0.2
v -1.5 0.4 0.0999999
v -1.4 0.4 0.0999999
v -0.7 0.4 0.0999999
v -0.6 0.4 0.0999999
v -0.2 0.4 0.0999999
v 2.38419e-07 0.4 0.0999999
v 0.1 0.4 0.0999999
v 0.3 0.4 0.0999999
v 0.4 0.4 0.0999999
v 0.9 0.4 0.0999999
v 1 0.4 0.0999999
v -1.7 0.4 -2.38419e-07
v -1.6 0.4 -2.38419e-07
v -1.5 0.4 -2.38419e-07
v -0.7 0.4 -2.38419e-07
v -0.6 0.4 -2.38419e-07
v -0.5 0.4 -2.38419e-07
v -0.4 0.4 -2.38419e-07
v -0.3 0.4 -2.38419e-07
v -0.2 0.4 -2.38419e-07
v 2.38419e-07 0.4 -2.38419e-07
v 0.1 0.4 -2.38419e-07
v 0.3 0.4 -2.38419e-07
v 0.4 0.4 -2.38419e-07
v -1.6 0.4 -0.1
v -1.5 0.4 -0.1
v -0.7 0.4 -0.1
v -0.6 0.4 -0.1
v -0.5 0.4 -0.1
v -0.4 0.4 -0.1
v -0.3 0.4 -0.1
v -0.2 0.4 -0.1
v 0.1 0.4 -0.1
v 0.2 0.4 -0.1
v 0.4 0.4 -0.1
v 0.5 0.4 -0.1
v 0.8 0.4 -0.1
v 0.9 0.4 -0.1
v -1.8 0.4 -0.2
v -1.6 0.4 -0.2
v -0.7 0.4 -0.2
v -0.6 0.4 -0.2
v -0.4 0.4 -0.2
v -0.3 0.4 -0.2
v -0.2 0.4 -0.2
v 2.38419e-07 0.4 -0.2
v 0.2 0.4 -0.2
v 0.3 0.4 -0.2
v 0.6 0.4 -0.2
v 0.7 0.4 -0.2
v 0.8 0.4 -0.2
v 0.9 0.4 -0.2
v 1 0.4 -0.2
v -0.4 0.4 -0.3
v -0.3 0.4 -0.3
v 2.38419e-07 0.4 -0.3
v 0.1 0.4 -0.3
v 0.3 0.4 -0.3
v 0.4 0.4 -0.3
v 0.7 0.4 -0.3
v 0.8 0.4 -0.3
v -0.7 0.4 -0.4
v -0.6 0.4 -0.4
v -0.0999999 0.4 -0.4
v 2.38419e-07 0.4 -0.4
v 0.2 0.4 -0.4
v 0.3 0.4 -0.4
v 1 0.4 -0.4
v -0.6 0.4 -0.5
v -0.5 0.4 -0.5
v -0.0999999 0.4 -0.5
v 2.38419e-07 0.4 -0.5
v 0.1 0.4 -0.5
v 0.4 0.4 -0.5
v 0.5 0.4 -0.5
v 0.6 0.4 -0.5
v 0.8 0.4 -0.5
v 0.9 0.4 -0.5
v 1 0.4 -0.5
v -0.7 0.4 -0.6
v -0.6 0.4 -0.6
v -0.4 0.4 -0.6
v -0.3 0.4 -0.6
v 0.2 0.4 -0.6
v 0.5 0.4 -0.6
v 0.7 0.4 -0.6
v -1.3 0.4 -0.7
v -1.2 0.4 -0.7
v -0.5 0.4 -0.7
v -0.4 0.4 -0.7
v -0.2 0.4 -0.7
v 2.38419e-07 0.4 -0.7
v 0.2 0.4 -0.7
v 0.5 0.4 -0.7
v 0.7 0.4 -0.7
v 1 0.4 -0.7
v -1.3 0.4 -0.8
v -1.2 0.4 -0.8
v -0.4 0.4 -0.8
v -0.3 0.4 -0.8
v 0.2 0.4 -0.8
v 0.3 0.4 -0.8
v 0.5 0.4 -0.8
v 0.6 0.4 -0.8
v 0.7 0.4 -0.8
v 0.8 0.4 -0.8
v 0.9 0.4 -0.8
v 1 0.4 -0.8
v -0.4 0.4 -0.9
v -0.3 0.4 -0.9
v 0.2 0.4 -0.9
v 0.3 0.4 -0.9
v 0.4 0.4 -0.9
v 0.5 0.4 -0.9
v 0.6 0.4 -0.9
v 0.7 0.4 -0.9
v 0.8 0.4 -0.9
v 0.1 0.4 -1
v 0.2 0.4 -1
v 0.4 0.4 -1
v 0.5 0.4 -1
v 0.7 0.4 -1
v 0.9 0.4 -1
v 0.1 0.4 -1.1
v 0.2 0.4 -1.1
v -0.0999999 0.4 -1.2
v 2.38419e-07 0.4 -1.2
v 0.1 0.4 -1.2
v 0.2 0.4 -1.2
v -1.1 0.4 -1.3
v -0.8 0.4 -1.3
v -0.6 0.4 -1.3
v -0.0999999 0.4 -1.3
v 2.38419e-07 0.4 -1.3
v 0.1 0.4 -1.3
v 0.2 0.4 -1.3
v 0.1 0.4 -1.4
v 0.2 0.4 -1.4
v 1 0.4 -1.4
v 1.1 0.4 -1.4
v -1.1 0.4 -1.5
v -0.6 0.4 -1.5
v 0.1 0.4 -1.5
v 0.2 0.4 -1.5
v 1 0.4 -1.5
v 1.1 0.4 -1.5
v 0.4 0.5 1.7
v 0.5 0.5 1.7
v 0.4 0.5 1.6
v 0.5 0.5 1.6
v -0.0999999 0.5 1.2
v 2.38419e-07 0.5 1.2
v 1.1 0.5 1.2
v 1.2 0.5 1.2
v -0.0999999 0.5 1.1
v 2.38419e-07 0.5 1.1
v 1.1 0.5 1.1
v 1.2 0.5 1.1
v -0.0999999 0.5 1
v 2.38419e-07 0.5 1
v -0.5 0.5 0.9
v -0.4 0.5 0.9
v 2.38419e-07 0.5 0.9
v 0.1 0.5 0.9
v -0.4 0.5 0.8
v -0.5 0.5 0.7
v -0.4 0.5 0.7
v -0.3 0.5 0.7
v -0.2 0.5 0.7
v -0.0999999 0.5 0.7
v 2.38419e-07 0.5 0.7
v 0.1 0.5 0.7
v 0.4 0.5 0.7
v -0.4 0.5 0.6
v -0.3 0.5 0.6
v -0.2 0.5 0.6
v -0.0999999 0.5 0.6
v 2.38419e-07 0.5 0.6
v 0.1 0.5 0.6
v 0.3 0.5 0.6
v 0.4 0.5 0.6
v -0.7 0.5 0.5
v -0.6 0.5 0.5
v 0.3 0.5 0.5
v 0.4 0.5 0.5
v -0.7 0.5 0.4
v -0.6 0.5 0.4
v -0.2 0.5 0.4
v 2.38419e-07 0.5 0.4
v 0.1 0.5 0.4
v 0.3 0.5 0.4
v 0.4 0.5 0.4
v -1.6 0.5 0.3
v -1.5 0.5 0.3
v -0.7 0.5 0.3
v -0.5 0.5 0.3
v -0.2 0.5 0.3
v 2.38419e-07 0.5 0.3
v 0.1 0.5 0.3
v 0.4 0.5 0.3
v 0.9 0.5 0.3
v 1 0.5 0.3
v -1.6 0.5 0.2
v -1.5 0.5 0.2
v -0.6 0.5 0.2
v -0.5 0.5 0.2
v -0.2 0.5 0.2
v 2.38419e-07 0.5 0.2
v 0.1 0.5 0.2
v 0.4 0.5 0.2
v -1.5 0.5 0.0999999
v -1.4 0.5 0.0999999
v -0.7 0.5 0.0999999
v -0.6 0.5 0.0999999
v -0.5 0.5 0.0999999
v -0.2 0.5 0.0999999
v 2.38419e-07 0.5 0.0999999
v 0.1 0.5 0.0999999
v 0.4 0.5 0.0999999
v 0.9 0.5 0.0999999
v 1 0.5 0.0999999
v -1.5 0.5 -2.38419e-07
v -1.4 0.5 -2.38419e-07
v -0.6 0.5 -2.38419e-07
v -0.5 0.5 -2.38419e-07
v 2.38419e-07 0.5 -2.38419e-07
v 0.1 0.5 -2.38419e-07
v 0.4 0.5 -0.2
v 0.5 0.5 -0.2
v -0.4 0.5 -0.3
v -0.3 0.5 -0.3
v 2.38419e-07 0.5 -0.3
v 0.1 0.5 -0.3
v -0.6 0.5 -0.5
v -0.5 0.5 -0.5
v 2.38419e-07 0.5 -0.5
v 0.1 0.5 -0.5
v 0.4 0.5 -0.5
v 0.5 0.5 -0.5
v -0.7 0.5 -0.6
v -0.6 0.5 -0.6
v -0.4 0.5 -0.6
v -0.3 0.5 -0.6
v -0.7 0.5 -0.7
v -0.5 0.5 -0.7
v 0.2 0.5 -0.7
v 0.5 0.5 -0.7
v -0.5 0.5 -0.8
v -0.4 0.5 -0.8
v 0.2 0.5 -0.8
v 0.3 0.5 -0.8
v 1 0.5 -0.8
v 1.1 0.5 -0.8
v -1.3 0.5 -0.9
v -1.1 0.5 -0.9
v -0.5 0.5 -0.9
v -0.4 0.5 -0.9
v 0.3 0.5 -0.9
v 0.5 0.5 -0.9
v 1 0.5 -0.9
v 1.1 0.5 -0.9
v -1.2 0.5 -1
v -1.1 0.5 -1
v -1.2 0.5 -1.3
v -1.1 0.5 -1.3
v -1.3 0.5 -1.5
v -1.1 0.5 -1.5
v 0.6 0.5 -1.5
v 1 0.5 -1.5
v 0.6 0.5 -1.6
v 0.7 0.5 -1.6
v 0.9 0.5 -1.6
v 1 0.5 -1.6
v 0.7 0.5 -1.7
v 0.9 0.5 -1.7
v 0.4 0.6 1.6
v 0.5 0.6 1.6
v 0.4 0.6 1.5
v 0.5 0.6 1.5
v -0.7 0.6 1.2
v -0.5 0.6 1.2
v 2.38419e-07 0.6 1.2
v 0.1 0.6 1.2
v -0.7 0.6 1.1
v -0.6 0.6 1.1
v -0.2 0.6 1.1
v -0.0999999 0.6 1.1
v -0.6 0.6 1
v -0.5 0.6 1
v -0.2 0.6 1
v -0.0999999 0.6 1
v 2.38419e-07 0.6 1
v 0.1 0.6 1
v 0.6 0.6 1
v 0.8 0.6 1
v 0.7 0.6 0.9
v 0.8 0.6 0.9
v -0.4 0.6 0.8
v -0.3 0.6 0.8
v 0.6 0.6 0.8
v 0.7 0.6 0.8
v -0.4 0.6 0.7
v -0.3 0.6 0.7
v 2.38419e-07 0.6 0.7
v 0.1 0.6 0.7
v 2.38419e-07 0.6 0.6
v 0.1 0.6 0.6
v 0.3 0.6 0.6
v 0.4 0.6 0.6
v 0.5 0.6 0.6
v -0.6 0.6 0.5
v -0.5 0.6 0.5
v 0.3 0.6 0.5
v 0.4 0.6 0.5
v -0.7 0.6 0.4
v -0.6 0.6 0.4
v 2.38419e-07 0.6 0.4
v 0.1 0.6 0.4
v 0.4 0.6 0.4
v 0.5 0.6 0.4
v -0.7 0.6 0.3
v -0.5 0.6 0.3
v 2.38419e-07 0.6 0.3
v 0.1 0.6 0.3
v 0.4 0.6 0.3
v 0.5 0.6 0.3
v -1.7 0.6 0.2
v -1.6 0.6 0.2
v -0.6 0.6 0.2
v -0.5 0.6 0.2
v 2.38419e-07 0.6 0.2
v 0.1 0.6 0.2
v 0.4 0.6 0.2
v 0.6 0.6 0.2
v -0.6 0.6 0.0999999
v -0.5 0.6 0.0999999
v 0.4 0.6 0.0999999
v 0.5 0.6 0.0999999
v 0.6 0.6 0.0999999
v 2.38419e-07 0.6 -2.38419e-07
v 0.1 0.6 -2.38419e-07
v -1.7 0.6 -0.1
v -1.6 0.6 -0.1
v 0.4 0.6 -0.1
v 0.5 0.6 -0.1
v 1 0.6 -0.1
v 1.2 0.6 -0.1
v 0.4 0.6 -0.2
v 0.5 0.6 -0.2
v 1 0.6 -0.3
v 1.2 0.6 -0.3
v -0.6 0.6 -0.7
v -0.4 0.6 -0.7
v -0.6 0.6 -0.8
v -0.5 0.6 -0.8
v -0.4 0.6 -0.8
v 1.1 0.6 -0.8
v 1.2 0.6 -0.8
v 1.1 0.6 -0.9
v 1.2 0.6 -0.9
v -1.2 0.6 -1
v -0.8 0.6 -1
v -1.2 0.6 -1.3
v -0.8 0.6 -1.3
v 0.9 0.6 -1.6
v 1 0.6 -1.6
v 0.9 0.6 -1.7
v 1 0.6 -1.7
v 0.4 0.7 1.5
v 0.5 0.7 1.5
v 0.4 0.7 1.4
v 0.5 0.7 1.4
v -0.5 0.7 1.2
v -0.3 0.7 1.2
v -0.0999999 0.7 1.2
v 0.1 0.7 1.2
v 0.2 0.7 1.2
v 0.6 0.7 1.2
v 1 0.7 1.2
v 1.1 0.7 1.2
v -0.2 0.7 1.1
v -0.0999999 0.7 1.1
v 0.2 0.7 1.1
v 0.3 0.7 1.1
v 1 0.7 1.1
v 1.1 0.7 1.1
v -0.5 0.7 1
v -0.3 0.7 1
v -0.2 0.7 1
v 0.1 0.7 1
v 0.3 0.7 1
v 0.6 0.7 1
v 1 0.7 1
v 0.4 0.7 0.7
v 0.6 0.7 0.7
v 0.4 0.7 0.6
v 0.5 0.7 0.6
v 0.5 0.7 0.3
v 0.6 0.7 0.3
v 1.3 0.7 0.2
v 1.4 0.7 0.2
v 0.4 0.7 0.0999999
v 0.5 0.7 0.0999999
v 1.3 0.7 0.0999999
v 1.4 0.7 0.0999999
v 0.4 0.7 -0.1
v 0.5 0.7 -0.1
v 0.4 0.8 1.4
v 0.5 0.8 1.4
v 0.4 0.8 1.3
v 0.5 0.8 1.3
v 0.2 0.8 1.2
v 0.4 0.8 1.2
v 0.5 0.8 1.2
v 0.6 0.8 1.2
v 0.2 0.8 1.1
v 0.3 0.8 1.1
v 0.4 0.8 1.1
v 0.5 0.8 1.1
v 1 0.8 1.1
v 1.2 0.8 1.1
v 0.3 0.8 1
v 0.6 0.8 1
v 1 0.8 1
v 1.2 0.8 1
v 0.6 0.8 0.7
v 0.8 0.8 0.7
v 1 0.8 0.7
v 1.2 0.8 0.7
v 1.3 0.8 0.7
v 1.4 0.8 0.7
v 1 0.8 0.6
v 1.2 0.8 0.6
v 1.3 0.8 0.6
v 1.4 0.8 0.6
v 0.8 0.8 0.4
v 1 0.8 0.4
v 1.1 0.8 0.4
v 1.2 0.8 0.4
v 1.3 0.8 0.4
v 1.4 0.8 0.4
v 1 0.8 0.3
v 1.1 0.8 0.3
v 1.2 0.8 0.3
v 1.3 0.8 0.3
v 1.4 0.8 0.3
v 1 0.8 0.2
v 1.1 0.8 0.2
v 1.2 0.8 0.2
v 1.3 0.8 0.2
v 0.6 0.8 0.0999999
v 0.8 0.8 0.0999999
v 1 0.8 0.0999999
v 1.1 0.8 0.0999999
v 1.2 0.8 0.0999999
v 1.3 0.8 0.0999999
v 1 0.8 -2.38419e-07
v 1.2 0.8 -2.38419e-07
v 1 0.8 -0.4
v 1.2 0.8 -0.4
v -0.7 0.8 -0.7
v -0.6 0.8 -0.7
v -0.6 0.8 -0.8
v -0.5 0.8 -0.8
v 1 0.8 -0.8
v 1.2 0.8 -0.8
v -0.7 0.8 -0.9
v -0.5 0.8 -0.9
v 0.4 0.9 1.3
v 0.5 0.9 1.3
v 0.4 0.9 1.2
v 0.5 0.9 1.2
v 0.8 0.9 0.7
v 1 0.9 0.7
v 1.3 0.9 0.7
v 1 0.9 0.6
v 1.3 0.9 0.6
v 0.8 0.9 0.4
v 0.9 0.9 0.4
v 1 0.9 0.4
v 1.1 0.9 0.4
v 1.3 0.9 0.4
v 1 0.9 0.3
v 1.1 0.9 0.3
v 1.3 0.9 0.3
v 0.9 0.9 0.2
v 1 0.9 0.2
v 1.1 0.9 0.2
v 1.2 0.9 0.2
v 1.1 0.9 0.0999999
v 1.2 0.9 0.0999999
v 1 0.9 -2.38419e-07
v 1.2 0.9 -2.38419e-07
v 1 0.9 -0.4
v 1.2 0.9 -0.4
v 0.4 1 1.2
v 0.5 1 1.2
v 0.4 1 1.1
v 0.5 1 1.1
v 0.4 1 0.8
v 0.5 1 0.8
v 0.4 1 0.7
v 0.5 1 0.7
v 0.8 1 0.4
v 0.9 1 0.4
v 1 1 0.4
v 1.1 1 0.4
v 1 1 0.3
v 1.1 1 0.3
v 0.8 1 0.2
v 0.9 1 0.2
v 1 1 0.2
v 1.1 1 0.2
v 1 1 0.0999999
v 1.1 1 0.0999999
v 0.4 1.1 1.1
v 0.5 1.1 1.1
v 0.4 1.1 0.8
v 0.5 1.1 0.8
v 0.8 1.1 0.2
v 1 1.1 0.2
v 0.8 1.1 0.0999999
v 1 1.1 0.0999999
v -0.2 1.1 -1.2
v -0.0999999 1.1 -1.2
v -0.2 1.1 -1.5
v -0.0999999 1.1 -1.5
v -0.0999999 1.2 -1.5
v 2.38419e-07 1.2 -1.5
v 0.1 1.2 -1.5
v 0.2 1.2 -1.5
v -0.0999999 1.2 -1.6
v 2.38419e-07 1.2 -1.6
v 0.1 1.2 -1.6
v 0.2 1.2 -1.6
v 0.2 1.3 -1.2
v 0.3 1.3 -1.2
v 0.2 1.3 -1.3
v -0.0999999 1.3 -1.4
v 2.38419e-07 1.3 -1.4
v 0.2 1.3 -1.4
v -0.0999999 1.3 -1.5
v 2.38419e-07 1.3 -1.5
v 0.2 1.3 -1.5
v 0.3 1.3 -1.5
v 0.1 1.4 -1.2
v 0.2 1.4 -1.2
v 0.1 1.4 -1.3
v 0.2 1.4 -1.3
v 0.1 1.4 -1.4
v 0.2 1.4 -1.4
v 2.38419e-07 1.4 -1.5
v 0.1 1.4 -1.5
v 0.2 1.4 -1.5
v 2.38419e-07 1.4 -1.6
v 0.1 1.4 -1.6
v -0.0999999 1.5 -1.1
v 2.38419e-07 1.5 -1.1
v 0.1 1.5 -1.1
v 0.2 1.5 -1.1
v -0.2 1.5 -1.2
v -0.0999999 1.5 -1.2
v 2.38419e-07 1.5 -1.2
v 0.1 1.5 -1.2
v 0.2 1.5 -1.2
v -0.2 1.5 -1.3
v -0.0999999 1.5 -1.3
v 0.1 1.5 -1.3
v -0.0999999 1.5 -1.4
v 2.38419e-07 1.5 -1.4
v 2.38419e-07 1.5 -1.5
v 0.1 1.5 -1.5
v -0.0999999 1.6 -1.2
v 0.1 1.6 -1.2
v -0.0999999 1.6 -1.3
v 0.1 1.6 -1.3

# faces
f 3/8/1 2/8/1 1/8/1
f 4/8/1 2/8/1 3/8/1
f 5/8/1 2/8/1 4/8/1
f 6/8/1 2/8/1 5/8/1
f 7/8/1 2/8/1 6/8/1
f 8/8/1 2/8/1 7/8/1
f 9/8/1 2/8/1 8/8/1
f 10/8/1 2/8/1 9/8/1
f 11/8/1 3/8/1 1/8/1
f 12/9/1 4/9/1 3/9/1
f 12/8/1 3/8/1 11/8/1
f 13/10/1 5/10/1 4/10/1
f 13/9/1 4/9/1 12/9/1
f 14/9/1 6/9/1 5/9/1
f 14/10/1 5/10/1 13/10/1
f 15/8/1 7/8/1 6/8/1
f 15/9/1 6/9/1 14/9/1
f 16/9/1 8/9/1 7/9/1
f 16/8/1 7/8/1 15/8/1
f 17/8/1 9/8/1 8/8/1
f 17/9/1 8/9/1 16/9/1
f 18/9/1 10/9/1 9/9/1
f 18/8/1 9/8/1 17/8/1
f 19/8/1 2/8/1 10/8/1
f 19/9/1 10/9/1 18/9/1
f 20/8/1 2/8/1 19/8/1
f 31/8/1 22/8/1 21/8/1
f 32/9/1 23/9/1 22/9/1
f 32/8/1 22/8/1 31/8/1
f 32/9/1 24/9/1 23/9/1
f 32/9/1 25/9/1 24/9/1
f 33/8/1 26/8/1 25/8/1
f 33/9/1 25/9/1 32/9/1
f 34/10/1 27/10/1 26/10/1
f 34/8/1 26/8/1 33/8/1
f 35/10/1 27/10/1 34/10/1
f 36/10/1 27/10/1 35/10/1
f 37/8/1 28/8/1 27/8/1
f 37/10/1 27/10/1 36/10/1
f 38/9/1 29/9/1 28/9/1
f 38/8/1 28/8/1 37/8/1
f 39/8/1 30/8/1 29/8/1
f 39/9/1 29/9/1 38/9/1
f 40/8/1 30/8/1 39/8/1
f 41/1/1 36/1/1 35/1/1
f 42/1/1 36/1/1 41/1/1
f 47/1/1 44/1/1 43/1/1
f 48/1/1 44/1/1 47/1/1
f 49/1/1 46/1/1 45/1/1
f 50/1/1 46/1/1 49/1/1
f 53/1/1 52/1/1 51/1/1
f 55/1/1 53/1/1 51/1/1
f 55/1/1 54/1/1 53/1/1
f 56/1/1 54/1/1 55/1/1
f 59/1/1 58/1/1 57/1/1
f 60/1/1 58/1/1 59/1/1
f 63/1/1 62/1/1 61/1/1
f 64/1/1 62/1/1 63/1/1
f 67/7/1 66/7/1 65/7/1
f 68/7/1 66/7/1 67/7/1
f 77/7/1 70/7/1 69/7/1
f 78/7/1 70/7/1 77/7/1
f 79/13/1 72/13/1 71/13/1
f 80/13/1 72/13/1 79/13/1
f 81/4/1 74/4/1 73/4/1
f 81/13/1 75/13/1 74/13/1
f 82/4/1 76/4/1 75/4/1
f 82/13/1 75/13/1 81/13/1
f 83/4/1 81/4/1 73/4/1
f 83/4/1 82/4/1 81/4/1
f 84/4/1 76/4/1 82/4/1
f 84/4/1 82/4/1 83/4/1
f 87/13/1 86/13/1 85/13/1
f 88/13/1 86/13/1 87/13/1
f 91/4/1 90/4/1 89/4/1
f 92/4/1 90/4/1 91/4/1
f 95/13/1 94/13/1 93/13/1
f 96/13/1 94/13/1 95/13/1
f 99/13/1 98/13/1 97/13/1
f 100/13/1 98/13/1 99/13/1
f 103/13/1 102/13/1 101/13/1
f 104/13/1 102/13/1 103/13/1
f 115/1/1 106/1/1 105/1/1
f 116/1/1 106/1/1 115/1/1
f 117/1/1 108/1/1 107/1/1
f 117/1/1 109/1/1 108/1/1
f 118/1/1 109/1/1 117/1/1
f 119/1/1 111/1/1 110/1/1
f 120/1/1 111/1/1 119/1/1
f 121/1/1 114/1/1 113/1/1
f 121/1/1 113/1/1 112/1/1
f 122/1/1 114/1/1 121/1/1
f 125/1/1 117/1/1 107/1/1
f 126/1/1 117/1/1 125/1/1
f 127/1/1 117/1/1 126/1/1
f 128/1/1 117/1/1 127/1/1
f 129/1/1 114/1/1 122/1/1
f 130/1/1 114/1/1 129/1/1
f 131/1/1 124/1/1 123/1/1
f 132/1/1 124/1/1 131/1/1
f 133/1/1 127/1/1 126/1/1
f 134/1/1 127/1/1 133/1/1
f 135/1/1 114/1/1 130/1/1
f 136/1/1 114/1/1 135/1/1
f 145/15/1 138/15/1 137/15/1
f 145/15/1 139/15/1 138/15/1
f 146/15/1 139/15/1 145/15/1
f 148/15/1 141/15/1 140/15/1
f 149/15/1 141/15/1 148/15/1
f 150/15/1 143/15/1 142/15/1
f 151/15/1 143/15/1 150/15/1
f 154/1/1 145/1/1 144/1/1
f 155/1/1 145/1/1 154/1/1
f 159/1/1 148/1/1 147/1/1
f 160/1/1 148/1/1 159/1/1
f 161/1/1 153/1/1 152/1/1
f 162/1/1 153/1/1 161/1/1
f 163/1/1 145/1/1 155/1/1
f 164/1/1 145/1/1 163/1/1
f 165/1/1 157/1/1 156/1/1
f 166/1/1 157/1/1 165/1/1
f 167/1/1 159/1/1 158/1/1
f 168/1/1 159/1/1 167/1/1
f 171/7/1 170/7/1 169/7/1
f 172/7/1 170/7/1 171/7/1
f 175/1/1 174/1/1 173/1/1
f 176/1/1 174/1/1 175/1/1
f 182/7/1 178/7/1 177/7/1
f 183/7/1 178/7/1 182/7/1
f 184/1/1 180/1/1 179/1/1
f 185/1/1 180/1/1 184/1/1
f 186/7/1 182/7/1 181/7/1
f 187/7/1 182/7/1 186/7/1
f 194/16/1 189/16/1 188/16/1
f 195/16/1 189/16/1 194/16/1
f 196/2/1 191/2/1 190/2/1
f 197/2/1 191/2/1 196/2/1
f 198/2/1 193/2/1 192/2/1
f 199/2/1 193/2/1 198/2/1
f 202/6/1 201/6/1 200/6/1
f 204/6/1 202/6/1 200/6/1
f 204/6/1 203/6/1 202/6/1
f 205/6/1 203/6/1 204/6/1
f 208/14/1 207/14/1 206/14/1
f 209/14/1 207/14/1 208/14/1
f 212/5/1 211/5/1 210/5/1
f 213/5/1 211/5/1 212/5/1
f 216/5/1 211/5/1 213/5/1
f 217/5/1 211/5/1 216/5/1
f 219/6/1 217/6/1 216/6/1
f 219/6/1 218/6/1 217/6/1
f 220/6/1 218/6/1 219/6/1
f 221/6/1 215/6/1 214/6/1
f 222/6/1 218/6/1 220/6/1
f 223/6/1 221/6/1 214/6/1
f 223/6/1 222/6/1 221/6/1
f 224/6/1 222/6/1 223/6/1
f 225/6/1 222/6/1 224/6/1
f 226/6/1 218/6/1 222/6/1
f 226/6/1 222/6/1 225/6/1
f 227/6/1 218/6/1 226/6/1
f 228/6/1 225/6/1 224/6/1
f 228/14/1 224/14/1 223/14/1
f 229/14/1 226/14/1 225/14/1
f 229/6/1 225/6/1 228/6/1
f 230/14/1 226/14/1 229/14/1
f 231/14/1 226/14/1 230/14/1
f 232/6/1 230/6/1 229/6/1
f 233/6/1 230/6/1 232/6/1
f 234/14/1 228/14/1 223/14/1
f 235/14/1 228/14/1 234/14/1
f 236/12/1 233/12/1 232/12/1
f 237/12/1 233/12/1 236/12/1
f 238/12/1 236/12/1 235/12/1
f 239/12/1 236/12/1 238/12/1
f 257/3/1 241/3/1 240/3/1
f 258/3/1 241/3/1 257/3/1
f 259/3/1 243/3/1 242/3/1
f 260/3/1 243/3/1 259/3/1
f 261/3/1 245/3/1 244/3/1
f 262/3/1 245/3/1 261/3/1
f 263/3/1 247/3/1 246/3/1
f 264/13/1 248/13/1 247/13/1
f 264/13/1 249/13/1 248/13/1
f 264/3/1 247/3/1 263/3/1
f 265/3/1 250/3/1 249/3/1
f 265/13/1 249/13/1 264/13/1
f 265/3/1 251/3/1 250/3/1
f 266/3/1 251/3/1 265/3/1
f 267/13/1 256/13/1 255/13/1
f 267/13/1 255/13/1 254/13/1
f 268/13/1 256/13/1 267/13/1
f 269/3/1 259/3/1 258/3/1
f 270/3/1 259/3/1 269/3/1
f 271/3/1 261/3/1 260/3/1
f 272/3/1 261/3/1 271/3/1
f 273/3/1 263/3/1 262/3/1
f 273/3/1 264/3/1 263/3/1
f 274/3/1 264/3/1 273/3/1
f 275/5/1 253/5/1 252/5/1
f 276/5/1 253/5/1 275/5/1
f 280/6/1 278/6/1 277/6/1
f 281/6/1 280/6/1 279/6/1
f 282/6/1 278/6/1 280/6/1
f 282/6/1 280/6/1 281/6/1
f 283/6/1 278/6/1 282/6/1
f 284/12/1 282/12/1 281/12/1
f 285/12/1 282/12/1 284/12/1
f 288/1/1 287/1/1 286/1/1
f 289/1/1 287/1/1 288/1/1
f 292/1/1 291/1/1 290/1/1
f 293/1/1 291/1/1 292/1/1
f 297/1/1 295/1/1 294/1/1
f 298/1/1 295/1/1 297/1/1
f 299/1/1 297/1/1 296/1/1
f 300/1/1 297/1/1 299/1/1
f 303/1/1 302/1/1 301/1/1
f 304/1/1 302/1/1 303/1/1
f 310/4/1 306/4/1 305/4/1
f 311/4/1 306/4/1 310/4/1
f 312/1/1 308/1/1 307/1/1
f 313/1/1 308/1/1 312/1/1
f 314/4/1 310/4/1 309/4/1
f 315/4/1 310/4/1 314/4/1
f 318/1/1 317/1/1 316/1/1
f 319/1/1 317/1/1 318/1/1
f 324/3/1 321/3/1 320/3/1
f 329/1/1 323/1/1 322/1/1
f 330/1/1 323/1/1 329/1/1
f 331/3/1 324/3/1 320/3/1
f 331/3/1 325/3/1 324/3/1
f 332/3/1 325/3/1 331/3/1
f 333/3/1 325/3/1 332/3/1
f 343/3/1 328/3/1 327/3/1
f 343/3/1 327/3/1 326/3/1
f 344/3/1 328/3/1 343/3/1
f 345/3/1 328/3/1 344/3/1
f 346/3/1 333/3/1 332/3/1
f 346/3/1 334/3/1 333/3/1
f 347/3/1 334/3/1 346/3/1
f 348/3/1 334/3/1 347/3/1
f 350/2/1 336/2/1 335/2/1
f 351/2/1 336/2/1 350/2/1
f 352/4/1 338/4/1 337/4/1
f 353/2/1 339/2/1 338/2/1
f 353/4/1 338/4/1 352/4/1
f 354/2/1 339/2/1 353/2/1
f 355/2/1 341/2/1 340/2/1
f 356/2/1 341/2/1 355/2/1
f 357/3/1 344/3/1 343/3/1
f 357/3/1 343/3/1 342/3/1
f 358/3/1 344/3/1 357/3/1
f 359/3/1 344/3/1 358/3/1
f 360/3/1 349/3/1 348/3/1
f 360/3/1 348/3/1 347/3/1
f 361/3/1 349/3/1 360/3/1
f 362/3/1 349/3/1 361/3/1
f 364/4/1 351/4/1 350/4/1
f 365/4/1 351/4/1 364/4/1
f 366/3/1 358/3/1 357/3/1
f 366/3/1 357/3/1 356/3/1
f 367/3/1 358/3/1 366/3/1
f 368/3/1 363/3/1 362/3/1
f 368/3/1 362/3/1 361/3/1
f 369/3/1 363/3/1 368/3/1
f 370/3/1 363/3/1 369/3/1
f 372/3/1 371/3/1 370/3/1
f 372/3/1 370/3/1 369/3/1
f 373/3/1 371/3/1 372/3/1
f 374/3/1 371/3/1 373/3/1
f 378/3/1 374/3/1 373/3/1
f 378/3/1 375/3/1 374/3/1
f 379/3/1 375/3/1 378/3/1
f 380/3/1 375/3/1 379/3/1
f 381/3/1 377/3/1 376/3/1
f 382/3/1 377/3/1 381/3/1
f 383/3/1 380/3/1 379/3/1
f 383/3/1 381/3/1 380/3/1
f 384/3/1 381/3/1 383/3/1
f 388/4/1 386/4/1 385/4/1
f 388/4/1 387/4/1 386/4/1
f 389/4/1 387/4/1 388/4/1
f 394/12/1 391/12/1 390/12/1
f 395/12/1 391/12/1 394/12/1
f 396/13/1 393/13/1 392/13/1
f 397/13/1 393/13/1 396/13/1
f 402/2/1 399/2/1 398/2/1
f 403/2/1 399/2/1 402/2/1
f 404/4/1 401/4/1 400/4/1
f 404/4/1 402/4/1 401/4/1
f 404/4/1 403/4/1 402/4/1
f 405/4/1 403/4/1 404/4/1
f 410/7/1 407/7/1 406/7/1
f 411/7/1 407/7/1 410/7/1
f 412/12/1 409/12/1 408/12/1
f 413/12/1 409/12/1 412/12/1
f 416/7/1 415/7/1 414/7/1
f 417/7/1 415/7/1 416/7/1
f 421/4/1 419/4/1 418/4/1
f 422/13/1 420/13/1 419/13/1
f 422/4/1 419/4/1 421/4/1
f 423/13/1 420/13/1 422/13/1
f 424/12/1 423/12/1 422/12/1
f 425/12/1 423/12/1 424/12/1
f 426/12/1 423/12/1 425/12/1
f 427/12/1 423/12/1 426/12/1
f 430/13/1 429/13/1 428/13/1
f 431/13/1 429/13/1 430/13/1
f 434/1/1 433/1/1 432/1/1
f 435/1/1 433/1/1 434/1/1
f 438/12/1 437/12/1 436/12/1
f 439/12/1 437/12/1 438/12/1
f 451/1/1 441/1/1 440/1/1
f 452/12/1 443/12/1 442/12/1
f 453/12/1 443/12/1 452/12/1
f 454/1/1 445/1/1 444/1/1
f 455/1/1 447/1/1 446/1/1
f 455/1/1 448/1/1 447/1/1
f 456/13/1 450/13/1 449/13/1
f 456/13/1 449/13/1 448/13/1
f 457/1/1 451/1/1 450/1/1
f 457/13/1 450/13/1 456/13/1
f 458/1/1 441/1/1 451/1/1
f 458/1/1 451/1/1 457/1/1
f 459/1/1 441/1/1 458/1/1
f 460/1/1 455/1/1 454/1/1
f 460/1/1 448/1/1 455/1/1
f 461/1/1 448/1/1 460/1/1
f 462/13/1 456/13/1 448/13/1
f 462/1/1 448/1/1 461/1/1
f 463/1/1 458/1/1 457/1/1
f 463/13/1 456/13/1 462/13/1
f 463/1/1 457/1/1 456/1/1
f 465/1/1 454/1/1 444/1/1
f 465/1/1 460/1/1 454/1/1
f 466/1/1 460/1/1 465/1/1
f 467/1/1 460/1/1 466/1/1
f 468/1/1 460/1/1 467/1/1
f 469/1/1 460/1/1 468/1/1
f 471/1/1 463/1/1 462/1/1
f 471/1/1 462/1/1 461/1/1
f 472/13/1 465/13/1 464/13/1
f 473/1/1 466/1/1 465/1/1
f 473/13/1 465/13/1 472/13/1
f 474/1/1 466/1/1 473/1/1
f 475/1/1 468/1/1 467/1/1
f 476/1/1 468/1/1 475/1/1
f 477/1/1 460/1/1 469/1/1
f 478/1/1 460/1/1 477/1/1
f 479/1/1 460/1/1 478/1/1
f 480/1/1 460/1/1 479/1/1
f 481/1/1 471/1/1 470/1/1
f 482/1/1 463/1/1 471/1/1
f 482/1/1 471/1/1 481/1/1
f 483/1/1 458/1/1 463/1/1
f 483/1/1 463/1/1 482/1/1
f 486/1/1 482/1/1 481/1/1
f 486/1/1 480/1/1 479/1/1
f 486/1/1 481/1/1 480/1/1
f 487/1/1 482/1/1 486/1/1
f 488/12/1 485/12/1 484/12/1
f 489/12/1 485/12/1 488/12/1
f 492/1/1 491/1/1 490/1/1
f 493/1/1 491/1/1 492/1/1
f 500/2/1 495/2/1 494/2/1
f 501/2/1 495/2/1 500/2/1
f 502/2/1 497/2/1 496/2/1
f 503/2/1 497/2/1 502/2/1
f 504/2/1 499/2/1 498/2/1
f 505/2/1 499/2/1 504/2/1
f 506/1/2 507/1/2 510/1/2
f 510/1/2 507/1/2 511/1/2
f 508/1/2 509/1/2 512/1/2
f 512/1/2 509/1/2 513/1/2
f 512/1/2 513/1/2 515/1/2
f 513/1/2 514/1/2 515/1/2
f 515/1/2 514/1/2 516/1/2
f 517/1/2 518/1/2 521/1/2
f 521/1/2 518/1/2 522/1/2
f 519/1/2 520/1/2 524/1/2
f 524/1/2 520/1/2 525/1/2
f 522/1/2 523/1/2 526/1/2
f 526/1/2 523/1/2 527/1/2
f 528/1/2 529/1/2 530/1/2
f 530/1/2 529/1/2 531/1/2
f 531/1/2 529/1/2 532/1/2
f 532/1/2 529/1/2 533/1/2
f 534/7/2 535/7/2 536/7/2
f 536/7/2 535/7/2 537/7/2
f 538/7/2 539/7/2 544/7/2
f 544/7/2 539/7/2 545/7/2
f 540/7/2 541/7/2 546/7/2
f 546/7/2 541/7/2 547/7/2
f 542/13/2 543/13/2 548/13/2
f 548/13/2 543/13/2 549/13/2
f 550/4/2 551/4/2 554/4/2
f 554/4/2 551/4/2 555/4/2
f 552/4/2 553/4/2 556/4/2
f 556/4/2 553/4/2 557/4/2
f 558/13/2 559/13/2 560/13/2
f 560/13/2 559/13/2 561/13/2
f 562/13/2 563/13/2 569/13/2
f 569/13/2 563/13/2 570/13/2
f 564/13/2 565/13/2 571/13/2
f 571/13/2 565/13/2 572/13/2
f 567/4/2 568/4/2 573/4/2
f 566/4/2 567/4/2 573/4/2
f 566/4/2 573/4/2 574/4/2
f 574/4/2 573/4/2 575/4/2
f 576/4/2 577/4/2 578/4/2
f 578/4/2 577/4/2 579/4/2
f 580/1/2 581/1/2 582/1/2
f 582/1/2 581/1/2 583/1/2
f 584/1/2 585/1/2 589/1/2
f 585/1/2 586/1/2 589/1/2
f 589/1/2 586/1/2 590/1/2
f 590/1/2 586/1/2 591/1/2
f 591/1/2 586/1/2 592/1/2
f 587/1/2 588/1/2 593/1/2
f 593/1/2 588/1/2 594/1/2
f 584/1/2 589/1/2 597/1/2
f 597/1/2 589/1/2 598/1/2
f 590/1/2 591/1/2 599/1/2
f 599/1/2 591/1/2 600/1/2
f 595/1/2 596/1/2 601/1/2
f 601/1/2 596/1/2 602/1/2
f 602/1/2 596/1/2 603/1/2
f 604/7/2 605/7/2 609/7/2
f 609/7/2 605/7/2 610/7/2
f 607/1/2 608/1/2 611/1/2
f 606/1/2 607/1/2 611/1/2
f 611/1/2 608/1/2 612/1/2
f 606/1/2 611/1/2 613/1/2
f 613/1/2 611/1/2 614/1/2
f 615/1/2 616/1/2 621/1/2
f 621/1/2 616/1/2 622/1/2
f 617/7/2 618/7/2 623/7/2
f 623/7/2 618/7/2 624/7/2
f 619/1/2 620/1/2 625/1/2
f 625/1/2 620/1/2 626/1/2
f 617/7/2 623/7/2 627/7/2
f 627/7/2 623/7/2 628/7/2
f 629/13/2 630/13/2 631/13/2
f 631/13/2 630/13/2 632/13/2
f 633/13/2 634/13/2 636/13/2
f 634/1/2 635/1/2 636/1/2
f 636/1/2 635/1/2 637/1/2
f 633/13/2 636/13/2 638/13/2
f 638/13/2 636/13/2 639/13/2
f 640/3/2 641/3/2 655/3/2
f 655/3/2 641/3/2 656/3/2
f 642/3/2 643/3/2 657/3/2
f 657/3/2 643/3/2 658/3/2
f 644/3/2 645/3/2 659/3/2
f 659/3/2 645/3/2 660/3/2
f 646/3/2 647/3/2 661/3/2
f 647/13/2 648/13/2 662/13/2
f 648/13/2 649/13/2 662/13/2
f 661/3/2 647/3/2 662/3/2
f 649/3/2 650/3/2 663/3/2
f 662/13/2 649/13/2 663/13/2
f 663/3/2 650/3/2 664/3/2
f 656/3/2 657/3/2 665/3/2
f 665/3/2 657/3/2 666/3/2
f 658/3/2 659/3/2 667/3/2
f 667/3/2 659/3/2 668/3/2
f 660/3/2 661/3/2 669/3/2
f 661/3/2 662/3/2 669/3/2
f 669/3/2 662/3/2 670/3/2
f 651/5/2 652/5/2 671/5/2
f 671/5/2 652/5/2 672/5/2
f 653/5/2 654/5/2 673/5/2
f 673/5/2 654/5/2 674/5/2
f 675/6/2 676/6/2 680/6/2
f 680/6/2 676/6/2 681/6/2
f 678/12/2 679/12/2 682/12/2
f 677/12/2 678/12/2 682/12/2
f 679/12/2 680/12/2 682/12/2
f 682/12/2 680/12/2 683/12/2
f 683/12/2 680/12/2 684/12/2
f 682/12/2 683/12/2 685/12/2
f 685/12/2 683/12/2 686/12/2
f 687/1/2 688/1/2 691/1/2
f 691/1/2 688/1/2 692/1/2
f 689/5/2 690/5/2 693/5/2
f 693/5/2 690/5/2 694/5/2
f 694/5/2 690/5/2 695/5/2
f 695/5/2 690/5/2 696/5/2
f 694/5/2 695/5/2 698/5/2
f 697/6/2 698/6/2 700/6/2
f 698/5/2 695/5/2 701/5/2
f 700/6/2 698/6/2 701/6/2
f 701/5/2 695/5/2 702/5/2
f 703/6/2 704/6/2 705/6/2
f 705/6/2 704/6/2 706/6/2
f 699/6/2 700/6/2 707/6/2
f 707/6/2 700/6/2 708/6/2
f 707/14/2 708/14/2 712/14/2
f 708/6/2 709/6/2 712/6/2
f 709/13/2 710/13/2 713/13/2
f 712/6/2 709/6/2 713/6/2
f 710/6/2 711/6/2 714/6/2
f 713/13/2 710/13/2 714/13/2
f 714/6/2 711/6/2 715/6/2
f 707/14/2 712/14/2 716/14/2
f 716/14/2 712/14/2 717/14/2
f 718/6/2 719/6/2 720/6/2
f 720/6/2 719/6/2 721/6/2
f 722/4/2 723/4/2 727/4/2
f 723/2/2 724/2/2 728/2/2
f 727/4/2 723/4/2 728/4/2
f 728/2/2 724/2/2 729/2/2
f 725/2/2 726/2/2 730/2/2
f 730/2/2 726/2/2 731/2/2
f 732/3/2 733/3/2 736/3/2
f 734/1/2 735/1/2 744/1/2
f 744/1/2 735/1/2 745/1/2
f 732/3/2 736/3/2 746/3/2
f 736/3/2 737/3/2 746/3/2
f 746/3/2 737/3/2 747/3/2
f 747/3/2 737/3/2 748/3/2
f 738/1/2 739/1/2 750/1/2
f 750/1/2 739/1/2 751/1/2
f 740/3/2 741/3/2 754/3/2
f 754/3/2 741/3/2 755/3/2
f 755/3/2 741/3/2 756/3/2
f 742/1/2 743/1/2 757/1/2
f 743/1/2 744/1/2 757/1/2
f 757/1/2 744/1/2 758/1/2
f 748/3/2 749/3/2 759/3/2
f 747/3/2 748/3/2 759/3/2
f 759/3/2 749/3/2 760/3/2
f 760/3/2 749/3/2 761/3/2
f 751/4/2 752/4/2 763/4/2
f 763/4/2 752/4/2 764/4/2
f 754/3/2 755/3/2 766/3/2
f 753/3/2 754/3/2 766/3/2
f 766/3/2 755/3/2 767/3/2
f 767/3/2 755/3/2 768/3/2
f 761/3/2 762/3/2 769/3/2
f 760/3/2 761/3/2 769/3/2
f 769/3/2 762/3/2 770/3/2
f 770/3/2 762/3/2 771/3/2
f 766/3/2 767/3/2 773/3/2
f 765/3/2 766/3/2 773/3/2
f 773/3/2 767/3/2 774/3/2
f 771/3/2 772/3/2 775/3/2
f 770/3/2 771/3/2 775/3/2
f 775/3/2 772/3/2 776/3/2
f 776/3/2 772/3/2 777/3/2
f 777/3/2 778/3/2 779/3/2
f 776/3/2 777/3/2 779/3/2
f 779/3/2 778/3/2 780/3/2
f 780/3/2 778/3/2 781/3/2
f 780/3/2 781/3/2 785/3/2
f 781/3/2 782/3/2 785/3/2
f 785/3/2 782/3/2 786/3/2
f 786/3/2 782/3/2 787/3/2
f 783/3/2 784/3/2 788/3/2
f 788/3/2 784/3/2 789/3/2
f 786/3/2 787/3/2 790/3/2
f 787/3/2 788/3/2 790/3/2
f 790/3/2 788/3/2 791/3/2
f 792/2/2 793/2/2 798/2/2
f 798/2/2 793/2/2 799/2/2
f 794/2/2 795/2/2 800/2/2
f 800/2/2 795/2/2 801/2/2
f 796/2/2 797/2/2 802/2/2
f 802/2/2 797/2/2 803/2/2
f 799/4/2 800/4/2 806/4/2
f 806/4/2 800/4/2 807/4/2
f 804/1/2 805/1/2 808/1/2
f 808/1/2 805/1/2 809/1/2
f 810/7/2 811/7/2 814/7/2
f 814/7/2 811/7/2 815/7/2
f 812/13/2 813/13/2 816/13/2
f 816/13/2 813/13/2 817/13/2
f 818/13/2 819/13/2 820/13/2
f 820/13/2 819/13/2 821/13/2
f 822/2/2 823/2/2 828/2/2
f 828/2/2 823/2/2 829/2/2
f 824/2/2 825/2/2 830/2/2
f 830/2/2 825/2/2 831/2/2
f 826/2/2 827/2/2 832/2/2
f 832/2/2 827/2/2 833/2/2
f 829/4/2 830/4/2 834/4/2
f 834/4/2 830/4/2 835/4/2
f 831/4/2 832/4/2 836/4/2
f 836/4/2 832/4/2 837/4/2
f 838/7/2 839/7/2 841/7/2
f 839/7/2 840/7/2 841/7/2
f 841/7/2 840/7/2 842/7/2
f 843/2/2 844/2/2 845/2/2
f 845/2/2 844/2/2 846/2/2
f 847/12/2 848/12/2 849/12/2
f 849/12/2 848/12/2 850/12/2
f 851/13/2 852/13/2 855/13/2
f 855/13/2 852/13/2 856/13/2
f 853/12/2 854/12/2 857/12/2
f 857/12/2 854/12/2 858/12/2
f 858/12/2 854/12/2 859/12/2
f 859/12/2 854/12/2 860/12/2
f 860/12/2 854/12/2 861/12/2
f 862/4/2 863/4/2 866/4/2
f 866/4/2 863/4/2 867/4/2
f 864/13/2 865/13/2 868/13/2
f 868/13/2 865/13/2 869/13/2
f 870/12/2 871/12/2 872/12/2
f 872/12/2 871/12/2 873/12/2
f 874/12/2 875/12/2 876/12/2
f 876/12/2 875/12/2 877/12/2
f 878/13/2 879/13/2 880/13/2
f 880/13/2 879/13/2 881/13/2
f 882/12/2 883/12/2 886/12/2
f 886/12/2 883/12/2 887/12/2
f 884/13/2 885/13/2 888/13/2
f 888/13/2 885/13/2 889/13/2
f 890/13/2 891/13/2 897/13/2
f 895/1/2 896/1/2 898/1/2
f 897/13/2 891/13/2 898/13/2
f 891/1/2 892/1/2 898/1/2
f 894/1/2 895/1/2 898/1/2
f 893/1/2 894/1/2 898/1/2
f 892/1/2 893/1/2 898/1/2
f 898/1/2 896/1/2 899/1/2
f 899/1/2 896/1/2 900/1/2
f 900/1/2 896/1/2 901/1/2
f 901/1/2 896/1/2 902/1/2
f 898/1/2 899/1/2 903/1/2
f 903/1/2 899/1/2 904/1/2
f 904/1/2 899/1/2 905/1/2
f 905/1/2 899/1/2 906/1/2
f 900/1/2 901/1/2 908/1/2
f 903/13/2 904/13/2 909/13/2
f 904/1/2 905/1/2 910/1/2
f 909/13/2 904/13/2 910/13/2
f 910/1/2 905/1/2 911/1/2
f 911/1/2 905/1/2 912/1/2
f 912/1/2 905/1/2 913/1/2
f 913/1/2 905/1/2 914/1/2
f 914/1/2 905/1/2 915/1/2
f 906/1/2 899/1/2 916/1/2
f 916/1/2 899/1/2 917/1/2
f 917/1/2 899/1/2 918/1/2
f 907/1/2 908/1/2 919/1/2
f 908/1/2 901/1/2 920/1/2
f 919/1/2 908/1/2 920/1/2
f 920/1/2 901/1/2 921/1/2
f 915/2/2 916/2/2 922/2/2
f 922/2/2 916/2/2 923/2/2
f 917/1/2 918/1/2 924/1/2
f 918/1/2 919/1/2 924/1/2
f 919/1/2 920/1/2 924/1/2
f 924/1/2 920/1/2 925/1/2
f 926/2/2 927/2/2 932/2/2
f 932/2/2 927/2/2 933/2/2
f 928/2/2 929/2/2 934/2/2
f 934/2/2 929/2/2 935/2/2
f 930/2/2 931/2/2 936/2/2
f 936/2/2 931/2/2 937/2/2
f 938/2/2 939/2/2 944/2/2
f 944/2/2 939/2/2 945/2/2
f 940/2/2 941/2/2 946/2/2
f 946/2/2 941/2/2 947/2/2
f 942/2/2 943/2/2 948/2/2
f 948/2/2 943/2/2 949/2/2
f 950/9/2 951/9/2 961/9/2
f 951/9/2 952/9/2 961/9/2
f 952/10/2 953/10/2 962/10/2
f 961/9/2 952/9/2 962/9/2
f 953/9/2 954/9/2 963/9/2
f 962/10/2 953/10/2 963/10/2
f 954/8/2 955/8/2 964/8/2
f 963/9/2 954/9/2 964/9/2
f 955/9/2 956/9/2 965/9/2
f 964/8/2 955/8/2 965/8/2
f 958/10/2 959/10/2 966/10/2
f 965/9/2 956/9/2 966/9/2
f 956/10/2 957/10/2 966/10/2
f 957/10/2 958/10/2 966/10/2
f 959/8/2 960/8/2 967/8/2
f 966/10/2 959/10/2 967/10/2
f 967/8/2 960/8/2 968/8/2
f 969/8/2 970/8/2 971/8/2
f 971/8/2 970/8/2 972/8/2
f 972/8/2 970/8/2 973/8/2
f 973/8/2 970/8/2 974/8/2
f 974/8/2 970/8/2 975/8/2
f 975/8/2 970/8/2 976/8/2
f 969/8/2 971/8/2 977/8/2
f 971/9/2 972/9/2 978/9/2
f 977/8/2 971/8/2 978/8/2
f 972/8/2 973/8/2 979/8/2
f 978/9/2 972/9/2 979/9/2
f 973/9/2 974/9/2 980/9/2
f 979/8/2 973/8/2 980/8/2
f 974/10/2 975/10/2 981/10/2
f 980/9/2 974/9/2 981/9/2
f 975/9/2 976/9/2 982/9/2
f 981/10/2 975/10/2 982/10/2
f 976/8/2 970/8/2 983/8/2
f 982/9/2 976/9/2 983/9/2
f 983/8/2 970/8/2 984/8/2
f 987/8/3 986/8/3 985/8/3
f 988/8/3 986/8/3 987/8/3
f 989/8/3 987/8/3 985/8/3
f 989/9/3 988/9/3 987/9/3
f 990/9/3 988/9/3 989/9/3
f 991/8/3 989/8/3 985/8/3
f 991/8/3 990/8/3 989/8/3
f 992/8/3 990/8/3 991/8/3
f 995/8/3 994/8/3 993/8/3
f 996/8/3 994/8/3 995/8/3
f 997/9/3 996/9/3 995/9/3
f 998/9/3 996/9/3 997/9/3
f 999/8/3 998/8/3 997/8/3
f 1000/8/3 998/8/3 999/8/3
f 1001/9/3 1000/9/3 999/9/3
f 1002/9/3 1000/9/3 1001/9/3
f 1005/3/3 1004/3/3 1003/3/3
f 1006/3/3 1004/3/3 1005/3/3
f 1009/3/3 1008/3/3 1007/3/3
f 1010/3/3 1008/3/3 1009/3/3
f 1013/3/3 1012/3/3 1011/3/3
f 1014/3/3 1012/3/3 1013/3/3
f 1017/13/3 1016/13/3 1015/13/3
f 1018/13/3 1016/13/3 1017/13/3
f 1021/3/3 1020/3/3 1019/3/3
f 1022/3/3 1020/3/3 1021/3/3
f 1025/13/3 1024/13/3 1023/13/3
f 1026/13/3 1024/13/3 1025/13/3
f 1029/3/3 1028/3/3 1027/3/3
f 1030/3/3 1028/3/3 1029/3/3
f 1033/13/3 1032/13/3 1031/13/3
f 1034/13/3 1032/13/3 1033/13/3
f 1039/1/3 1036/1/3 1035/1/3
f 1040/1/3 1038/1/3 1037/1/3
f 1041/1/3 1038/1/3 1040/1/3
f 1041/1/3 1040/1/3 1039/1/3
f 1043/1/3 1039/1/3 1035/1/3
f 1043/1/3 1042/1/3 1041/1/3
f 1043/1/3 1041/1/3 1039/1/3
f 1044/1/3 1042/1/3 1043/1/3
f 1045/1/3 1042/1/3 1044/1/3
f 1046/1/3 1044/1/3 1043/1/3
f 1047/13/3 1045/13/3 1044/13/3
f 1047/1/3 1044/1/3 1046/1/3
f 1048/1/3 1046/1/3 1043/1/3
f 1048/13/3 1047/13/3 1046/13/3
f 1049/13/3 1045/13/3 1047/13/3
f 1049/13/3 1047/13/3 1048/13/3
f 1050/1/3 1048/1/3 1043/1/3
f 1052/1/3 1050/1/3 1043/1/3
f 1052/13/3 1051/13/3 1050/13/3
f 1053/13/3 1051/13/3 1052/13/3
f 1055/1/3 1053/1/3 1052/1/3
f 1055/1/3 1054/1/3 1053/1/3
f 1057/1/3 1055/1/3 1052/1/3
f 1057/1/3 1056/1/3 1055/1/3
f 1058/1/3 1056/1/3 1057/1/3
f 1061/1/3 1057/1/3 1052/1/3
f 1063/3/3 1060/3/3 1059/3/3
f 1064/3/3 1060/3/3 1063/3/3
f 1065/1/3 1062/1/3 1061/1/3
f 1065/1/3 1061/1/3 1052/1/3
f 1066/1/3 1062/1/3 1065/1/3
f 1067/1/3 1052/1/3 1043/1/3
f 1067/1/3 1065/1/3 1052/1/3
f 1068/1/3 1065/1/3 1067/1/3
f 1069/1/3 1065/1/3 1068/1/3
f 1070/1/3 1065/1/3 1069/1/3
f 1072/13/3 1070/13/3 1069/13/3
f 1073/1/3 1065/1/3 1070/1/3
f 1073/13/3 1070/13/3 1072/13/3
f 1074/1/3 1065/1/3 1073/1/3
f 1075/13/3 1072/13/3 1071/13/3
f 1075/13/3 1073/13/3 1072/13/3
f 1075/13/3 1074/13/3 1073/13/3
f 1076/13/3 1074/13/3 1075/13/3
f 1077/13/3 1075/13/3 1071/13/3
f 1078/13/3 1075/13/3 1077/13/3
f 1081/3/3 1080/3/3 1079/3/3
f 1082/3/3 1080/3/3 1081/3/3
f 1086/13/3 1084/13/3 1083/13/3
f 1087/1/3 1086/1/3 1085/1/3
f 1088/13/3 1084/13/3 1086/13/3
f 1088/1/3 1086/1/3 1087/1/3
f 1089/13/3 1084/13/3 1088/13/3
f 1092/7/3 1091/7/3 1090/7/3
f 1093/7/3 1091/7/3 1092/7/3
f 1096/7/3 1095/7/3 1094/7/3
f 1097/7/3 1095/7/3 1096/7/3
f 1100/3/3 1099/3/3 1098/3/3
f 1101/3/3 1099/3/3 1100/3/3
f 1105/7/3 1103/7/3 1102/7/3
f 1105/7/3 1104/7/3 1103/7/3
f 1106/7/3 1104/7/3 1105/7/3
f 1109/3/3 1108/3/3 1107/3/3
f 1110/3/3 1108/3/3 1109/3/3
f 1113/7/3 1112/7/3 1111/7/3
f 1114/7/3 1112/7/3 1113/7/3
f 1117/16/3 1116/16/3 1115/16/3
f 1118/16/3 1116/16/3 1117/16/3
f 1119/2/3 1118/2/3 1117/2/3
f 1120/2/3 1118/2/3 1119/2/3
f 1123/3/3 1121/3/3 1120/3/3
f 1124/3/3 1121/3/3 1123/3/3
f 1125/2/3 1123/2/3 1122/2/3
f 1126/2/3 1123/2/3 1125/2/3
f 1129/1/3 1126/1/3 1125/1/3
f 1130/2/3 1127/2/3 1126/2/3
f 1130/1/3 1126/1/3 1129/1/3
f 1131/2/3 1127/2/3 1130/2/3
f 1132/4/3 1128/4/3 1127/4/3
f 1132/2/3 1127/2/3 1131/2/3
f 1133/4/3 1128/4/3 1132/4/3
f 1135/2/3 1133/2/3 1132/2/3
f 1136/4/3 1134/4/3 1133/4/3
f 1136/2/3 1133/2/3 1135/2/3
f 1137/4/3 1134/4/3 1136/4/3
f 1139/2/3 1137/2/3 1136/2/3
f 1140/4/3 1138/4/3 1137/4/3
f 1140/2/3 1137/2/3 1139/2/3
f 1141/4/3 1138/4/3 1140/4/3
f 1142/2/3 1141/2/3 1140/2/3
f 1144/2/3 1141/2/3 1142/2/3
f 1145/2/3 1141/2/3 1144/2/3
f 1146/2/3 1144/2/3 1143/2/3
f 1147/2/3 1144/2/3 1146/2/3
f 1150/7/3 1149/7/3 1148/7/3
f 1151/7/3 1149/7/3 1150/7/3
f 1154/4/3 1153/4/3 1152/4/3
f 1155/4/3 1153/4/3 1154/4/3
f 1158/13/3 1157/13/3 1156/13/3
f 1159/13/3 1157/13/3 1158/13/3
f 1162/1/3 1161/1/3 1160/1/3
f 1163/1/3 1161/1/3 1162/1/3
f 1164/1/3 1161/1/3 1163/1/3
f 1166/1/3 1165/1/3 1164/1/3
f 1166/1/3 1164/1/3 1163/1/3
f 1167/1/3 1165/1/3 1166/1/3
f 1170/4/3 1169/4/3 1168/4/3
f 1171/4/3 1169/4/3 1170/4/3
f 1174/1/3 1173/1/3 1172/1/3
f 1175/1/3 1173/1/3 1174/1/3
f 1176/1/3 1173/1/3 1175/1/3
f 1179/1/3 1178/1/3 1177/1/3
f 1180/1/3 1178/1/3 1179/1/3
f 1183/2/3 1182/2/3 1181/2/3
f 1184/2/3 1182/2/3 1183/2/3
f 1187/3/3 1185/3/3 1184/3/3
f 1188/3/3 1185/3/3 1187/3/3
f 1189/2/3 1187/2/3 1186/2/3
f 1190/2/3 1187/2/3 1189/2/3
f 1193/2/3 1192/2/3 1191/2/3
f 1194/2/3 1192/2/3 1193/2/3
f 1196/2/3 1195/2/3 1194/2/3
f 1197/2/3 1195/2/3 1196/2/3
f 1201/12/3 1200/12/3 1199/12/3
f 1202/12/3 1200/12/3 1201/12/3
f 1203/2/3 1198/2/3 1197/2/3
f 1204/2/3 1198/2/3 1203/2/3
f 1207/13/3 1205/13/3 1204/13/3
f 1208/12/3 1206/12/3 1205/12/3
f 1208/13/3 1205/13/3 1207/13/3
f 1209/12/3 1206/12/3 1208/12/3
f 1210/2/3 1208/2/3 1207/2/3
f 1212/2/3 1208/2/3 1210/2/3
f 1213/2/3 1208/2/3 1212/2/3
f 1214/2/3 1212/2/3 1211/2/3
f 1215/2/3 1212/2/3 1214/2/3
f 1218/1/3 1217/1/3 1216/1/3
f 1219/1/3 1217/1/3 1218/1/3
f 1223/1/3 1221/1/3 1220/1/3
f 1224/1/3 1221/1/3 1223/1/3
f 1225/1/3 1223/1/3 1222/1/3
f 1226/1/3 1223/1/3 1225/1/3
f 1229/13/3 1228/13/3 1227/13/3
f 1230/13/3 1228/13/3 1229/13/3
f 1233/1/3 1232/1/3 1231/1/3
f 1234/1/3 1232/1/3 1233/1/3
f 1237/1/3 1236/1/3 1235/1/3
f 1238/1/3 1236/1/3 1237/1/3
f 1239/1/3 1236/1/3 1238/1/3
f 1242/1/3 1241/1/3 1240/1/3
f 1243/1/3 1241/1/3 1242/1/3
f 1246/2/3 1245/2/3 1244/2/3
f 1247/2/3 1245/2/3 1246/2/3
f 1250/3/3 1248/3/3 1247/3/3
f 1251/3/3 1248/3/3 1250/3/3
f 1252/2/3 1250/2/3 1249/2/3
f 1253/2/3 1250/2/3 1252/2/3
f 1255/2/3 1254/2/3 1253/2/3
f 1256/2/3 1254/2/3 1255/2/3
f 1258/2/3 1257/2/3 1256/2/3
f 1259/2/3 1257/2/3 1258/2/3
f 1263/2/3 1260/2/3 1259/2/3
f 1264/2/3 1260/2/3 1263/2/3
f 1266/12/3 1262/12/3 1261/12/3
f 1268/13/3 1266/13/3 1265/13/3
f 1269/12/3 1262/12/3 1266/12/3
f 1269/13/3 1266/13/3 1268/13/3
f 1270/12/3 1262/12/3 1269/12/3
f 1271/13/3 1268/13/3 1267/13/3
f 1271/13/3 1269/13/3 1268/13/3
f 1272/13/3 1269/13/3 1271/13/3
f 1273/13/3 1269/13/3 1272/13/3
f 1275/2/3 1272/2/3 1271/2/3
f 1276/2/3 1272/2/3 1275/2/3
f 1278/2/3 1275/2/3 1274/2/3
f 1279/2/3 1275/2/3 1278/2/3
f 1280/2/3 1278/2/3 1277/2/3
f 1281/2/3 1278/2/3 1280/2/3
f 1284/1/3 1283/1/3 1282/1/3
f 1285/1/3 1283/1/3 1284/1/3
f 1288/3/3 1287/3/3 1286/3/3
f 1289/3/3 1287/3/3 1288/3/3
f 1292/3/3 1291/3/3 1290/3/3
f 1293/3/3 1291/3/3 1292/3/3
f 1296/1/3 1295/1/3 1294/1/3
f 1297/1/3 1295/1/3 1296/1/3
f 1300/1/3 1299/1/3 1298/1/3
f 1301/1/3 1299/1/3 1300/1/3
f 1304/3/3 1303/3/3 1302/3/3
f 1305/3/3 1303/3/3 1304/3/3
f 1308/1/3 1307/1/3 1306/1/3
f 1309/1/3 1307/1/3 1308/1/3
f 1312/1/3 1311/1/3 1310/1/3
f 1313/1/3 1311/1/3 1312/1/3
f 1316/1/3 1315/1/3 1314/1/3
f 1317/1/3 1315/1/3 1316/1/3
f 1320/1/3 1319/1/3 1318/1/3
f 1321/1/3 1319/1/3 1320/1/3
f 1324/1/3 1323/1/3 1322/1/3
f 1325/1/3 1323/1/3 1324/1/3
f 1328/1/3 1327/1/3 1326/1/3
f 1329/1/3 1327/1/3 1328/1/3
f 1332/13/3 1331/13/3 1330/13/3
f 1333/13/3 1331/13/3 1332/13/3
f 1336/1/3 1335/1/3 1334/1/3
f 1337/1/3 1335/1/3 1336/1/3
f 1339/1/3 1336/1/3 1334/1/3
f 1340/1/3 1339/1/3 1338/1/3
f 1341/1/3 1336/1/3 1339/1/3
f 1341/1/3 1339/1/3 1340/1/3
f 1344/1/3 1343/1/3 1342/1/3
f 1345/1/3 1343/1/3 1344/1/3
f 1348/1/3 1347/1/3 1346/1/3
f 1349/1/3 1347/1/3 1348/1/3
f 1352/4/3 1351/4/3 1350/4/3
f 1353/4/3 1351/4/3 1352/4/3
f 1354/4/3 1351/4/3 1353/4/3
f 1357/7/3 1356/7/3 1355/7/3
f 1358/7/3 1356/7/3 1357/7/3
f 1362/4/3 1360/4/3 1359/4/3
f 1363/4/3 1362/4/3 1361/4/3
f 1364/4/3 1360/4/3 1362/4/3
f 1364/4/3 1362/4/3 1363/4/3
f 1367/1/3 1366/1/3 1365/1/3
f 1368/1/3 1366/1/3 1367/1/3
f 1372/6/3 1370/6/3 1369/6/3
f 1372/14/3 1371/14/3 1370/14/3
f 1373/14/3 1371/14/3 1372/14/3
f 1374/14/3 1371/14/3 1373/14/3
f 1375/14/3 1371/14/3 1374/14/3
f 1376/14/3 1374/14/3 1373/14/3
f 1376/12/3 1375/12/3 1374/12/3
f 1377/12/3 1375/12/3 1376/12/3
f 1378/6/3 1372/6/3 1369/6/3
f 1378/6/3 1373/6/3 1372/6/3
f 1379/14/3 1377/14/3 1376/14/3
f 1379/6/3 1373/6/3 1378/6/3
f 1379/14/3 1376/14/3 1373/14/3
f 1380/14/3 1377/14/3 1379/14/3
f 1387/6/3 1382/6/3 1381/6/3
f 1388/6/3 1382/6/3 1387/6/3
f 1389/14/3 1384/14/3 1383/14/3
f 1390/14/3 1384/14/3 1389/14/3
f 1392/5/3 1386/5/3 1385/5/3
f 1394/12/3 1391/12/3 1390/12/3
f 1395/5/3 1393/5/3 1392/5/3
f 1395/5/3 1392/5/3 1385/5/3
f 1396/5/3 1393/5/3 1395/5/3
f 1397/5/3 1393/5/3 1396/5/3
f 1398/12/3 1391/12/3 1394/12/3
f 1399/12/3 1391/12/3 1398/12/3
f 1400/5/3 1395/5/3 1385/5/3
f 1401/5/3 1395/5/3 1400/5/3
f 1402/6/3 1397/6/3 1396/6/3
f 1403/6/3 1397/6/3 1402/6/3
f 1405/6/3 1404/6/3 1403/6/3
f 1406/6/3 1404/6/3 1405/6/3
f 1409/4/3 1408/4/3 1407/4/3
f 1410/4/3 1408/4/3 1409/4/3
f 1413/5/3 1412/5/3 1411/5/3
f 1414/5/3 1412/5/3 1413/5/3
f 1417/5/3 1416/5/3 1415/5/3
f 1418/5/3 1416/5/3 1417/5/3
f 1421/12/3 1420/12/3 1419/12/3
f 1422/12/3 1420/12/3 1421/12/3
f 1425/12/3 1424/12/3 1423/12/3
f 1426/12/3 1424/12/3 1425/12/3
f 1427/12/3 1424/12/3 1426/12/3
f 1428/12/3 1424/12/3 1427/12/3
f 1431/12/3 1430/12/3 1429/12/3
f 1432/12/3 1430/12/3 1431/12/3
f 1433/3/4 1434/3/4 1435/3/4
f 1435/3/4 1434/3/4 1436/3/4
f 1437/3/4 1438/3/4 1439/3/4
f 1439/3/4 1438/3/4 1440/3/4
f 1441/3/4 1442/3/4 1443/3/4
f 1443/3/4 1442/3/4 1444/3/4
f 1445/3/4 1446/3/4 1447/3/4
f 1447/3/4 1446/3/4 1448/3/4
f 1449/13/4 1450/13/4 1451/13/4
f 1451/13/4 1450/13/4 1452/13/4
f 1453/1/4 1454/1/4 1455/1/4
f 1455/1/4 1454/1/4 1456/1/4
f 1457/13/4 1458/13/4 1459/13/4
f 1459/13/4 1458/13/4 1460/13/4
f 1461/1/4 1462/1/4 1463/1/4
f 1463/1/4 1462/1/4 1464/1/4
f 1465/3/4 1466/3/4 1467/3/4
f 1467/3/4 1466/3/4 1468/3/4
f 1469/1/4 1470/1/4 1471/1/4
f 1471/1/4 1470/1/4 1472/1/4
f 1472/1/4 1473/1/4 1474/1/4
f 1472/1/4 1474/1/4 1476/1/4
f 1474/1/4 1475/1/4 1476/1/4
f 1476/1/4 1475/1/4 1477/1/4
f 1472/1/4 1476/1/4 1478/1/4
f 1476/13/4 1477/13/4 1478/13/4
f 1478/13/4 1477/13/4 1479/13/4
f 1472/1/4 1478/1/4 1480/1/4
f 1480/1/4 1478/1/4 1481/1/4
f 1481/1/4 1478/1/4 1482/1/4
f 1480/13/4 1481/13/4 1483/13/4
f 1480/13/4 1483/13/4 1485/13/4
f 1483/13/4 1484/13/4 1485/13/4
f 1485/13/4 1484/13/4 1486/13/4
f 1485/1/4 1486/1/4 1488/1/4
f 1486/1/4 1487/1/4 1488/1/4
f 1488/1/4 1487/1/4 1489/1/4
f 1488/1/4 1489/1/4 1491/1/4
f 1489/1/4 1490/1/4 1491/1/4
f 1492/3/4 1493/3/4 1494/3/4
f 1494/3/4 1493/3/4 1495/3/4
f 1491/1/4 1490/1/4 1496/1/4
f 1496/1/4 1490/1/4 1497/1/4
f 1497/1/4 1490/1/4 1498/1/4
f 1498/1/4 1490/1/4 1499/1/4
f 1497/1/4 1498/1/4 1501/1/4
f 1500/1/4 1501/1/4 1502/1/4
f 1501/1/4 1498/1/4 1503/1/4
f 1502/1/4 1501/1/4 1503/1/4
f 1504/13/4 1505/13/4 1506/13/4
f 1506/13/4 1505/13/4 1507/13/4
f 1508/3/4 1509/3/4 1510/3/4
f 1510/3/4 1509/3/4 1511/3/4
f 1512/13/4 1513/13/4 1514/13/4
f 1514/13/4 1513/13/4 1515/13/4
f 1516/7/4 1517/7/4 1518/7/4
f 1518/7/4 1517/7/4 1519/7/4
f 1520/7/4 1521/7/4 1522/7/4
f 1522/7/4 1521/7/4 1523/7/4
f 1523/7/4 1524/7/4 1525/7/4
f 1525/7/4 1524/7/4 1526/7/4
f 1527/3/4 1528/3/4 1529/3/4
f 1529/3/4 1528/3/4 1530/3/4
f 1531/7/4 1532/7/4 1533/7/4
f 1533/7/4 1532/7/4 1534/7/4
f 1535/16/4 1536/16/4 1537/16/4
f 1537/16/4 1536/16/4 1538/16/4
f 1537/2/4 1538/2/4 1539/2/4
f 1539/2/4 1538/2/4 1540/2/4
f 1540/3/4 1541/3/4 1543/3/4
f 1543/3/4 1541/3/4 1544/3/4
f 1542/2/4 1543/2/4 1545/2/4
f 1545/2/4 1543/2/4 1546/2/4
f 1545/2/4 1546/2/4 1547/2/4
f 1547/2/4 1546/2/4 1548/2/4
f 1547/1/4 1548/1/4 1551/1/4
f 1551/1/4 1548/1/4 1552/1/4
f 1549/4/4 1550/4/4 1553/4/4
f 1553/4/4 1550/4/4 1554/4/4
f 1552/2/4 1553/2/4 1555/2/4
f 1555/2/4 1553/2/4 1556/2/4
f 1556/2/4 1557/2/4 1558/2/4
f 1558/2/4 1557/2/4 1559/2/4
f 1559/2/4 1560/2/4 1561/2/4
f 1561/2/4 1560/2/4 1562/2/4
f 1562/2/4 1563/2/4 1564/2/4
f 1564/2/4 1563/2/4 1566/2/4
f 1566/2/4 1563/2/4 1567/2/4
f 1565/2/4 1566/2/4 1568/2/4
f 1568/2/4 1566/2/4 1569/2/4
f 1570/7/4 1571/7/4 1572/7/4
f 1572/7/4 1571/7/4 1573/7/4
f 1574/4/4 1575/4/4 1576/4/4
f 1576/4/4 1575/4/4 1577/4/4
f 1578/13/4 1579/13/4 1580/13/4
f 1580/13/4 1579/13/4 1581/13/4
f 1582/1/4 1583/1/4 1584/1/4
f 1584/1/4 1583/1/4 1585/1/4
f 1586/2/4 1587/2/4 1588/2/4
f 1588/2/4 1587/2/4 1589/2/4
f 1589/3/4 1590/3/4 1592/3/4
f 1592/3/4 1590/3/4 1593/3/4
f 1591/2/4 1592/2/4 1594/2/4
f 1594/2/4 1592/2/4 1595/2/4
f 1595/2/4 1596/2/4 1597/2/4
f 1595/2/4 1597/2/4 1599/2/4
f 1597/4/4 1598/4/4 1600/4/4
f 1599/2/4 1597/2/4 1600/2/4
f 1600/4/4 1598/4/4 1601/4/4
f 1600/2/4 1601/2/4 1602/2/4
f 1602/2/4 1601/2/4 1603/2/4
f 1603/2/4 1604/2/4 1605/2/4
f 1605/2/4 1604/2/4 1606/2/4
f 1606/13/4 1607/13/4 1609/13/4
f 1607/12/4 1608/12/4 1610/12/4
f 1609/13/4 1607/13/4 1610/13/4
f 1610/12/4 1608/12/4 1611/12/4
f 1609/2/4 1610/2/4 1612/2/4
f 1612/2/4 1610/2/4 1614/2/4
f 1614/2/4 1610/2/4 1615/2/4
f 1613/2/4 1614/2/4 1616/2/4
f 1616/2/4 1614/2/4 1617/2/4
f 1618/1/4 1619/1/4 1620/1/4
f 1620/1/4 1619/1/4 1621/1/4
f 1622/1/4 1623/1/4 1624/1/4
f 1624/1/4 1623/1/4 1625/1/4
f 1626/13/4 1627/13/4 1628/13/4
f 1628/13/4 1627/13/4 1629/13/4
f 1630/1/4 1631/1/4 1632/1/4
f 1632/1/4 1631/1/4 1633/1/4
f 1633/1/4 1634/1/4 1635/1/4
f 1635/1/4 1634/1/4 1636/1/4
f 1637/2/4 1638/2/4 1639/2/4
f 1639/2/4 1638/2/4 1640/2/4
f 1641/2/4 1642/2/4 1643/2/4
f 1643/2/4 1642/2/4 1644/2/4
f 1644/2/4 1642/2/4 1645/2/4
f 1645/2/4 1646/2/4 1647/2/4
f 1645/2/4 1647/2/4 1648/2/4
f 1648/2/4 1647/2/4 1649/2/4
f 1649/2/4 1650/2/4 1652/2/4
f 1650/4/4 1651/4/4 1653/4/4
f 1652/2/4 1650/2/4 1653/2/4
f 1653/4/4 1651/4/4 1654/4/4
f 1653/2/4 1654/2/4 1659/2/4
f 1654/13/4 1655/13/4 1660/13/4
f 1659/2/4 1654/2/4 1660/2/4
f 1655/12/4 1656/12/4 1661/12/4
f 1660/13/4 1655/13/4 1661/13/4
f 1661/12/4 1656/12/4 1662/12/4
f 1657/1/4 1658/1/4 1663/1/4
f 1663/1/4 1658/1/4 1664/1/4
f 1661/13/4 1662/13/4 1665/13/4
f 1660/13/4 1661/13/4 1665/13/4
f 1662/12/4 1656/12/4 1666/12/4
f 1665/13/4 1662/13/4 1666/13/4
f 1666/12/4 1656/12/4 1667/12/4
f 1665/13/4 1666/13/4 1668/13/4
f 1668/13/4 1666/13/4 1669/13/4
f 1669/13/4 1666/13/4 1670/13/4
f 1668/2/4 1669/2/4 1672/2/4
f 1672/2/4 1669/2/4 1673/2/4
f 1671/2/4 1672/2/4 1675/2/4
f 1675/2/4 1672/2/4 1676/2/4
f 1674/2/4 1675/2/4 1677/2/4
f 1677/2/4 1675/2/4 1678/2/4
f 1679/1/4 1680/1/4 1681/1/4
f 1681/1/4 1680/1/4 1682/1/4
f 1683/1/4 1684/1/4 1686/1/4
f 1684/1/4 1685/1/4 1686/1/4
f 1686/1/4 1685/1/4 1687/1/4
f 1688/1/4 1689/1/4 1690/1/4
f 1690/1/4 1689/1/4 1691/1/4
f 1691/1/4 1692/1/4 1693/1/4
f 1693/1/4 1692/1/4 1694/1/4
f 1695/3/4 1696/3/4 1697/3/4
f 1697/3/4 1696/3/4 1698/3/4
f 1699/1/4 1700/1/4 1703/1/4
f 1703/1/4 1700/1/4 1704/1/4
f 1701/1/4 1702/1/4 1705/1/4
f 1705/1/4 1702/1/4 1706/1/4
f 1707/3/4 1708/3/4 1709/3/4
f 1709/3/4 1708/3/4 1710/3/4
f 1711/1/4 1712/1/4 1713/1/4
f 1713/1/4 1712/1/4 1714/1/4
f 1715/1/4 1716/1/4 1717/1/4
f 1717/1/4 1716/1/4 1718/1/4
f 1718/1/4 1716/1/4 1719/1/4
f 1720/1/4 1721/1/4 1722/1/4
f 1722/1/4 1721/1/4 1723/1/4
f 1724/3/4 1725/3/4 1726/3/4
f 1726/3/4 1725/3/4 1727/3/4
f 1728/1/4 1729/1/4 1730/1/4
f 1730/1/4 1729/1/4 1731/1/4
f 1732/3/4 1733/3/4 1734/3/4
f 1734/3/4 1733/3/4 1735/3/4
f 1736/3/4 1737/3/4 1738/3/4
f 1738/3/4 1737/3/4 1739/3/4
f 1740/1/4 1741/1/4 1742/1/4
f 1742/1/4 1741/1/4 1743/1/4
f 1744/13/4 1745/13/4 1746/13/4
f 1746/13/4 1745/13/4 1747/13/4
f 1748/1/4 1749/1/4 1750/1/4
f 1750/1/4 1749/1/4 1751/1/4
f 1752/15/4 1753/15/4 1754/15/4
f 1754/15/4 1753/15/4 1755/15/4
f 1755/1/4 1756/1/4 1757/1/4
f 1757/1/4 1756/1/4 1758/1/4
f 1759/15/4 1760/15/4 1761/15/4
f 1761/15/4 1760/15/4 1762/15/4
f 1763/15/4 1764/15/4 1765/15/4
f 1765/15/4 1764/15/4 1766/15/4
f 1767/1/4 1768/1/4 1769/1/4
f 1769/1/4 1768/1/4 1770/1/4
f 1770/1/4 1768/1/4 1771/1/4
f 1771/1/4 1768/1/4 1772/1/4
f 1773/1/4 1774/1/4 1775/1/4
f 1775/1/4 1774/1/4 1776/1/4
f 1773/1/4 1775/1/4 1777/1/4
f 1777/1/4 1775/1/4 1778/1/4
f 1773/1/4 1777/1/4 1779/1/4
f 1779/1/4 1777/1/4 1780/1/4
f 1781/1/4 1782/1/4 1783/1/4
f 1781/1/4 1783/1/4 1785/1/4
f 1783/1/4 1784/1/4 1785/1/4
f 1785/1/4 1784/1/4 1786/1/4
f 1786/1/4 1784/1/4 1788/1/4
f 1788/1/4 1784/1/4 1789/1/4
f 1787/1/4 1788/1/4 1790/1/4
f 1790/1/4 1788/1/4 1791/1/4
f 1790/7/4 1791/7/4 1792/7/4
f 1792/7/4 1791/7/4 1793/7/4
f 1794/1/4 1795/1/4 1796/1/4
f 1796/1/4 1795/1/4 1797/1/4
f 1796/1/4 1797/1/4 1799/1/4
f 1797/1/4 1798/1/4 1799/1/4
f 1799/1/4 1798/1/4 1800/1/4
f 1801/1/4 1802/1/4 1803/1/4
f 1803/1/4 1802/1/4 1804/1/4
f 1805/7/4 1806/7/4 1807/7/4
f 1807/7/4 1806/7/4 1808/7/4
f 1808/7/4 1806/7/4 1809/7/4
f 1810/1/4 1811/1/4 1812/1/4
f 1812/1/4 1811/1/4 1813/1/4
f 1814/14/4 1815/14/4 1816/14/4
f 1816/14/4 1815/14/4 1817/14/4
f 1818/4/4 1819/4/4 1821/4/4
f 1820/4/4 1821/4/4 1822/4/4
f 1821/4/4 1819/4/4 1823/4/4
f 1822/4/4 1821/4/4 1823/4/4
f 1824/6/4 1825/6/4 1828/6/4
f 1828/6/4 1825/6/4 1829/6/4
f 1826/14/4 1827/14/4 1830/14/4
f 1830/14/4 1827/14/4 1831/14/4
f 1831/14/4 1827/14/4 1832/14/4
f 1832/12/4 1833/12/4 1834/12/4
f 1834/12/4 1833/12/4 1835/12/4
f 1836/6/4 1837/6/4 1839/6/4
f 1837/12/4 1838/12/4 1840/12/4
f 1839/6/4 1837/6/4 1840/6/4
f 1840/12/4 1838/12/4 1841/12/4
f 1842/5/4 1843/5/4 1844/5/4
f 1844/5/4 1843/5/4 1845/5/4
f 1846/4/4 1847/4/4 1848/4/4
f 1848/4/4 1847/4/4 1849/4/4
f 1849/4/4 1847/4/4 1850/4/4
f 1848/4/4 1849/4/4 1851/4/4
f 1851/4/4 1849/4/4 1852/4/4
f 1852/4/4 1849/4/4 1853/4/4
f 1853/4/4 1849/4/4 1854/4/4
f 1855/6/4 1856/6/4 1859/6/4
f 1859/6/4 1856/6/4 1860/6/4
f 1861/14/4 1862/14/4 1863/14/4
f 1863/14/4 1862/14/4 1864/14/4
f 1857/5/4 1858/5/4 1867/5/4
f 1867/5/4 1858/5/4 1868/5/4
f 1865/12/4 1866/12/4 1870/12/4
f 1870/12/4 1866/12/4 1871/12/4
f 1857/5/4 1867/5/4 1872/5/4
f 1872/5/4 1867/5/4 1873/5/4
f 1869/6/4 1870/6/4 1875/6/4
f 1875/6/4 1870/6/4 1876/6/4
f 1876/6/4 1870/6/4 1877/6/4
f 1874/6/4 1875/6/4 1878/6/4
f 1875/6/4 1876/6/4 1878/6/4
f 1878/6/4 1876/6/4 1879/6/4
f 1880/12/4 1881/12/4 1882/12/4
f 1882/12/4 1881/12/4 1883/12/4
f 1884/6/4 1885/6/4 1886/6/4
f 1884/6/4 1886/6/4 1888/6/4
f 1886/6/4 1887/6/4 1888/6/4
f 1888/6/4 1887/6/4 1889/6/4
f 1884/6/4 1888/6/4 1890/6/4
f 1890/6/4 1888/6/4 1891/6/4
f 1892/12/4 1893/12/4 1894/12/4
f 1894/12/4 1893/12/4 1895/12/4
f 1896/12/4 1897/12/4 1898/12/4
f 1896/12/4 1898/12/4 1900/12/4
f 1898/12/4 1899/12/4 1900/12/4
f 1900/12/4 1899/12/4 1901/12/4
f 1902/8/4 1903/8/4 1904/8/4
f 1904/8/4 1903/8/4 1905/8/4
f 1904/9/4 1905/9/4 1906/9/4
f 1906/9/4 1905/9/4 1907/9/4
f 1906/10/4 1907/10/4 1908/10/4
f 1908/10/4 1907/10/4 1909/10/4
f 1908/9/4 1909/9/4 1910/9/4
f 1910/9/4 1909/9/4 1911/9/4
f 1910/8/4 1911/8/4 1912/8/4
f 1912/8/4 1911/8/4 1913/8/4
f 1914/8/4 1915/8/4 1916/8/4
f 1916/8/4 1915/8/4 1917/8/4
f 1914/8/4 1916/8/4 1918/8/4
f 1916/9/4 1917/9/4 1918/9/4
f 1918/9/4 1917/9/4 1919/9/4
f 1914/8/4 1918/8/4 1920/8/4
f 1918/8/4 1919/8/4 1920/8/4
f 1920/8/4 1919/8/4 1921/8/4
f 1924/8/5 1923/8/5 1922/8/5
f 1925/8/5 1923/8/5 1924/8/5
f 1928/3/5 1927/3/5 1926/3/5
f 1929/3/5 1927/3/5 1928/3/5
f 1932/3/5 1931/3/5 1930/3/5
f 1933/3/5 1931/3/5 1932/3/5
f 1936/1/5 1935/1/5 1934/1/5
f 1937/1/5 1935/1/5 1936/1/5
f 1942/2/5 1939/2/5 1938/2/5
f 1943/2/5 1939/2/5 1942/2/5
f 1944/4/5 1941/4/5 1940/4/5
f 1944/4/5 1942/4/5 1941/4/5
f 1945/4/5 1942/4/5 1944/4/5
f 1946/4/5 1942/4/5 1945/4/5
f 1947/4/5 1942/4/5 1946/4/5
f 1949/2/5 1947/2/5 1946/2/5
f 1949/2/5 1948/2/5 1947/2/5
f 1950/2/5 1948/2/5 1949/2/5
f 1953/2/5 1952/2/5 1951/2/5
f 1954/2/5 1952/2/5 1953/2/5
f 1959/1/5 1956/1/5 1955/1/5
f 1960/1/5 1956/1/5 1959/1/5
f 1961/3/5 1958/3/5 1957/3/5
f 1962/3/5 1958/3/5 1961/3/5
f 1965/3/5 1964/3/5 1963/3/5
f 1966/3/5 1964/3/5 1965/3/5
f 1970/2/5 1968/2/5 1967/2/5
f 1971/2/5 1968/2/5 1970/2/5
f 1972/4/5 1970/4/5 1969/4/5
f 1973/4/5 1970/4/5 1972/4/5
f 1975/2/5 1974/2/5 1973/2/5
f 1976/2/5 1974/2/5 1975/2/5
f 1983/2/5 1978/2/5 1977/2/5
f 1984/2/5 1978/2/5 1983/2/5
f 1985/2/5 1980/2/5 1979/2/5
f 1986/2/5 1980/2/5 1985/2/5
f 1987/3/5 1982/3/5 1981/3/5
f 1988/3/5 1982/3/5 1987/3/5
f 1991/3/5 1990/3/5 1989/3/5
f 1992/3/5 1990/3/5 1991/3/5
f 1998/2/5 1994/2/5 1993/2/5
f 1999/2/5 1994/2/5 1998/2/5
f 2000/2/5 1996/2/5 1995/2/5
f 2001/2/5 1996/2/5 2000/2/5
f 2002/4/5 1998/4/5 1997/4/5
f 2003/4/5 1998/4/5 2002/4/5
f 2008/2/5 2004/2/5 2003/2/5
f 2009/2/5 2004/2/5 2008/2/5
f 2010/2/5 2006/2/5 2005/2/5
f 2011/2/5 2006/2/5 2010/2/5
f 2012/4/5 2008/4/5 2007/4/5
f 2013/4/5 2008/4/5 2012/4/5
f 2017/2/5 2014/2/5 2013/2/5
f 2018/2/5 2014/2/5 2017/2/5
f 2019/2/5 2016/2/5 2015/2/5
f 2020/2/5 2016/2/5 2019/2/5
f 2023/1/5 2022/1/5 2021/1/5
f 2024/1/5 2022/1/5 2023/1/5
f 2027/6/5 2026/6/5 2025/6/5
f 2028/6/5 2026/6/5 2027/6/5
f 2033/2/5 2030/2/5 2029/2/5
f 2034/2/5 2030/2/5 2033/2/5
f 2035/4/5 2032/4/5 2031/4/5
f 2036/4/5 2032/4/5 2035/4/5
f 2041/2/5 2038/2/5 2037/2/5
f 2042/2/5 2038/2/5 2041/2/5
f 2043/13/5 2040/13/5 2039/13/5
f 2044/13/5 2040/13/5 2043/13/5
f 2045/13/5 2040/13/5 2044/13/5
f 2046/13/5 2040/13/5 2045/13/5
f 2049/1/5 2048/1/5 2047/1/5
f 2050/1/5 2048/1/5 2049/1/5
f 2054/6/5 2052/6/5 2051/6/5
f 2055/6/5 2052/6/5 2054/6/5
f 2056/6/5 2052/6/5 2055/6/5
f 2057/6/5 2052/6/5 2056/6/5
f 2059/6/5 2054/6/5 2053/6/5
f 2059/6/5 2055/6/5 2054/6/5
f 2060/6/5 2055/6/5 2059/6/5
f 2061/6/5 2055/6/5 2060/6/5
f 2062/6/5 2058/6/5 2057/6/5
f 2064/6/5 2058/6/5 2062/6/5
f 2066/6/5 2064/6/5 2063/6/5
f 2067/6/5 2058/6/5 2064/6/5
f 2067/6/5 2064/6/5 2066/6/5
f 2068/6/5 2058/6/5 2067/6/5
f 2069/6/5 2066/6/5 2065/6/5
f 2069/6/5 2067/6/5 2066/6/5
f 2070/6/5 2067/6/5 2069/6/5
f 2073/3/5 2072/3/5 2071/3/5
f 2074/3/5 2072/3/5 2073/3/5
f 2077/3/5 2076/3/5 2075/3/5
f 2078/3/5 2076/3/5 2077/3/5
f 2081/6/5 2080/6/5 2079/6/5
f 2082/6/5 2080/6/5 2081/6/5
f 2085/3/5 2084/3/5 2083/3/5
f 2086/3/5 2084/3/5 2085/3/5
f 2089/14/5 2088/14/5 2087/14/5
f 2090/14/5 2088/14/5 2089/14/5
f 2091/8/6 2092/8/6 2095/8/6
f 2095/8/6 2092/8/6 2096/8/6
f 2096/8/6 2092/8/6 2097/8/6
f 2092/9/6 2093/9/6 2098/9/6
f 2097/8/6 2092/8/6 2098/8/6
f 2093/8/6 2094/8/6 2099/8/6
f 2098/9/6 2093/9/6 2099/9/6
f 2099/8/6 2094/8/6 2100/8/6
f 2100/8/6 2094/8/6 2101/8/6
f 2100/9/6 2101/9/6 2102/9/6
f 2091/8/6 2095/8/6 2103/8/6
f 2103/8/6 2095/8/6 2104/8/6
f 2103/9/6 2104/9/6 2105/9/6
f 2105/9/6 2104/9/6 2106/9/6
f 2105/10/6 2106/10/6 2107/10/6
f 2107/10/6 2106/10/6 2108/10/6
f 2107/9/6 2108/9/6 2109/9/6
f 2109/9/6 2108/9/6 2110/9/6
f 2102/9/6 2101/9/6 2111/9/6
f 2109/8/6 2110/8/6 2112/8/6
f 2112/8/6 2110/8/6 2113/8/6
f 2111/9/6 2101/9/6 2114/9/6
f 2114/9/6 2101/9/6 2115/9/6
f 2114/8/6 2115/8/6 2116/8/6
f 2116/8/6 2115/8/6 2117/8/6
f 2112/9/6 2113/9/6 2118/9/6
f 2118/9/6 2113/9/6 2119/9/6
f 2116/9/6 2117/9/6 2120/9/6
f 2118/8/6 2119/8/6 2121/8/6
f 2121/8/6 2119/8/6 2122/8/6
f 2120/9/6 2117/9/6 2123/9/6
f 2123/9/6 2117/9/6 2124/9/6
f 2123/10/6 2124/10/6 2125/10/6
f 2125/10/6 2124/10/6 2126/10/6
f 2121/9/6 2122/9/6 2127/9/6
f 2127/9/6 2122/9/6 2128/9/6
f 2125/9/6 2126/9/6 2129/9/6
f 2129/9/6 2126/9/6 2130/9/6
f 2127/8/6 2128/8/6 2131/8/6
f 2129/8/6 2130/8/6 2136/8/6
f 2127/8/6 2131/8/6 2137/8/6
f 2131/8/6 2132/8/6 2137/8/6
f 2134/9/6 2135/9/6 2138/9/6
f 2137/8/6 2132/8/6 2138/8/6
f 2132/9/6 2133/9/6 2138/9/6
f 2133/9/6 2134/9/6 2138/9/6
f 2135/8/6 2136/8/6 2139/8/6
f 2138/9/6 2135/9/6 2139/9/6
f 2136/8/6 2130/8/6 2140/8/6
f 2139/8/6 2136/8/6 2140/8/6
f 2142/9/6 2143/9/6 2146/9/6
f 2143/8/6 2144/8/6 2147/8/6
f 2146/9/6 2143/9/6 2147/9/6
f 2147/8/6 2144/8/6 2148/8/6
f 2144/9/6 2145/9/6 2149/9/6
f 2148/8/6 2144/8/6 2149/8/6
f 2148/9/6 2149/9/6 2150/9/6
f 2150/9/6 2149/9/6 2151/9/6
f 2148/9/6 2150/9/6 2152/9/6
f 2151/9/6 2149/9/6 2153/9/6
f 2149/9/6 2145/9/6 2154/9/6
f 2153/9/6 2149/9/6 2154/9/6
f 2154/9/6 2145/9/6 2155/9/6
f 2142/9/6 2146/9/6 2156/9/6
f 2147/10/6 2148/10/6 2157/10/6
f 2156/9/6 2146/9/6 2157/9/6
f 2146/10/6 2147/10/6 2157/10/6
f 2157/10/6 2148/10/6 2158/10/6
f 2152/9/6 2153/9/6 2159/9/6
f 2153/9/6 2154/9/6 2159/9/6
f 2159/9/6 2154/9/6 2160/9/6
f 2160/9/6 2154/9/6 2161/9/6
f 2154/11/6 2155/11/6 2162/11/6
f 2161/9/6 2154/9/6 2162/9/6
f 2155/9/6 2145/9/6 2163/9/6
f 2162/11/6 2155/11/6 2163/11/6
f 2163/9/6 2145/9/6 2164/9/6
f 2141/8/6 2142/8/6 2165/8/6
f 2165/8/6 2142/8/6 2166/8/6
f 2142/9/6 2156/9/6 2167/9/6
f 2166/8/6 2142/8/6 2167/8/6
f 2157/13/6 2158/13/6 2168/13/6
f 2167/9/6 2156/9/6 2168/9/6
f 2156/13/6 2157/13/6 2168/13/6
f 2168/13/6 2158/13/6 2169/13/6
f 2158/10/6 2148/10/6 2170/10/6
f 2169/13/6 2158/13/6 2170/13/6
f 2170/10/6 2148/10/6 2171/10/6
f 2159/10/6 2160/10/6 2172/10/6
f 2160/13/6 2161/13/6 2173/13/6
f 2172/10/6 2160/10/6 2173/10/6
f 2166/13/6 2167/13/6 2174/13/6
f 2167/13/6 2168/13/6 2174/13/6
f 2174/13/6 2168/13/6 2175/13/6
f 2170/13/6 2171/13/6 2176/13/6
f 2169/13/6 2170/13/6 2176/13/6
f 2171/10/6 2148/10/6 2177/10/6
f 2176/13/6 2171/13/6 2177/13/6
f 2159/10/6 2172/10/6 2178/10/6
f 2172/13/6 2173/13/6 2178/13/6
f 2173/13/6 2161/13/6 2179/13/6
f 2178/13/6 2173/13/6 2179/13/6
f 2161/10/6 2162/10/6 2180/10/6
f 2179/13/6 2161/13/6 2180/13/6
f 2162/11/6 2163/11/6 2181/11/6
f 2180/10/6 2162/10/6 2181/10/6
f 2181/11/6 2163/11/6 2182/11/6
f 2141/8/6 2165/8/6 2183/8/6
f 2165/9/6 2166/9/6 2184/9/6
f 2183/8/6 2165/8/6 2184/8/6
f 2166/13/6 2174/13/6 2185/13/6
f 2185/13/6 2174/13/6 2186/13/6
f 2169/13/6 2176/13/6 2187/13/6
f 2177/10/6 2148/10/6 2188/10/6
f 2176/10/6 2177/10/6 2188/10/6
f 2148/9/6 2152/9/6 2189/9/6
f 2188/10/6 2148/10/6 2189/10/6
f 2152/9/6 2159/9/6 2189/9/6
f 2159/10/6 2178/10/6 2190/10/6
f 2189/9/6 2159/9/6 2190/9/6
f 2190/10/6 2178/10/6 2191/10/6
f 2181/13/6 2182/13/6 2192/13/6
f 2179/13/6 2180/13/6 2192/13/6
f 2180/13/6 2181/13/6 2192/13/6
f 2192/13/6 2182/13/6 2193/13/6
f 2183/9/6 2184/9/6 2194/9/6
f 2184/9/6 2166/9/6 2194/9/6
f 2166/13/6 2185/13/6 2195/13/6
f 2194/9/6 2166/9/6 2195/9/6
f 2185/8/6 2186/8/6 2196/8/6
f 2195/13/6 2185/13/6 2196/13/6
f 2186/9/6 2187/9/6 2197/9/6
f 2196/8/6 2186/8/6 2197/8/6
f 2187/13/6 2176/13/6 2198/13/6
f 2197/9/6 2187/9/6 2198/9/6
f 2176/10/6 2188/10/6 2199/10/6
f 2198/13/6 2176/13/6 2199/13/6
f 2199/10/6 2188/10/6 2200/10/6
f 2193/13/6 2182/13/6 2201/13/6
f 2182/11/6 2163/11/6 2202/11/6
f 2201/13/6 2182/13/6 2202/13/6
f 2200/10/6 2188/10/6 2203/10/6
f 2195/10/6 2196/10/6 2205/10/6
f 2196/10/6 2197/10/6 2205/10/6
f 2194/10/6 2195/10/6 2205/10/6
f 2197/8/6 2198/8/6 2206/8/6
f 2205/10/6 2197/10/6 2206/10/6
f 2198/8/6 2199/8/6 2206/8/6
f 2199/8/6 2200/8/6 2206/8/6
f 2203/8/6 2204/8/6 2207/8/6
f 2200/10/6 2203/10/6 2207/10/6
f 2207/8/6 2204/8/6 2208/8/6
f 2183/9/6 2194/9/6 2209/9/6
f 2194/10/6 2205/10/6 2210/10/6
f 2209/9/6 2194/9/6 2210/9/6
f 2210/10/6 2205/10/6 2211/10/6
f 2211/10/6 2205/10/6 2212/10/6
f 2206/8/6 2200/8/6 2213/8/6
f 2213/8/6 2200/8/6 2214/8/6
f 2200/10/6 2207/10/6 2215/10/6
f 2214/8/6 2200/8/6 2215/8/6
f 2212/10/6 2213/10/6 2216/10/6
f 2213/9/6 2214/9/6 2217/9/6
f 2216/10/6 2213/10/6 2217/10/6
f 2210/10/6 2211/10/6 2218/10/6
f 2218/10/6 2211/10/6 2219/10/6
f 2217/9/6 2214/9/6 2220/9/6
f 2214/13/6 2215/13/6 2221/13/6
f 2220/9/6 2214/9/6 2221/9/6
f 2215/10/6 2207/10/6 2222/10/6
f 2221/13/6 2215/13/6 2222/13/6
f 2207/9/6 2208/9/6 2223/9/6
f 2222/10/6 2207/10/6 2223/10/6
f 2223/9/6 2208/9/6 2224/9/6
f 2202/11/6 2163/11/6 2225/11/6
f 2201/11/6 2202/11/6 2225/11/6
f 2163/10/6 2164/10/6 2225/10/6
f 2225/10/6 2164/10/6 2226/10/6
f 2209/8/6 2210/8/6 2227/8/6
f 2210/10/6 2218/10/6 2228/10/6
f 2227/8/6 2210/8/6 2228/8/6
f 2218/11/6 2219/11/6 2229/11/6
f 2228/10/6 2218/10/6 2229/10/6
f 2219/11/6 2220/11/6 2229/11/6
f 2229/11/6 2220/11/6 2230/11/6
f 2220/13/6 2221/13/6 2231/13/6
f 2222/13/6 2223/13/6 2232/13/6
f 2227/10/6 2228/10/6 2233/10/6
f 2233/10/6 2228/10/6 2234/10/6
f 2230/11/6 2220/11/6 2235/11/6
f 2235/11/6 2220/11/6 2236/11/6
f 2220/13/6 2231/13/6 2237/13/6
f 2231/13/6 2232/13/6 2237/13/6
f 2237/13/6 2232/13/6 2238/13/6
f 2238/13/6 2232/13/6 2239/13/6
f 2232/13/6 2223/13/6 2240/13/6
f 2239/13/6 2232/13/6 2240/13/6
f 2236/11/6 2220/11/6 2243/11/6
f 2220/13/6 2237/13/6 2243/13/6
f 2237/10/6 2238/10/6 2244/10/6
f 2243/13/6 2237/13/6 2244/13/6
f 2238/13/6 2239/13/6 2245/13/6
f 2244/10/6 2238/10/6 2245/10/6
f 2245/13/6 2239/13/6 2246/13/6
f 2240/13/6 2223/13/6 2247/13/6
f 2201/11/6 2225/11/6 2248/11/6
f 2248/11/6 2225/11/6 2249/11/6
f 2225/9/6 2226/9/6 2250/9/6
f 2249/11/6 2225/11/6 2250/11/6
f 2245/13/6 2246/13/6 2251/13/6
f 2246/13/6 2247/13/6 2251/13/6
f 2243/11/6 2244/11/6 2251/11/6
f 2244/11/6 2245/11/6 2251/11/6
f 2247/13/6 2223/13/6 2252/13/6
f 2251/13/6 2247/13/6 2252/13/6
f 2201/11/6 2248/11/6 2253/11/6
f 2248/10/6 2249/10/6 2254/10/6
f 2253/11/6 2248/11/6 2254/11/6
f 2249/9/6 2250/9/6 2255/9/6
f 2254/10/6 2249/10/6 2255/10/6
f 2250/9/6 2226/9/6 2256/9/6
f 2255/9/6 2250/9/6 2256/9/6
f 2236/11/6 2243/11/6 2258/11/6
f 2251/11/6 2252/11/6 2258/11/6
f 2243/11/6 2251/11/6 2258/11/6
f 2258/11/6 2252/11/6 2259/11/6
f 2254/10/6 2255/10/6 2261/10/6
f 2253/10/6 2254/10/6 2261/10/6
f 2261/10/6 2255/10/6 2262/10/6
f 2259/11/6 2260/11/6 2264/11/6
f 2258/11/6 2259/11/6 2264/11/6
f 2257/11/6 2258/11/6 2264/11/6
f 2264/11/6 2260/11/6 2265/11/6
f 2265/11/6 2260/11/6 2266/11/6
f 2262/10/6 2255/10/6 2267/10/6
f 2261/11/6 2262/11/6 2267/11/6
f 2255/8/6 2256/8/6 2268/8/6
f 2267/10/6 2255/10/6 2268/10/6
f 2268/8/6 2256/8/6 2269/8/6
f 2241/10/6 2242/10/6 2270/10/6
f 2264/11/6 2265/11/6 2272/11/6
f 2263/11/6 2264/11/6 2272/11/6
f 2272/11/6 2265/11/6 2273/11/6
f 2271/11/6 2272/11/6 2275/11/6
f 2273/11/6 2274/11/6 2275/11/6
f 2272/11/6 2273/11/6 2275/11/6
f 2275/11/6 2274/11/6 2276/11/6
f 2276/11/6 2274/11/6 2277/11/6
f 2261/11/6 2267/11/6 2278/11/6
f 2268/9/6 2269/9/6 2279/9/6
f 2278/11/6 2267/11/6 2279/11/6
f 2267/9/6 2268/9/6 2279/9/6
f 2270/10/6 2271/10/6 2280/10/6
f 2271/11/6 2275/11/6 2280/11/6
f 2280/11/6 2275/11/6 2281/11/6
f 2275/10/6 2276/10/6 2282/10/6
f 2281/11/6 2275/11/6 2282/11/6
f 2282/10/6 2276/10/6 2283/10/6
f 2278/9/6 2279/9/6 2284/9/6
f 2279/9/6 2269/9/6 2285/9/6
f 2284/9/6 2279/9/6 2285/9/6
f 2241/10/6 2270/10/6 2286/10/6
f 2280/10/6 2281/10/6 2286/10/6
f 2270/10/6 2280/10/6 2286/10/6
f 2286/10/6 2281/10/6 2287/10/6
f 2282/11/6 2283/11/6 2288/11/6
f 2281/13/6 2282/13/6 2288/13/6
f 2288/11/6 2283/11/6 2289/11/6
f 2287/10/6 2281/10/6 2290/10/6
f 2281/13/6 2288/13/6 2290/13/6
f 2288/14/6 2289/14/6 2291/14/6
f 2290/13/6 2288/13/6 2291/13/6
f 2291/14/6 2289/14/6 2292/14/6
f 2289/11/6 2283/11/6 2293/11/6
f 2292/14/6 2289/14/6 2293/14/6
f 2287/10/6 2290/10/6 2294/10/6
f 2291/14/6 2292/14/6 2295/14/6
f 2287/10/6 2294/10/6 2302/10/6
f 2294/10/6 2295/10/6 2302/10/6
f 2295/14/6 2292/14/6 2303/14/6
f 2302/10/6 2295/10/6 2303/10/6
f 2292/11/6 2293/11/6 2304/11/6
f 2303/14/6 2292/14/6 2304/14/6
f 2293/11/6 2283/11/6 2305/11/6
f 2304/11/6 2293/11/6 2305/11/6
f 2296/11/6 2297/11/6 2306/11/6
f 2306/11/6 2297/11/6 2307/11/6
f 2298/11/6 2299/11/6 2311/11/6
f 2311/11/6 2299/11/6 2312/11/6
f 2300/10/6 2301/10/6 2313/10/6
f 2313/10/6 2301/10/6 2314/10/6
f 2284/11/6 2285/11/6 2316/11/6
f 2287/10/6 2302/10/6 2317/10/6
f 2304/11/6 2305/11/6 2318/11/6
f 2305/11/6 2306/11/6 2318/11/6
f 2306/11/6 2307/11/6 2318/11/6
f 2307/11/6 2308/11/6 2318/11/6
f 2318/11/6 2308/11/6 2319/11/6
f 2319/11/6 2308/11/6 2320/11/6
f 2320/11/6 2308/11/6 2321/11/6
f 2321/11/6 2308/11/6 2322/11/6
f 2309/11/6 2310/11/6 2323/11/6
f 2310/11/6 2311/11/6 2323/11/6
f 2323/11/6 2311/11/6 2324/11/6
f 2314/9/6 2315/9/6 2326/9/6
f 2313/9/6 2314/9/6 2326/9/6
f 2287/10/6 2317/10/6 2327/10/6
f 2319/11/6 2320/11/6 2328/11/6
f 2328/11/6 2320/11/6 2329/11/6
f 2329/11/6 2320/11/6 2330/11/6
f 2324/11/6 2325/11/6 2331/11/6
f 2323/11/6 2324/11/6 2331/11/6
f 2321/11/6 2322/11/6 2331/11/6
f 2322/11/6 2323/11/6 2331/11/6
f 2325/9/6 2326/9/6 2332/9/6
f 2331/11/6 2325/11/6 2332/11/6
f 2326/9/6 2315/9/6 2333/9/6
f 2332/9/6 2326/9/6 2333/9/6
f 2315/11/6 2316/11/6 2334/11/6
f 2333/9/6 2315/9/6 2334/9/6
f 2316/11/6 2285/11/6 2335/11/6
f 2334/11/6 2316/11/6 2335/11/6
f 2335/11/6 2285/11/6 2336/11/6
f 2285/9/6 2269/9/6 2337/9/6
f 2336/11/6 2285/11/6 2337/11/6
f 2329/11/6 2330/11/6 2338/11/6
f 2328/9/6 2329/9/6 2338/9/6
f 2330/11/6 2331/11/6 2338/11/6
f 2331/11/6 2332/11/6 2338/11/6
f 2338/11/6 2332/11/6 2339/11/6
f 2339/11/6 2332/11/6 2340/11/6
f 2340/11/6 2332/11/6 2341/11/6
f 2332/10/6 2333/10/6 2342/10/6
f 2341/11/6 2332/11/6 2342/11/6
f 2328/9/6 2338/9/6 2343/9/6
f 2338/9/6 2339/9/6 2343/9/6
f 2339/10/6 2340/10/6 2344/10/6
f 2343/9/6 2339/9/6 2344/9/6
f 2335/10/6 2336/10/6 2345/10/6
f 2333/9/6 2334/9/6 2345/9/6
f 2334/9/6 2335/9/6 2345/9/6
f 2345/10/6 2336/10/6 2346/10/6
f 2336/9/6 2337/9/6 2347/9/6
f 2346/10/6 2336/10/6 2347/10/6
f 2337/9/6 2269/9/6 2348/9/6
f 2347/9/6 2337/9/6 2348/9/6
f 2286/8/6 2287/8/6 2349/8/6
f 2287/10/6 2327/10/6 2350/10/6
f 2349/8/6 2287/8/6 2350/8/6
f 2345/9/6 2346/9/6 2351/9/6
f 2333/9/6 2345/9/6 2351/9/6
f 2351/9/6 2346/9/6 2352/9/6
f 2350/10/6 2327/10/6 2353/10/6
f 2349/9/6 2350/9/6 2353/9/6
f 2353/10/6 2327/10/6 2354/10/6
f 2344/10/6 2340/10/6 2358/10/6
f 2358/10/6 2340/10/6 2359/10/6
f 2341/10/6 2342/10/6 2360/10/6
f 2360/10/6 2342/10/6 2361/10/6
f 2342/10/6 2333/10/6 2362/10/6
f 2361/10/6 2342/10/6 2362/10/6
f 2333/9/6 2351/9/6 2362/9/6
f 2362/9/6 2351/9/6 2363/9/6
f 2352/9/6 2346/9/6 2364/9/6
f 2349/9/6 2353/9/6 2365/9/6
f 2353/9/6 2354/9/6 2365/9/6
f 2354/9/6 2355/9/6 2365/9/6
f 2365/9/6 2355/9/6 2366/9/6
f 2355/10/6 2356/10/6 2367/10/6
f 2366/9/6 2355/9/6 2367/9/6
f 2356/9/6 2357/9/6 2368/9/6
f 2367/10/6 2356/10/6 2368/10/6
f 2360/10/6 2361/10/6 2369/10/6
f 2358/10/6 2359/10/6 2369/10/6
f 2359/10/6 2360/10/6 2369/10/6
f 2357/10/6 2358/10/6 2369/10/6
f 2369/10/6 2361/10/6 2370/10/6
f 2370/10/6 2361/10/6 2371/10/6
f 2346/10/6 2347/10/6 2373/10/6
f 2347/10/6 2348/10/6 2373/10/6
f 2363/9/6 2364/9/6 2373/9/6
f 2364/9/6 2346/9/6 2373/9/6
f 2373/10/6 2348/10/6 2374/10/6
f 2374/10/6 2348/10/6 2375/10/6
f 2368/9/6 2357/9/6 2376/9/6
f 2366/9/6 2367/9/6 2376/9/6
f 2367/9/6 2368/9/6 2376/9/6
f 2357/10/6 2369/10/6 2376/10/6
f 2369/9/6 2370/9/6 2377/9/6
f 2376/10/6 2369/10/6 2377/10/6
f 2371/10/6 2372/10/6 2378/10/6
f 2377/9/6 2370/9/6 2378/9/6
f 2370/10/6 2371/10/6 2378/10/6
f 2378/10/6 2372/10/6 2379/10/6
f 2373/9/6 2374/9/6 2380/9/6
f 2363/9/6 2373/9/6 2380/9/6
f 2380/9/6 2374/9/6 2381/9/6
f 2365/8/6 2366/8/6 2382/8/6
f 2376/9/6 2377/9/6 2383/9/6
f 2382/8/6 2366/8/6 2383/8/6
f 2366/9/6 2376/9/6 2383/9/6
f 2378/9/6 2379/9/6 2383/9/6
f 2379/9/6 2380/9/6 2383/9/6
f 2377/9/6 2378/9/6 2383/9/6
f 2380/10/6 2381/10/6 2384/10/6
f 2383/9/6 2380/9/6 2384/9/6
f 2381/9/6 2374/9/6 2385/9/6
f 2384/10/6 2381/10/6 2385/10/6
f 2374/8/6 2375/8/6 2386/8/6
f 2385/9/6 2374/9/6 2386/9/6
f 2386/8/6 2375/8/6 2387/8/6
f 2388/13/6 2389/13/6 2391/13/6
f 2390/13/6 2391/13/6 2394/13/6
f 2391/13/6 2389/13/6 2395/13/6
f 2394/13/6 2391/13/6 2395/13/6
f 2392/13/6 2393/13/6 2398/13/6
f 2398/13/6 2393/13/6 2399/13/6
f 2396/1/6 2397/1/6 2400/1/6
f 2400/1/6 2397/1/6 2401/1/6
f 2401/15/6 2402/15/6 2411/15/6
f 2402/15/6 2403/15/6 2411/15/6
f 2403/15/6 2404/15/6 2411/15/6
f 2411/15/6 2404/15/6 2412/15/6
f 2412/15/6 2404/15/6 2413/15/6
f 2413/15/6 2404/15/6 2414/15/6
f 2404/16/6 2405/16/6 2415/16/6
f 2414/15/6 2404/15/6 2415/15/6
f 2407/15/6 2408/15/6 2417/15/6
f 2412/15/6 2413/15/6 2418/15/6
f 2418/15/6 2413/15/6 2419/15/6
f 2405/15/6 2406/15/6 2420/15/6
f 2416/15/6 2417/15/6 2421/15/6
f 2409/7/6 2410/7/6 2423/7/6
f 2423/7/6 2410/7/6 2424/7/6
f 2401/15/6 2411/15/6 2425/15/6
f 2419/15/6 2413/15/6 2427/15/6
f 2427/15/6 2413/15/6 2428/15/6
f 2428/15/6 2413/15/6 2429/15/6
f 2414/16/6 2415/16/6 2430/16/6
f 2415/16/6 2405/16/6 2431/16/6
f 2430/16/6 2415/16/6 2431/16/6
f 2405/15/6 2420/15/6 2431/15/6
f 2420/15/6 2421/15/6 2431/15/6
f 2431/15/6 2421/15/6 2432/15/6
f 2422/7/6 2423/7/6 2433/7/6
f 2425/15/6 2426/15/6 2435/15/6
f 2419/15/6 2427/15/6 2436/15/6
f 2436/15/6 2427/15/6 2437/15/6
f 2432/15/6 2421/15/6 2443/15/6
f 2433/7/6 2434/7/6 2444/7/6
f 2422/7/6 2433/7/6 2444/7/6
f 2444/7/6 2434/7/6 2445/7/6
f 2401/15/6 2425/15/6 2448/15/6
f 2425/15/6 2435/15/6 2448/15/6
f 2448/15/6 2435/15/6 2449/15/6
f 2442/15/6 2443/15/6 2450/15/6
f 2441/15/6 2442/15/6 2450/15/6
f 2440/16/6 2441/16/6 2450/16/6
f 2450/15/6 2443/15/6 2451/15/6
f 2446/13/6 2447/13/6 2454/13/6
f 2454/13/6 2447/13/6 2455/13/6
f 2449/15/6 2435/15/6 2456/15/6
f 2435/16/6 2436/16/6 2456/16/6
f 2436/16/6 2437/16/6 2456/16/6
f 2437/16/6 2438/16/6 2456/16/6
f 2438/16/6 2439/16/6 2456/16/6
f 2456/16/6 2439/16/6 2457/16/6
f 2457/16/6 2439/16/6 2458/16/6
f 2440/16/6 2450/16/6 2459/16/6
f 2459/16/6 2450/16/6 2460/16/6
f 2451/15/6 2443/15/6 2461/15/6
f 2452/1/6 2453/1/6 2463/1/6
f 2463/1/6 2453/1/6 2464/1/6
f 2464/1/6 2453/1/6 2465/1/6
f 2456/15/6 2457/15/6 2469/15/6
f 2449/15/6 2456/15/6 2469/15/6
f 2469/15/6 2457/15/6 2470/15/6
f 2470/15/6 2457/15/6 2471/15/6
f 2461/15/6 2443/15/6 2474/15/6
f 2421/15/6 2417/15/6 2475/15/6
f 2417/15/6 2408/15/6 2475/15/6
f 2474/15/6 2443/15/6 2475/15/6
f 2443/15/6 2421/15/6 2475/15/6
f 2475/15/6 2408/15/6 2476/15/6
f 2462/1/6 2463/1/6 2477/1/6
f 2463/1/6 2464/1/6 2477/1/6
f 2477/1/6 2464/1/6 2478/1/6
f 2478/1/6 2464/1/6 2479/1/6
f 2479/1/6 2464/1/6 2480/1/6
f 2465/1/6 2466/1/6 2481/1/6
f 2467/13/6 2468/13/6 2482/13/6
f 2482/13/6 2468/13/6 2483/13/6
f 2449/15/6 2469/15/6 2484/15/6
f 2469/16/6 2470/16/6 2485/16/6
f 2484/15/6 2469/15/6 2485/15/6
f 2471/15/6 2472/15/6 2486/15/6
f 2485/16/6 2470/16/6 2486/16/6
f 2470/15/6 2471/15/6 2486/15/6
f 2486/15/6 2472/15/6 2487/15/6
f 2487/15/6 2472/15/6 2488/15/6
f 2473/15/6 2474/15/6 2489/15/6
f 2474/15/6 2475/15/6 2489/15/6
f 2489/15/6 2475/15/6 2490/15/6
f 2480/1/6 2481/1/6 2491/1/6
f 2481/1/6 2466/1/6 2491/1/6
f 2491/1/6 2466/1/6 2492/1/6
f 2486/15/6 2487/15/6 2495/15/6
f 2490/15/6 2475/15/6 2499/15/6
f 2499/15/6 2475/15/6 2500/15/6
f 2478/1/6 2479/1/6 2502/1/6
f 2480/1/6 2491/1/6 2503/1/6
f 2503/1/6 2491/1/6 2504/1/6
f 2493/1/6 2494/1/6 2505/1/6
f 2505/1/6 2494/1/6 2506/1/6
f 2484/13/6 2485/13/6 2507/13/6
f 2485/13/6 2486/13/6 2507/13/6
f 2507/13/6 2486/13/6 2508/13/6
f 2486/15/6 2495/15/6 2509/15/6
f 2508/13/6 2486/13/6 2509/13/6
f 2495/15/6 2496/15/6 2509/15/6
f 2509/15/6 2496/15/6 2510/15/6
f 2510/15/6 2496/15/6 2511/15/6
f 2497/15/6 2498/15/6 2512/15/6
f 2498/16/6 2499/16/6 2513/16/6
f 2512/15/6 2498/15/6 2513/15/6
f 2500/15/6 2501/15/6 2514/15/6
f 2513/16/6 2499/16/6 2514/16/6
f 2499/15/6 2500/15/6 2514/15/6
f 2503/1/6 2504/1/6 2515/1/6
f 2502/1/6 2503/1/6 2515/1/6
f 2515/1/6 2504/1/6 2516/1/6
f 2506/15/6 2507/15/6 2518/15/6
f 2507/13/6 2508/13/6 2519/13/6
f 2518/15/6 2507/15/6 2519/15/6
f 2508/15/6 2509/15/6 2520/15/6
f 2519/13/6 2508/13/6 2520/13/6
f 2509/16/6 2510/16/6 2521/16/6
f 2520/15/6 2509/15/6 2521/15/6
f 2510/15/6 2511/15/6 2522/15/6
f 2521/16/6 2510/16/6 2522/16/6
f 2513/15/6 2514/15/6 2523/15/6
f 2512/15/6 2513/15/6 2523/15/6
f 2523/15/6 2514/15/6 2524/15/6
f 2514/15/6 2501/15/6 2525/15/6
f 2524/15/6 2514/15/6 2525/15/6
f 2525/15/6 2501/15/6 2526/15/6
f 2526/15/6 2501/15/6 2527/15/6
f 2527/15/6 2501/15/6 2528/15/6
f 2478/1/6 2502/1/6 2529/1/6
f 2502/1/6 2515/1/6 2529/1/6
f 2529/1/6 2515/1/6 2530/1/6
f 2517/1/6 2518/1/6 2531/1/6
f 2520/15/6 2521/15/6 2532/15/6
f 2531/1/6 2518/1/6 2532/1/6
f 2521/15/6 2522/15/6 2532/15/6
f 2519/15/6 2520/15/6 2532/15/6
f 2518/15/6 2519/15/6 2532/15/6
f 2532/15/6 2522/15/6 2533/15/6
f 2533/15/6 2522/15/6 2534/15/6
f 2522/15/6 2511/15/6 2535/15/6
f 2534/15/6 2522/15/6 2535/15/6
f 2535/15/6 2511/15/6 2536/15/6
f 2523/13/6 2524/13/6 2537/13/6
f 2524/15/6 2525/15/6 2537/15/6
f 2537/15/6 2525/15/6 2538/15/6
f 2526/15/6 2527/15/6 2539/15/6
f 2539/15/6 2527/15/6 2540/15/6
f 2527/13/6 2528/13/6 2541/13/6
f 2540/15/6 2527/15/6 2541/15/6
f 2528/15/6 2501/15/6 2542/15/6
f 2541/13/6 2528/13/6 2542/13/6
f 2542/15/6 2501/15/6 2543/15/6
f 2533/16/6 2534/16/6 2544/16/6
f 2532/15/6 2533/15/6 2544/15/6
f 2534/15/6 2535/15/6 2545/15/6
f 2544/16/6 2534/16/6 2545/16/6
f 2535/16/6 2536/16/6 2546/16/6
f 2523/13/6 2537/13/6 2547/13/6
f 2537/13/6 2538/13/6 2547/13/6
f 2538/15/6 2525/15/6 2548/15/6
f 2547/13/6 2538/13/6 2548/13/6
f 2548/15/6 2525/15/6 2549/15/6
f 2540/15/6 2541/15/6 2550/15/6
f 2539/16/6 2540/16/6 2550/16/6
f 2541/15/6 2542/15/6 2550/15/6
f 2550/15/6 2542/15/6 2551/15/6
f 2532/15/6 2544/15/6 2553/15/6
f 2535/16/6 2546/16/6 2554/16/6
f 2554/16/6 2546/16/6 2555/16/6
f 2547/15/6 2548/15/6 2556/15/6
f 2548/16/6 2549/16/6 2557/16/6
f 2556/15/6 2548/15/6 2557/15/6
f 2542/13/6 2543/13/6 2558/13/6
f 2552/1/6 2553/1/6 2559/1/6
f 2553/15/6 2544/15/6 2559/15/6
f 2559/15/6 2544/15/6 2560/15/6
f 2554/15/6 2555/15/6 2561/15/6
f 2535/16/6 2554/16/6 2561/16/6
f 2561/15/6 2555/15/6 2562/15/6
f 2547/15/6 2556/15/6 2563/15/6
f 2557/16/6 2549/16/6 2564/16/6
f 2556/16/6 2557/16/6 2564/16/6
f 2526/15/6 2539/15/6 2565/15/6
f 2550/16/6 2551/16/6 2566/16/6
f 2539/16/6 2550/16/6 2566/16/6
f 2565/15/6 2539/15/6 2566/15/6
f 2551/15/6 2542/15/6 2567/15/6
f 2566/16/6 2551/16/6 2567/16/6
f 2542/13/6 2558/13/6 2568/13/6
f 2567/15/6 2542/15/6 2568/15/6
f 2568/13/6 2558/13/6 2569/13/6
f 2552/1/6 2559/1/6 2570/1/6
f 2570/1/6 2559/1/6 2571/1/6
f 2560/15/6 2544/15/6 2572/15/6
f 2545/15/6 2535/15/6 2573/15/6
f 2564/16/6 2565/16/6 2574/16/6
f 2562/15/6 2563/15/6 2574/15/6
f 2556/16/6 2564/16/6 2574/16/6
f 2563/15/6 2556/15/6 2574/15/6
f 2565/15/6 2566/15/6 2575/15/6
f 2574/16/6 2565/16/6 2575/16/6
f 2566/15/6 2567/15/6 2575/15/6
f 2567/15/6 2568/15/6 2575/15/6
f 2568/15/6 2569/15/6 2575/15/6
f 2575/15/6 2569/15/6 2576/15/6
f 2560/15/6 2572/15/6 2579/15/6
f 2572/15/6 2573/15/6 2579/15/6
f 2579/15/6 2573/15/6 2580/15/6
f 2561/16/6 2562/16/6 2581/16/6
f 2580/15/6 2573/15/6 2581/15/6
f 2573/15/6 2535/15/6 2581/15/6
f 2535/16/6 2561/16/6 2581/16/6
f 2562/15/6 2574/15/6 2582/15/6
f 2581/16/6 2562/16/6 2582/16/6
f 2574/15/6 2575/15/6 2582/15/6
f 2582/15/6 2575/15/6 2583/15/6
f 2575/16/6 2576/16/6 2584/16/6
f 2583/15/6 2575/15/6 2584/15/6
f 2576/15/6 2569/15/6 2585/15/6
f 2584/16/6 2576/16/6 2585/16/6
f 2585/15/6 2569/15/6 2586/15/6
f 2577/13/6 2578/13/6 2587/13/6
f 2587/13/6 2578/13/6 2588/13/6
f 2582/15/6 2583/15/6 2589/15/6
f 2580/15/6 2581/15/6 2589/15/6
f 2581/15/6 2582/15/6 2589/15/6
f 2589/15/6 2583/15/6 2590/15/6
f 2590/15/6 2583/15/6 2591/15/6
f 2585/15/6 2586/15/6 2593/15/6
f 2584/15/6 2585/15/6 2593/15/6
f 2593/15/6 2586/15/6 2594/15/6
f 2594/15/6 2586/15/6 2595/15/6
f 2595/15/6 2586/15/6 2596/15/6
f 2596/15/6 2586/15/6 2597/15/6
f 2597/15/6 2586/15/6 2598/15/6
f 2589/1/6 2590/1/6 2599/1/6
f 2599/1/6 2590/1/6 2600/1/6
f 2591/1/6 2592/1/6 2601/1/6
f 2601/1/6 2592/1/6 2602/1/6
f 2593/1/6 2594/1/6 2604/1/6
f 2594/7/6 2595/7/6 2605/7/6
f 2604/1/6 2594/1/6 2605/1/6
f 2605/7/6 2595/7/6 2606/7/6
f 2596/7/6 2597/7/6 2607/7/6
f 2603/1/6 2604/1/6 2610/1/6
f 2610/1/6 2604/1/6 2611/1/6
f 2606/7/6 2607/7/6 2612/7/6
f 2607/7/6 2597/7/6 2613/7/6
f 2612/7/6 2607/7/6 2613/7/6
f 2608/1/6 2609/1/6 2614/1/6
f 2614/1/6 2609/1/6 2615/1/6
f 2616/5/6 2617/5/6 2623/5/6
f 2623/5/6 2617/5/6 2624/5/6
f 2618/5/6 2619/5/6 2625/5/6
f 2625/5/6 2619/5/6 2626/5/6
f 2620/4/6 2621/4/6 2631/4/6
f 2621/4/6 2622/4/6 2631/4/6
f 2631/4/6 2622/4/6 2632/4/6
f 2627/5/6 2628/5/6 2633/5/6
f 2633/5/6 2628/5/6 2634/5/6
f 2629/12/6 2630/12/6 2635/12/6
f 2635/12/6 2630/12/6 2636/12/6
f 2637/3/6 2638/3/6 2639/3/6
f 2639/3/6 2638/3/6 2640/3/6
f 2641/1/6 2642/1/6 2645/1/6
f 2645/1/6 2642/1/6 2646/1/6
f 2643/13/6 2644/13/6 2647/13/6
f 2647/13/6 2644/13/6 2648/13/6
f 2645/13/6 2646/13/6 2649/13/6
f 2649/13/6 2646/13/6 2650/13/6
f 2651/7/6 2652/7/6 2655/7/6
f 2651/7/6 2655/7/6 2656/7/6
f 2656/7/6 2655/7/6 2657/7/6
f 2653/3/6 2654/3/6 2661/3/6
f 2661/3/6 2654/3/6 2662/3/6
f 2657/7/6 2658/7/6 2664/7/6
f 2664/7/6 2658/7/6 2665/7/6
f 2659/16/6 2660/16/6 2666/16/6
f 2660/2/6 2661/2/6 2667/2/6
f 2666/16/6 2660/16/6 2667/16/6
f 2667/2/6 2661/2/6 2668/2/6
f 2662/2/6 2663/2/6 2669/2/6
f 2669/2/6 2663/2/6 2670/2/6
f 2670/2/6 2663/2/6 2671/2/6
f 2672/1/6 2673/1/6 2676/1/6
f 2676/1/6 2673/1/6 2677/1/6
f 2668/3/6 2669/3/6 2679/3/6
f 2679/3/6 2669/3/6 2680/3/6
f 2674/4/6 2675/4/6 2681/4/6
f 2681/4/6 2675/4/6 2682/4/6
f 2678/2/6 2679/2/6 2687/2/6
f 2687/2/6 2679/2/6 2688/2/6
f 2681/2/6 2682/2/6 2689/2/6
f 2680/2/6 2681/2/6 2689/2/6
f 2689/2/6 2682/2/6 2690/2/6
f 2683/1/6 2684/1/6 2693/1/6
f 2693/1/6 2684/1/6 2694/1/6
f 2685/1/6 2686/1/6 2695/1/6
f 2695/1/6 2686/1/6 2696/1/6
f 2688/3/6 2689/3/6 2698/3/6
f 2698/3/6 2689/3/6 2699/3/6
f 2685/1/6 2695/1/6 2703/1/6
f 2703/1/6 2695/1/6 2704/1/6
f 2697/2/6 2698/2/6 2706/2/6
f 2706/2/6 2698/2/6 2707/2/6
f 2699/2/6 2700/2/6 2708/2/6
f 2708/2/6 2700/2/6 2709/2/6
f 2691/1/6 2692/1/6 2710/1/6
f 2710/1/6 2692/1/6 2711/1/6
f 2701/1/6 2702/1/6 2712/1/6
f 2712/1/6 2702/1/6 2713/1/6
f 2704/1/6 2705/1/6 2714/1/6
f 2714/1/6 2705/1/6 2715/1/6
f 2716/13/6 2717/13/6 2722/13/6
f 2722/13/6 2717/13/6 2723/13/6
f 2722/3/6 2723/3/6 2726/3/6
f 2726/3/6 2723/3/6 2727/3/6
f 2718/3/6 2719/3/6 2728/3/6
f 2728/3/6 2719/3/6 2729/3/6
f 2724/1/6 2725/1/6 2731/1/6
f 2720/1/6 2721/1/6 2732/1/6
f 2732/1/6 2721/1/6 2733/1/6
f 2730/1/6 2731/1/6 2734/1/6
f 2731/1/6 2725/1/6 2735/1/6
f 2734/1/6 2731/1/6 2735/1/6
f 2736/1/6 2737/1/6 2740/1/6
f 2740/1/6 2737/1/6 2741/1/6
f 2738/1/6 2739/1/6 2746/1/6
f 2746/1/6 2739/1/6 2747/1/6
f 2741/1/6 2737/1/6 2748/1/6
f 2748/1/6 2737/1/6 2749/1/6
f 2742/1/6 2743/1/6 2750/1/6
f 2750/1/6 2743/1/6 2751/1/6
f 2744/4/6 2745/4/6 2752/4/6
f 2752/4/6 2745/4/6 2753/4/6
f 2744/4/6 2752/4/6 2754/4/6
f 2744/4/6 2754/4/6 2756/4/6
f 2754/4/6 2755/4/6 2756/4/6
f 2756/4/6 2755/4/6 2757/4/6
f 2758/12/6 2759/12/6 2760/12/6
f 2760/12/6 2759/12/6 2761/12/6
f 2761/12/6 2759/12/6 2762/12/6
f 2762/12/6 2759/12/6 2763/12/6
f 2761/12/6 2762/12/6 2764/12/6
f 2764/12/6 2762/12/6 2765/12/6
f 2766/3/6 2767/3/6 2768/3/6
f 2768/3/6 2767/3/6 2769/3/6
f 2770/1/6 2771/1/6 2774/1/6
f 2774/1/6 2771/1/6 2775/1/6
f 2775/1/6 2771/1/6 2778/1/6
f 2778/1/6 2771/1/6 2779/1/6
f 2776/1/6 2777/1/6 2780/1/6
f 2780/1/6 2777/1/6 2781/1/6
f 2772/13/6 2773/13/6 2782/13/6
f 2782/13/6 2773/13/6 2783/13/6
f 2784/13/6 2785/13/6 2786/13/6
f 2786/13/6 2785/13/6 2787/13/6
f 2784/13/6 2786/13/6 2790/13/6
f 2790/13/6 2786/13/6 2791/13/6
f 2788/7/6 2789/7/6 2792/7/6
f 2792/7/6 2789/7/6 2793/7/6
f 2794/3/6 2795/3/6 2796/3/6
f 2796/3/6 2795/3/6 2797/3/6
f 2799/4/6 2800/4/6 2803/4/6
f 2798/4/6 2799/4/6 2803/4/6
f 2803/4/6 2800/4/6 2804/4/6
f 2801/1/6 2802/1/6 2806/1/6
f 2804/4/6 2800/4/6 2809/4/6
f 2809/4/6 2800/4/6 2810/4/6
f 2805/1/6 2806/1/6 2811/1/6
f 2806/1/6 2802/1/6 2812/1/6
f 2811/1/6 2806/1/6 2812/1/6
f 2807/3/6 2808/3/6 2813/3/6
f 2813/3/6 2808/3/6 2814/3/6
f 2809/2/6 2810/2/6 2815/2/6
f 2815/2/6 2810/2/6 2816/2/6
f 2819/1/6 2820/1/6 2825/1/6
f 2825/1/6 2820/1/6 2826/1/6
f 2823/2/6 2824/2/6 2827/2/6
f 2827/2/6 2824/2/6 2828/2/6
f 2828/2/6 2824/2/6 2829/2/6
f 2821/3/6 2822/3/6 2830/3/6
f 2830/3/6 2822/3/6 2831/3/6
f 2817/1/6 2818/1/6 2832/1/6
f 2832/1/6 2818/1/6 2833/1/6
f 2834/3/6 2835/3/6 2838/3/6
f 2838/3/6 2835/3/6 2839/3/6
f 2836/1/6 2837/1/6 2840/1/6
f 2840/1/6 2837/1/6 2841/1/6
f 2842/1/6 2843/1/6 2844/1/6
f 2844/1/6 2843/1/6 2845/1/6
f 2845/1/6 2843/1/6 2846/1/6
f 2847/1/6 2848/1/6 2849/1/6
f 2849/1/6 2848/1/6 2850/1/6
f 2851/4/6 2852/4/6 2853/4/6
f 2853/4/6 2852/4/6 2854/4/6
f 2855/12/6 2856/12/6 2857/12/6
f 2857/12/6 2856/12/6 2858/12/6
f 2859/3/6 2860/3/6 2861/3/6
f 2861/3/6 2860/3/6 2862/3/6
f 2864/13/6 2865/13/6 2871/13/6
f 2871/13/6 2865/13/6 2872/13/6
f 2866/1/6 2867/1/6 2873/1/6
f 2869/13/6 2870/13/6 2875/13/6
f 2868/1/6 2869/1/6 2875/1/6
f 2875/13/6 2870/13/6 2876/13/6
f 2863/1/6 2864/1/6 2877/1/6
f 2864/13/6 2871/13/6 2878/13/6
f 2877/1/6 2864/1/6 2878/1/6
f 2878/13/6 2871/13/6 2879/13/6
f 2873/1/6 2874/1/6 2880/1/6
f 2866/1/6 2873/1/6 2880/1/6
f 2880/1/6 2874/1/6 2881/1/6
f 2868/1/6 2875/1/6 2882/1/6
f 2882/1/6 2875/1/6 2883/1/6
f 2884/4/6 2885/4/6 2886/4/6
f 2886/4/6 2885/4/6 2887/4/6
f 2887/4/6 2885/4/6 2888/4/6
f 2888/4/6 2885/4/6 2889/4/6
f 2890/2/6 2891/2/6 2894/2/6
f 2894/2/6 2891/2/6 2895/2/6
f 2892/3/6 2893/3/6 2896/3/6
f 2896/3/6 2893/3/6 2897/3/6
f 2898/3/6 2899/3/6 2900/3/6
f 2900/3/6 2899/3/6 2901/3/6
f 2902/1/6 2903/1/6 2906/1/6
f 2906/1/6 2903/1/6 2907/1/6
f 2907/1/6 2903/1/6 2908/1/6
f 2904/1/6 2905/1/6 2909/1/6
f 2907/1/6 2908/1/6 2912/1/6
f 2908/1/6 2909/1/6 2912/1/6
f 2909/1/6 2905/1/6 2913/1/6
f 2912/1/6 2909/1/6 2913/1/6
f 2910/13/6 2911/13/6 2914/13/6
f 2914/13/6 2911/13/6 2915/13/6
f 2914/1/6 2915/1/6 2918/1/6
f 2918/1/6 2915/1/6 2919/1/6
f 2920/2/6 2921/2/6 2924/2/6
f 2924/2/6 2921/2/6 2925/2/6
f 2916/4/6 2917/4/6 2926/4/6
f 2922/1/6 2923/1/6 2927/1/6
f 2927/1/6 2923/1/6 2928/1/6
f 2928/1/6 2923/1/6 2929/1/6
f 2930/2/6 2931/2/6 2935/2/6
f 2935/2/6 2931/2/6 2936/2/6
f 2933/1/6 2934/1/6 2937/1/6
f 2932/1/6 2933/1/6 2937/1/6
f 2937/1/6 2934/1/6 2938/1/6
f 2938/1/6 2934/1/6 2939/1/6
f 2916/4/6 2926/4/6 2941/4/6
f 2941/4/6 2926/4/6 2942/4/6
f 2939/2/6 2940/2/6 2945/2/6
f 2945/2/6 2940/2/6 2946/2/6
f 2943/1/6 2944/1/6 2947/1/6
f 2944/1/6 2945/1/6 2947/1/6
f 2947/1/6 2945/1/6 2948/1/6
f 2951/1/6 2952/1/6 2953/1/6
f 2949/1/6 2950/1/6 2955/1/6
f 2955/1/6 2950/1/6 2956/1/6
f 2953/1/6 2954/1/6 2957/1/6
f 2951/1/6 2953/1/6 2957/1/6
f 2957/1/6 2954/1/6 2958/1/6
f 2959/3/6 2960/3/6 2961/3/6
f 2961/3/6 2960/3/6 2962/3/6
f 2963/4/6 2964/4/6 2966/4/6
f 2964/2/6 2965/2/6 2966/2/6
f 2966/2/6 2965/2/6 2967/2/6
f 2963/4/6 2966/4/6 2968/4/6
f 2968/4/6 2966/4/6 2969/4/6
f 2969/4/6 2966/4/6 2970/4/6
f 2969/13/6 2970/13/6 2973/13/6
f 2971/2/6 2972/2/6 2974/2/6
f 2974/2/6 2972/2/6 2975/2/6
f 2969/13/6 2973/13/6 2976/13/6
f 2976/13/6 2973/13/6 2977/13/6
f 2978/2/6 2979/2/6 2980/2/6
f 2980/2/6 2979/2/6 2981/2/6
f 2982/1/6 2983/1/6 2984/1/6
f 2984/1/6 2983/1/6 2985/1/6
f 2986/3/6 2987/3/6 2988/3/6
f 2988/3/6 2987/3/6 2989/3/6
f 2990/3/6 2991/3/6 2992/3/6
f 2992/3/6 2991/3/6 2993/3/6
f 2996/12/6 2997/12/6 2998/12/6
f 2998/12/6 2997/12/6 2999/12/6
f 2994/12/6 2995/12/6 3000/12/6
f 3000/12/6 2995/12/6 3001/12/6
f 3002/13/6 3003/13/6 3004/13/6
f 3004/13/6 3003/13/6 3005/13/6
f 3006/3/6 3007/3/6 3008/3/6
f 3008/3/6 3007/3/6 3009/3/6
f 3010/12/6 3011/12/6 3012/12/6
f 3012/12/6 3011/12/6 3013/12/6
f 3014/6/6 3015/6/6 3016/6/6
f 3016/6/6 3015/6/6 3017/6/6
f 3018/6/6 3019/6/6 3022/6/6
f 3022/6/6 3019/6/6 3023/6/6
f 3020/6/6 3021/6/6 3024/6/6
f 3024/6/6 3021/6/6 3025/6/6
f 3026/6/6 3027/6/6 3028/6/6
f 3028/6/6 3027/6/6 3031/6/6
f 3029/14/6 3030/14/6 3032/14/6
f 3032/14/6 3030/14/6 3033/14/6
f 3031/6/6 3027/6/6 3034/6/6
f 3034/6/6 3027/6/6 3035/6/6
f 3036/6/6 3037/6/6 3038/6/6
f 3038/6/6 3037/6/6 3039/6/6
f 3038/13/6 3039/13/6 3040/13/6
f 3040/13/6 3039/13/6 3041/13/6
f 3040/6/6 3041/6/6 3043/6/6
f 3043/6/6 3041/6/6 3044/6/6
f 3042/6/6 3043/6/6 3045/6/6
f 3045/6/6 3043/6/6 3046/6/6
f 3047/14/6 3048/14/6 3052/14/6
f 3048/12/6 3049/12/6 3053/12/6
f 3052/14/6 3048/14/6 3053/14/6
f 3049/14/6 3050/14/6 3054/14/6
f 3053/12/6 3049/12/6 3054/12/6
f 3054/14/6 3050/14/6 3055/14/6
f 3051/14/6 3052/14/6 3056/14/6
f 3056/14/6 3052/14/6 3057/14/6
f 3057/12/6 3058/12/6 3059/12/6
f 3059/12/6 3058/12/6 3060/12/6
f 3060/12/6 3058/12/6 3061/12/6
f 3061/12/6 3058/12/6 3062/12/6
f 3063/12/6 3064/12/6 3065/12/6
f 3065/12/6 3064/12/6 3066/12/6
