# MagicaVoxel @ Ephtracy

# group
o 

# material
mtllib Wall.mtl
usemtl palette

# normals
vn -1 0 0
vn 1 0 0
vn 0 0 1
vn 0 0 -1
vn 0 -1 0
vn 0 1 0

# texcoords
vt 0.00195312 0.5
vt 0.158203 0.5
vt 0.162109 0.5
vt 0.166016 0.5
vt 0.169922 0.5

# verts
v -2 0 2
v -2 0 0.5
v -2 0 0.3
v -2 0 -0.4
v -2 0 -1
v -2 0 -1.9
v -2 0 -2
v -2 0.1 1.1
v -2 0.1 0.9
v -2 0.1 0.7
v -2 0.1 0.5
v -2 0.1 0.4
v -2 0.1 0.3
v -2 0.1 -0.3
v -2 0.1 -0.4
v -2 0.1 -0.5
v -2 0.1 -0.6
v -2 0.1 -0.8
v -2 0.1 -0.9
v -2 0.1 -1
v -2 0.1 -1.5
v -2 0.1 -1.7
v -2 0.1 -1.8
v -2 0.1 -1.9
v -2 0.1 -2
v -2 0.2 2
v -2 0.2 1.1
v -2 0.2 0.9
v -2 0.2 0.7
v -2 0.2 0.4
v -2 0.2 -0.3
v -2 0.2 -0.5
v -2 0.2 -0.6
v -2 0.2 -0.8
v -2 0.2 -0.9
v -2 0.2 -1.5
v -2 0.2 -1.7
v -2 0.2 -1.8
v -2 0.2 -1.9
v -2 0.2 -2
v -1.9 0.2 1.9
v -1.9 0.2 1.1
v -1.9 0.2 0.9
v -1.9 0.2 0.7
v -1.9 0.2 0.5
v -1.9 0.2 0.4
v -1.9 0.2 0.0999999
v -1.9 0.2 -0.2
v -1.9 0.2 -0.3
v -1.9 0.2 -0.5
v -1.9 0.2 -0.6
v -1.9 0.2 -0.8
v -1.9 0.2 -0.9
v -1.9 0.2 -1.1
v -1.9 0.2 -1.5
v -1.9 0.2 -1.6
v -1.9 0.2 -1.7
v -1.9 0.2 -1.8
v -1.9 0.2 -1.9
v -1.9 0.3 1.9
v -1.9 0.3 1.1
v -1.9 0.3 0.9
v -1.9 0.3 0.7
v -1.9 0.3 0.5
v -1.9 0.3 0.0999999
v -1.9 0.3 -0.2
v -1.9 0.3 -0.6
v -1.9 0.3 -0.8
v -1.9 0.3 -0.9
v -1.9 0.3 -1.1
v -1.9 0.3 -1.6
v -1.9 0.3 -1.9
v -0.4 2 1.8
v -0.4 2 -1.1
v -0.4 2 -1.3
v -0.4 2 -1.8
v -0.4 2.1 1.6
v -0.4 2.1 0.4
v -0.4 2.1 0.3
v -0.4 2.1 -2.38419e-07
v -0.4 2.1 -0.5
v -0.4 2.1 -1
v -0.4 2.2 1.7
v -0.4 2.2 1.6
v -0.4 2.2 1.4
v -0.4 2.2 0.9
v -0.4 2.2 0.7
v -0.4 2.2 0.4
v -0.4 2.2 0.3
v -0.4 2.2 0.2
v -0.4 2.2 -2.38419e-07
v -0.4 2.2 -0.1
v -0.4 2.2 -0.4
v -0.4 2.2 -0.5
v -0.4 2.2 -0.6
v -0.4 2.2 -1
v -0.4 2.2 -1.1
v -0.4 2.2 -1.3
v -0.4 2.2 -1.4
v -0.4 2.2 -1.5
v -0.4 2.2 -1.8
v -0.4 2.3 1.8
v -0.4 2.3 1.7
v -0.4 2.3 1.6
v -0.4 2.3 1.5
v -0.4 2.3 1.4
v -0.4 2.3 1.3
v -0.4 2.3 1.1
v -0.4 2.3 0.9
v -0.4 2.3 0.8
v -0.4 2.3 0.7
v -0.4 2.3 0.4
v -0.4 2.3 0.0999999
v -0.4 2.3 -2.38419e-07
v -0.4 2.3 -0.1
v -0.4 2.3 -0.3
v -0.4 2.3 -0.4
v -0.4 2.3 -0.5
v -0.4 2.3 -0.6
v -0.4 2.3 -0.7
v -0.4 2.3 -0.9
v -0.4 2.3 -1.1
v -0.4 2.3 -1.4
v -0.4 2.3 -1.5
v -0.4 2.3 -1.7
v -0.4 2.3 -1.8
v -0.4 2.4 1.7
v -0.4 2.4 1.6
v -0.4 2.4 1.5
v -0.4 2.4 1.3
v -0.4 2.4 1.1
v -0.4 2.4 0.8
v -0.4 2.4 0.7
v -0.4 2.4 0.4
v -0.4 2.4 0.3
v -0.4 2.4 0.2
v -0.4 2.4 0.0999999
v -0.4 2.4 -0.3
v -0.4 2.4 -0.5
v -0.4 2.4 -0.7
v -0.4 2.4 -0.9
v -0.4 2.4 -1.3
v -0.4 2.4 -1.4
v -0.4 2.4 -1.7
v -0.3 0.3 1.7
v -0.3 0.3 1.5
v -0.3 0.3 0.6
v -0.3 0.3 -1.1
v -0.3 0.3 -1.7
v -0.3 2 1.7
v -0.3 2 -1.1
v -0.3 2 -1.3
v -0.3 2 -1.7
v -0.3 2.3 1.8
v -0.3 2.3 1.7
v -0.3 2.3 -1.7
v -0.3 2.3 -1.8
v -0.3 2.4 1.8
v -0.3 2.4 1.7
v -0.3 2.4 1.6
v -0.3 2.4 1.5
v -0.3 2.4 1.3
v -0.3 2.4 1.1
v -0.3 2.4 0.8
v -0.3 2.4 0.7
v -0.3 2.4 0.4
v -0.3 2.4 0.3
v -0.3 2.4 0.2
v -0.3 2.4 0.0999999
v -0.3 2.4 -0.3
v -0.3 2.4 -0.5
v -0.3 2.4 -0.7
v -0.3 2.4 -0.8
v -0.3 2.4 -0.9
v -0.3 2.4 -1.3
v -0.3 2.4 -1.4
v -0.3 2.4 -1.7
v -0.3 2.4 -1.8
v -0.3 2.5 1.7
v -0.3 2.5 1.6
v -0.3 2.5 1.3
v -0.3 2.5 -0.3
v -0.3 2.5 -0.8
v -0.3 2.5 -1.7
v 0.3 0.3 1.7
v 0.3 0.3 1.6
v 0.3 0.3 0.3
v 0.3 0.3 0.2
v 0.3 0.3 -1.2
v 0.3 0.3 -1.4
v 0.3 0.3 -1.6
v 0.3 0.3 -1.7
v 0.3 2 1.7
v 0.3 2 1.3
v 0.3 2 1
v 0.3 2 -1.7
v 0.3 2.3 1.8
v 0.3 2.3 1.7
v 0.3 2.3 -1.7
v 0.3 2.3 -1.8
v 0.3 2.4 1.8
v 0.3 2.4 1.7
v 0.3 2.4 1.6
v 0.3 2.4 1.5
v 0.3 2.4 1.4
v 0.3 2.4 1.3
v 0.3 2.4 1.2
v 0.3 2.4 1.1
v 0.3 2.4 1
v 0.3 2.4 0.8
v 0.3 2.4 0.7
v 0.3 2.4 0.6
v 0.3 2.4 0.5
v 0.3 2.4 0.4
v 0.3 2.4 0.0999999
v 0.3 2.4 -2.38419e-07
v 0.3 2.4 -0.1
v 0.3 2.4 -0.2
v 0.3 2.4 -0.3
v 0.3 2.4 -0.6
v 0.3 2.4 -0.7
v 0.3 2.4 -0.9
v 0.3 2.4 -1
v 0.3 2.4 -1.1
v 0.3 2.4 -1.2
v 0.3 2.4 -1.4
v 0.3 2.4 -1.5
v 0.3 2.4 -1.6
v 0.3 2.4 -1.7
v 0.3 2.4 -1.8
v 0.3 2.5 1.7
v 0.3 2.5 1.5
v 0.3 2.5 1.4
v 0.3 2.5 1.2
v 0.3 2.5 1.1
v 0.3 2.5 1
v 0.3 2.5 -0.1
v 0.3 2.5 -0.2
v 0.3 2.5 -0.9
v 0.3 2.5 -1.4
v 0.3 2.5 -1.6
v 0.3 2.5 -1.7
v 0.4 2 1.8
v 0.4 2 1.7
v 0.4 2 1.3
v 0.4 2 1
v 0.4 2 -1.8
v 0.4 2.1 1.6
v 0.4 2.1 1.4
v 0.4 2.1 1.3
v 0.4 2.1 1
v 0.4 2.1 0.8
v 0.4 2.1 -0.2
v 0.4 2.1 -0.3
v 0.4 2.1 -0.5
v 0.4 2.1 -1
v 0.4 2.1 -1.1
v 0.4 2.1 -1.2
v 0.4 2.1 -1.3
v 0.4 2.2 1.6
v 0.4 2.2 1.5
v 0.4 2.2 1.4
v 0.4 2.2 1.3
v 0.4 2.2 1
v 0.4 2.2 0.7
v 0.4 2.2 0.4
v 0.4 2.2 -2.38419e-07
v 0.4 2.2 -0.1
v 0.4 2.2 -0.2
v 0.4 2.2 -0.3
v 0.4 2.2 -0.5
v 0.4 2.2 -0.7
v 0.4 2.2 -0.9
v 0.4 2.2 -1.2
v 0.4 2.2 -1.3
v 0.4 2.2 -1.5
v 0.4 2.2 -1.7
v 0.4 2.3 1.8
v 0.4 2.3 1.7
v 0.4 2.3 1.6
v 0.4 2.3 1.5
v 0.4 2.3 1
v 0.4 2.3 0.8
v 0.4 2.3 0.7
v 0.4 2.3 0.6
v 0.4 2.3 0.5
v 0.4 2.3 0.4
v 0.4 2.3 0.0999999
v 0.4 2.3 -0.1
v 0.4 2.3 -0.2
v 0.4 2.3 -0.5
v 0.4 2.3 -0.6
v 0.4 2.3 -0.9
v 0.4 2.3 -1
v 0.4 2.3 -1.1
v 0.4 2.3 -1.2
v 0.4 2.3 -1.5
v 0.4 2.3 -1.7
v 0.4 2.3 -1.8
v 0.4 2.4 1.7
v 0.4 2.4 1.6
v 0.4 2.4 1.4
v 0.4 2.4 1.3
v 0.4 2.4 1
v 0.4 2.4 0.8
v 0.4 2.4 0.7
v 0.4 2.4 0.6
v 0.4 2.4 0.5
v 0.4 2.4 0.4
v 0.4 2.4 0.0999999
v 0.4 2.4 -2.38419e-07
v 0.4 2.4 -0.1
v 0.4 2.4 -0.3
v 0.4 2.4 -0.6
v 0.4 2.4 -0.7
v 0.4 2.4 -1
v 0.4 2.4 -1.1
v 0.4 2.4 -1.2
v 0.4 2.4 -1.5
v 0.4 2.4 -1.7
v 1.9 0.2 1.9
v 1.9 0.2 1.8
v 1.9 0.2 1.7
v 1.9 0.2 1.6
v 1.9 0.2 1.5
v 1.9 0.2 1.4
v 1.9 0.2 1.3
v 1.9 0.2 1.2
v 1.9 0.2 1.1
v 1.9 0.2 0.6
v 1.9 0.2 0.4
v 1.9 0.2 0.3
v 1.9 0.2 0.2
v 1.9 0.2 0.0999999
v 1.9 0.2 -0.1
v 1.9 0.2 -0.2
v 1.9 0.2 -0.4
v 1.9 0.2 -0.8
v 1.9 0.2 -1
v 1.9 0.2 -1.1
v 1.9 0.2 -1.2
v 1.9 0.2 -1.3
v 1.9 0.2 -1.4
v 1.9 0.2 -1.6
v 1.9 0.2 -1.7
v 1.9 0.2 -1.9
v 1.9 0.3 1.9
v 1.9 0.3 1.8
v 1.9 0.3 1.7
v 1.9 0.3 1.6
v 1.9 0.3 1.5
v 1.9 0.3 1.4
v 1.9 0.3 1.1
v 1.9 0.3 0.6
v 1.9 0.3 0.4
v 1.9 0.3 0.3
v 1.9 0.3 0.0999999
v 1.9 0.3 -0.2
v 1.9 0.3 -0.4
v 1.9 0.3 -1.2
v 1.9 0.3 -1.3
v 1.9 0.3 -1.4
v 1.9 0.3 -1.7
v 1.9 0.3 -1.9
v 2 0 2
v 2 0 1.7
v 2 0 1.6
v 2 0 1.5
v 2 0 1.2
v 2 0 0.3
v 2 0 0.2
v 2 0 0.0999999
v 2 0 -2.38419e-07
v 2 0 -0.1
v 2 0 -0.3
v 2 0 -1
v 2 0 -1.5
v 2 0 -2
v 2 0.1 2
v 2 0.1 1.9
v 2 0.1 1.7
v 2 0.1 1.5
v 2 0.1 1.3
v 2 0.1 1.2
v 2 0.1 1.1
v 2 0.1 0.4
v 2 0.1 0.3
v 2 0.1 0.2
v 2 0.1 0.0999999
v 2 0.1 -2.38419e-07
v 2 0.1 -0.1
v 2 0.1 -0.3
v 2 0.1 -0.4
v 2 0.1 -0.8
v 2 0.1 -1
v 2 0.1 -1.1
v 2 0.1 -1.3
v 2 0.1 -1.5
v 2 0.1 -1.6
v 2 0.2 2
v 2 0.2 1.9
v 2 0.2 1.6
v 2 0.2 1.5
v 2 0.2 1.3
v 2 0.2 1.2
v 2 0.2 1.1
v 2 0.2 0.4
v 2 0.2 0.3
v 2 0.2 0.2
v 2 0.2 0.0999999
v 2 0.2 -0.1
v 2 0.2 -0.4
v 2 0.2 -0.8
v 2 0.2 -1
v 2 0.2 -1.1
v 2 0.2 -1.3
v 2 0.2 -1.6
v 2 0.2 -2
v -2 0 2
v -2 0.2 2
v -1.4 0.1 2
v -1.4 0.2 2
v -1 0 2
v -1 0.1 2
v -0.9 0 2
v -0.9 0.1 2
v -0.9 0.2 2
v -0.8 0 2
v -0.8 0.1 2
v -0.8 0.2 2
v -0.7 0 2
v -0.7 0.2 2
v -0.5 0 2
v -0.5 0.1 2
v -0.5 0.2 2
v -0.4 0.1 2
v -0.4 0.2 2
v -0.2 0.1 2
v -0.2 0.2 2
v -0.0999999 0 2
v -0.0999999 0.1 2
v -0.0999999 0.2 2
v 2.38419e-07 0 2
v 2.38419e-07 0.1 2
v 2.38419e-07 0.2 2
v 0.1 0.1 2
v 0.1 0.2 2
v 0.2 0.1 2
v 0.2 0.2 2
v 0.3 0 2
v 0.3 0.1 2
v 0.4 0 2
v 0.4 0.1 2
v 0.5 0.1 2
v 0.5 0.2 2
v 0.6 0 2
v 0.6 0.1 2
v 0.6 0.2 2
v 0.8 0 2
v 0.8 0.1 2
v 0.8 0.2 2
v 1 0.1 2
v 1 0.2 2
v 1.2 0.1 2
v 1.2 0.2 2
v 1.3 0.1 2
v 1.3 0.2 2
v 1.4 0 2
v 1.4 0.1 2
v 1.4 0.2 2
v 1.5 0 2
v 1.5 0.1 2
v 1.6 0 2
v 1.6 0.1 2
v 1.6 0.2 2
v 1.8 0 2
v 1.8 0.1 2
v 1.8 0.2 2
v 2 0 2
v 2 0.1 2
v 2 0.2 2
v -1.9 0.2 1.9
v -1.9 0.3 1.9
v -1.6 0.2 1.9
v -1.6 0.3 1.9
v -1.4 0.2 1.9
v -1 0.2 1.9
v -1 0.3 1.9
v -0.9 0.2 1.9
v -0.8 0.2 1.9
v -0.8 0.3 1.9
v -0.7 0.2 1.9
v -0.6 0.2 1.9
v -0.6 0.3 1.9
v -0.5 0.2 1.9
v -0.4 0.2 1.9
v -0.4 0.3 1.9
v -0.2 0.2 1.9
v -0.2 0.3 1.9
v -0.0999999 0.2 1.9
v 2.38419e-07 0.2 1.9
v 0.1 0.2 1.9
v 0.1 0.3 1.9
v 0.2 0.2 1.9
v 0.2 0.3 1.9
v 0.3 0.2 1.9
v 0.3 0.3 1.9
v 0.4 0.2 1.9
v 0.4 0.3 1.9
v 0.5 0.2 1.9
v 0.5 0.3 1.9
v 0.6 0.2 1.9
v 0.6 0.3 1.9
v 0.7 0.2 1.9
v 0.7 0.3 1.9
v 0.8 0.2 1.9
v 1 0.2 1.9
v 1 0.3 1.9
v 1.2 0.2 1.9
v 1.3 0.2 1.9
v 1.4 0.2 1.9
v 1.5 0.2 1.9
v 1.5 0.3 1.9
v 1.6 0.2 1.9
v 1.7 0.2 1.9
v 1.7 0.3 1.9
v 1.8 0.2 1.9
v 1.9 0.2 1.9
v 1.9 0.3 1.9
v -0.4 2 1.8
v -0.4 2.3 1.8
v -0.3 2.1 1.8
v -0.3 2.3 1.8
v -0.3 2.4 1.8
v -0.0999999 2.1 1.8
v -0.0999999 2.2 1.8
v -0.0999999 2.3 1.8
v -0.0999999 2.4 1.8
v 0.1 2.3 1.8
v 0.1 2.4 1.8
v 0.2 2.2 1.8
v 0.2 2.3 1.8
v 0.2 2.4 1.8
v 0.3 2 1.8
v 0.3 2.1 1.8
v 0.3 2.3 1.8
v 0.3 2.4 1.8
v 0.4 2 1.8
v 0.4 2.3 1.8
v -0.4 2.3 1.7
v -0.4 2.4 1.7
v -0.3 0.3 1.7
v -0.3 2 1.7
v -0.3 2.3 1.7
v -0.3 2.4 1.7
v -0.3 2.5 1.7
v -0.2 0.3 1.7
v -0.0999999 2.4 1.7
v 2.38419e-07 2.4 1.7
v 2.38419e-07 2.5 1.7
v 0.1 0.3 1.7
v 0.1 2.4 1.7
v 0.1 2.5 1.7
v 0.2 0.3 1.7
v 0.2 2.4 1.7
v 0.2 2.5 1.7
v 0.3 0.3 1.7
v 0.3 2 1.7
v 0.3 2.3 1.7
v 0.3 2.4 1.7
v 0.3 2.5 1.7
v 0.4 2.3 1.7
v 0.4 2.4 1.7
v -0.4 2.3 -1.7
v -0.4 2.4 -1.7
v -0.3 0.3 -1.7
v -0.3 2 -1.7
v -0.3 2.3 -1.7
v -0.3 2.4 -1.7
v -0.3 2.5 -1.7
v -0.2 2 -1.7
v -0.2 2.4 -1.7
v -0.0999999 0.3 -1.7
v -0.0999999 2 -1.7
v -0.0999999 2.4 -1.7
v -0.0999999 2.5 -1.7
v 2.38419e-07 0.3 -1.7
v 0.1 0.3 -1.7
v 0.1 2.4 -1.7
v 0.2 0.3 -1.7
v 0.3 0.3 -1.7
v 0.3 2 -1.7
v 0.3 2.3 -1.7
v 0.3 2.4 -1.7
v 0.3 2.5 -1.7
v 0.4 2.3 -1.7
v 0.4 2.4 -1.7
v -0.4 2 -1.8
v -0.4 2.2 -1.8
v -0.4 2.3 -1.8
v -0.3 2.2 -1.8
v -0.3 2.3 -1.8
v -0.3 2.4 -1.8
v -0.2 2 -1.8
v -0.2 2.2 -1.8
v -0.2 2.3 -1.8
v -0.2 2.4 -1.8
v -0.0999999 2 -1.8
v -0.0999999 2.1 -1.8
v -0.0999999 2.2 -1.8
v -0.0999999 2.3 -1.8
v 2.38419e-07 2.1 -1.8
v 2.38419e-07 2.3 -1.8
v 0.1 2.2 -1.8
v 0.1 2.3 -1.8
v 0.1 2.4 -1.8
v 0.3 2.2 -1.8
v 0.3 2.3 -1.8
v 0.3 2.4 -1.8
v 0.4 2 -1.8
v 0.4 2.3 -1.8
v -1.9 0.2 -1.9
v -1.9 0.3 -1.9
v -1.7 0.2 -1.9
v -1.6 0.2 -1.9
v -1.6 0.3 -1.9
v -1.4 0.2 -1.9
v -1.4 0.3 -1.9
v -1.2 0.2 -1.9
v -1.2 0.3 -1.9
v -1 0.2 -1.9
v -1 0.3 -1.9
v -0.8 0.2 -1.9
v -0.8 0.3 -1.9
v -0.5 0.2 -1.9
v -0.5 0.3 -1.9
v -0.3 0.2 -1.9
v -0.3 0.3 -1.9
v -0.2 0.2 -1.9
v -0.2 0.3 -1.9
v -0.0999999 0.2 -1.9
v -0.0999999 0.3 -1.9
v 2.38419e-07 0.2 -1.9
v 0.1 0.2 -1.9
v 0.1 0.3 -1.9
v 0.3 0.2 -1.9
v 0.5 0.2 -1.9
v 0.6 0.2 -1.9
v 0.6 0.3 -1.9
v 0.8 0.2 -1.9
v 0.8 0.3 -1.9
v 1 0.2 -1.9
v 1 0.3 -1.9
v 1.4 0.2 -1.9
v 1.4 0.3 -1.9
v 1.5 0.2 -1.9
v 1.6 0.2 -1.9
v 1.7 0.2 -1.9
v 1.7 0.3 -1.9
v 1.8 0.2 -1.9
v 1.9 0.2 -1.9
v 1.9 0.3 -1.9
v -2 0 -2
v -2 0.1 -2
v -2 0.2 -2
v -1.9 0.1 -2
v -1.9 0.2 -2
v -1.7 0 -2
v -1.7 0.1 -2
v -1.7 0.2 -2
v -1.4 0 -2
v -1.4 0.1 -2
v -1.4 0.2 -2
v -1.2 0 -2
v -1.2 0.1 -2
v -1 0.1 -2
v -1 0.2 -2
v -0.8 0.1 -2
v -0.8 0.2 -2
v -0.3 0.1 -2
v -0.3 0.2 -2
v -0.0999999 0.1 -2
v -0.0999999 0.2 -2
v 2.38419e-07 0.1 -2
v 2.38419e-07 0.2 -2
v 0.1 0.1 -2
v 0.1 0.2 -2
v 0.3 0.1 -2
v 0.3 0.2 -2
v 0.5 0 -2
v 0.5 0.1 -2
v 0.5 0.2 -2
v 0.7 0 -2
v 0.7 0.1 -2
v 0.8 0 -2
v 0.8 0.1 -2
v 0.8 0.2 -2
v 1 0.1 -2
v 1 0.2 -2
v 1.4 0 -2
v 1.4 0.1 -2
v 1.4 0.2 -2
v 1.5 0.1 -2
v 1.5 0.2 -2
v 1.6 0 -2
v 1.6 0.1 -2
v 1.6 0.2 -2
v 1.7 0 -2
v 1.7 0.1 -2
v 1.7 0.2 -2
v 1.8 0 -2
v 1.8 0.2 -2
v 2 0 -2
v 2 0.2 -2
v -2 0 2
v -1 0 2
v -0.9 0 2
v -0.8 0 2
v -0.7 0 2
v -0.5 0 2
v -0.0999999 0 2
v 2.38419e-07 0 2
v 0.3 0 2
v 0.4 0 2
v 0.6 0 2
v 0.8 0 2
v 1.4 0 2
v 1.5 0 2
v 1.6 0 2
v 1.8 0 2
v 2 0 2
v -1 0 1.9
v -0.9 0 1.9
v -0.8 0 1.9
v -0.7 0 1.9
v -0.5 0 1.9
v -0.0999999 0 1.9
v 2.38419e-07 0 1.9
v 0.3 0 1.9
v 0.4 0 1.9
v 0.6 0 1.9
v 0.8 0 1.9
v 1.4 0 1.9
v 1.5 0 1.9
v 1.6 0 1.9
v 1.8 0 1.9
v 1.9 0 1.7
v 2 0 1.7
v 1.9 0 1.6
v 2 0 1.6
v 1.9 0 1.5
v 2 0 1.5
v 1.9 0 1.2
v 2 0 1.2
v -2 0 0.5
v -1.9 0 0.5
v -2 0 0.3
v -1.9 0 0.3
v 1.9 0 0.3
v 2 0 0.3
v 1.9 0 0.2
v 2 0 0.2
v 1.9 0 0.0999999
v 2 0 0.0999999
v 1.9 0 -2.38419e-07
v 2 0 -2.38419e-07
v 1.9 0 -0.1
v 2 0 -0.1
v 1.9 0 -0.3
v 2 0 -0.3
v -2 0 -0.4
v -1.9 0 -0.4
v -2 0 -1
v -1.9 0 -1
v 1.9 0 -1
v 2 0 -1
v 1.9 0 -1.5
v 2 0 -1.5
v -2 0 -1.9
v -1.7 0 -1.9
v -1.4 0 -1.9
v -1.2 0 -1.9
v 0.5 0 -1.9
v 0.7 0 -1.9
v 0.8 0 -1.9
v 1.4 0 -1.9
v 1.6 0 -1.9
v 1.7 0 -1.9
v 1.8 0 -1.9
v -2 0 -2
v -1.7 0 -2
v -1.4 0 -2
v -1.2 0 -2
v 0.5 0 -2
v 0.7 0 -2
v 0.8 0 -2
v 1.4 0 -2
v 1.6 0 -2
v 1.7 0 -2
v 1.8 0 -2
v 2 0 -2
v -0.4 2 1.8
v 0.3 2 1.8
v 0.4 2 1.8
v -0.3 2 1.7
v 0.3 2 1.7
v 0.4 2 1.7
v 0.3 2 1.3
v 0.4 2 1.3
v 0.3 2 1
v 0.4 2 1
v -0.4 2 -1.1
v -0.3 2 -1.1
v -0.4 2 -1.3
v -0.3 2 -1.3
v -0.3 2 -1.7
v -0.2 2 -1.7
v -0.0999999 2 -1.7
v 0.3 2 -1.7
v -0.4 2 -1.8
v -0.2 2 -1.8
v -0.0999999 2 -1.8
v 0.4 2 -1.8
v -2 0.2 2
v -1.4 0.2 2
v -0.9 0.2 2
v -0.8 0.2 2
v -0.7 0.2 2
v -0.5 0.2 2
v -0.4 0.2 2
v -0.2 0.2 2
v -0.0999999 0.2 2
v 2.38419e-07 0.2 2
v 0.1 0.2 2
v 0.2 0.2 2
v 0.5 0.2 2
v 0.6 0.2 2
v 0.8 0.2 2
v 1 0.2 2
v 1.2 0.2 2
v 1.3 0.2 2
v 1.4 0.2 2
v 1.6 0.2 2
v 1.8 0.2 2
v 2 0.2 2
v -1.9 0.2 1.9
v -1.6 0.2 1.9
v -1.4 0.2 1.9
v -1 0.2 1.9
v -0.9 0.2 1.9
v -0.8 0.2 1.9
v -0.7 0.2 1.9
v -0.6 0.2 1.9
v -0.5 0.2 1.9
v -0.4 0.2 1.9
v -0.2 0.2 1.9
v -0.0999999 0.2 1.9
v 2.38419e-07 0.2 1.9
v 0.1 0.2 1.9
v 0.2 0.2 1.9
v 0.3 0.2 1.9
v 0.4 0.2 1.9
v 0.5 0.2 1.9
v 0.6 0.2 1.9
v 0.7 0.2 1.9
v 0.8 0.2 1.9
v 1 0.2 1.9
v 1.2 0.2 1.9
v 1.3 0.2 1.9
v 1.4 0.2 1.9
v 1.5 0.2 1.9
v 1.6 0.2 1.9
v 1.7 0.2 1.9
v 1.8 0.2 1.9
v 1.9 0.2 1.9
v 2 0.2 1.9
v 1.9 0.2 1.8
v 1.9 0.2 1.7
v 1.9 0.2 1.6
v 2 0.2 1.6
v 1.9 0.2 1.5
v 2 0.2 1.5
v 1.9 0.2 1.4
v 1.9 0.2 1.3
v 2 0.2 1.3
v 1.9 0.2 1.2
v 2 0.2 1.2
v -2 0.2 1.1
v -1.9 0.2 1.1
v 1.9 0.2 1.1
v 2 0.2 1.1
v -2 0.2 0.9
v -1.9 0.2 0.9
v -2 0.2 0.7
v -1.9 0.2 0.7
v 1.9 0.2 0.6
v -1.9 0.2 0.5
v -2 0.2 0.4
v -1.9 0.2 0.4
v 1.9 0.2 0.4
v 2 0.2 0.4
v 1.9 0.2 0.3
v 2 0.2 0.3
v 1.9 0.2 0.2
v 2 0.2 0.2
v -1.9 0.2 0.0999999
v 1.9 0.2 0.0999999
v 2 0.2 0.0999999
v 1.9 0.2 -0.1
v 2 0.2 -0.1
v -1.9 0.2 -0.2
v 1.9 0.2 -0.2
v -2 0.2 -0.3
v -1.9 0.2 -0.3
v 1.9 0.2 -0.4
v 2 0.2 -0.4
v -2 0.2 -0.5
v -1.9 0.2 -0.5
v -2 0.2 -0.6
v -1.9 0.2 -0.6
v -2 0.2 -0.8
v -1.9 0.2 -0.8
v 1.9 0.2 -0.8
v 2 0.2 -0.8
v -2 0.2 -0.9
v -1.9 0.2 -0.9
v 1.9 0.2 -1
v 2 0.2 -1
v -1.9 0.2 -1.1
v 1.9 0.2 -1.1
v 2 0.2 -1.1
v 1.9 0.2 -1.2
v 1.9 0.2 -1.3
v 2 0.2 -1.3
v 1.9 0.2 -1.4
v -2 0.2 -1.5
v -1.9 0.2 -1.5
v -1.9 0.2 -1.6
v 1.9 0.2 -1.6
v 2 0.2 -1.6
v -2 0.2 -1.7
v -1.9 0.2 -1.7
v 1.9 0.2 -1.7
v -2 0.2 -1.8
v -1.9 0.2 -1.8
v -2 0.2 -1.9
v -1.9 0.2 -1.9
v -1.7 0.2 -1.9
v -1.6 0.2 -1.9
v -1.4 0.2 -1.9
v -1.2 0.2 -1.9
v -1 0.2 -1.9
v -0.8 0.2 -1.9
v -0.5 0.2 -1.9
v -0.3 0.2 -1.9
v -0.2 0.2 -1.9
v -0.0999999 0.2 -1.9
v 2.38419e-07 0.2 -1.9
v 0.1 0.2 -1.9
v 0.3 0.2 -1.9
v 0.5 0.2 -1.9
v 0.6 0.2 -1.9
v 0.8 0.2 -1.9
v 1 0.2 -1.9
v 1.4 0.2 -1.9
v 1.5 0.2 -1.9
v 1.6 0.2 -1.9
v 1.7 0.2 -1.9
v 1.8 0.2 -1.9
v 1.9 0.2 -1.9
v -2 0.2 -2
v -1.9 0.2 -2
v -1.7 0.2 -2
v -1.4 0.2 -2
v -1 0.2 -2
v -0.8 0.2 -2
v -0.3 0.2 -2
v -0.0999999 0.2 -2
v 2.38419e-07 0.2 -2
v 0.1 0.2 -2
v 0.3 0.2 -2
v 0.5 0.2 -2
v 0.8 0.2 -2
v 1 0.2 -2
v 1.4 0.2 -2
v 1.5 0.2 -2
v 1.6 0.2 -2
v 1.7 0.2 -2
v 1.8 0.2 -2
v 2 0.2 -2
v -1.9 0.3 1.9
v -1.6 0.3 1.9
v -1 0.3 1.9
v -0.8 0.3 1.9
v -0.6 0.3 1.9
v -0.4 0.3 1.9
v -0.2 0.3 1.9
v 0.1 0.3 1.9
v 0.2 0.3 1.9
v 0.3 0.3 1.9
v 0.4 0.3 1.9
v 0.5 0.3 1.9
v 0.6 0.3 1.9
v 0.7 0.3 1.9
v 1 0.3 1.9
v 1.5 0.3 1.9
v 1.7 0.3 1.9
v 1.9 0.3 1.9
v -1.6 0.3 1.8
v -1.1 0.3 1.8
v -0.8 0.3 1.8
v -0.6 0.3 1.8
v -0.4 0.3 1.8
v -0.2 0.3 1.8
v 0.3 0.3 1.8
v 0.4 0.3 1.8
v 0.5 0.3 1.8
v 0.6 0.3 1.8
v 0.7 0.3 1.8
v 1 0.3 1.8
v 1.3 0.3 1.8
v 1.5 0.3 1.8
v 1.7 0.3 1.8
v 1.8 0.3 1.8
v 1.9 0.3 1.8
v -1.4 0.3 1.7
v -1.2 0.3 1.7
v -1.1 0.3 1.7
v -1 0.3 1.7
v -0.9 0.3 1.7
v -0.7 0.3 1.7
v -0.6 0.3 1.7
v -0.5 0.3 1.7
v -0.4 0.3 1.7
v -0.3 0.3 1.7
v -0.2 0.3 1.7
v 0.1 0.3 1.7
v 0.2 0.3 1.7
v 0.3 0.3 1.7
v 0.4 0.3 1.7
v 0.5 0.3 1.7
v 0.9 0.3 1.7
v 1.3 0.3 1.7
v 1.4 0.3 1.7
v 1.5 0.3 1.7
v 1.6 0.3 1.7
v 1.8 0.3 1.7
v 1.9 0.3 1.7
v -1.8 0.3 1.6
v -1.7 0.3 1.6
v -1.6 0.3 1.6
v -1.4 0.3 1.6
v -1.1 0.3 1.6
v -1 0.3 1.6
v -0.7 0.3 1.6
v -0.6 0.3 1.6
v -0.5 0.3 1.6
v 0.3 0.3 1.6
v 0.4 0.3 1.6
v 0.5 0.3 1.6
v 0.7 0.3 1.6
v 1.1 0.3 1.6
v 1.2 0.3 1.6
v 1.8 0.3 1.6
v 1.9 0.3 1.6
v -1.7 0.3 1.5
v -1.6 0.3 1.5
v -1.5 0.3 1.5
v -1.3 0.3 1.5
v -1.2 0.3 1.5
v -1.1 0.3 1.5
v -0.6 0.3 1.5
v -0.5 0.3 1.5
v -0.3 0.3 1.5
v 0.4 0.3 1.5
v 0.5 0.3 1.5
v 0.6 0.3 1.5
v 0.7 0.3 1.5
v 0.9 0.3 1.5
v 1.1 0.3 1.5
v 1.2 0.3 1.5
v 1.3 0.3 1.5
v 1.4 0.3 1.5
v 1.8 0.3 1.5
v 1.9 0.3 1.5
v -1.6 0.3 1.4
v -1.5 0.3 1.4
v -1.3 0.3 1.4
v -1.2 0.3 1.4
v -1.1 0.3 1.4
v -0.5 0.3 1.4
v -0.4 0.3 1.4
v 0.6 0.3 1.4
v 0.7 0.3 1.4
v 0.8 0.3 1.4
v 0.9 0.3 1.4
v 1 0.3 1.4
v 1.1 0.3 1.4
v 1.4 0.3 1.4
v 1.5 0.3 1.4
v 1.8 0.3 1.4
v 1.9 0.3 1.4
v -1.5 0.3 1.3
v -1.4 0.3 1.3
v -1.1 0.3 1.3
v -1 0.3 1.3
v 0.7 0.3 1.3
v 0.8 0.3 1.3
v 0.9 0.3 1.3
v 1 0.3 1.3
v 1.1 0.3 1.3
v -1.6 0.3 1.2
v -1.5 0.3 1.2
v -1.4 0.3 1.2
v -1.2 0.3 1.2
v -1.1 0.3 1.2
v -0.5 0.3 1.2
v -0.4 0.3 1.2
v 0.4 0.3 1.2
v 0.5 0.3 1.2
v 0.6 0.3 1.2
v 0.7 0.3 1.2
v 0.8 0.3 1.2
v 0.9 0.3 1.2
v 1 0.3 1.2
v 1.2 0.3 1.2
v 1.4 0.3 1.2
v 1.5 0.3 1.2
v 1.6 0.3 1.2
v -1.9 0.3 1.1
v -1.8 0.3 1.1
v -1.6 0.3 1.1
v -1.4 0.3 1.1
v -1.2 0.3 1.1
v -1.1 0.3 1.1
v -1 0.3 1.1
v -0.9 0.3 1.1
v -0.5 0.3 1.1
v -0.4 0.3 1.1
v 0.4 0.3 1.1
v 0.5 0.3 1.1
v 0.8 0.3 1.1
v 1 0.3 1.1
v 1.2 0.3 1.1
v 1.3 0.3 1.1
v 1.4 0.3 1.1
v 1.6 0.3 1.1
v 1.7 0.3 1.1
v 1.8 0.3 1.1
v 1.9 0.3 1.1
v -1.6 0.3 1
v -1.5 0.3 1
v -1.4 0.3 1
v -1.3 0.3 1
v -1.1 0.3 1
v -1 0.3 1
v 0.7 0.3 1
v 0.8 0.3 1
v 0.9 0.3 1
v 1.2 0.3 1
v 1.3 0.3 1
v 1.4 0.3 1
v 1.7 0.3 1
v -1.9 0.3 0.9
v -1.8 0.3 0.9
v -1.4 0.3 0.9
v -1.3 0.3 0.9
v -1.2 0.3 0.9
v -1.1 0.3 0.9
v 0.5 0.3 0.9
v 0.6 0.3 0.9
v 0.7 0.3 0.9
v 0.9 0.3 0.9
v 1 0.3 0.9
v 1.3 0.3 0.9
v 1.4 0.3 0.9
v 1.5 0.3 0.9
v 1.6 0.3 0.9
v -1.8 0.3 0.8
v -1.6 0.3 0.8
v -1.5 0.3 0.8
v -1.4 0.3 0.8
v -1.3 0.3 0.8
v 0.6 0.3 0.8
v 0.7 0.3 0.8
v 0.9 0.3 0.8
v 1 0.3 0.8
v 1.2 0.3 0.8
v 1.3 0.3 0.8
v 1.4 0.3 0.8
v 1.5 0.3 0.8
v 1.6 0.3 0.8
v 1.7 0.3 0.8
v 1.8 0.3 0.8
v -1.9 0.3 0.7
v -1.8 0.3 0.7
v -1.7 0.3 0.7
v -1.5 0.3 0.7
v -1.4 0.3 0.7
v -0.8 0.3 0.7
v -0.7 0.3 0.7
v 0.6 0.3 0.7
v 0.7 0.3 0.7
v 0.8 0.3 0.7
v 1 0.3 0.7
v -1.8 0.3 0.6
v -1.7 0.3 0.6
v -1.5 0.3 0.6
v -1.4 0.3 0.6
v -1.2 0.3 0.6
v -1.1 0.3 0.6
v -0.4 0.3 0.6
v -0.3 0.3 0.6
v 0.5 0.3 0.6
v 0.6 0.3 0.6
v 0.8 0.3 0.6
v 0.9 0.3 0.6
v 1 0.3 0.6
v 1.2 0.3 0.6
v 1.4 0.3 0.6
v 1.5 0.3 0.6
v 1.7 0.3 0.6
v 1.8 0.3 0.6
v 1.9 0.3 0.6
v -1.9 0.3 0.5
v -1.8 0.3 0.5
v -1.7 0.3 0.5
v -1.5 0.3 0.5
v -1.3 0.3 0.5
v -1.2 0.3 0.5
v -1.1 0.3 0.5
v -0.9 0.3 0.5
v -0.8 0.3 0.5
v -0.7 0.3 0.5
v -0.6 0.3 0.5
v 0.5 0.3 0.5
v 0.6 0.3 0.5
v 0.7 0.3 0.5
v 0.8 0.3 0.5
v 0.9 0.3 0.5
v 1 0.3 0.5
v 1.1 0.3 0.5
v 1.3 0.3 0.5
v 1.5 0.3 0.5
v 1.6 0.3 0.5
v -1.5 0.3 0.4
v -1.4 0.3 0.4
v -1.3 0.3 0.4
v -1.2 0.3 0.4
v -1.1 0.3 0.4
v -0.9 0.3 0.4
v -0.8 0.3 0.4
v 0.8 0.3 0.4
v 0.9 0.3 0.4
v 1 0.3 0.4
v 1.1 0.3 0.4
v 1.4 0.3 0.4
v 1.5 0.3 0.4
v 1.6 0.3 0.4
v 1.7 0.3 0.4
v 1.8 0.3 0.4
v 1.9 0.3 0.4
v -1.7 0.3 0.3
v -1.5 0.3 0.3
v -1.4 0.3 0.3
v -1.2 0.3 0.3
v -1.1 0.3 0.3
v -1 0.3 0.3
v -0.9 0.3 0.3
v -0.8 0.3 0.3
v -0.7 0.3 0.3
v 0.3 0.3 0.3
v 0.5 0.3 0.3
v 0.6 0.3 0.3
v 0.7 0.3 0.3
v 0.8 0.3 0.3
v 0.9 0.3 0.3
v 1.1 0.3 0.3
v 1.4 0.3 0.3
v 1.5 0.3 0.3
v 1.6 0.3 0.3
v 1.7 0.3 0.3
v 1.9 0.3 0.3
v -1.6 0.3 0.2
v -1.5 0.3 0.2
v -1.4 0.3 0.2
v -1.3 0.3 0.2
v -1.2 0.3 0.2
v -1 0.3 0.2
v -0.9 0.3 0.2
v -0.7 0.3 0.2
v -0.6 0.3 0.2
v 0.3 0.3 0.2
v 0.4 0.3 0.2
v 0.5 0.3 0.2
v 0.6 0.3 0.2
v 1.1 0.3 0.2
v 1.2 0.3 0.2
v 1.4 0.3 0.2
v 1.5 0.3 0.2
v 1.6 0.3 0.2
v 1.7 0.3 0.2
v -1.9 0.3 0.0999999
v -1.8 0.3 0.0999999
v -1.5 0.3 0.0999999
v -1.3 0.3 0.0999999
v -1.1 0.3 0.0999999
v -1 0.3 0.0999999
v -0.9 0.3 0.0999999
v -0.8 0.3 0.0999999
v 0.4 0.3 0.0999999
v 0.5 0.3 0.0999999
v 0.6 0.3 0.0999999
v 0.7 0.3 0.0999999
v 0.8 0.3 0.0999999
v 1 0.3 0.0999999
v 1.1 0.3 0.0999999
v 1.2 0.3 0.0999999
v 1.4 0.3 0.0999999
v 1.5 0.3 0.0999999
v 1.6 0.3 0.0999999
v 1.7 0.3 0.0999999
v 1.8 0.3 0.0999999
v 1.9 0.3 0.0999999
v -1.7 0.3 -2.38419e-07
v -1.6 0.3 -2.38419e-07
v -1.4 0.3 -2.38419e-07
v -1.3 0.3 -2.38419e-07
v -1.2 0.3 -2.38419e-07
v -1.1 0.3 -2.38419e-07
v -1 0.3 -2.38419e-07
v 0.5 0.3 -2.38419e-07
v 0.6 0.3 -2.38419e-07
v 0.7 0.3 -2.38419e-07
v 0.9 0.3 -2.38419e-07
v 1 0.3 -2.38419e-07
v 1.1 0.3 -2.38419e-07
v 1.2 0.3 -2.38419e-07
v 1.4 0.3 -2.38419e-07
v 1.5 0.3 -2.38419e-07
v 1.6 0.3 -2.38419e-07
v 1.7 0.3 -2.38419e-07
v 1.8 0.3 -2.38419e-07
v -1.4 0.3 -0.1
v -1.3 0.3 -0.1
v -1.2 0.3 -0.1
v -1 0.3 -0.1
v -0.9 0.3 -0.1
v 0.6 0.3 -0.1
v 0.7 0.3 -0.1
v 1 0.3 -0.1
v 1.1 0.3 -0.1
v 1.3 0.3 -0.1
v 1.4 0.3 -0.1
v 1.5 0.3 -0.1
v 1.6 0.3 -0.1
v 1.8 0.3 -0.1
v -1.9 0.3 -0.2
v -1.8 0.3 -0.2
v -1.7 0.3 -0.2
v -1.6 0.3 -0.2
v -1.5 0.3 -0.2
v -1.2 0.3 -0.2
v -1.1 0.3 -0.2
v 0.4 0.3 -0.2
v 0.5 0.3 -0.2
v 0.8 0.3 -0.2
v 0.9 0.3 -0.2
v 1 0.3 -0.2
v 1.1 0.3 -0.2
v 1.3 0.3 -0.2
v 1.5 0.3 -0.2
v 1.6 0.3 -0.2
v 1.8 0.3 -0.2
v 1.9 0.3 -0.2
v -1.6 0.3 -0.3
v -1.5 0.3 -0.3
v -1.4 0.3 -0.3
v -1.2 0.3 -0.3
v 0.5 0.3 -0.3
v 0.6 0.3 -0.3
v 0.7 0.3 -0.3
v 0.8 0.3 -0.3
v 0.9 0.3 -0.3
v 1 0.3 -0.3
v 1.4 0.3 -0.3
v 1.5 0.3 -0.3
v -1.7 0.3 -0.4
v -1.5 0.3 -0.4
v -1.1 0.3 -0.4
v -1 0.3 -0.4
v -0.9 0.3 -0.4
v -0.7 0.3 -0.4
v 0.6 0.3 -0.4
v 0.8 0.3 -0.4
v 0.9 0.3 -0.4
v 1.1 0.3 -0.4
v 1.2 0.3 -0.4
v 1.3 0.3 -0.4
v 1.4 0.3 -0.4
v 1.5 0.3 -0.4
v 1.6 0.3 -0.4
v 1.7 0.3 -0.4
v 1.8 0.3 -0.4
v 1.9 0.3 -0.4
v -1.5 0.3 -0.5
v -1.3 0.3 -0.5
v -1.2 0.3 -0.5
v -1 0.3 -0.5
v -0.9 0.3 -0.5
v 0.5 0.3 -0.5
v 0.8 0.3 -0.5
v 1.7 0.3 -0.5
v 1.8 0.3 -0.5
v -1.9 0.3 -0.6
v -1.8 0.3 -0.6
v -1.7 0.3 -0.6
v -1.6 0.3 -0.6
v -1.3 0.3 -0.6
v -1.2 0.3 -0.6
v -1 0.3 -0.6
v -0.9 0.3 -0.6
v -0.7 0.3 -0.6
v 0.6 0.3 -0.6
v 0.8 0.3 -0.6
v 1.1 0.3 -0.6
v 1.2 0.3 -0.6
v 1.3 0.3 -0.6
v 1.4 0.3 -0.6
v 1.5 0.3 -0.6
v 1.6 0.3 -0.6
v 1.8 0.3 -0.6
v -1.6 0.3 -0.7
v -1.5 0.3 -0.7
v -1.2 0.3 -0.7
v -1.1 0.3 -0.7
v -1 0.3 -0.7
v -0.8 0.3 -0.7
v -0.7 0.3 -0.7
v 0.8 0.3 -0.7
v 0.9 0.3 -0.7
v 1.2 0.3 -0.7
v 1.3 0.3 -0.7
v 1.4 0.3 -0.7
v 1.6 0.3 -0.7
v 1.7 0.3 -0.7
v -1.9 0.3 -0.8
v -1.8 0.3 -0.8
v -1.3 0.3 -0.8
v -1.2 0.3 -0.8
v -1.1 0.3 -0.8
v -1 0.3 -0.8
v -0.9 0.3 -0.8
v -0.8 0.3 -0.8
v -0.7 0.3 -0.8
v 0.6 0.3 -0.8
v 0.8 0.3 -0.8
v 1.3 0.3 -0.8
v 1.4 0.3 -0.8
v 1.5 0.3 -0.8
v -1.9 0.3 -0.9
v -1.8 0.3 -0.9
v -1.7 0.3 -0.9
v -1.5 0.3 -0.9
v -1.3 0.3 -0.9
v -1 0.3 -0.9
v -0.9 0.3 -0.9
v 0.9 0.3 -0.9
v 1.2 0.3 -0.9
v 1.3 0.3 -0.9
v 1.4 0.3 -0.9
v -1.4 0.3 -1
v -1.2 0.3 -1
v -1.1 0.3 -1
v -1 0.3 -1
v -0.9 0.3 -1
v 0.5 0.3 -1
v 0.6 0.3 -1
v 0.7 0.3 -1
v 0.8 0.3 -1
v 1 0.3 -1
v 1.6 0.3 -1
v 1.7 0.3 -1
v -1.9 0.3 -1.1
v -1.8 0.3 -1.1
v -1.7 0.3 -1.1
v -1.6 0.3 -1.1
v -1.5 0.3 -1.1
v -1.4 0.3 -1.1
v -1.1 0.3 -1.1
v -0.6 0.3 -1.1
v -0.5 0.3 -1.1
v -0.4 0.3 -1.1
v -0.3 0.3 -1.1
v 0.4 0.3 -1.1
v 0.5 0.3 -1.1
v 0.6 0.3 -1.1
v 0.7 0.3 -1.1
v 0.8 0.3 -1.1
v 1 0.3 -1.1
v 1.1 0.3 -1.1
v 1.5 0.3 -1.1
v 1.6 0.3 -1.1
v -1.6 0.3 -1.2
v -1.5 0.3 -1.2
v -1.4 0.3 -1.2
v -1.2 0.3 -1.2
v -0.9 0.3 -1.2
v -0.6 0.3 -1.2
v -0.5 0.3 -1.2
v -0.4 0.3 -1.2
v 0.3 0.3 -1.2
v 0.4 0.3 -1.2
v 0.6 0.3 -1.2
v 0.7 0.3 -1.2
v 0.9 0.3 -1.2
v 1.4 0.3 -1.2
v 1.5 0.3 -1.2
v 1.8 0.3 -1.2
v 1.9 0.3 -1.2
v -1.7 0.3 -1.3
v -1.5 0.3 -1.3
v -1.4 0.3 -1.3
v -1.3 0.3 -1.3
v -1.2 0.3 -1.3
v -1.1 0.3 -1.3
v -1 0.3 -1.3
v -0.9 0.3 -1.3
v -0.7 0.3 -1.3
v -0.6 0.3 -1.3
v -0.5 0.3 -1.3
v 0.6 0.3 -1.3
v 0.7 0.3 -1.3
v 0.9 0.3 -1.3
v 1.1 0.3 -1.3
v 1.2 0.3 -1.3
v 1.4 0.3 -1.3
v 1.5 0.3 -1.3
v 1.6 0.3 -1.3
v 1.7 0.3 -1.3
v 1.8 0.3 -1.3
v 1.9 0.3 -1.3
v -1.7 0.3 -1.4
v -1.6 0.3 -1.4
v -1.5 0.3 -1.4
v -1.3 0.3 -1.4
v -1.1 0.3 -1.4
v -0.7 0.3 -1.4
v -0.6 0.3 -1.4
v 0.3 0.3 -1.4
v 0.5 0.3 -1.4
v 0.6 0.3 -1.4
v 1.2 0.3 -1.4
v 1.4 0.3 -1.4
v 1.5 0.3 -1.4
v 1.8 0.3 -1.4
v 1.9 0.3 -1.4
v -1.6 0.3 -1.5
v -1.3 0.3 -1.5
v -1.1 0.3 -1.5
v -1 0.3 -1.5
v -0.9 0.3 -1.5
v -0.8 0.3 -1.5
v 1.1 0.3 -1.5
v 1.3 0.3 -1.5
v 1.4 0.3 -1.5
v 1.5 0.3 -1.5
v 1.6 0.3 -1.5
v -1.9 0.3 -1.6
v -1.8 0.3 -1.6
v -1.6 0.3 -1.6
v -1 0.3 -1.6
v -0.9 0.3 -1.6
v -0.8 0.3 -1.6
v -0.7 0.3 -1.6
v -0.6 0.3 -1.6
v -0.5 0.3 -1.6
v 0.3 0.3 -1.6
v 0.5 0.3 -1.6
v 0.6 0.3 -1.6
v 0.7 0.3 -1.6
v 1.2 0.3 -1.6
v 1.3 0.3 -1.6
v 1.5 0.3 -1.6
v 1.6 0.3 -1.6
v -1.8 0.3 -1.7
v -1.6 0.3 -1.7
v -1.4 0.3 -1.7
v -1.1 0.3 -1.7
v -1 0.3 -1.7
v -0.9 0.3 -1.7
v -0.8 0.3 -1.7
v -0.7 0.3 -1.7
v -0.5 0.3 -1.7
v -0.3 0.3 -1.7
v -0.0999999 0.3 -1.7
v 2.38419e-07 0.3 -1.7
v 0.1 0.3 -1.7
v 0.2 0.3 -1.7
v 0.3 0.3 -1.7
v 0.6 0.3 -1.7
v 0.8 0.3 -1.7
v 0.9 0.3 -1.7
v 1.2 0.3 -1.7
v 1.3 0.3 -1.7
v 1.5 0.3 -1.7
v 1.6 0.3 -1.7
v 1.7 0.3 -1.7
v 1.8 0.3 -1.7
v 1.9 0.3 -1.7
v -1.2 0.3 -1.8
v -1 0.3 -1.8
v -0.8 0.3 -1.8
v -0.7 0.3 -1.8
v -0.5 0.3 -1.8
v -0.3 0.3 -1.8
v -0.2 0.3 -1.8
v -0.0999999 0.3 -1.8
v 2.38419e-07 0.3 -1.8
v 0.2 0.3 -1.8
v 0.6 0.3 -1.8
v 0.9 0.3 -1.8
v 1 0.3 -1.8
v 1.3 0.3 -1.8
v 1.4 0.3 -1.8
v 1.6 0.3 -1.8
v 1.7 0.3 -1.8
v -1.9 0.3 -1.9
v -1.6 0.3 -1.9
v -1.4 0.3 -1.9
v -1.2 0.3 -1.9
v -1 0.3 -1.9
v -0.8 0.3 -1.9
v -0.5 0.3 -1.9
v -0.3 0.3 -1.9
v -0.2 0.3 -1.9
v -0.0999999 0.3 -1.9
v 0.1 0.3 -1.9
v 0.6 0.3 -1.9
v 0.8 0.3 -1.9
v 1 0.3 -1.9
v 1.4 0.3 -1.9
v 1.7 0.3 -1.9
v 1.9 0.3 -1.9
v -0.4 2.3 1.8
v -0.3 2.3 1.8
v 0.3 2.3 1.8
v 0.4 2.3 1.8
v -0.4 2.3 1.7
v -0.3 2.3 1.7
v 0.3 2.3 1.7
v 0.4 2.3 1.7
v -0.4 2.3 -1.7
v -0.3 2.3 -1.7
v 0.3 2.3 -1.7
v 0.4 2.3 -1.7
v -0.4 2.3 -1.8
v -0.3 2.3 -1.8
v 0.3 2.3 -1.8
v 0.4 2.3 -1.8
v -0.3 2.4 1.8
v -0.0999999 2.4 1.8
v 0.1 2.4 1.8
v 0.2 2.4 1.8
v 0.3 2.4 1.8
v -0.4 2.4 1.7
v -0.3 2.4 1.7
v -0.0999999 2.4 1.7
v 2.38419e-07 2.4 1.7
v 0.1 2.4 1.7
v 0.2 2.4 1.7
v 0.3 2.4 1.7
v 0.4 2.4 1.7
v -0.4 2.4 1.6
v -0.3 2.4 1.6
v 0.3 2.4 1.6
v 0.4 2.4 1.6
v -0.4 2.4 1.5
v -0.3 2.4 1.5
v 0.3 2.4 1.5
v 0.3 2.4 1.4
v 0.4 2.4 1.4
v -0.4 2.4 1.3
v -0.3 2.4 1.3
v 0.3 2.4 1.3
v 0.4 2.4 1.3
v 0.3 2.4 1.2
v -0.4 2.4 1.1
v -0.3 2.4 1.1
v 0.3 2.4 1.1
v 0.3 2.4 1
v 0.4 2.4 1
v -0.4 2.4 0.8
v -0.3 2.4 0.8
v 0.3 2.4 0.8
v 0.4 2.4 0.8
v -0.4 2.4 0.7
v -0.3 2.4 0.7
v 0.3 2.4 0.7
v 0.4 2.4 0.7
v 0.3 2.4 0.6
v 0.4 2.4 0.6
v 0.3 2.4 0.5
v 0.4 2.4 0.5
v -0.4 2.4 0.4
v -0.3 2.4 0.4
v 0.3 2.4 0.4
v 0.4 2.4 0.4
v -0.4 2.4 0.3
v -0.3 2.4 0.3
v -0.4 2.4 0.2
v -0.3 2.4 0.2
v -0.4 2.4 0.0999999
v -0.3 2.4 0.0999999
v 0.3 2.4 0.0999999
v 0.4 2.4 0.0999999
v 0.3 2.4 -2.38419e-07
v 0.4 2.4 -2.38419e-07
v 0.3 2.4 -0.1
v 0.4 2.4 -0.1
v 0.3 2.4 -0.2
v -0.4 2.4 -0.3
v -0.3 2.4 -0.3
v 0.3 2.4 -0.3
v 0.4 2.4 -0.3
v -0.4 2.4 -0.5
v -0.3 2.4 -0.5
v 0.3 2.4 -0.6
v 0.4 2.4 -0.6
v -0.4 2.4 -0.7
v -0.3 2.4 -0.7
v 0.3 2.4 -0.7
v 0.4 2.4 -0.7
v -0.3 2.4 -0.8
v -0.4 2.4 -0.9
v -0.3 2.4 -0.9
v 0.3 2.4 -0.9
v 0.3 2.4 -1
v 0.4 2.4 -1
v 0.3 2.4 -1.1
v 0.4 2.4 -1.1
v 0.3 2.4 -1.2
v 0.4 2.4 -1.2
v -0.4 2.4 -1.3
v -0.3 2.4 -1.3
v -0.4 2.4 -1.4
v -0.3 2.4 -1.4
v 0.3 2.4 -1.4
v 0.3 2.4 -1.5
v 0.4 2.4 -1.5
v 0.3 2.4 -1.6
v -0.4 2.4 -1.7
v -0.3 2.4 -1.7
v -0.2 2.4 -1.7
v -0.0999999 2.4 -1.7
v 0.1 2.4 -1.7
v 0.3 2.4 -1.7
v 0.4 2.4 -1.7
v -0.3 2.4 -1.8
v -0.2 2.4 -1.8
v 0.1 2.4 -1.8
v 0.3 2.4 -1.8
v -0.3 2.5 1.7
v 2.38419e-07 2.5 1.7
v 0.1 2.5 1.7
v 0.2 2.5 1.7
v 0.3 2.5 1.7
v -0.3 2.5 1.6
v -0.2 2.5 1.6
v -0.0999999 2.5 1.6
v 2.38419e-07 2.5 1.6
v 0.1 2.5 1.6
v 0.2 2.5 1.6
v 2.38419e-07 2.5 1.5
v 0.1 2.5 1.5
v 0.3 2.5 1.5
v -0.0999999 2.5 1.4
v 2.38419e-07 2.5 1.4
v 0.1 2.5 1.4
v 0.3 2.5 1.4
v -0.3 2.5 1.3
v -0.2 2.5 1.3
v -0.0999999 2.5 1.3
v 2.38419e-07 2.5 1.3
v 0.1 2.5 1.3
v 2.38419e-07 2.5 1.2
v 0.1 2.5 1.2
v 0.3 2.5 1.2
v 0.1 2.5 1.1
v 0.3 2.5 1.1
v 0.1 2.5 1
v 0.3 2.5 1
v -0.2 2.5 0.9
v -0.0999999 2.5 0.9
v -0.2 2.5 0.8
v -0.0999999 2.5 0.8
v -0.2 2.5 0.7
v -0.0999999 2.5 0.7
v 0.1 2.5 0.6
v 0.2 2.5 0.6
v 0.1 2.5 0.2
v 0.2 2.5 0.2
v -0.0999999 2.5 0.0999999
v 2.38419e-07 2.5 0.0999999
v -0.2 2.5 -2.38419e-07
v -0.0999999 2.5 -2.38419e-07
v 2.38419e-07 2.5 -2.38419e-07
v 0.1 2.5 -2.38419e-07
v 0.2 2.5 -2.38419e-07
v 0.2 2.5 -0.1
v 0.3 2.5 -0.1
v -0.0999999 2.5 -0.2
v 2.38419e-07 2.5 -0.2
v 0.2 2.5 -0.2
v 0.3 2.5 -0.2
v -0.3 2.5 -0.3
v -0.2 2.5 -0.3
v -0.0999999 2.5 -0.3
v 2.38419e-07 2.5 -0.3
v 0.1 2.5 -0.3
v 0.2 2.5 -0.3
v 2.38419e-07 2.5 -0.4
v 0.1 2.5 -0.4
v 2.38419e-07 2.5 -0.5
v 0.1 2.5 -0.5
v 2.38419e-07 2.5 -0.6
v 0.1 2.5 -0.6
v -0.2 2.5 -0.7
v -0.0999999 2.5 -0.7
v 2.38419e-07 2.5 -0.7
v -0.3 2.5 -0.8
v -0.2 2.5 -0.8
v -0.0999999 2.5 -0.9
v 2.38419e-07 2.5 -0.9
v 0.2 2.5 -0.9
v 0.3 2.5 -0.9
v -0.0999999 2.5 -1.1
v 2.38419e-07 2.5 -1.1
v 0.1 2.5 -1.1
v 0.2 2.5 -1.1
v -0.0999999 2.5 -1.2
v 2.38419e-07 2.5 -1.2
v 0.1 2.5 -1.3
v 0.2 2.5 -1.3
v 0.1 2.5 -1.4
v 0.3 2.5 -1.4
v -0.2 2.5 -1.5
v -0.0999999 2.5 -1.5
v 2.38419e-07 2.5 -1.5
v 0.1 2.5 -1.5
v 0.1 2.5 -1.6
v 0.3 2.5 -1.6
v -0.3 2.5 -1.7
v -0.0999999 2.5 -1.7
v 0.3 2.5 -1.7

# faces
f 8/2/1 2/2/1 1/2/1
f 9/2/1 2/2/1 8/2/1
f 10/2/1 2/2/1 9/2/1
f 11/3/1 3/3/1 2/3/1
f 11/2/1 2/2/1 10/2/1
f 12/3/1 3/3/1 11/3/1
f 13/2/1 4/2/1 3/2/1
f 13/3/1 3/3/1 12/3/1
f 14/2/1 4/2/1 13/2/1
f 15/3/1 5/3/1 4/3/1
f 15/2/1 4/2/1 14/2/1
f 16/3/1 5/3/1 15/3/1
f 17/3/1 5/3/1 16/3/1
f 18/3/1 5/3/1 17/3/1
f 19/3/1 5/3/1 18/3/1
f 20/2/1 6/2/1 5/2/1
f 20/3/1 5/3/1 19/3/1
f 21/2/1 6/2/1 20/2/1
f 22/2/1 6/2/1 21/2/1
f 23/2/1 6/2/1 22/2/1
f 24/3/1 7/3/1 6/3/1
f 24/2/1 6/2/1 23/2/1
f 25/3/1 7/3/1 24/3/1
f 26/2/1 8/2/1 1/2/1
f 27/3/1 9/3/1 8/3/1
f 27/2/1 8/2/1 26/2/1
f 28/5/1 10/5/1 9/5/1
f 28/3/1 9/3/1 27/3/1
f 29/3/1 12/3/1 11/3/1
f 29/5/1 10/5/1 28/5/1
f 29/3/1 11/3/1 10/3/1
f 30/2/1 14/2/1 13/2/1
f 30/3/1 12/3/1 29/3/1
f 30/2/1 13/2/1 12/2/1
f 31/3/1 15/3/1 14/3/1
f 31/2/1 14/2/1 30/2/1
f 31/3/1 16/3/1 15/3/1
f 32/4/1 17/4/1 16/4/1
f 32/3/1 16/3/1 31/3/1
f 33/5/1 18/5/1 17/5/1
f 33/4/1 17/4/1 32/4/1
f 34/4/1 19/4/1 18/4/1
f 34/5/1 18/5/1 33/5/1
f 35/3/1 20/3/1 19/3/1
f 35/4/1 19/4/1 34/4/1
f 35/3/1 21/3/1 20/3/1
f 36/2/1 22/2/1 21/2/1
f 36/3/1 21/3/1 35/3/1
f 37/3/1 23/3/1 22/3/1
f 37/2/1 22/2/1 36/2/1
f 38/4/1 24/4/1 23/4/1
f 38/3/1 23/3/1 37/3/1
f 39/5/1 25/5/1 24/5/1
f 39/4/1 24/4/1 38/4/1
f 40/5/1 25/5/1 39/5/1
f 60/2/1 42/2/1 41/2/1
f 61/3/1 43/3/1 42/3/1
f 61/2/1 42/2/1 60/2/1
f 62/5/1 44/5/1 43/5/1
f 62/3/1 43/3/1 61/3/1
f 63/4/1 45/4/1 44/4/1
f 63/5/1 44/5/1 62/5/1
f 64/3/1 46/3/1 45/3/1
f 64/4/1 45/4/1 63/4/1
f 64/3/1 47/3/1 46/3/1
f 65/2/1 48/2/1 47/2/1
f 65/3/1 47/3/1 64/3/1
f 66/3/1 49/3/1 48/3/1
f 66/2/1 48/2/1 65/2/1
f 66/3/1 50/3/1 49/3/1
f 66/3/1 51/3/1 50/3/1
f 67/5/1 52/5/1 51/5/1
f 67/3/1 51/3/1 66/3/1
f 68/4/1 53/4/1 52/4/1
f 68/5/1 52/5/1 67/5/1
f 69/3/1 54/3/1 53/3/1
f 69/4/1 53/4/1 68/4/1
f 70/2/1 56/2/1 55/2/1
f 70/3/1 54/3/1 69/3/1
f 70/2/1 55/2/1 54/2/1
f 71/4/1 59/4/1 58/4/1
f 71/2/1 56/2/1 70/2/1
f 71/4/1 58/4/1 57/4/1
f 71/4/1 57/4/1 56/4/1
f 72/4/1 59/4/1 71/4/1
f 77/2/1 74/2/1 73/2/1
f 78/2/1 74/2/1 77/2/1
f 79/2/1 74/2/1 78/2/1
f 80/2/1 74/2/1 79/2/1
f 81/2/1 74/2/1 80/2/1
f 82/2/1 74/2/1 81/2/1
f 83/2/1 77/2/1 73/2/1
f 84/3/1 78/3/1 77/3/1
f 84/2/1 77/2/1 83/2/1
f 85/3/1 78/3/1 84/3/1
f 86/3/1 78/3/1 85/3/1
f 87/3/1 78/3/1 86/3/1
f 88/2/1 79/2/1 78/2/1
f 88/3/1 78/3/1 87/3/1
f 89/3/1 80/3/1 79/3/1
f 89/2/1 79/2/1 88/2/1
f 90/3/1 80/3/1 89/3/1
f 91/2/1 81/2/1 80/2/1
f 91/3/1 80/3/1 90/3/1
f 92/2/1 81/2/1 91/2/1
f 93/2/1 81/2/1 92/2/1
f 94/3/1 82/3/1 81/3/1
f 94/2/1 81/2/1 93/2/1
f 95/3/1 82/3/1 94/3/1
f 96/2/1 74/2/1 82/2/1
f 96/3/1 82/3/1 95/3/1
f 97/3/1 75/3/1 74/3/1
f 97/2/1 74/2/1 96/2/1
f 98/2/1 76/2/1 75/2/1
f 98/3/1 75/3/1 97/3/1
f 99/2/1 76/2/1 98/2/1
f 100/2/1 76/2/1 99/2/1
f 101/2/1 76/2/1 100/2/1
f 102/2/1 83/2/1 73/2/1
f 103/3/1 84/3/1 83/3/1
f 103/2/1 83/2/1 102/2/1
f 103/3/1 85/3/1 84/3/1
f 104/3/1 85/3/1 103/3/1
f 105/3/1 85/3/1 104/3/1
f 106/4/1 86/4/1 85/4/1
f 106/3/1 85/3/1 105/3/1
f 107/4/1 86/4/1 106/4/1
f 108/4/1 86/4/1 107/4/1
f 109/3/1 87/3/1 86/3/1
f 109/4/1 86/4/1 108/4/1
f 110/3/1 87/3/1 109/3/1
f 111/4/1 88/4/1 87/4/1
f 111/3/1 87/3/1 110/3/1
f 111/4/1 89/4/1 88/4/1
f 112/4/1 89/4/1 111/4/1
f 113/4/1 91/4/1 90/4/1
f 114/3/1 92/3/1 91/3/1
f 114/4/1 91/4/1 113/4/1
f 115/4/1 93/4/1 92/4/1
f 115/3/1 92/3/1 114/3/1
f 116/4/1 93/4/1 115/4/1
f 117/3/1 94/3/1 93/3/1
f 117/4/1 93/4/1 116/4/1
f 118/4/1 95/4/1 94/4/1
f 118/3/1 94/3/1 117/3/1
f 119/3/1 97/3/1 96/3/1
f 119/4/1 95/4/1 118/4/1
f 119/3/1 96/3/1 95/3/1
f 120/3/1 97/3/1 119/3/1
f 121/3/1 97/3/1 120/3/1
f 122/5/1 98/5/1 97/5/1
f 122/3/1 97/3/1 121/3/1
f 123/4/1 99/4/1 98/4/1
f 123/2/1 100/2/1 99/2/1
f 124/3/1 101/3/1 100/3/1
f 124/2/1 100/2/1 123/2/1
f 125/3/1 101/3/1 124/3/1
f 126/3/1 101/3/1 125/3/1
f 127/3/1 104/3/1 103/3/1
f 128/2/1 105/2/1 104/2/1
f 128/3/1 104/3/1 127/3/1
f 129/3/1 106/3/1 105/3/1
f 129/2/1 105/2/1 128/2/1
f 129/3/1 107/3/1 106/3/1
f 130/4/1 108/4/1 107/4/1
f 130/3/1 107/3/1 129/3/1
f 131/5/1 110/5/1 109/5/1
f 131/4/1 108/4/1 130/4/1
f 131/5/1 109/5/1 108/5/1
f 132/4/1 111/4/1 110/4/1
f 132/5/1 110/5/1 131/5/1
f 133/5/1 112/5/1 111/5/1
f 133/4/1 111/4/1 132/4/1
f 134/4/1 89/4/1 112/4/1
f 134/5/1 112/5/1 133/5/1
f 135/3/1 90/3/1 89/3/1
f 135/4/1 89/4/1 134/4/1
f 136/4/1 113/4/1 90/4/1
f 136/3/1 90/3/1 135/3/1
f 137/5/1 115/5/1 114/5/1
f 137/4/1 113/4/1 136/4/1
f 137/5/1 114/5/1 113/5/1
f 137/5/1 116/5/1 115/5/1
f 138/4/1 118/4/1 117/4/1
f 138/5/1 116/5/1 137/5/1
f 138/4/1 117/4/1 116/4/1
f 139/3/1 119/3/1 118/3/1
f 139/4/1 118/4/1 138/4/1
f 139/3/1 120/3/1 119/3/1
f 140/4/1 121/4/1 120/4/1
f 140/3/1 120/3/1 139/3/1
f 141/5/1 122/5/1 121/5/1
f 141/4/1 121/4/1 140/4/1
f 142/4/1 123/4/1 98/4/1
f 142/5/1 122/5/1 141/5/1
f 142/5/1 98/5/1 122/5/1
f 143/3/1 124/3/1 123/3/1
f 143/4/1 123/4/1 142/4/1
f 143/3/1 125/3/1 124/3/1
f 144/3/1 125/3/1 143/3/1
f 150/1/1 146/1/1 145/1/1
f 150/1/1 149/1/1 148/1/1
f 150/1/1 148/1/1 147/1/1
f 150/1/1 147/1/1 146/1/1
f 151/1/1 149/1/1 150/1/1
f 152/1/1 149/1/1 151/1/1
f 153/1/1 149/1/1 152/1/1
f 158/4/1 155/4/1 154/4/1
f 159/4/1 155/4/1 158/4/1
f 177/4/1 157/4/1 156/4/1
f 178/4/1 157/4/1 177/4/1
f 179/4/1 160/4/1 159/4/1
f 180/3/1 161/3/1 160/3/1
f 180/4/1 160/4/1 179/4/1
f 180/3/1 162/3/1 161/3/1
f 181/2/1 163/2/1 162/2/1
f 181/3/1 162/3/1 180/3/1
f 181/2/1 164/2/1 163/2/1
f 181/2/1 165/2/1 164/2/1
f 181/2/1 166/2/1 165/2/1
f 181/2/1 167/2/1 166/2/1
f 181/2/1 168/2/1 167/2/1
f 181/2/1 169/2/1 168/2/1
f 181/2/1 170/2/1 169/2/1
f 182/3/1 173/3/1 172/3/1
f 182/2/1 170/2/1 181/2/1
f 182/3/1 172/3/1 171/3/1
f 182/3/1 171/3/1 170/3/1
f 183/2/1 176/2/1 175/2/1
f 183/3/1 173/3/1 182/3/1
f 183/2/1 177/2/1 176/2/1
f 183/2/1 175/2/1 174/2/1
f 183/2/1 174/2/1 173/2/1
f 184/2/1 177/2/1 183/2/1
f 185/1/2 186/1/2 193/1/2
f 191/1/2 192/1/2 193/1/2
f 190/1/2 191/1/2 193/1/2
f 189/1/2 190/1/2 193/1/2
f 188/1/2 189/1/2 193/1/2
f 187/1/2 188/1/2 193/1/2
f 186/1/2 187/1/2 193/1/2
f 193/1/2 192/1/2 194/1/2
f 194/1/2 192/1/2 195/1/2
f 195/1/2 192/1/2 196/1/2
f 197/3/2 198/3/2 201/3/2
f 201/3/2 198/3/2 202/3/2
f 199/4/2 200/4/2 229/4/2
f 229/4/2 200/4/2 230/4/2
f 202/2/2 203/2/2 231/2/2
f 203/2/2 204/2/2 231/2/2
f 204/3/2 205/3/2 232/3/2
f 231/2/2 204/2/2 232/2/2
f 205/5/2 206/5/2 233/5/2
f 232/3/2 205/3/2 233/3/2
f 206/5/2 207/5/2 233/5/2
f 207/4/2 208/4/2 234/4/2
f 233/5/2 207/5/2 234/5/2
f 208/3/2 209/3/2 235/3/2
f 234/4/2 208/4/2 235/4/2
f 209/2/2 210/2/2 236/2/2
f 235/3/2 209/3/2 236/3/2
f 210/2/2 211/2/2 236/2/2
f 211/2/2 212/2/2 236/2/2
f 212/2/2 213/2/2 236/2/2
f 213/2/2 214/2/2 236/2/2
f 214/2/2 215/2/2 236/2/2
f 215/2/2 216/2/2 236/2/2
f 216/2/2 217/2/2 236/2/2
f 217/3/2 218/3/2 237/3/2
f 236/2/2 217/2/2 237/2/2
f 221/4/2 222/4/2 238/4/2
f 237/3/2 218/3/2 238/3/2
f 220/4/2 221/4/2 238/4/2
f 218/4/2 219/4/2 238/4/2
f 219/4/2 220/4/2 238/4/2
f 225/3/2 226/3/2 239/3/2
f 238/4/2 222/4/2 239/4/2
f 224/3/2 225/3/2 239/3/2
f 223/3/2 224/3/2 239/3/2
f 222/3/2 223/3/2 239/3/2
f 227/2/2 228/2/2 240/2/2
f 239/3/2 226/3/2 240/3/2
f 226/2/2 227/2/2 240/2/2
f 228/3/2 229/3/2 241/3/2
f 240/2/2 228/2/2 241/2/2
f 241/3/2 229/3/2 242/3/2
f 244/2/2 245/2/2 248/2/2
f 248/2/2 245/2/2 249/2/2
f 245/3/2 246/3/2 250/3/2
f 249/2/2 245/2/2 250/2/2
f 246/2/2 247/2/2 251/2/2
f 250/3/2 246/3/2 251/3/2
f 251/2/2 247/2/2 252/2/2
f 252/2/2 247/2/2 253/2/2
f 253/2/2 247/2/2 254/2/2
f 254/2/2 247/2/2 255/2/2
f 255/2/2 247/2/2 256/2/2
f 256/2/2 247/2/2 257/2/2
f 257/2/2 247/2/2 258/2/2
f 258/2/2 247/2/2 259/2/2
f 248/5/2 249/5/2 260/5/2
f 244/2/2 248/2/2 260/2/2
f 260/5/2 249/5/2 261/5/2
f 249/3/2 250/3/2 262/3/2
f 261/5/2 249/5/2 262/5/2
f 250/4/2 251/4/2 263/4/2
f 262/3/2 250/3/2 263/3/2
f 251/3/2 252/3/2 264/3/2
f 263/4/2 251/4/2 264/4/2
f 252/2/2 253/2/2 265/2/2
f 265/2/2 253/2/2 266/2/2
f 266/2/2 253/2/2 267/2/2
f 267/2/2 253/2/2 268/2/2
f 253/4/2 254/4/2 269/4/2
f 268/2/2 253/2/2 269/2/2
f 254/3/2 255/3/2 270/3/2
f 269/4/2 254/4/2 270/4/2
f 255/2/2 256/2/2 271/2/2
f 270/3/2 255/3/2 271/3/2
f 271/2/2 256/2/2 272/2/2
f 272/2/2 256/2/2 273/2/2
f 258/3/2 259/3/2 274/3/2
f 257/4/2 258/4/2 274/4/2
f 259/2/2 247/2/2 275/2/2
f 274/3/2 259/3/2 275/3/2
f 275/2/2 247/2/2 276/2/2
f 276/2/2 247/2/2 277/2/2
f 243/5/2 244/5/2 278/5/2
f 260/2/2 261/2/2 279/2/2
f 278/5/2 244/5/2 279/5/2
f 244/2/2 260/2/2 279/2/2
f 279/2/2 261/2/2 280/2/2
f 261/3/2 262/3/2 281/3/2
f 280/2/2 261/2/2 281/2/2
f 264/3/2 252/3/2 282/3/2
f 263/5/2 264/5/2 282/5/2
f 252/2/2 265/2/2 283/2/2
f 282/3/2 252/3/2 283/3/2
f 265/3/2 266/3/2 284/3/2
f 283/2/2 265/2/2 284/2/2
f 284/3/2 266/3/2 285/3/2
f 285/3/2 266/3/2 286/3/2
f 266/4/2 267/4/2 287/4/2
f 286/3/2 266/3/2 287/3/2
f 287/4/2 267/4/2 288/4/2
f 267/2/2 268/2/2 289/2/2
f 268/3/2 269/3/2 289/3/2
f 269/4/2 270/4/2 290/4/2
f 289/3/2 269/3/2 290/3/2
f 270/5/2 271/5/2 291/5/2
f 271/4/2 272/4/2 291/4/2
f 291/4/2 272/4/2 292/4/2
f 273/2/2 256/2/2 293/2/2
f 272/3/2 273/3/2 293/3/2
f 256/3/2 257/3/2 294/3/2
f 293/2/2 256/2/2 294/2/2
f 257/4/2 274/4/2 295/4/2
f 294/3/2 257/3/2 295/3/2
f 274/5/2 275/5/2 296/5/2
f 295/4/2 274/4/2 296/4/2
f 275/5/2 276/5/2 296/5/2
f 276/3/2 277/3/2 297/3/2
f 296/5/2 276/5/2 297/5/2
f 277/2/2 247/2/2 298/2/2
f 297/3/2 277/3/2 298/3/2
f 298/2/2 247/2/2 299/2/2
f 279/2/2 280/2/2 300/2/2
f 280/3/2 281/3/2 301/3/2
f 300/2/2 280/2/2 301/2/2
f 262/4/2 263/4/2 302/4/2
f 301/3/2 281/3/2 302/3/2
f 281/3/2 262/3/2 302/3/2
f 263/5/2 282/5/2 303/5/2
f 302/4/2 263/4/2 303/4/2
f 282/4/2 283/4/2 304/4/2
f 303/5/2 282/5/2 304/5/2
f 283/3/2 284/3/2 305/3/2
f 304/4/2 283/4/2 305/4/2
f 284/4/2 285/4/2 306/4/2
f 305/3/2 284/3/2 306/3/2
f 285/3/2 286/3/2 307/3/2
f 306/4/2 285/4/2 307/4/2
f 286/4/2 287/4/2 308/4/2
f 307/3/2 286/3/2 308/3/2
f 287/5/2 288/5/2 309/5/2
f 308/4/2 287/4/2 309/4/2
f 288/4/2 267/4/2 310/4/2
f 309/5/2 288/5/2 310/5/2
f 267/2/2 289/2/2 311/2/2
f 310/4/2 267/4/2 311/4/2
f 289/4/2 290/4/2 312/4/2
f 311/2/2 289/2/2 312/2/2
f 291/5/2 292/5/2 313/5/2
f 312/4/2 290/4/2 313/4/2
f 290/4/2 270/4/2 313/4/2
f 270/5/2 291/5/2 313/5/2
f 292/4/2 272/4/2 314/4/2
f 313/5/2 292/5/2 314/5/2
f 293/3/2 294/3/2 315/3/2
f 314/4/2 272/4/2 315/4/2
f 272/3/2 293/3/2 315/3/2
f 294/2/2 295/2/2 316/2/2
f 315/3/2 294/3/2 316/3/2
f 295/3/2 296/3/2 317/3/2
f 316/2/2 295/2/2 317/2/2
f 296/5/2 297/5/2 318/5/2
f 317/3/2 296/3/2 318/3/2
f 297/2/2 298/2/2 319/2/2
f 318/5/2 297/5/2 319/5/2
f 319/2/2 298/2/2 320/2/2
f 321/2/2 322/2/2 347/2/2
f 322/3/2 323/3/2 348/3/2
f 347/2/2 322/2/2 348/2/2
f 323/2/2 324/2/2 349/2/2
f 348/3/2 323/3/2 349/3/2
f 324/3/2 325/3/2 350/3/2
f 349/2/2 324/2/2 350/2/2
f 325/5/2 326/5/2 351/5/2
f 350/3/2 325/3/2 351/3/2
f 326/3/2 327/3/2 352/3/2
f 351/5/2 326/5/2 352/5/2
f 327/3/2 328/3/2 352/3/2
f 328/3/2 329/3/2 352/3/2
f 329/2/2 330/2/2 353/2/2
f 352/3/2 329/3/2 353/3/2
f 330/3/2 331/3/2 354/3/2
f 353/2/2 330/2/2 354/2/2
f 331/4/2 332/4/2 355/4/2
f 354/3/2 331/3/2 355/3/2
f 332/5/2 333/5/2 356/5/2
f 355/4/2 332/4/2 356/4/2
f 333/5/2 334/5/2 356/5/2
f 334/4/2 335/4/2 357/4/2
f 356/5/2 334/5/2 357/5/2
f 335/4/2 336/4/2 357/4/2
f 336/3/2 337/3/2 358/3/2
f 357/4/2 336/4/2 358/4/2
f 337/2/2 338/2/2 359/2/2
f 358/3/2 337/3/2 359/3/2
f 338/2/2 339/2/2 359/2/2
f 340/2/2 341/2/2 359/2/2
f 339/2/2 340/2/2 359/2/2
f 341/4/2 342/4/2 360/4/2
f 359/2/2 341/2/2 360/2/2
f 342/5/2 343/5/2 361/5/2
f 360/4/2 342/4/2 361/4/2
f 344/3/2 345/3/2 362/3/2
f 361/5/2 343/5/2 362/5/2
f 343/3/2 344/3/2 362/3/2
f 345/2/2 346/2/2 363/2/2
f 362/3/2 345/3/2 363/3/2
f 363/2/2 346/2/2 364/2/2
f 365/2/2 366/2/2 379/2/2
f 379/2/2 366/2/2 380/2/2
f 366/3/2 367/3/2 381/3/2
f 380/2/2 366/2/2 381/2/2
f 367/4/2 368/4/2 382/4/2
f 368/3/2 369/3/2 382/3/2
f 382/3/2 369/3/2 383/3/2
f 369/2/2 370/2/2 384/2/2
f 383/3/2 369/3/2 384/3/2
f 384/2/2 370/2/2 385/2/2
f 385/2/2 370/2/2 386/2/2
f 370/3/2 371/3/2 387/3/2
f 386/2/2 370/2/2 387/2/2
f 371/4/2 372/4/2 388/4/2
f 387/3/2 371/3/2 388/3/2
f 372/3/2 373/3/2 389/3/2
f 388/4/2 372/4/2 389/4/2
f 373/2/2 374/2/2 390/2/2
f 389/3/2 373/3/2 390/3/2
f 374/3/2 375/3/2 391/3/2
f 390/2/2 374/2/2 391/2/2
f 375/2/2 376/2/2 392/2/2
f 391/3/2 375/3/2 392/3/2
f 392/2/2 376/2/2 393/2/2
f 393/2/2 376/2/2 394/2/2
f 376/3/2 377/3/2 395/3/2
f 394/2/2 376/2/2 395/2/2
f 395/3/2 377/3/2 396/3/2
f 396/3/2 377/3/2 397/3/2
f 377/2/2 378/2/2 398/2/2
f 397/3/2 377/3/2 398/3/2
f 398/2/2 378/2/2 399/2/2
f 379/4/2 380/4/2 400/4/2
f 380/3/2 381/3/2 401/3/2
f 400/4/2 380/4/2 401/4/2
f 381/3/2 367/3/2 402/3/2
f 401/3/2 381/3/2 402/3/2
f 367/4/2 382/4/2 402/4/2
f 382/5/2 383/5/2 403/5/2
f 402/4/2 382/4/2 403/4/2
f 383/4/2 384/4/2 404/4/2
f 403/5/2 383/5/2 404/5/2
f 384/3/2 385/3/2 405/3/2
f 404/4/2 384/4/2 405/4/2
f 385/2/2 386/2/2 406/2/2
f 405/3/2 385/3/2 406/3/2
f 386/3/2 387/3/2 407/3/2
f 406/2/2 386/2/2 407/2/2
f 387/4/2 388/4/2 408/4/2
f 407/3/2 387/3/2 408/3/2
f 388/5/2 389/5/2 409/5/2
f 408/4/2 388/4/2 409/4/2
f 389/4/2 390/4/2 410/4/2
f 409/5/2 389/5/2 410/5/2
f 390/4/2 391/4/2 410/4/2
f 391/3/2 392/3/2 411/3/2
f 410/4/2 391/4/2 411/4/2
f 392/3/2 393/3/2 411/3/2
f 393/2/2 394/2/2 412/2/2
f 411/3/2 393/3/2 412/3/2
f 394/3/2 395/3/2 413/3/2
f 412/2/2 394/2/2 413/2/2
f 395/4/2 396/4/2 414/4/2
f 413/3/2 395/3/2 414/3/2
f 396/5/2 397/5/2 415/5/2
f 414/4/2 396/4/2 415/4/2
f 397/3/2 398/3/2 416/3/2
f 415/5/2 397/5/2 416/5/2
f 398/3/2 399/3/2 416/3/2
f 399/2/2 378/2/2 417/2/2
f 416/3/2 399/3/2 417/3/2
f 417/2/2 378/2/2 418/2/2
f 421/2/3 420/2/3 419/2/3
f 422/2/3 420/2/3 421/2/3
f 423/2/3 421/2/3 419/2/3
f 424/3/3 422/3/3 421/3/3
f 424/2/3 421/2/3 423/2/3
f 425/3/3 424/3/3 423/3/3
f 426/3/3 422/3/3 424/3/3
f 426/3/3 424/3/3 425/3/3
f 427/3/3 422/3/3 426/3/3
f 428/2/3 426/2/3 425/2/3
f 429/5/3 427/5/3 426/5/3
f 429/2/3 426/2/3 428/2/3
f 430/5/3 427/5/3 429/5/3
f 431/4/3 429/4/3 428/4/3
f 431/4/3 430/4/3 429/4/3
f 432/4/3 430/4/3 431/4/3
f 433/3/3 432/3/3 431/3/3
f 434/3/3 432/3/3 433/3/3
f 435/3/3 432/3/3 434/3/3
f 436/2/3 434/2/3 433/2/3
f 436/4/3 435/4/3 434/4/3
f 437/4/3 435/4/3 436/4/3
f 438/2/3 436/2/3 433/2/3
f 438/3/3 437/3/3 436/3/3
f 439/3/3 437/3/3 438/3/3
f 440/2/3 438/2/3 433/2/3
f 441/4/3 439/4/3 438/4/3
f 441/2/3 438/2/3 440/2/3
f 442/4/3 439/4/3 441/4/3
f 443/3/3 441/3/3 440/3/3
f 444/5/3 442/5/3 441/5/3
f 444/3/3 441/3/3 443/3/3
f 445/5/3 442/5/3 444/5/3
f 446/2/3 444/2/3 443/2/3
f 446/3/3 445/3/3 444/3/3
f 447/3/3 445/3/3 446/3/3
f 448/2/3 446/2/3 443/2/3
f 448/2/3 447/2/3 446/2/3
f 449/2/3 447/2/3 448/2/3
f 450/2/3 448/2/3 443/2/3
f 451/3/3 449/3/3 448/3/3
f 451/2/3 448/2/3 450/2/3
f 452/3/3 451/3/3 450/3/3
f 453/3/3 449/3/3 451/3/3
f 453/3/3 451/3/3 452/3/3
f 454/4/3 453/4/3 452/4/3
f 454/3/3 449/3/3 453/3/3
f 455/3/3 449/3/3 454/3/3
f 456/4/3 454/4/3 452/4/3
f 457/5/3 455/5/3 454/5/3
f 457/4/3 454/4/3 456/4/3
f 458/5/3 455/5/3 457/5/3
f 459/3/3 457/3/3 456/3/3
f 460/4/3 458/4/3 457/4/3
f 460/3/3 457/3/3 459/3/3
f 461/4/3 458/4/3 460/4/3
f 462/2/3 460/2/3 459/2/3
f 462/3/3 461/3/3 460/3/3
f 463/3/3 461/3/3 462/3/3
f 464/2/3 462/2/3 459/2/3
f 464/2/3 463/2/3 462/2/3
f 465/2/3 463/2/3 464/2/3
f 466/2/3 464/2/3 459/2/3
f 466/3/3 465/3/3 464/3/3
f 467/3/3 465/3/3 466/3/3
f 468/2/3 466/2/3 459/2/3
f 469/4/3 467/4/3 466/4/3
f 469/2/3 466/2/3 468/2/3
f 470/4/3 467/4/3 469/4/3
f 471/3/3 469/3/3 468/3/3
f 471/3/3 470/3/3 469/3/3
f 472/3/3 470/3/3 471/3/3
f 473/2/3 472/2/3 471/2/3
f 474/3/3 470/3/3 472/3/3
f 474/2/3 472/2/3 473/2/3
f 475/3/3 470/3/3 474/3/3
f 476/3/3 474/3/3 473/3/3
f 477/2/3 475/2/3 474/2/3
f 477/3/3 474/3/3 476/3/3
f 478/2/3 475/2/3 477/2/3
f 479/2/3 477/2/3 476/2/3
f 480/4/3 478/4/3 477/4/3
f 480/2/3 477/2/3 479/2/3
f 481/4/3 478/4/3 480/4/3
f 484/2/3 483/2/3 482/2/3
f 485/2/3 483/2/3 484/2/3
f 486/3/3 485/3/3 484/3/3
f 487/3/3 485/3/3 486/3/3
f 488/3/3 485/3/3 487/3/3
f 489/4/3 488/4/3 487/4/3
f 490/4/3 488/4/3 489/4/3
f 491/4/3 488/4/3 490/4/3
f 492/3/3 491/3/3 490/3/3
f 493/3/3 491/3/3 492/3/3
f 494/3/3 491/3/3 493/3/3
f 495/2/3 494/2/3 493/2/3
f 496/2/3 494/2/3 495/2/3
f 497/2/3 494/2/3 496/2/3
f 498/3/3 497/3/3 496/3/3
f 499/3/3 497/3/3 498/3/3
f 500/5/3 499/5/3 498/5/3
f 501/5/3 499/5/3 500/5/3
f 502/5/3 499/5/3 501/5/3
f 503/5/3 499/5/3 502/5/3
f 504/4/3 503/4/3 502/4/3
f 505/4/3 503/4/3 504/4/3
f 506/3/3 505/3/3 504/3/3
f 507/3/3 505/3/3 506/3/3
f 508/2/3 507/2/3 506/2/3
f 509/2/3 507/2/3 508/2/3
f 510/3/3 509/3/3 508/3/3
f 511/3/3 509/3/3 510/3/3
f 512/5/3 511/5/3 510/5/3
f 513/5/3 511/5/3 512/5/3
f 514/4/3 513/4/3 512/4/3
f 515/4/3 513/4/3 514/4/3
f 516/3/3 515/3/3 514/3/3
f 517/3/3 515/3/3 516/3/3
f 518/3/3 515/3/3 517/3/3
f 519/2/3 518/2/3 517/2/3
f 520/2/3 518/2/3 519/2/3
f 521/2/3 518/2/3 520/2/3
f 522/2/3 518/2/3 521/2/3
f 523/2/3 518/2/3 522/2/3
f 524/3/3 523/3/3 522/3/3
f 525/3/3 523/3/3 524/3/3
f 526/3/3 523/3/3 525/3/3
f 527/2/3 526/2/3 525/2/3
f 528/2/3 526/2/3 527/2/3
f 529/2/3 526/2/3 528/2/3
f 532/2/3 531/2/3 530/2/3
f 533/2/3 531/2/3 532/2/3
f 535/2/3 532/2/3 530/2/3
f 535/5/3 533/5/3 532/5/3
f 536/5/3 533/5/3 535/5/3
f 537/4/3 534/4/3 533/4/3
f 537/5/3 533/5/3 536/5/3
f 538/4/3 534/4/3 537/4/3
f 539/5/3 537/5/3 536/5/3
f 539/5/3 538/5/3 537/5/3
f 540/5/3 538/5/3 539/5/3
f 541/3/3 536/3/3 535/3/3
f 541/5/3 539/5/3 536/5/3
f 542/4/3 540/4/3 539/4/3
f 542/5/3 539/5/3 541/5/3
f 543/4/3 540/4/3 542/4/3
f 544/2/3 535/2/3 530/2/3
f 545/3/3 541/3/3 535/3/3
f 545/2/3 535/2/3 544/2/3
f 545/3/3 542/3/3 541/3/3
f 545/3/3 543/3/3 542/3/3
f 546/3/3 543/3/3 545/3/3
f 547/3/3 543/3/3 546/3/3
f 548/5/3 545/5/3 544/5/3
f 548/5/3 546/5/3 545/5/3
f 549/5/3 546/5/3 548/5/3
f 554/3/3 551/3/3 550/3/3
f 555/3/3 551/3/3 554/3/3
f 557/1/3 553/1/3 552/1/3
f 558/4/3 556/4/3 555/4/3
f 559/4/3 556/4/3 558/4/3
f 560/4/3 556/4/3 559/4/3
f 561/1/3 553/1/3 557/1/3
f 562/3/3 560/3/3 559/3/3
f 563/3/3 560/3/3 562/3/3
f 564/1/3 553/1/3 561/1/3
f 565/4/3 563/4/3 562/4/3
f 566/4/3 563/4/3 565/4/3
f 567/1/3 553/1/3 564/1/3
f 568/1/3 553/1/3 567/1/3
f 570/2/3 566/2/3 565/2/3
f 571/2/3 566/2/3 570/2/3
f 572/2/3 570/2/3 569/2/3
f 573/2/3 570/2/3 572/2/3
f 574/3/4 575/3/4 578/3/4
f 578/3/4 575/3/4 579/3/4
f 576/1/4 577/1/4 581/1/4
f 579/2/4 580/2/4 582/2/4
f 576/1/4 581/1/4 583/1/4
f 583/1/4 581/1/4 584/1/4
f 582/2/4 580/2/4 585/2/4
f 585/2/4 580/2/4 586/2/4
f 583/1/4 584/1/4 587/1/4
f 587/1/4 584/1/4 588/1/4
f 585/3/4 586/3/4 589/3/4
f 588/1/4 584/1/4 590/1/4
f 590/1/4 584/1/4 591/1/4
f 591/1/4 584/1/4 592/1/4
f 589/3/4 586/3/4 594/3/4
f 594/3/4 586/3/4 595/3/4
f 593/2/4 594/2/4 596/2/4
f 596/2/4 594/2/4 597/2/4
f 598/2/4 599/2/4 601/2/4
f 599/3/4 600/3/4 601/3/4
f 601/3/4 600/3/4 602/3/4
f 598/2/4 601/2/4 604/2/4
f 602/4/4 603/4/4 605/4/4
f 604/2/4 601/2/4 605/2/4
f 601/4/4 602/4/4 605/4/4
f 605/4/4 603/4/4 606/4/4
f 606/4/4 603/4/4 607/4/4
f 604/3/4 605/3/4 608/3/4
f 608/3/4 605/3/4 609/3/4
f 605/4/4 606/4/4 610/4/4
f 609/3/4 605/3/4 610/3/4
f 606/5/4 607/5/4 611/5/4
f 610/4/4 606/4/4 611/4/4
f 608/2/4 609/2/4 612/2/4
f 609/3/4 610/3/4 612/3/4
f 610/3/4 611/3/4 612/3/4
f 611/5/4 607/5/4 613/5/4
f 612/3/4 611/3/4 613/3/4
f 612/2/4 613/2/4 614/2/4
f 613/5/4 607/5/4 615/5/4
f 614/2/4 613/2/4 615/2/4
f 615/5/4 607/5/4 616/5/4
f 612/2/4 614/2/4 617/2/4
f 614/3/4 615/3/4 617/3/4
f 615/4/4 616/4/4 618/4/4
f 617/3/4 615/3/4 618/3/4
f 618/4/4 616/4/4 619/4/4
f 608/2/4 612/2/4 620/2/4
f 612/2/4 617/2/4 620/2/4
f 617/2/4 618/2/4 620/2/4
f 620/2/4 618/2/4 621/2/4
f 622/4/4 623/4/4 624/4/4
f 624/4/4 623/4/4 625/4/4
f 625/4/4 623/4/4 626/4/4
f 625/3/4 626/3/4 627/3/4
f 627/3/4 626/3/4 628/3/4
f 627/2/4 628/2/4 629/2/4
f 629/2/4 628/2/4 630/2/4
f 629/3/4 630/3/4 631/3/4
f 631/3/4 630/3/4 632/3/4
f 631/4/4 632/4/4 633/4/4
f 633/4/4 632/4/4 634/4/4
f 633/2/4 634/2/4 635/2/4
f 635/2/4 634/2/4 636/2/4
f 635/3/4 636/3/4 637/3/4
f 637/3/4 636/3/4 638/3/4
f 637/2/4 638/2/4 639/2/4
f 639/2/4 638/2/4 640/2/4
f 639/3/4 640/3/4 641/3/4
f 641/3/4 640/3/4 642/3/4
f 641/4/4 642/4/4 643/4/4
f 643/4/4 642/4/4 644/4/4
f 644/4/4 642/4/4 645/4/4
f 644/3/4 645/3/4 646/3/4
f 646/3/4 645/3/4 647/3/4
f 647/3/4 645/3/4 648/3/4
f 648/3/4 645/3/4 649/3/4
f 648/4/4 649/4/4 650/4/4
f 650/4/4 649/4/4 651/4/4
f 650/3/4 651/3/4 652/3/4
f 652/3/4 651/3/4 653/3/4
f 652/2/4 653/2/4 654/2/4
f 654/2/4 653/2/4 655/2/4
f 654/3/4 655/3/4 656/3/4
f 656/3/4 655/3/4 657/3/4
f 657/3/4 655/3/4 658/3/4
f 658/3/4 655/3/4 659/3/4
f 658/2/4 659/2/4 660/2/4
f 660/2/4 659/2/4 661/2/4
f 661/2/4 659/2/4 662/2/4
f 663/3/4 664/3/4 666/3/4
f 664/5/4 665/5/4 666/5/4
f 666/5/4 665/5/4 667/5/4
f 663/3/4 666/3/4 668/3/4
f 666/4/4 667/4/4 669/4/4
f 668/3/4 666/3/4 669/3/4
f 669/4/4 667/4/4 670/4/4
f 668/2/4 669/2/4 671/2/4
f 669/3/4 670/3/4 672/3/4
f 671/2/4 669/2/4 672/2/4
f 672/3/4 670/3/4 673/3/4
f 671/3/4 672/3/4 674/3/4
f 672/2/4 673/2/4 675/2/4
f 674/3/4 672/3/4 675/3/4
f 674/2/4 675/2/4 676/2/4
f 675/2/4 673/2/4 676/2/4
f 676/2/4 673/2/4 677/2/4
f 674/2/4 676/2/4 678/2/4
f 676/3/4 677/3/4 678/3/4
f 678/3/4 677/3/4 679/3/4
f 674/2/4 678/2/4 680/2/4
f 678/2/4 679/2/4 680/2/4
f 680/2/4 679/2/4 681/2/4
f 674/2/4 680/2/4 682/2/4
f 680/3/4 681/3/4 682/3/4
f 682/3/4 681/3/4 683/3/4
f 674/2/4 682/2/4 684/2/4
f 682/4/4 683/4/4 684/4/4
f 684/4/4 683/4/4 685/4/4
f 674/2/4 684/2/4 686/2/4
f 684/3/4 685/3/4 686/3/4
f 686/3/4 685/3/4 687/3/4
f 674/2/4 686/2/4 688/2/4
f 686/5/4 687/5/4 688/5/4
f 688/5/4 687/5/4 689/5/4
f 674/2/4 688/2/4 690/2/4
f 688/4/4 689/4/4 691/4/4
f 690/2/4 688/2/4 691/2/4
f 691/4/4 689/4/4 692/4/4
f 690/3/4 691/3/4 693/3/4
f 691/5/4 692/5/4 694/5/4
f 693/3/4 691/3/4 694/3/4
f 693/5/4 694/5/4 695/5/4
f 694/5/4 692/5/4 696/5/4
f 695/5/4 694/5/4 696/5/4
f 696/5/4 692/5/4 697/5/4
f 695/2/4 696/2/4 698/2/4
f 696/3/4 697/3/4 698/3/4
f 698/3/4 697/3/4 699/3/4
f 695/2/4 698/2/4 700/2/4
f 698/2/4 699/2/4 700/2/4
f 700/2/4 699/2/4 701/2/4
f 701/2/4 699/2/4 702/2/4
f 700/3/4 701/3/4 703/3/4
f 701/4/4 702/4/4 703/4/4
f 703/4/4 702/4/4 704/4/4
f 700/3/4 703/3/4 705/3/4
f 703/5/4 704/5/4 706/5/4
f 705/3/4 703/3/4 706/3/4
f 706/5/4 704/5/4 707/5/4
f 705/2/4 706/2/4 708/2/4
f 706/4/4 707/4/4 709/4/4
f 708/2/4 706/2/4 709/2/4
f 709/4/4 707/4/4 710/4/4
f 708/3/4 709/3/4 711/3/4
f 709/3/4 710/3/4 711/3/4
f 711/3/4 710/3/4 712/3/4
f 711/2/4 712/2/4 713/2/4
f 713/2/4 712/2/4 714/2/4
f 732/2/5 716/2/5 715/2/5
f 732/3/5 717/3/5 716/3/5
f 733/2/5 718/2/5 717/2/5
f 733/3/5 717/3/5 732/3/5
f 734/4/5 719/4/5 718/4/5
f 734/2/5 718/2/5 733/2/5
f 735/3/5 720/3/5 719/3/5
f 735/4/5 719/4/5 734/4/5
f 736/2/5 721/2/5 720/2/5
f 736/3/5 720/3/5 735/3/5
f 737/3/5 722/3/5 721/3/5
f 737/2/5 721/2/5 736/2/5
f 738/2/5 723/2/5 722/2/5
f 738/3/5 722/3/5 737/3/5
f 739/3/5 724/3/5 723/3/5
f 739/2/5 723/2/5 738/2/5
f 740/4/5 725/4/5 724/4/5
f 740/3/5 724/3/5 739/3/5
f 741/3/5 726/3/5 725/3/5
f 741/4/5 725/4/5 740/4/5
f 742/2/5 727/2/5 726/2/5
f 742/3/5 726/3/5 741/3/5
f 743/3/5 728/3/5 727/3/5
f 743/2/5 727/2/5 742/2/5
f 744/2/5 729/2/5 728/2/5
f 744/3/5 728/3/5 743/3/5
f 745/3/5 730/3/5 729/3/5
f 745/2/5 729/2/5 744/2/5
f 746/2/5 731/2/5 730/2/5
f 746/3/5 730/3/5 745/3/5
f 747/2/5 745/2/5 744/2/5
f 747/2/5 731/2/5 746/2/5
f 747/2/5 746/2/5 745/2/5
f 747/2/5 743/2/5 742/2/5
f 747/2/5 742/2/5 741/2/5
f 747/2/5 741/2/5 740/2/5
f 747/2/5 740/2/5 739/2/5
f 747/2/5 739/2/5 738/2/5
f 747/2/5 738/2/5 737/2/5
f 747/2/5 737/2/5 736/2/5
f 747/2/5 736/2/5 735/2/5
f 747/2/5 735/2/5 734/2/5
f 747/2/5 734/2/5 733/2/5
f 747/2/5 733/2/5 732/2/5
f 747/2/5 744/2/5 743/2/5
f 748/2/5 731/2/5 747/2/5
f 749/2/5 747/2/5 732/2/5
f 749/3/5 748/3/5 747/3/5
f 750/3/5 748/3/5 749/3/5
f 751/2/5 749/2/5 732/2/5
f 751/4/5 750/4/5 749/4/5
f 752/4/5 750/4/5 751/4/5
f 753/2/5 751/2/5 732/2/5
f 753/3/5 752/3/5 751/3/5
f 754/3/5 752/3/5 753/3/5
f 755/2/5 732/2/5 715/2/5
f 755/2/5 753/2/5 732/2/5
f 755/2/5 754/2/5 753/2/5
f 756/2/5 754/2/5 755/2/5
f 757/3/5 756/3/5 755/3/5
f 758/2/5 754/2/5 756/2/5
f 758/3/5 756/3/5 757/3/5
f 759/2/5 754/2/5 758/2/5
f 760/2/5 754/2/5 759/2/5
f 761/2/5 758/2/5 757/2/5
f 761/2/5 759/2/5 758/2/5
f 761/3/5 760/3/5 759/3/5
f 762/3/5 760/3/5 761/3/5
f 763/2/5 761/2/5 757/2/5
f 763/4/5 762/4/5 761/4/5
f 764/4/5 762/4/5 763/4/5
f 765/2/5 763/2/5 757/2/5
f 765/3/5 764/3/5 763/3/5
f 766/3/5 764/3/5 765/3/5
f 767/2/5 765/2/5 757/2/5
f 767/2/5 766/2/5 765/2/5
f 768/2/5 766/2/5 767/2/5
f 769/2/5 767/2/5 757/2/5
f 769/3/5 768/3/5 767/3/5
f 770/3/5 768/3/5 769/3/5
f 771/2/5 769/2/5 757/2/5
f 771/2/5 770/2/5 769/2/5
f 772/2/5 770/2/5 771/2/5
f 773/3/5 772/3/5 771/3/5
f 774/2/5 770/2/5 772/2/5
f 774/3/5 772/3/5 773/3/5
f 775/2/5 770/2/5 774/2/5
f 776/2/5 770/2/5 775/2/5
f 777/2/5 774/2/5 773/2/5
f 777/2/5 775/2/5 774/2/5
f 777/3/5 776/3/5 775/3/5
f 778/3/5 776/3/5 777/3/5
f 779/2/5 777/2/5 773/2/5
f 779/2/5 778/2/5 777/2/5
f 780/2/5 778/2/5 779/2/5
f 781/2/5 778/2/5 780/2/5
f 782/2/5 778/2/5 781/2/5
f 783/2/5 778/2/5 782/2/5
f 784/2/5 778/2/5 783/2/5
f 785/2/5 778/2/5 784/2/5
f 786/2/5 778/2/5 785/2/5
f 787/2/5 778/2/5 786/2/5
f 788/2/5 778/2/5 787/2/5
f 789/2/5 778/2/5 788/2/5
f 790/3/5 780/3/5 779/3/5
f 791/2/5 781/2/5 780/2/5
f 791/3/5 780/3/5 790/3/5
f 792/3/5 782/3/5 781/3/5
f 792/2/5 781/2/5 791/2/5
f 793/2/5 783/2/5 782/2/5
f 793/3/5 782/3/5 792/3/5
f 794/3/5 784/3/5 783/3/5
f 794/2/5 783/2/5 793/2/5
f 795/5/5 785/5/5 784/5/5
f 795/3/5 784/3/5 794/3/5
f 796/2/5 786/2/5 785/2/5
f 796/5/5 785/5/5 795/5/5
f 797/3/5 787/3/5 786/3/5
f 797/2/5 786/2/5 796/2/5
f 798/2/5 788/2/5 787/2/5
f 798/3/5 787/3/5 797/3/5
f 799/3/5 789/3/5 788/3/5
f 799/2/5 788/2/5 798/2/5
f 800/2/5 778/2/5 789/2/5
f 800/3/5 789/3/5 799/3/5
f 801/2/5 778/2/5 800/2/5
f 805/2/5 803/2/5 802/2/5
f 806/5/5 804/5/5 803/5/5
f 806/2/5 803/2/5 805/2/5
f 807/5/5 804/5/5 806/5/5
f 808/2/5 807/2/5 806/2/5
f 809/2/5 807/2/5 808/2/5
f 810/3/5 809/3/5 808/3/5
f 811/3/5 809/3/5 810/3/5
f 812/2/5 805/2/5 802/2/5
f 813/2/5 805/2/5 812/2/5
f 814/3/5 813/3/5 812/3/5
f 815/3/5 813/3/5 814/3/5
f 816/2/5 815/2/5 814/2/5
f 819/2/5 811/2/5 810/2/5
f 820/2/5 816/2/5 814/2/5
f 820/2/5 817/2/5 816/2/5
f 821/3/5 818/3/5 817/3/5
f 821/2/5 817/2/5 820/2/5
f 822/2/5 819/2/5 818/2/5
f 822/3/5 818/3/5 821/3/5
f 823/2/5 811/2/5 819/2/5
f 823/2/5 819/2/5 822/2/5
f 824/2/6 825/2/6 846/2/6
f 846/2/6 825/2/6 847/2/6
f 825/3/6 826/3/6 848/3/6
f 847/2/6 825/2/6 848/2/6
f 848/3/6 826/3/6 849/3/6
f 826/5/6 827/5/6 850/5/6
f 849/3/6 826/3/6 850/3/6
f 827/4/6 828/4/6 851/4/6
f 850/5/6 827/5/6 851/5/6
f 828/3/6 829/3/6 852/3/6
f 851/4/6 828/4/6 852/4/6
f 852/3/6 829/3/6 853/3/6
f 829/4/6 830/4/6 854/4/6
f 853/3/6 829/3/6 854/3/6
f 830/3/6 831/3/6 855/3/6
f 854/4/6 830/4/6 855/4/6
f 831/4/6 832/4/6 856/4/6
f 855/3/6 831/3/6 856/3/6
f 832/5/6 833/5/6 857/5/6
f 856/4/6 832/4/6 857/4/6
f 833/3/6 834/3/6 858/3/6
f 857/5/6 833/5/6 858/5/6
f 834/2/6 835/2/6 859/2/6
f 858/3/6 834/3/6 859/3/6
f 835/3/6 836/3/6 860/3/6
f 859/2/6 835/2/6 860/2/6
f 860/3/6 836/3/6 861/3/6
f 861/3/6 836/3/6 862/3/6
f 836/5/6 837/5/6 863/5/6
f 862/3/6 836/3/6 863/3/6
f 837/4/6 838/4/6 864/4/6
f 863/5/6 837/5/6 864/5/6
f 864/4/6 838/4/6 865/4/6
f 838/3/6 839/3/6 866/3/6
f 865/4/6 838/4/6 866/4/6
f 839/2/6 840/2/6 867/2/6
f 866/3/6 839/3/6 867/3/6
f 840/3/6 841/3/6 868/3/6
f 867/2/6 840/2/6 868/2/6
f 841/4/6 842/4/6 869/4/6
f 868/3/6 841/3/6 869/3/6
f 842/3/6 843/3/6 870/3/6
f 869/4/6 842/4/6 870/4/6
f 870/3/6 843/3/6 871/3/6
f 843/2/6 844/2/6 872/2/6
f 871/3/6 843/3/6 872/3/6
f 872/2/6 844/2/6 873/2/6
f 844/4/6 845/4/6 874/4/6
f 873/2/6 844/2/6 874/2/6
f 874/4/6 845/4/6 875/4/6
f 875/4/6 845/4/6 876/4/6
f 875/3/6 876/3/6 877/3/6
f 877/3/6 876/3/6 878/3/6
f 878/3/6 876/3/6 879/3/6
f 879/3/6 876/3/6 880/3/6
f 879/4/6 880/4/6 881/4/6
f 881/4/6 880/4/6 882/4/6
f 881/5/6 882/5/6 883/5/6
f 883/5/6 882/5/6 884/5/6
f 884/5/6 882/5/6 885/5/6
f 884/4/6 885/4/6 886/4/6
f 886/4/6 885/4/6 887/4/6
f 824/2/6 846/2/6 888/2/6
f 888/2/6 846/2/6 889/2/6
f 886/3/6 887/3/6 890/3/6
f 890/3/6 887/3/6 891/3/6
f 888/3/6 889/3/6 892/3/6
f 892/3/6 889/3/6 893/3/6
f 892/5/6 893/5/6 894/5/6
f 894/5/6 893/5/6 895/5/6
f 890/2/6 891/2/6 896/2/6
f 894/3/6 895/3/6 897/3/6
f 894/3/6 897/3/6 898/3/6
f 898/3/6 897/3/6 899/3/6
f 896/2/6 891/2/6 900/2/6
f 900/2/6 891/2/6 901/2/6
f 900/3/6 901/3/6 902/3/6
f 902/3/6 901/3/6 903/3/6
f 902/4/6 903/4/6 904/4/6
f 904/4/6 903/4/6 905/4/6
f 898/2/6 899/2/6 906/2/6
f 904/5/6 905/5/6 907/5/6
f 907/5/6 905/5/6 908/5/6
f 907/4/6 908/4/6 909/4/6
f 909/4/6 908/4/6 910/4/6
f 898/2/6 906/2/6 911/2/6
f 909/3/6 910/3/6 912/3/6
f 898/2/6 911/2/6 913/2/6
f 913/2/6 911/2/6 914/2/6
f 912/3/6 910/3/6 915/3/6
f 915/3/6 910/3/6 916/3/6
f 913/3/6 914/3/6 917/3/6
f 917/3/6 914/3/6 918/3/6
f 917/4/6 918/4/6 919/4/6
f 919/4/6 918/4/6 920/4/6
f 919/5/6 920/5/6 921/5/6
f 921/5/6 920/5/6 922/5/6
f 915/2/6 916/2/6 923/2/6
f 923/2/6 916/2/6 924/2/6
f 921/4/6 922/4/6 925/4/6
f 925/4/6 922/4/6 926/4/6
f 923/3/6 924/3/6 927/3/6
f 927/3/6 924/3/6 928/3/6
f 925/3/6 926/3/6 929/3/6
f 927/4/6 928/4/6 930/4/6
f 930/4/6 928/4/6 931/4/6
f 930/5/6 931/5/6 932/5/6
f 932/5/6 931/5/6 933/5/6
f 933/5/6 931/5/6 934/5/6
f 933/3/6 934/3/6 935/3/6
f 925/3/6 929/3/6 936/3/6
f 936/3/6 929/3/6 937/3/6
f 936/2/6 937/2/6 938/2/6
f 935/3/6 934/3/6 939/3/6
f 939/3/6 934/3/6 940/3/6
f 936/2/6 938/2/6 941/2/6
f 941/2/6 938/2/6 942/2/6
f 939/2/6 940/2/6 943/2/6
f 941/3/6 942/3/6 944/3/6
f 944/3/6 942/3/6 945/3/6
f 944/4/6 945/4/6 946/4/6
f 946/4/6 945/4/6 947/4/6
f 943/2/6 940/2/6 970/2/6
f 946/5/6 947/5/6 971/5/6
f 947/4/6 948/4/6 972/4/6
f 971/5/6 947/5/6 972/5/6
f 948/3/6 949/3/6 973/3/6
f 972/4/6 948/4/6 973/4/6
f 949/3/6 950/3/6 973/3/6
f 950/2/6 951/2/6 974/2/6
f 973/3/6 950/3/6 974/3/6
f 951/2/6 952/2/6 974/2/6
f 952/3/6 953/3/6 975/3/6
f 974/2/6 952/2/6 975/2/6
f 953/2/6 954/2/6 976/2/6
f 975/3/6 953/3/6 976/3/6
f 954/2/6 955/2/6 976/2/6
f 955/3/6 956/3/6 977/3/6
f 976/2/6 955/2/6 977/2/6
f 956/3/6 957/3/6 977/3/6
f 957/4/6 958/4/6 978/4/6
f 977/3/6 957/3/6 978/3/6
f 958/3/6 959/3/6 979/3/6
f 978/4/6 958/4/6 979/4/6
f 959/5/6 960/5/6 980/5/6
f 979/3/6 959/3/6 980/3/6
f 960/4/6 961/4/6 981/4/6
f 980/5/6 960/5/6 981/5/6
f 961/5/6 962/5/6 982/5/6
f 981/4/6 961/4/6 982/4/6
f 962/5/6 963/5/6 982/5/6
f 963/3/6 964/3/6 983/3/6
f 982/5/6 963/5/6 983/5/6
f 964/2/6 965/2/6 984/2/6
f 983/3/6 964/3/6 984/3/6
f 965/4/6 966/4/6 985/4/6
f 984/2/6 965/2/6 985/2/6
f 966/5/6 967/5/6 986/5/6
f 985/4/6 966/4/6 986/4/6
f 967/4/6 968/4/6 987/4/6
f 986/5/6 967/5/6 987/5/6
f 968/3/6 969/3/6 988/3/6
f 987/4/6 968/4/6 988/4/6
f 969/2/6 970/2/6 989/2/6
f 988/3/6 969/3/6 989/3/6
f 970/2/6 940/2/6 990/2/6
f 989/2/6 970/2/6 990/2/6
f 991/2/6 992/2/6 1009/2/6
f 992/3/6 993/3/6 1009/3/6
f 1009/3/6 993/3/6 1010/3/6
f 993/4/6 994/4/6 1011/4/6
f 994/3/6 995/3/6 1011/3/6
f 995/2/6 996/2/6 1012/2/6
f 1011/3/6 995/3/6 1012/3/6
f 996/3/6 997/3/6 1013/3/6
f 1012/2/6 996/2/6 1013/2/6
f 997/5/6 998/5/6 1014/5/6
f 1013/3/6 997/3/6 1014/3/6
f 999/3/6 1000/3/6 1015/3/6
f 1000/2/6 1001/2/6 1015/2/6
f 1001/3/6 1002/3/6 1016/3/6
f 1015/2/6 1001/2/6 1016/2/6
f 1002/5/6 1003/5/6 1017/5/6
f 1016/3/6 1002/3/6 1017/3/6
f 1003/4/6 1004/4/6 1018/4/6
f 1017/5/6 1003/5/6 1018/5/6
f 1004/3/6 1005/3/6 1019/3/6
f 1018/4/6 1004/4/6 1019/4/6
f 1005/2/6 1006/2/6 1020/2/6
f 1019/3/6 1005/3/6 1020/3/6
f 1020/2/6 1006/2/6 1021/2/6
f 1006/3/6 1007/3/6 1022/3/6
f 1021/2/6 1006/2/6 1022/2/6
f 1007/2/6 1008/2/6 1023/2/6
f 1022/3/6 1007/3/6 1023/3/6
f 1023/2/6 1008/2/6 1024/2/6
f 1024/2/6 1008/2/6 1025/2/6
f 1009/2/6 1010/2/6 1026/2/6
f 1026/2/6 1010/2/6 1027/2/6
f 1010/3/6 993/3/6 1028/3/6
f 1027/2/6 1010/2/6 1028/2/6
f 993/4/6 1011/4/6 1029/4/6
f 1028/3/6 993/3/6 1029/3/6
f 1011/4/6 1012/4/6 1029/4/6
f 1029/4/6 1012/4/6 1030/4/6
f 1030/4/6 1012/4/6 1031/4/6
f 1012/3/6 1013/3/6 1032/3/6
f 1031/4/6 1012/4/6 1032/4/6
f 1032/3/6 1013/3/6 1033/3/6
f 1013/4/6 1014/4/6 1034/4/6
f 1033/3/6 1013/3/6 1034/3/6
f 1034/4/6 1014/4/6 1035/4/6
f 1014/5/6 998/5/6 1036/5/6
f 1035/4/6 1014/4/6 1036/4/6
f 998/4/6 999/4/6 1037/4/6
f 1036/5/6 998/5/6 1037/5/6
f 999/3/6 1015/3/6 1038/3/6
f 1037/4/6 999/4/6 1038/4/6
f 1015/3/6 1016/3/6 1038/3/6
f 1038/3/6 1016/3/6 1039/3/6
f 1020/2/6 1021/2/6 1040/2/6
f 1039/3/6 1016/3/6 1040/3/6
f 1016/2/6 1017/2/6 1040/2/6
f 1017/2/6 1018/2/6 1040/2/6
f 1018/2/6 1019/2/6 1040/2/6
f 1019/2/6 1020/2/6 1040/2/6
f 1040/2/6 1021/2/6 1041/2/6
f 1041/2/6 1021/2/6 1042/2/6
f 1021/3/6 1022/3/6 1043/3/6
f 1042/2/6 1021/2/6 1043/2/6
f 1043/3/6 1022/3/6 1044/3/6
f 1022/2/6 1023/2/6 1045/2/6
f 1044/3/6 1022/3/6 1045/3/6
f 1023/2/6 1024/2/6 1045/2/6
f 1045/2/6 1024/2/6 1046/2/6
f 1024/3/6 1025/3/6 1047/3/6
f 1046/2/6 1024/2/6 1047/2/6
f 1047/3/6 1025/3/6 1048/3/6
f 1009/2/6 1026/2/6 1049/2/6
f 991/2/6 1009/2/6 1049/2/6
f 1049/2/6 1026/2/6 1050/2/6
f 1050/2/6 1026/2/6 1051/2/6
f 1026/3/6 1027/3/6 1052/3/6
f 1051/2/6 1026/2/6 1052/2/6
f 1027/2/6 1028/2/6 1053/2/6
f 1028/2/6 1029/2/6 1053/2/6
f 1029/4/6 1030/4/6 1054/4/6
f 1053/2/6 1029/2/6 1054/2/6
f 1030/5/6 1031/5/6 1055/5/6
f 1031/4/6 1032/4/6 1055/4/6
f 1032/2/6 1033/2/6 1056/2/6
f 1055/4/6 1032/4/6 1056/4/6
f 1034/3/6 1035/3/6 1057/3/6
f 1056/2/6 1033/2/6 1057/2/6
f 1033/3/6 1034/3/6 1057/3/6
f 1040/3/6 1041/3/6 1058/3/6
f 1039/3/6 1040/3/6 1058/3/6
f 1058/3/6 1041/3/6 1059/3/6
f 1041/2/6 1042/2/6 1060/2/6
f 1059/3/6 1041/3/6 1060/3/6
f 1060/2/6 1042/2/6 1061/2/6
f 1042/3/6 1043/3/6 1062/3/6
f 1062/3/6 1043/3/6 1063/3/6
f 1047/2/6 1048/2/6 1064/2/6
f 1046/2/6 1047/2/6 1064/2/6
f 1064/2/6 1048/2/6 1065/2/6
f 1050/2/6 1051/2/6 1066/2/6
f 1049/3/6 1050/3/6 1066/3/6
f 1051/3/6 1052/3/6 1067/3/6
f 1066/2/6 1051/2/6 1067/2/6
f 1067/3/6 1052/3/6 1068/3/6
f 1052/3/6 1027/3/6 1069/3/6
f 1068/3/6 1052/3/6 1069/3/6
f 1027/2/6 1053/2/6 1070/2/6
f 1069/3/6 1027/3/6 1070/3/6
f 1053/3/6 1054/3/6 1071/3/6
f 1070/2/6 1053/2/6 1071/2/6
f 1055/5/6 1056/5/6 1072/5/6
f 1056/3/6 1057/3/6 1072/3/6
f 1057/3/6 1035/3/6 1073/3/6
f 1072/3/6 1057/3/6 1073/3/6
f 1073/3/6 1035/3/6 1074/3/6
f 1058/5/6 1059/5/6 1075/5/6
f 1059/4/6 1060/4/6 1075/4/6
f 1060/3/6 1061/3/6 1076/3/6
f 1075/4/6 1060/4/6 1076/4/6
f 1076/3/6 1061/3/6 1077/3/6
f 1061/2/6 1042/2/6 1078/2/6
f 1077/3/6 1061/3/6 1078/3/6
f 1042/3/6 1062/3/6 1079/3/6
f 1078/2/6 1042/2/6 1079/2/6
f 1062/4/6 1063/4/6 1080/4/6
f 1079/3/6 1062/3/6 1080/3/6
f 1063/3/6 1043/3/6 1081/3/6
f 1080/4/6 1063/4/6 1081/4/6
f 1043/2/6 1044/2/6 1082/2/6
f 1081/3/6 1043/3/6 1082/3/6
f 1044/3/6 1045/3/6 1083/3/6
f 1082/2/6 1044/2/6 1083/2/6
f 1045/3/6 1046/3/6 1083/3/6
f 1064/3/6 1065/3/6 1084/3/6
f 1046/2/6 1064/2/6 1084/2/6
f 1084/3/6 1065/3/6 1085/3/6
f 1067/3/6 1068/3/6 1086/3/6
f 1066/3/6 1067/3/6 1086/3/6
f 1068/5/6 1069/5/6 1087/5/6
f 1086/3/6 1068/3/6 1087/3/6
f 1069/4/6 1070/4/6 1088/4/6
f 1087/5/6 1069/5/6 1088/5/6
f 1070/3/6 1071/3/6 1089/3/6
f 1088/4/6 1070/4/6 1089/4/6
f 1071/3/6 1054/3/6 1090/3/6
f 1089/3/6 1071/3/6 1090/3/6
f 1073/4/6 1074/4/6 1091/4/6
f 1072/5/6 1073/5/6 1091/5/6
f 1091/4/6 1074/4/6 1092/4/6
f 1076/5/6 1077/5/6 1093/5/6
f 1075/5/6 1076/5/6 1093/5/6
f 1077/3/6 1078/3/6 1093/3/6
f 1079/4/6 1080/4/6 1094/4/6
f 1093/3/6 1078/3/6 1094/3/6
f 1078/4/6 1079/4/6 1094/4/6
f 1081/4/6 1082/4/6 1094/4/6
f 1080/4/6 1081/4/6 1094/4/6
f 1082/4/6 1083/4/6 1094/4/6
f 1094/4/6 1083/4/6 1095/4/6
f 1095/4/6 1083/4/6 1096/4/6
f 1096/4/6 1083/4/6 1097/4/6
f 1097/4/6 1083/4/6 1098/4/6
f 1083/3/6 1046/3/6 1099/3/6
f 1098/4/6 1083/4/6 1099/4/6
f 1099/3/6 1046/3/6 1100/3/6
f 1046/2/6 1084/2/6 1101/2/6
f 1084/5/6 1085/5/6 1101/5/6
f 1101/5/6 1085/5/6 1102/5/6
f 1088/5/6 1089/5/6 1103/5/6
f 1086/4/6 1087/4/6 1103/4/6
f 1087/5/6 1088/5/6 1103/5/6
f 1103/5/6 1089/5/6 1104/5/6
f 1090/3/6 1054/3/6 1105/3/6
f 1089/4/6 1090/4/6 1105/4/6
f 1054/4/6 1030/4/6 1106/4/6
f 1105/3/6 1054/3/6 1106/3/6
f 1093/4/6 1094/4/6 1107/4/6
f 1094/4/6 1095/4/6 1107/4/6
f 1095/3/6 1096/3/6 1108/3/6
f 1107/4/6 1095/4/6 1108/4/6
f 1096/2/6 1097/2/6 1109/2/6
f 1108/3/6 1096/3/6 1109/3/6
f 1097/4/6 1098/4/6 1110/4/6
f 1109/2/6 1097/2/6 1110/2/6
f 1098/5/6 1099/5/6 1111/5/6
f 1110/4/6 1098/4/6 1111/4/6
f 1066/3/6 1086/3/6 1112/3/6
f 1103/4/6 1104/4/6 1112/4/6
f 1086/4/6 1103/4/6 1112/4/6
f 1112/4/6 1104/4/6 1113/4/6
f 1104/5/6 1089/5/6 1114/5/6
f 1113/4/6 1104/4/6 1114/4/6
f 1089/4/6 1105/4/6 1115/4/6
f 1114/5/6 1089/5/6 1115/5/6
f 1105/4/6 1106/4/6 1115/4/6
f 1115/4/6 1106/4/6 1116/4/6
f 1072/5/6 1091/5/6 1117/5/6
f 1091/5/6 1092/5/6 1117/5/6
f 1092/4/6 1074/4/6 1118/4/6
f 1117/5/6 1092/5/6 1118/5/6
f 1075/5/6 1093/5/6 1119/5/6
f 1058/5/6 1075/5/6 1119/5/6
f 1119/5/6 1093/5/6 1120/5/6
f 1093/4/6 1107/4/6 1121/4/6
f 1120/5/6 1093/5/6 1121/5/6
f 1107/5/6 1108/5/6 1122/5/6
f 1121/4/6 1107/4/6 1122/4/6
f 1108/4/6 1109/4/6 1123/4/6
f 1122/5/6 1108/5/6 1123/5/6
f 1110/5/6 1111/5/6 1124/5/6
f 1123/4/6 1109/4/6 1124/4/6
f 1109/5/6 1110/5/6 1124/5/6
f 1124/5/6 1111/5/6 1125/5/6
f 1111/5/6 1099/5/6 1126/5/6
f 1125/5/6 1111/5/6 1126/5/6
f 1099/4/6 1100/4/6 1127/4/6
f 1126/5/6 1099/5/6 1127/5/6
f 1100/3/6 1046/3/6 1128/3/6
f 1127/4/6 1100/4/6 1128/4/6
f 1046/2/6 1101/2/6 1129/2/6
f 1128/3/6 1046/3/6 1129/3/6
f 991/2/6 1049/2/6 1130/2/6
f 1049/3/6 1066/3/6 1131/3/6
f 1130/2/6 1049/2/6 1131/2/6
f 1066/3/6 1112/3/6 1131/3/6
f 1112/2/6 1113/2/6 1132/2/6
f 1131/3/6 1112/3/6 1132/3/6
f 1113/3/6 1114/3/6 1133/3/6
f 1114/4/6 1115/4/6 1133/4/6
f 1115/3/6 1116/3/6 1134/3/6
f 1133/4/6 1115/4/6 1134/4/6
f 1116/4/6 1106/4/6 1135/4/6
f 1134/3/6 1116/3/6 1135/3/6
f 1106/4/6 1030/4/6 1136/4/6
f 1135/4/6 1106/4/6 1136/4/6
f 1030/5/6 1055/5/6 1137/5/6
f 1136/4/6 1030/4/6 1137/4/6
f 1055/5/6 1072/5/6 1137/5/6
f 1072/5/6 1117/5/6 1137/5/6
f 1117/4/6 1118/4/6 1138/4/6
f 1137/5/6 1117/5/6 1138/5/6
f 1118/4/6 1074/4/6 1139/4/6
f 1138/4/6 1118/4/6 1139/4/6
f 1119/4/6 1120/4/6 1140/4/6
f 1058/5/6 1119/5/6 1140/5/6
f 1121/5/6 1122/5/6 1141/5/6
f 1140/4/6 1120/4/6 1141/4/6
f 1123/5/6 1124/5/6 1141/5/6
f 1124/5/6 1125/5/6 1141/5/6
f 1120/5/6 1121/5/6 1141/5/6
f 1122/5/6 1123/5/6 1141/5/6
f 1141/5/6 1125/5/6 1142/5/6
f 1125/3/6 1126/3/6 1143/3/6
f 1142/5/6 1125/5/6 1143/5/6
f 1126/4/6 1127/4/6 1144/4/6
f 1143/3/6 1126/3/6 1144/3/6
f 1127/4/6 1128/4/6 1144/4/6
f 1128/4/6 1129/4/6 1144/4/6
f 1144/4/6 1129/4/6 1145/4/6
f 1145/4/6 1129/4/6 1146/4/6
f 1129/2/6 1101/2/6 1147/2/6
f 1146/4/6 1129/4/6 1147/4/6
f 1147/2/6 1101/2/6 1148/2/6
f 1101/3/6 1102/3/6 1149/3/6
f 1148/2/6 1101/2/6 1149/2/6
f 1149/3/6 1102/3/6 1150/3/6
f 1132/2/6 1113/2/6 1151/2/6
f 1131/2/6 1132/2/6 1151/2/6
f 1133/3/6 1134/3/6 1152/3/6
f 1151/2/6 1113/2/6 1152/2/6
f 1113/3/6 1133/3/6 1152/3/6
f 1152/3/6 1134/3/6 1153/3/6
f 1153/3/6 1134/3/6 1154/3/6
f 1135/4/6 1136/4/6 1155/4/6
f 1134/4/6 1135/4/6 1155/4/6
f 1137/5/6 1138/5/6 1156/5/6
f 1155/4/6 1136/4/6 1156/4/6
f 1138/5/6 1139/5/6 1156/5/6
f 1136/5/6 1137/5/6 1156/5/6
f 1141/5/6 1142/5/6 1157/5/6
f 1140/5/6 1141/5/6 1157/5/6
f 1142/4/6 1143/4/6 1158/4/6
f 1157/5/6 1142/5/6 1158/5/6
f 1158/4/6 1143/4/6 1159/4/6
f 1143/5/6 1144/5/6 1160/5/6
f 1144/3/6 1145/3/6 1160/3/6
f 1145/4/6 1146/4/6 1161/4/6
f 1160/3/6 1145/3/6 1161/3/6
f 1147/3/6 1148/3/6 1162/3/6
f 1161/4/6 1146/4/6 1162/4/6
f 1146/3/6 1147/3/6 1162/3/6
f 1149/2/6 1150/2/6 1163/2/6
f 1162/3/6 1148/3/6 1163/3/6
f 1148/2/6 1149/2/6 1163/2/6
f 1130/3/6 1131/3/6 1164/3/6
f 1131/2/6 1151/2/6 1165/2/6
f 1164/3/6 1131/3/6 1165/3/6
f 1152/3/6 1153/3/6 1166/3/6
f 1153/4/6 1154/4/6 1166/4/6
f 1151/3/6 1152/3/6 1166/3/6
f 1154/3/6 1134/3/6 1167/3/6
f 1166/4/6 1154/4/6 1167/4/6
f 1134/4/6 1155/4/6 1168/4/6
f 1167/3/6 1134/3/6 1168/3/6
f 1155/5/6 1156/5/6 1169/5/6
f 1168/4/6 1155/4/6 1169/4/6
f 1140/5/6 1157/5/6 1170/5/6
f 1170/5/6 1157/5/6 1171/5/6
f 1157/3/6 1158/3/6 1172/3/6
f 1171/5/6 1157/5/6 1172/5/6
f 1158/3/6 1159/3/6 1172/3/6
f 1159/4/6 1143/4/6 1173/4/6
f 1172/3/6 1159/3/6 1173/3/6
f 1160/5/6 1161/5/6 1174/5/6
f 1173/4/6 1143/4/6 1174/4/6
f 1143/5/6 1160/5/6 1174/5/6
f 1161/4/6 1162/4/6 1175/4/6
f 1174/5/6 1161/5/6 1175/5/6
f 1162/2/6 1163/2/6 1176/2/6
f 1175/4/6 1162/4/6 1176/4/6
f 1176/2/6 1163/2/6 1177/2/6
f 1177/2/6 1163/2/6 1178/2/6
f 1165/2/6 1151/2/6 1179/2/6
f 1164/5/6 1165/5/6 1179/5/6
f 1166/3/6 1167/3/6 1180/3/6
f 1179/2/6 1151/2/6 1180/2/6
f 1151/3/6 1166/3/6 1180/3/6
f 1180/3/6 1167/3/6 1181/3/6
f 1181/3/6 1167/3/6 1182/3/6
f 1167/4/6 1168/4/6 1183/4/6
f 1182/3/6 1167/3/6 1183/3/6
f 1170/4/6 1171/4/6 1184/4/6
f 1171/5/6 1172/5/6 1184/5/6
f 1172/4/6 1173/4/6 1185/4/6
f 1184/5/6 1172/5/6 1185/5/6
f 1173/3/6 1174/3/6 1186/3/6
f 1185/4/6 1173/4/6 1186/4/6
f 1174/5/6 1175/5/6 1187/5/6
f 1186/3/6 1174/3/6 1187/3/6
f 1187/5/6 1175/5/6 1188/5/6
f 1175/3/6 1176/3/6 1189/3/6
f 1188/5/6 1175/5/6 1189/5/6
f 1176/2/6 1177/2/6 1190/2/6
f 1189/3/6 1176/3/6 1190/3/6
f 1177/3/6 1178/3/6 1191/3/6
f 1190/2/6 1177/2/6 1191/2/6
f 1178/2/6 1163/2/6 1192/2/6
f 1191/3/6 1178/3/6 1192/3/6
f 1163/2/6 1150/2/6 1193/2/6
f 1192/2/6 1163/2/6 1193/2/6
f 1193/2/6 1150/2/6 1194/2/6
f 1164/5/6 1179/5/6 1195/5/6
f 1179/4/6 1180/4/6 1196/4/6
f 1195/5/6 1179/5/6 1196/5/6
f 1180/4/6 1181/4/6 1196/4/6
f 1196/4/6 1181/4/6 1197/4/6
f 1181/3/6 1182/3/6 1198/3/6
f 1197/4/6 1181/4/6 1198/4/6
f 1182/4/6 1183/4/6 1199/4/6
f 1198/3/6 1182/3/6 1199/3/6
f 1169/5/6 1156/5/6 1200/5/6
f 1156/5/6 1139/5/6 1200/5/6
f 1168/5/6 1169/5/6 1200/5/6
f 1200/5/6 1139/5/6 1201/5/6
f 1170/4/6 1184/4/6 1202/4/6
f 1184/4/6 1185/4/6 1202/4/6
f 1185/5/6 1186/5/6 1203/5/6
f 1202/4/6 1185/4/6 1203/4/6
f 1187/5/6 1188/5/6 1203/5/6
f 1186/5/6 1187/5/6 1203/5/6
f 1203/5/6 1188/5/6 1204/5/6
f 1204/5/6 1188/5/6 1205/5/6
f 1196/4/6 1197/4/6 1206/4/6
f 1195/4/6 1196/4/6 1206/4/6
f 1197/3/6 1198/3/6 1207/3/6
f 1206/4/6 1197/4/6 1207/4/6
f 1198/4/6 1199/4/6 1208/4/6
f 1207/3/6 1198/3/6 1208/3/6
f 1199/4/6 1183/4/6 1209/4/6
f 1208/4/6 1199/4/6 1209/4/6
f 1183/4/6 1168/4/6 1210/4/6
f 1209/4/6 1183/4/6 1210/4/6
f 1168/5/6 1200/5/6 1210/5/6
f 1210/5/6 1200/5/6 1211/5/6
f 1201/5/6 1139/5/6 1212/5/6
f 1139/4/6 1074/4/6 1212/4/6
f 1212/4/6 1074/4/6 1213/4/6
f 1170/4/6 1202/4/6 1214/4/6
f 1140/5/6 1170/5/6 1214/5/6
f 1202/5/6 1203/5/6 1215/5/6
f 1214/4/6 1202/4/6 1215/4/6
f 1204/4/6 1205/4/6 1216/4/6
f 1203/2/6 1204/2/6 1216/2/6
f 1216/4/6 1205/4/6 1217/4/6
f 1205/5/6 1188/5/6 1218/5/6
f 1217/4/6 1205/4/6 1218/4/6
f 1188/4/6 1189/4/6 1219/4/6
f 1218/5/6 1188/5/6 1219/5/6
f 1191/4/6 1192/4/6 1220/4/6
f 1190/4/6 1191/4/6 1220/4/6
f 1189/2/6 1190/2/6 1220/2/6
f 1192/4/6 1193/4/6 1220/4/6
f 1220/4/6 1193/4/6 1221/4/6
f 1193/3/6 1194/3/6 1222/3/6
f 1221/4/6 1193/4/6 1222/4/6
f 1194/2/6 1150/2/6 1223/2/6
f 1222/3/6 1194/3/6 1223/3/6
f 1223/2/6 1150/2/6 1224/2/6
f 1195/4/6 1206/4/6 1225/4/6
f 1206/2/6 1207/2/6 1226/2/6
f 1225/4/6 1206/4/6 1226/4/6
f 1207/3/6 1208/3/6 1227/3/6
f 1226/2/6 1207/2/6 1227/2/6
f 1208/2/6 1209/2/6 1228/2/6
f 1227/3/6 1208/3/6 1228/3/6
f 1209/3/6 1210/3/6 1229/3/6
f 1210/4/6 1211/4/6 1230/4/6
f 1229/3/6 1210/3/6 1230/3/6
f 1211/5/6 1200/5/6 1231/5/6
f 1230/4/6 1211/4/6 1231/4/6
f 1231/5/6 1200/5/6 1232/5/6
f 1200/4/6 1201/4/6 1233/4/6
f 1232/5/6 1200/5/6 1233/5/6
f 1212/5/6 1213/5/6 1234/5/6
f 1233/4/6 1201/4/6 1234/4/6
f 1201/5/6 1212/5/6 1234/5/6
f 1234/5/6 1213/5/6 1235/5/6
f 1214/5/6 1215/5/6 1236/5/6
f 1140/5/6 1214/5/6 1236/5/6
f 1215/5/6 1203/5/6 1237/5/6
f 1236/5/6 1215/5/6 1237/5/6
f 1216/2/6 1217/2/6 1238/2/6
f 1237/5/6 1203/5/6 1238/5/6
f 1203/2/6 1216/2/6 1238/2/6
f 1238/2/6 1217/2/6 1239/2/6
f 1217/3/6 1218/3/6 1240/3/6
f 1239/2/6 1217/2/6 1240/2/6
f 1218/4/6 1219/4/6 1241/4/6
f 1240/3/6 1218/3/6 1241/3/6
f 1241/4/6 1219/4/6 1242/4/6
f 1219/4/6 1189/4/6 1243/4/6
f 1242/4/6 1219/4/6 1243/4/6
f 1220/2/6 1221/2/6 1243/2/6
f 1189/2/6 1220/2/6 1243/2/6
f 1221/4/6 1222/4/6 1244/4/6
f 1243/2/6 1221/2/6 1244/2/6
f 1222/4/6 1223/4/6 1244/4/6
f 1244/4/6 1223/4/6 1245/4/6
f 1226/2/6 1227/2/6 1246/2/6
f 1228/2/6 1209/2/6 1246/2/6
f 1227/2/6 1228/2/6 1246/2/6
f 1209/3/6 1229/3/6 1247/3/6
f 1246/2/6 1209/2/6 1247/2/6
f 1229/4/6 1230/4/6 1248/4/6
f 1247/3/6 1229/3/6 1248/3/6
f 1230/3/6 1231/3/6 1249/3/6
f 1248/4/6 1230/4/6 1249/4/6
f 1231/5/6 1232/5/6 1250/5/6
f 1249/3/6 1231/3/6 1250/3/6
f 1233/4/6 1234/4/6 1251/4/6
f 1250/5/6 1232/5/6 1251/5/6
f 1232/4/6 1233/4/6 1251/4/6
f 1234/4/6 1235/4/6 1251/4/6
f 1251/4/6 1235/4/6 1252/4/6
f 1238/3/6 1239/3/6 1253/3/6
f 1239/2/6 1240/2/6 1253/2/6
f 1240/2/6 1241/2/6 1253/2/6
f 1253/2/6 1241/2/6 1254/2/6
f 1241/3/6 1242/3/6 1255/3/6
f 1254/2/6 1241/2/6 1255/2/6
f 1242/2/6 1243/2/6 1256/2/6
f 1255/3/6 1242/3/6 1256/3/6
f 1243/2/6 1244/2/6 1256/2/6
f 1256/2/6 1244/2/6 1257/2/6
f 1244/3/6 1245/3/6 1258/3/6
f 1257/2/6 1244/2/6 1258/2/6
f 1245/4/6 1223/4/6 1259/4/6
f 1258/3/6 1245/3/6 1259/3/6
f 1259/4/6 1223/4/6 1260/4/6
f 1223/3/6 1224/3/6 1261/3/6
f 1260/4/6 1223/4/6 1261/4/6
f 1261/3/6 1224/3/6 1262/3/6
f 1226/2/6 1246/2/6 1263/2/6
f 1246/3/6 1247/3/6 1264/3/6
f 1263/2/6 1246/2/6 1264/2/6
f 1248/3/6 1249/3/6 1264/3/6
f 1249/3/6 1250/3/6 1264/3/6
f 1247/3/6 1248/3/6 1264/3/6
f 1264/3/6 1250/3/6 1265/3/6
f 1265/3/6 1250/3/6 1266/3/6
f 1250/4/6 1251/4/6 1267/4/6
f 1266/3/6 1250/3/6 1267/3/6
f 1267/4/6 1251/4/6 1268/4/6
f 1251/5/6 1252/5/6 1269/5/6
f 1268/4/6 1251/4/6 1269/4/6
f 1252/4/6 1235/4/6 1270/4/6
f 1269/5/6 1252/5/6 1270/5/6
f 1270/4/6 1235/4/6 1271/4/6
f 1058/5/6 1140/5/6 1272/5/6
f 1140/5/6 1236/5/6 1272/5/6
f 1236/4/6 1237/4/6 1273/4/6
f 1272/5/6 1236/5/6 1273/5/6
f 1237/5/6 1238/5/6 1274/5/6
f 1273/4/6 1237/4/6 1274/4/6
f 1253/3/6 1254/3/6 1275/3/6
f 1274/5/6 1238/5/6 1275/5/6
f 1238/3/6 1253/3/6 1275/3/6
f 1275/3/6 1254/3/6 1276/3/6
f 1254/2/6 1255/2/6 1277/2/6
f 1276/3/6 1254/3/6 1277/3/6
f 1256/2/6 1257/2/6 1277/2/6
f 1255/2/6 1256/2/6 1277/2/6
f 1277/2/6 1257/2/6 1278/2/6
f 1257/3/6 1258/3/6 1279/3/6
f 1278/2/6 1257/2/6 1279/2/6
f 1258/3/6 1259/3/6 1279/3/6
f 1279/3/6 1259/3/6 1280/3/6
f 1259/2/6 1260/2/6 1281/2/6
f 1280/3/6 1259/3/6 1281/3/6
f 1261/4/6 1262/4/6 1282/4/6
f 1281/2/6 1260/2/6 1282/2/6
f 1260/4/6 1261/4/6 1282/4/6
f 1282/4/6 1262/4/6 1283/4/6
f 1263/3/6 1264/3/6 1284/3/6
f 1264/3/6 1265/3/6 1284/3/6
f 1284/3/6 1265/3/6 1285/3/6
f 1265/2/6 1266/2/6 1286/2/6
f 1285/3/6 1265/3/6 1286/3/6
f 1286/2/6 1266/2/6 1287/2/6
f 1267/3/6 1268/3/6 1288/3/6
f 1287/2/6 1266/2/6 1288/2/6
f 1266/3/6 1267/3/6 1288/3/6
f 1268/4/6 1269/4/6 1289/4/6
f 1288/3/6 1268/3/6 1289/3/6
f 1269/4/6 1270/4/6 1289/4/6
f 1289/4/6 1270/4/6 1290/4/6
f 1271/4/6 1235/4/6 1291/4/6
f 1270/5/6 1271/5/6 1291/5/6
f 1235/5/6 1213/5/6 1292/5/6
f 1291/4/6 1235/4/6 1292/4/6
f 1272/4/6 1273/4/6 1293/4/6
f 1293/4/6 1273/4/6 1294/4/6
f 1273/5/6 1274/5/6 1295/5/6
f 1294/4/6 1273/4/6 1295/4/6
f 1275/5/6 1276/5/6 1295/5/6
f 1274/5/6 1275/5/6 1295/5/6
f 1295/5/6 1276/5/6 1296/5/6
f 1277/2/6 1278/2/6 1297/2/6
f 1278/3/6 1279/3/6 1297/3/6
f 1279/3/6 1280/3/6 1297/3/6
f 1297/3/6 1280/3/6 1298/3/6
f 1298/3/6 1280/3/6 1299/3/6
f 1280/4/6 1281/4/6 1300/4/6
f 1299/3/6 1280/3/6 1300/3/6
f 1281/4/6 1282/4/6 1300/4/6
f 1300/4/6 1282/4/6 1301/4/6
f 1282/5/6 1283/5/6 1302/5/6
f 1301/4/6 1282/4/6 1302/4/6
f 1225/3/6 1226/3/6 1303/3/6
f 1226/2/6 1263/2/6 1304/2/6
f 1303/3/6 1226/3/6 1304/3/6
f 1286/3/6 1287/3/6 1305/3/6
f 1284/5/6 1285/5/6 1305/5/6
f 1285/3/6 1286/3/6 1305/3/6
f 1287/4/6 1288/4/6 1306/4/6
f 1305/3/6 1287/3/6 1306/3/6
f 1288/4/6 1289/4/6 1306/4/6
f 1306/4/6 1289/4/6 1307/4/6
f 1289/5/6 1290/5/6 1308/5/6
f 1307/4/6 1289/4/6 1308/4/6
f 1290/4/6 1270/4/6 1309/4/6
f 1308/5/6 1290/5/6 1309/5/6
f 1270/5/6 1291/5/6 1310/5/6
f 1309/4/6 1270/4/6 1310/4/6
f 1291/5/6 1292/5/6 1310/5/6
f 1293/5/6 1294/5/6 1311/5/6
f 1294/3/6 1295/3/6 1311/3/6
f 1295/4/6 1296/4/6 1312/4/6
f 1311/3/6 1295/3/6 1312/3/6
f 1296/5/6 1276/5/6 1313/5/6
f 1312/4/6 1296/4/6 1313/4/6
f 1313/5/6 1276/5/6 1314/5/6
f 1276/4/6 1277/4/6 1315/4/6
f 1314/5/6 1276/5/6 1315/5/6
f 1297/2/6 1298/2/6 1316/2/6
f 1277/2/6 1297/2/6 1316/2/6
f 1316/2/6 1298/2/6 1317/2/6
f 1298/4/6 1299/4/6 1318/4/6
f 1317/2/6 1298/2/6 1318/2/6
f 1299/5/6 1300/5/6 1319/5/6
f 1318/4/6 1299/4/6 1319/4/6
f 1300/4/6 1301/4/6 1320/4/6
f 1319/5/6 1300/5/6 1320/5/6
f 1301/3/6 1302/3/6 1321/3/6
f 1320/4/6 1301/4/6 1321/4/6
f 1302/5/6 1283/5/6 1322/5/6
f 1321/3/6 1302/3/6 1322/3/6
f 1322/5/6 1283/5/6 1323/5/6
f 1323/5/6 1283/5/6 1324/5/6
f 1304/2/6 1263/2/6 1325/2/6
f 1303/2/6 1304/2/6 1325/2/6
f 1263/3/6 1284/3/6 1325/3/6
f 1284/5/6 1305/5/6 1326/5/6
f 1325/3/6 1284/3/6 1326/3/6
f 1305/5/6 1306/5/6 1326/5/6
f 1326/5/6 1306/5/6 1327/5/6
f 1306/4/6 1307/4/6 1328/4/6
f 1327/5/6 1306/5/6 1328/5/6
f 1328/4/6 1307/4/6 1329/4/6
f 1307/5/6 1308/5/6 1330/5/6
f 1329/4/6 1307/4/6 1330/4/6
f 1309/5/6 1310/5/6 1330/5/6
f 1308/5/6 1309/5/6 1330/5/6
f 1330/5/6 1310/5/6 1331/5/6
f 1311/4/6 1312/4/6 1332/4/6
f 1312/4/6 1313/4/6 1332/4/6
f 1313/3/6 1314/3/6 1333/3/6
f 1332/4/6 1313/4/6 1333/4/6
f 1314/4/6 1315/4/6 1334/4/6
f 1333/3/6 1314/3/6 1334/3/6
f 1315/4/6 1277/4/6 1335/4/6
f 1334/4/6 1315/4/6 1335/4/6
f 1277/2/6 1316/2/6 1335/2/6
f 1316/3/6 1317/3/6 1336/3/6
f 1335/2/6 1316/2/6 1336/2/6
f 1317/4/6 1318/4/6 1337/4/6
f 1336/3/6 1317/3/6 1337/3/6
f 1319/5/6 1320/5/6 1338/5/6
f 1337/4/6 1318/4/6 1338/4/6
f 1318/5/6 1319/5/6 1338/5/6
f 1338/5/6 1320/5/6 1339/5/6
f 1320/3/6 1321/3/6 1340/3/6
f 1339/5/6 1320/5/6 1340/5/6
f 1321/4/6 1322/4/6 1341/4/6
f 1340/3/6 1321/3/6 1341/3/6
f 1322/5/6 1323/5/6 1342/5/6
f 1341/4/6 1322/4/6 1342/4/6
f 1323/4/6 1324/4/6 1343/4/6
f 1342/5/6 1323/5/6 1343/5/6
f 1326/2/6 1327/2/6 1344/2/6
f 1327/5/6 1328/5/6 1344/5/6
f 1325/2/6 1326/2/6 1344/2/6
f 1328/3/6 1329/3/6 1345/3/6
f 1344/5/6 1328/5/6 1345/5/6
f 1329/4/6 1330/4/6 1346/4/6
f 1345/3/6 1329/3/6 1346/3/6
f 1330/4/6 1331/4/6 1346/4/6
f 1331/5/6 1310/5/6 1347/5/6
f 1346/4/6 1331/4/6 1347/4/6
f 1347/5/6 1310/5/6 1348/5/6
f 1334/3/6 1335/3/6 1349/3/6
f 1336/3/6 1337/3/6 1349/3/6
f 1333/3/6 1334/3/6 1349/3/6
f 1335/3/6 1336/3/6 1349/3/6
f 1332/3/6 1333/3/6 1349/3/6
f 1349/3/6 1337/3/6 1350/3/6
f 1350/3/6 1337/3/6 1351/3/6
f 1338/5/6 1339/5/6 1352/5/6
f 1351/3/6 1337/3/6 1352/3/6
f 1337/5/6 1338/5/6 1352/5/6
f 1352/5/6 1339/5/6 1353/5/6
f 1342/4/6 1343/4/6 1354/4/6
f 1353/5/6 1339/5/6 1354/5/6
f 1341/4/6 1342/4/6 1354/4/6
f 1339/4/6 1340/4/6 1354/4/6
f 1340/4/6 1341/4/6 1354/4/6
f 1354/4/6 1343/4/6 1355/4/6
f 1355/4/6 1343/4/6 1356/4/6
f 1343/4/6 1324/4/6 1357/4/6
f 1356/4/6 1343/4/6 1357/4/6
f 1303/2/6 1325/2/6 1358/2/6
f 1325/2/6 1344/2/6 1358/2/6
f 1358/2/6 1344/2/6 1359/2/6
f 1359/2/6 1344/2/6 1360/2/6
f 1360/2/6 1344/2/6 1361/2/6
f 1361/2/6 1344/2/6 1362/2/6
f 1345/3/6 1346/3/6 1363/3/6
f 1346/3/6 1347/3/6 1363/3/6
f 1344/3/6 1345/3/6 1363/3/6
f 1363/3/6 1347/3/6 1364/3/6
f 1293/5/6 1311/5/6 1365/5/6
f 1311/4/6 1332/4/6 1365/4/6
f 1332/3/6 1349/3/6 1366/3/6
f 1365/4/6 1332/4/6 1366/4/6
f 1350/3/6 1351/3/6 1367/3/6
f 1367/3/6 1351/3/6 1368/3/6
f 1351/2/6 1352/2/6 1369/2/6
f 1368/3/6 1351/3/6 1369/3/6
f 1352/4/6 1353/4/6 1370/4/6
f 1369/2/6 1352/2/6 1370/2/6
f 1353/5/6 1354/5/6 1371/5/6
f 1370/4/6 1353/4/6 1371/4/6
f 1354/5/6 1355/5/6 1371/5/6
f 1355/4/6 1356/4/6 1372/4/6
f 1371/5/6 1355/5/6 1372/5/6
f 1356/2/6 1357/2/6 1373/2/6
f 1372/4/6 1356/4/6 1373/4/6
f 1357/4/6 1324/4/6 1374/4/6
f 1373/2/6 1357/2/6 1374/2/6
f 1374/4/6 1324/4/6 1375/4/6
f 1361/5/6 1362/5/6 1376/5/6
f 1360/3/6 1361/3/6 1376/3/6
f 1362/2/6 1344/2/6 1377/2/6
f 1376/5/6 1362/5/6 1377/5/6
f 1344/3/6 1363/3/6 1378/3/6
f 1377/2/6 1344/2/6 1378/2/6
f 1363/2/6 1364/2/6 1379/2/6
f 1378/3/6 1363/3/6 1379/3/6
f 1366/3/6 1349/3/6 1380/3/6
f 1365/5/6 1366/5/6 1380/5/6
f 1349/4/6 1350/4/6 1381/4/6
f 1380/3/6 1349/3/6 1381/3/6
f 1350/3/6 1367/3/6 1382/3/6
f 1381/4/6 1350/4/6 1382/4/6
f 1367/2/6 1368/2/6 1383/2/6
f 1382/3/6 1367/3/6 1383/3/6
f 1368/4/6 1369/4/6 1384/4/6
f 1383/2/6 1368/2/6 1384/2/6
f 1371/5/6 1372/5/6 1385/5/6
f 1384/4/6 1369/4/6 1385/4/6
f 1370/5/6 1371/5/6 1385/5/6
f 1369/5/6 1370/5/6 1385/5/6
f 1385/5/6 1372/5/6 1386/5/6
f 1372/3/6 1373/3/6 1387/3/6
f 1386/5/6 1372/5/6 1387/5/6
f 1360/3/6 1376/3/6 1388/3/6
f 1359/2/6 1360/2/6 1388/2/6
f 1376/3/6 1377/3/6 1388/3/6
f 1377/2/6 1378/2/6 1389/2/6
f 1388/3/6 1377/3/6 1389/3/6
f 1378/2/6 1379/2/6 1389/2/6
f 1379/2/6 1364/2/6 1390/2/6
f 1389/2/6 1379/2/6 1390/2/6
f 1364/3/6 1347/3/6 1390/3/6
f 1347/4/6 1348/4/6 1391/4/6
f 1390/3/6 1347/3/6 1391/3/6
f 1348/5/6 1310/5/6 1392/5/6
f 1391/4/6 1348/4/6 1392/4/6
f 1310/5/6 1292/5/6 1393/5/6
f 1392/5/6 1310/5/6 1393/5/6
f 1382/3/6 1383/3/6 1394/3/6
f 1381/3/6 1382/3/6 1394/3/6
f 1380/4/6 1381/4/6 1394/4/6
f 1383/4/6 1384/4/6 1395/4/6
f 1394/3/6 1383/3/6 1395/3/6
f 1385/5/6 1386/5/6 1396/5/6
f 1395/4/6 1384/4/6 1396/4/6
f 1384/5/6 1385/5/6 1396/5/6
f 1396/5/6 1386/5/6 1397/5/6
f 1397/5/6 1386/5/6 1398/5/6
f 1398/5/6 1386/5/6 1399/5/6
f 1386/4/6 1387/4/6 1400/4/6
f 1399/5/6 1386/5/6 1400/5/6
f 1387/3/6 1373/3/6 1401/3/6
f 1400/4/6 1387/4/6 1401/4/6
f 1373/2/6 1374/2/6 1402/2/6
f 1401/3/6 1373/3/6 1402/3/6
f 1402/2/6 1374/2/6 1403/2/6
f 1374/3/6 1375/3/6 1404/3/6
f 1403/2/6 1374/2/6 1404/2/6
f 1404/3/6 1375/3/6 1405/3/6
f 1388/2/6 1389/2/6 1406/2/6
f 1390/2/6 1391/2/6 1406/2/6
f 1389/2/6 1390/2/6 1406/2/6
f 1406/2/6 1391/2/6 1407/2/6
f 1407/2/6 1391/2/6 1408/2/6
f 1391/4/6 1392/4/6 1409/4/6
f 1408/2/6 1391/2/6 1409/2/6
f 1392/4/6 1393/4/6 1409/4/6
f 1409/4/6 1393/4/6 1410/4/6
f 1394/4/6 1395/4/6 1411/4/6
f 1380/4/6 1394/4/6 1411/4/6
f 1365/5/6 1380/5/6 1411/5/6
f 1395/5/6 1396/5/6 1412/5/6
f 1411/4/6 1395/4/6 1412/4/6
f 1396/5/6 1397/5/6 1412/5/6
f 1404/2/6 1405/2/6 1413/2/6
f 1403/2/6 1404/2/6 1413/2/6
f 1402/3/6 1403/3/6 1413/3/6
f 1413/2/6 1405/2/6 1414/2/6
f 1358/3/6 1359/3/6 1415/3/6
f 1359/2/6 1388/2/6 1416/2/6
f 1415/3/6 1359/3/6 1416/3/6
f 1388/2/6 1406/2/6 1416/2/6
f 1416/2/6 1406/2/6 1417/2/6
f 1417/2/6 1406/2/6 1418/2/6
f 1407/2/6 1408/2/6 1419/2/6
f 1406/3/6 1407/3/6 1419/3/6
f 1409/3/6 1410/3/6 1420/3/6
f 1419/2/6 1408/2/6 1420/2/6
f 1408/3/6 1409/3/6 1420/3/6
f 1420/3/6 1410/3/6 1421/3/6
f 1410/4/6 1393/4/6 1422/4/6
f 1421/3/6 1410/3/6 1422/3/6
f 1393/5/6 1292/5/6 1423/5/6
f 1422/4/6 1393/4/6 1423/4/6
f 1411/5/6 1412/5/6 1424/5/6
f 1412/5/6 1397/5/6 1425/5/6
f 1424/5/6 1412/5/6 1425/5/6
f 1397/4/6 1398/4/6 1426/4/6
f 1425/5/6 1397/5/6 1426/5/6
f 1398/5/6 1399/5/6 1427/5/6
f 1426/4/6 1398/4/6 1427/4/6
f 1399/4/6 1400/4/6 1428/4/6
f 1427/5/6 1399/5/6 1428/5/6
f 1400/4/6 1401/4/6 1428/4/6
f 1428/4/6 1401/4/6 1429/4/6
f 1401/2/6 1402/2/6 1430/2/6
f 1429/4/6 1401/4/6 1430/4/6
f 1413/3/6 1414/3/6 1431/3/6
f 1430/2/6 1402/2/6 1431/2/6
f 1402/3/6 1413/3/6 1431/3/6
f 1414/2/6 1405/2/6 1432/2/6
f 1431/3/6 1414/3/6 1432/3/6
f 1418/2/6 1406/2/6 1433/2/6
f 1417/3/6 1418/3/6 1433/3/6
f 1406/3/6 1419/3/6 1434/3/6
f 1433/2/6 1406/2/6 1434/2/6
f 1419/3/6 1420/3/6 1434/3/6
f 1420/4/6 1421/4/6 1435/4/6
f 1434/3/6 1420/3/6 1435/3/6
f 1435/4/6 1421/4/6 1436/4/6
f 1422/5/6 1423/5/6 1437/5/6
f 1436/4/6 1421/4/6 1437/4/6
f 1421/5/6 1422/5/6 1437/5/6
f 1437/5/6 1423/5/6 1438/5/6
f 1423/5/6 1292/5/6 1439/5/6
f 1438/5/6 1423/5/6 1439/5/6
f 1426/5/6 1427/5/6 1440/5/6
f 1425/5/6 1426/5/6 1440/5/6
f 1424/4/6 1425/4/6 1440/4/6
f 1440/5/6 1427/5/6 1441/5/6
f 1427/4/6 1428/4/6 1442/4/6
f 1441/5/6 1427/5/6 1442/5/6
f 1428/3/6 1429/3/6 1443/3/6
f 1442/4/6 1428/4/6 1443/4/6
f 1430/4/6 1431/4/6 1444/4/6
f 1443/3/6 1429/3/6 1444/3/6
f 1429/4/6 1430/4/6 1444/4/6
f 1431/2/6 1432/2/6 1445/2/6
f 1444/4/6 1431/4/6 1445/4/6
f 1445/2/6 1432/2/6 1446/2/6
f 1415/5/6 1416/5/6 1447/5/6
f 1416/2/6 1417/2/6 1448/2/6
f 1447/5/6 1416/5/6 1448/5/6
f 1434/5/6 1435/5/6 1449/5/6
f 1435/4/6 1436/4/6 1450/4/6
f 1449/5/6 1435/5/6 1450/5/6
f 1437/5/6 1438/5/6 1451/5/6
f 1450/4/6 1436/4/6 1451/4/6
f 1436/5/6 1437/5/6 1451/5/6
f 1451/5/6 1438/5/6 1452/5/6
f 1452/5/6 1438/5/6 1453/5/6
f 1438/4/6 1439/4/6 1454/4/6
f 1453/5/6 1438/5/6 1454/5/6
f 1439/5/6 1292/5/6 1455/5/6
f 1454/4/6 1439/4/6 1455/4/6
f 1411/5/6 1424/5/6 1456/5/6
f 1424/4/6 1440/4/6 1456/4/6
f 1440/4/6 1441/4/6 1456/4/6
f 1456/4/6 1441/4/6 1457/4/6
f 1443/5/6 1444/5/6 1458/5/6
f 1441/5/6 1442/5/6 1458/5/6
f 1442/5/6 1443/5/6 1458/5/6
f 1444/4/6 1445/4/6 1459/4/6
f 1458/5/6 1444/5/6 1459/5/6
f 1459/4/6 1445/4/6 1460/4/6
f 1447/4/6 1448/4/6 1461/4/6
f 1448/2/6 1417/2/6 1462/2/6
f 1461/4/6 1448/4/6 1462/4/6
f 1433/3/6 1434/3/6 1463/3/6
f 1462/2/6 1417/2/6 1463/2/6
f 1417/3/6 1433/3/6 1463/3/6
f 1434/5/6 1449/5/6 1464/5/6
f 1463/3/6 1434/3/6 1464/3/6
f 1449/2/6 1450/2/6 1465/2/6
f 1464/5/6 1449/5/6 1465/5/6
f 1452/2/6 1453/2/6 1466/2/6
f 1451/3/6 1452/3/6 1466/3/6
f 1450/3/6 1451/3/6 1466/3/6
f 1453/5/6 1454/5/6 1467/5/6
f 1466/2/6 1453/2/6 1467/2/6
f 1454/5/6 1455/5/6 1467/5/6
f 1457/4/6 1441/4/6 1468/4/6
f 1441/5/6 1458/5/6 1468/5/6
f 1468/5/6 1458/5/6 1469/5/6
f 1458/4/6 1459/4/6 1470/4/6
f 1469/5/6 1458/5/6 1470/5/6
f 1459/5/6 1460/5/6 1471/5/6
f 1470/4/6 1459/4/6 1471/4/6
f 1462/2/6 1463/2/6 1472/2/6
f 1463/2/6 1464/2/6 1472/2/6
f 1464/2/6 1465/2/6 1472/2/6
f 1450/3/6 1466/3/6 1473/3/6
f 1472/2/6 1465/2/6 1473/2/6
f 1465/2/6 1450/2/6 1473/2/6
f 1473/3/6 1466/3/6 1474/3/6
f 1466/4/6 1467/4/6 1475/4/6
f 1474/3/6 1466/3/6 1475/3/6
f 1467/5/6 1455/5/6 1476/5/6
f 1475/4/6 1467/4/6 1476/4/6
f 1411/5/6 1456/5/6 1477/5/6
f 1365/5/6 1411/5/6 1477/5/6
f 1456/3/6 1457/3/6 1478/3/6
f 1477/5/6 1456/5/6 1478/5/6
f 1478/3/6 1457/3/6 1479/3/6
f 1468/4/6 1469/4/6 1480/4/6
f 1479/3/6 1457/3/6 1480/3/6
f 1457/4/6 1468/4/6 1480/4/6
f 1480/4/6 1469/4/6 1481/4/6
f 1445/3/6 1446/3/6 1482/3/6
f 1460/4/6 1445/4/6 1482/4/6
f 1446/2/6 1432/2/6 1483/2/6
f 1482/3/6 1446/3/6 1483/3/6
f 1461/3/6 1462/3/6 1484/3/6
f 1462/2/6 1472/2/6 1485/2/6
f 1484/3/6 1462/3/6 1485/3/6
f 1485/2/6 1472/2/6 1486/2/6
f 1486/2/6 1472/2/6 1487/2/6
f 1487/2/6 1472/2/6 1488/2/6
f 1473/4/6 1474/4/6 1489/4/6
f 1488/2/6 1472/2/6 1489/2/6
f 1472/4/6 1473/4/6 1489/4/6
f 1474/5/6 1475/5/6 1490/5/6
f 1489/4/6 1474/4/6 1490/4/6
f 1475/5/6 1476/5/6 1490/5/6
f 1455/5/6 1292/5/6 1491/5/6
f 1490/5/6 1476/5/6 1491/5/6
f 1292/5/6 1213/5/6 1491/5/6
f 1476/5/6 1455/5/6 1491/5/6
f 1491/5/6 1213/5/6 1492/5/6
f 1492/5/6 1213/5/6 1493/5/6
f 1493/5/6 1213/5/6 1494/5/6
f 1293/5/6 1365/5/6 1495/5/6
f 1365/5/6 1477/5/6 1495/5/6
f 1477/4/6 1478/4/6 1496/4/6
f 1495/5/6 1477/5/6 1496/5/6
f 1478/3/6 1479/3/6 1497/3/6
f 1496/4/6 1478/4/6 1497/4/6
f 1479/2/6 1480/2/6 1498/2/6
f 1497/3/6 1479/3/6 1498/3/6
f 1480/3/6 1481/3/6 1499/3/6
f 1498/2/6 1480/2/6 1499/2/6
f 1481/4/6 1469/4/6 1500/4/6
f 1499/3/6 1481/3/6 1500/3/6
f 1500/4/6 1469/4/6 1501/4/6
f 1469/5/6 1470/5/6 1502/5/6
f 1471/5/6 1460/5/6 1502/5/6
f 1470/5/6 1471/5/6 1502/5/6
f 1460/4/6 1482/4/6 1502/4/6
f 1482/2/6 1483/2/6 1503/2/6
f 1502/4/6 1482/4/6 1503/4/6
f 1487/5/6 1488/5/6 1504/5/6
f 1486/4/6 1487/4/6 1504/4/6
f 1488/4/6 1489/4/6 1505/4/6
f 1504/5/6 1488/5/6 1505/5/6
f 1489/5/6 1490/5/6 1506/5/6
f 1505/4/6 1489/4/6 1506/4/6
f 1490/5/6 1491/5/6 1506/5/6
f 1506/5/6 1491/5/6 1507/5/6
f 1507/5/6 1491/5/6 1508/5/6
f 1491/4/6 1492/4/6 1509/4/6
f 1508/5/6 1491/5/6 1509/5/6
f 1492/5/6 1493/5/6 1510/5/6
f 1509/4/6 1492/4/6 1510/4/6
f 1493/4/6 1494/4/6 1511/4/6
f 1510/5/6 1493/5/6 1511/5/6
f 1293/5/6 1495/5/6 1512/5/6
f 1495/4/6 1496/4/6 1513/4/6
f 1512/5/6 1495/5/6 1513/5/6
f 1500/3/6 1501/3/6 1514/3/6
f 1498/3/6 1499/3/6 1514/3/6
f 1499/3/6 1500/3/6 1514/3/6
f 1497/3/6 1498/3/6 1514/3/6
f 1496/5/6 1497/5/6 1514/5/6
f 1514/3/6 1501/3/6 1515/3/6
f 1515/3/6 1501/3/6 1516/3/6
f 1469/5/6 1502/5/6 1517/5/6
f 1502/3/6 1503/3/6 1518/3/6
f 1517/5/6 1502/5/6 1518/5/6
f 1432/2/6 1405/2/6 1519/2/6
f 1483/2/6 1432/2/6 1519/2/6
f 1503/2/6 1483/2/6 1519/2/6
f 1519/2/6 1405/2/6 1520/2/6
f 1504/4/6 1505/4/6 1521/4/6
f 1486/4/6 1504/4/6 1521/4/6
f 1484/2/6 1485/2/6 1521/2/6
f 1485/2/6 1486/2/6 1521/2/6
f 1505/5/6 1506/5/6 1522/5/6
f 1521/4/6 1505/4/6 1522/4/6
f 1506/4/6 1507/4/6 1523/4/6
f 1522/5/6 1506/5/6 1523/5/6
f 1523/4/6 1507/4/6 1524/4/6
f 1507/5/6 1508/5/6 1525/5/6
f 1524/4/6 1507/4/6 1525/4/6
f 1525/5/6 1508/5/6 1526/5/6
f 1526/5/6 1508/5/6 1527/5/6
f 1508/4/6 1509/4/6 1528/4/6
f 1527/5/6 1508/5/6 1528/5/6
f 1528/4/6 1509/4/6 1529/4/6
f 1509/5/6 1510/5/6 1530/5/6
f 1529/4/6 1509/4/6 1530/4/6
f 1510/4/6 1511/4/6 1531/4/6
f 1530/5/6 1510/5/6 1531/5/6
f 1514/5/6 1515/5/6 1532/5/6
f 1496/5/6 1514/5/6 1532/5/6
f 1515/2/6 1516/2/6 1533/2/6
f 1532/5/6 1515/5/6 1533/5/6
f 1516/3/6 1501/3/6 1534/3/6
f 1533/2/6 1516/2/6 1534/2/6
f 1501/4/6 1469/4/6 1535/4/6
f 1534/3/6 1501/3/6 1535/3/6
f 1469/5/6 1517/5/6 1536/5/6
f 1535/4/6 1469/4/6 1536/4/6
f 1517/4/6 1518/4/6 1537/4/6
f 1536/5/6 1517/5/6 1537/5/6
f 1518/3/6 1503/3/6 1538/3/6
f 1537/4/6 1518/4/6 1538/4/6
f 1503/2/6 1519/2/6 1539/2/6
f 1538/3/6 1503/3/6 1539/3/6
f 1539/2/6 1519/2/6 1540/2/6
f 1519/4/6 1520/4/6 1541/4/6
f 1540/2/6 1519/2/6 1541/2/6
f 1541/4/6 1520/4/6 1542/4/6
f 1521/3/6 1522/3/6 1543/3/6
f 1484/2/6 1521/2/6 1543/2/6
f 1543/3/6 1522/3/6 1544/3/6
f 1523/4/6 1524/4/6 1545/4/6
f 1544/3/6 1522/3/6 1545/3/6
f 1522/4/6 1523/4/6 1545/4/6
f 1524/3/6 1525/3/6 1546/3/6
f 1545/4/6 1524/4/6 1546/4/6
f 1525/3/6 1526/3/6 1546/3/6
f 1526/2/6 1527/2/6 1547/2/6
f 1546/3/6 1526/3/6 1547/3/6
f 1528/5/6 1529/5/6 1548/5/6
f 1529/4/6 1530/4/6 1548/4/6
f 1530/4/6 1531/4/6 1548/4/6
f 1548/4/6 1531/4/6 1549/4/6
f 1512/4/6 1513/4/6 1550/4/6
f 1513/4/6 1496/4/6 1551/4/6
f 1550/4/6 1513/4/6 1551/4/6
f 1496/5/6 1532/5/6 1551/5/6
f 1532/3/6 1533/3/6 1552/3/6
f 1551/5/6 1532/5/6 1552/5/6
f 1536/4/6 1537/4/6 1553/4/6
f 1535/3/6 1536/3/6 1553/3/6
f 1537/3/6 1538/3/6 1554/3/6
f 1553/4/6 1537/4/6 1554/4/6
f 1538/2/6 1539/2/6 1555/2/6
f 1554/3/6 1538/3/6 1555/3/6
f 1541/5/6 1542/5/6 1556/5/6
f 1540/2/6 1541/2/6 1556/2/6
f 1556/5/6 1542/5/6 1557/5/6
f 1545/3/6 1546/3/6 1558/3/6
f 1543/2/6 1544/2/6 1558/2/6
f 1544/3/6 1545/3/6 1558/3/6
f 1546/2/6 1547/2/6 1559/2/6
f 1558/3/6 1546/3/6 1559/3/6
f 1547/2/6 1527/2/6 1560/2/6
f 1559/2/6 1547/2/6 1560/2/6
f 1527/3/6 1528/3/6 1561/3/6
f 1560/2/6 1527/2/6 1561/2/6
f 1528/5/6 1548/5/6 1562/5/6
f 1561/3/6 1528/3/6 1562/3/6
f 1562/5/6 1548/5/6 1563/5/6
f 1533/2/6 1534/2/6 1564/2/6
f 1535/3/6 1553/3/6 1564/3/6
f 1534/2/6 1535/2/6 1564/2/6
f 1553/3/6 1554/3/6 1564/3/6
f 1564/3/6 1554/3/6 1565/3/6
f 1554/4/6 1555/4/6 1566/4/6
f 1565/3/6 1554/3/6 1566/3/6
f 1555/2/6 1539/2/6 1567/2/6
f 1566/4/6 1555/4/6 1567/4/6
f 1539/3/6 1540/3/6 1568/3/6
f 1567/2/6 1539/2/6 1568/2/6
f 1558/2/6 1559/2/6 1569/2/6
f 1543/2/6 1558/2/6 1569/2/6
f 1484/2/6 1543/2/6 1569/2/6
f 1559/2/6 1560/2/6 1569/2/6
f 1569/2/6 1560/2/6 1570/2/6
f 1570/2/6 1560/2/6 1571/2/6
f 1561/2/6 1562/2/6 1572/2/6
f 1560/3/6 1561/3/6 1572/3/6
f 1562/4/6 1563/4/6 1573/4/6
f 1572/2/6 1562/2/6 1573/2/6
f 1563/5/6 1548/5/6 1574/5/6
f 1573/4/6 1563/4/6 1574/4/6
f 1548/3/6 1549/3/6 1575/3/6
f 1574/5/6 1548/5/6 1575/5/6
f 1549/4/6 1531/4/6 1576/4/6
f 1575/3/6 1549/3/6 1576/3/6
f 1531/4/6 1511/4/6 1577/4/6
f 1576/4/6 1531/4/6 1577/4/6
f 1550/3/6 1551/3/6 1578/3/6
f 1551/2/6 1552/2/6 1579/2/6
f 1578/3/6 1551/3/6 1579/3/6
f 1552/3/6 1533/3/6 1580/3/6
f 1579/2/6 1552/2/6 1580/2/6
f 1533/2/6 1564/2/6 1581/2/6
f 1580/3/6 1533/3/6 1581/3/6
f 1564/2/6 1565/2/6 1581/2/6
f 1581/2/6 1565/2/6 1582/2/6
f 1565/4/6 1566/4/6 1583/4/6
f 1582/2/6 1565/2/6 1583/2/6
f 1566/5/6 1567/5/6 1584/5/6
f 1567/5/6 1568/5/6 1584/5/6
f 1568/3/6 1540/3/6 1585/3/6
f 1584/5/6 1568/5/6 1585/5/6
f 1570/3/6 1571/3/6 1586/3/6
f 1569/4/6 1570/4/6 1586/4/6
f 1571/2/6 1560/2/6 1587/2/6
f 1586/3/6 1571/3/6 1587/3/6
f 1587/2/6 1560/2/6 1588/2/6
f 1572/3/6 1573/3/6 1589/3/6
f 1588/2/6 1560/2/6 1589/2/6
f 1560/3/6 1572/3/6 1589/3/6
f 1589/3/6 1573/3/6 1590/3/6
f 1573/4/6 1574/4/6 1591/4/6
f 1590/3/6 1573/3/6 1591/3/6
f 1574/3/6 1575/3/6 1592/3/6
f 1591/4/6 1574/4/6 1592/4/6
f 1575/3/6 1576/3/6 1592/3/6
f 1576/3/6 1577/3/6 1592/3/6
f 1592/3/6 1577/3/6 1593/3/6
f 1577/4/6 1511/4/6 1594/4/6
f 1593/3/6 1577/3/6 1594/3/6
f 1511/4/6 1494/4/6 1595/4/6
f 1594/4/6 1511/4/6 1595/4/6
f 1578/2/6 1579/2/6 1600/2/6
f 1581/2/6 1582/2/6 1600/2/6
f 1579/2/6 1580/2/6 1600/2/6
f 1580/2/6 1581/2/6 1600/2/6
f 1600/2/6 1582/2/6 1601/2/6
f 1601/2/6 1582/2/6 1602/2/6
f 1602/2/6 1582/2/6 1603/2/6
f 1582/4/6 1583/4/6 1604/4/6
f 1603/2/6 1582/2/6 1604/2/6
f 1583/4/6 1566/4/6 1605/4/6
f 1604/4/6 1583/4/6 1605/4/6
f 1566/5/6 1584/5/6 1606/5/6
f 1584/4/6 1585/4/6 1606/4/6
f 1585/3/6 1540/3/6 1607/3/6
f 1606/4/6 1585/4/6 1607/4/6
f 1540/2/6 1556/2/6 1608/2/6
f 1607/3/6 1540/3/6 1608/3/6
f 1556/3/6 1557/3/6 1609/3/6
f 1608/2/6 1556/2/6 1609/2/6
f 1609/3/6 1557/3/6 1610/3/6
f 1588/2/6 1589/2/6 1611/2/6
f 1589/2/6 1590/2/6 1611/2/6
f 1590/3/6 1591/3/6 1612/3/6
f 1611/2/6 1590/2/6 1612/2/6
f 1592/3/6 1593/3/6 1612/3/6
f 1591/3/6 1592/3/6 1612/3/6
f 1612/3/6 1593/3/6 1613/3/6
f 1593/2/6 1594/2/6 1614/2/6
f 1613/3/6 1593/3/6 1614/3/6
f 1595/4/6 1596/4/6 1615/4/6
f 1614/2/6 1594/2/6 1615/2/6
f 1594/4/6 1595/4/6 1615/4/6
f 1615/4/6 1596/4/6 1616/4/6
f 1616/4/6 1596/4/6 1617/4/6
f 1596/3/6 1597/3/6 1618/3/6
f 1617/4/6 1596/4/6 1618/4/6
f 1597/4/6 1598/4/6 1619/4/6
f 1618/3/6 1597/3/6 1619/3/6
f 1598/3/6 1599/3/6 1620/3/6
f 1599/2/6 1600/2/6 1620/2/6
f 1600/2/6 1601/2/6 1620/2/6
f 1601/4/6 1602/4/6 1621/4/6
f 1620/2/6 1601/2/6 1621/2/6
f 1603/2/6 1604/2/6 1622/2/6
f 1602/3/6 1603/3/6 1622/3/6
f 1604/2/6 1605/2/6 1622/2/6
f 1622/2/6 1605/2/6 1623/2/6
f 1605/4/6 1566/4/6 1624/4/6
f 1623/2/6 1605/2/6 1624/2/6
f 1566/5/6 1606/5/6 1625/5/6
f 1624/4/6 1566/4/6 1625/4/6
f 1606/5/6 1607/5/6 1625/5/6
f 1608/2/6 1609/2/6 1626/2/6
f 1625/5/6 1607/5/6 1626/5/6
f 1607/2/6 1608/2/6 1626/2/6
f 1609/2/6 1610/2/6 1626/2/6
f 1626/2/6 1610/2/6 1627/2/6
f 1586/4/6 1587/4/6 1628/4/6
f 1569/4/6 1586/4/6 1628/4/6
f 1587/3/6 1588/3/6 1629/3/6
f 1628/4/6 1587/4/6 1629/4/6
f 1588/2/6 1611/2/6 1630/2/6
f 1629/3/6 1588/3/6 1630/3/6
f 1611/3/6 1612/3/6 1631/3/6
f 1630/2/6 1611/2/6 1631/2/6
f 1612/4/6 1613/4/6 1632/4/6
f 1631/3/6 1612/3/6 1632/3/6
f 1613/2/6 1614/2/6 1633/2/6
f 1632/4/6 1613/4/6 1633/4/6
f 1614/2/6 1615/2/6 1633/2/6
f 1615/3/6 1616/3/6 1634/3/6
f 1633/2/6 1615/2/6 1634/2/6
f 1616/2/6 1617/2/6 1635/2/6
f 1634/3/6 1616/3/6 1635/3/6
f 1617/3/6 1618/3/6 1636/3/6
f 1635/2/6 1617/2/6 1636/2/6
f 1618/4/6 1619/4/6 1637/4/6
f 1636/3/6 1618/3/6 1637/3/6
f 1619/4/6 1598/4/6 1638/4/6
f 1637/4/6 1619/4/6 1638/4/6
f 1620/3/6 1621/3/6 1638/3/6
f 1598/3/6 1620/3/6 1638/3/6
f 1621/4/6 1602/4/6 1639/4/6
f 1638/3/6 1621/3/6 1639/3/6
f 1622/3/6 1623/3/6 1640/3/6
f 1639/4/6 1602/4/6 1640/4/6
f 1602/3/6 1622/3/6 1640/3/6
f 1624/2/6 1625/2/6 1641/2/6
f 1640/3/6 1623/3/6 1641/3/6
f 1623/2/6 1624/2/6 1641/2/6
f 1626/3/6 1627/3/6 1642/3/6
f 1641/2/6 1625/2/6 1642/2/6
f 1625/3/6 1626/3/6 1642/3/6
f 1627/2/6 1610/2/6 1643/2/6
f 1642/3/6 1627/3/6 1643/3/6
f 1643/2/6 1610/2/6 1644/2/6
f 1645/2/6 1646/2/6 1649/2/6
f 1649/2/6 1646/2/6 1650/2/6
f 1647/5/6 1648/5/6 1651/5/6
f 1651/5/6 1648/5/6 1652/5/6
f 1653/3/6 1654/3/6 1657/3/6
f 1657/3/6 1654/3/6 1658/3/6
f 1655/2/6 1656/2/6 1659/2/6
f 1659/2/6 1656/2/6 1660/2/6
f 1661/4/6 1662/4/6 1667/4/6
f 1662/5/6 1663/5/6 1668/5/6
f 1667/4/6 1662/4/6 1668/4/6
f 1668/5/6 1663/5/6 1669/5/6
f 1663/4/6 1664/4/6 1670/4/6
f 1669/5/6 1663/5/6 1670/5/6
f 1664/3/6 1665/3/6 1671/3/6
f 1670/4/6 1664/4/6 1671/4/6
f 1671/3/6 1665/3/6 1672/3/6
f 1666/3/6 1667/3/6 1674/3/6
f 1674/3/6 1667/3/6 1675/3/6
f 1672/2/6 1673/2/6 1676/2/6
f 1676/2/6 1673/2/6 1677/2/6
f 1674/2/6 1675/2/6 1678/2/6
f 1678/2/6 1675/2/6 1679/2/6
f 1676/3/6 1677/3/6 1680/3/6
f 1680/3/6 1677/3/6 1681/3/6
f 1681/3/6 1677/3/6 1682/3/6
f 1678/3/6 1679/3/6 1683/3/6
f 1683/3/6 1679/3/6 1684/3/6
f 1681/4/6 1682/4/6 1685/4/6
f 1685/4/6 1682/4/6 1686/4/6
f 1685/5/6 1686/5/6 1687/5/6
f 1683/4/6 1684/4/6 1688/4/6
f 1688/4/6 1684/4/6 1689/4/6
f 1687/5/6 1686/5/6 1690/5/6
f 1690/5/6 1686/5/6 1691/5/6
f 1691/5/6 1686/5/6 1692/5/6
f 1688/5/6 1689/5/6 1693/5/6
f 1693/5/6 1689/5/6 1694/5/6
f 1691/4/6 1692/4/6 1695/4/6
f 1695/4/6 1692/4/6 1696/4/6
f 1693/4/6 1694/4/6 1697/4/6
f 1697/4/6 1694/4/6 1698/4/6
f 1695/3/6 1696/3/6 1699/3/6
f 1699/3/6 1696/3/6 1700/3/6
f 1699/4/6 1700/4/6 1701/4/6
f 1701/4/6 1700/4/6 1702/4/6
f 1701/3/6 1702/3/6 1703/3/6
f 1703/3/6 1702/3/6 1704/3/6
f 1697/5/6 1698/5/6 1705/5/6
f 1705/5/6 1698/5/6 1706/5/6
f 1703/4/6 1704/4/6 1707/4/6
f 1707/4/6 1704/4/6 1708/4/6
f 1705/4/6 1706/4/6 1709/4/6
f 1709/4/6 1706/4/6 1710/4/6
f 1709/3/6 1710/3/6 1711/3/6
f 1711/3/6 1710/3/6 1712/3/6
f 1711/4/6 1712/4/6 1713/4/6
f 1713/4/6 1712/4/6 1714/4/6
f 1707/5/6 1708/5/6 1715/5/6
f 1715/5/6 1708/5/6 1716/5/6
f 1715/4/6 1716/4/6 1717/4/6
f 1717/4/6 1716/4/6 1718/4/6
f 1717/2/6 1718/2/6 1719/2/6
f 1719/2/6 1718/2/6 1720/2/6
f 1719/4/6 1720/4/6 1721/4/6
f 1713/5/6 1714/5/6 1722/5/6
f 1722/5/6 1714/5/6 1723/5/6
f 1721/4/6 1720/4/6 1724/4/6
f 1724/4/6 1720/4/6 1725/4/6
f 1722/4/6 1723/4/6 1726/4/6
f 1726/4/6 1723/4/6 1727/4/6
f 1724/5/6 1725/5/6 1728/5/6
f 1728/5/6 1725/5/6 1729/5/6
f 1726/3/6 1727/3/6 1730/3/6
f 1730/3/6 1727/3/6 1731/3/6
f 1728/4/6 1729/4/6 1732/4/6
f 1732/4/6 1729/4/6 1733/4/6
f 1730/4/6 1731/4/6 1734/4/6
f 1730/4/6 1734/4/6 1735/4/6
f 1735/4/6 1734/4/6 1736/4/6
f 1732/3/6 1733/3/6 1737/3/6
f 1737/3/6 1733/3/6 1738/3/6
f 1738/3/6 1733/3/6 1739/3/6
f 1738/2/6 1739/2/6 1740/2/6
f 1740/2/6 1739/2/6 1741/2/6
f 1740/3/6 1741/3/6 1742/3/6
f 1742/3/6 1741/3/6 1743/3/6
f 1735/5/6 1736/5/6 1744/5/6
f 1744/5/6 1736/5/6 1745/5/6
f 1744/4/6 1745/4/6 1746/4/6
f 1746/4/6 1745/4/6 1747/4/6
f 1742/5/6 1743/5/6 1748/5/6
f 1748/5/6 1743/5/6 1749/5/6
f 1749/5/6 1743/5/6 1750/5/6
f 1749/2/6 1750/2/6 1751/2/6
f 1746/3/6 1747/3/6 1752/3/6
f 1752/3/6 1747/3/6 1753/3/6
f 1751/2/6 1750/2/6 1757/2/6
f 1757/2/6 1750/2/6 1758/2/6
f 1753/4/6 1754/4/6 1759/4/6
f 1755/5/6 1756/5/6 1760/5/6
f 1759/4/6 1754/4/6 1760/4/6
f 1754/5/6 1755/5/6 1760/5/6
f 1756/4/6 1757/4/6 1761/4/6
f 1760/5/6 1756/5/6 1761/5/6
f 1761/4/6 1757/4/6 1762/4/6
f 1763/4/6 1764/4/6 1768/4/6
f 1768/4/6 1764/4/6 1769/4/6
f 1769/4/6 1764/4/6 1770/4/6
f 1764/3/6 1765/3/6 1771/3/6
f 1770/4/6 1764/4/6 1771/4/6
f 1765/4/6 1766/4/6 1772/4/6
f 1771/3/6 1765/3/6 1772/3/6
f 1766/2/6 1767/2/6 1773/2/6
f 1772/4/6 1766/4/6 1773/4/6
f 1771/4/6 1772/4/6 1774/4/6
f 1770/5/6 1771/5/6 1774/5/6
f 1772/2/6 1773/2/6 1775/2/6
f 1774/4/6 1772/4/6 1775/4/6
f 1773/2/6 1767/2/6 1776/2/6
f 1775/2/6 1773/2/6 1776/2/6
f 1774/5/6 1775/5/6 1777/5/6
f 1769/4/6 1770/4/6 1777/4/6
f 1770/5/6 1774/5/6 1777/5/6
f 1777/5/6 1775/5/6 1778/5/6
f 1775/3/6 1776/3/6 1779/3/6
f 1778/5/6 1775/5/6 1779/5/6
f 1779/3/6 1776/3/6 1780/3/6
f 1768/3/6 1769/3/6 1781/3/6
f 1777/4/6 1778/4/6 1782/4/6
f 1781/3/6 1769/3/6 1782/3/6
f 1769/4/6 1777/4/6 1782/4/6
f 1782/4/6 1778/4/6 1783/4/6
f 1779/5/6 1780/5/6 1784/5/6
f 1783/4/6 1778/4/6 1784/4/6
f 1778/5/6 1779/5/6 1784/5/6
f 1784/5/6 1780/5/6 1785/5/6
f 1783/4/6 1784/4/6 1786/4/6
f 1784/4/6 1785/4/6 1786/4/6
f 1785/5/6 1780/5/6 1787/5/6
f 1786/4/6 1785/4/6 1787/4/6
f 1787/5/6 1780/5/6 1788/5/6
f 1786/5/6 1787/5/6 1789/5/6
f 1787/4/6 1788/4/6 1789/4/6
f 1789/4/6 1788/4/6 1790/4/6
f 1786/5/6 1789/5/6 1791/5/6
f 1789/3/6 1790/3/6 1791/3/6
f 1791/3/6 1790/3/6 1792/3/6
f 1782/2/6 1783/2/6 1793/2/6
f 1781/2/6 1782/2/6 1793/2/6
f 1783/4/6 1786/4/6 1794/4/6
f 1793/2/6 1783/2/6 1794/2/6
f 1781/2/6 1793/2/6 1795/2/6
f 1793/3/6 1794/3/6 1795/3/6
f 1794/4/6 1786/4/6 1796/4/6
f 1795/3/6 1794/3/6 1796/3/6
f 1781/2/6 1795/2/6 1797/2/6
f 1795/2/6 1796/2/6 1797/2/6
f 1796/4/6 1786/4/6 1798/4/6
f 1797/2/6 1796/2/6 1798/2/6
f 1791/2/6 1792/2/6 1799/2/6
f 1786/5/6 1791/5/6 1799/5/6
f 1799/2/6 1792/2/6 1800/2/6
f 1786/5/6 1799/5/6 1801/5/6
f 1799/3/6 1800/3/6 1801/3/6
f 1800/2/6 1792/2/6 1802/2/6
f 1801/3/6 1800/3/6 1802/3/6
f 1798/4/6 1786/4/6 1803/4/6
f 1797/3/6 1798/3/6 1803/3/6
f 1786/5/6 1801/5/6 1804/5/6
f 1803/4/6 1786/4/6 1804/4/6
f 1781/2/6 1797/2/6 1805/2/6
f 1797/3/6 1803/3/6 1805/3/6
f 1803/5/6 1804/5/6 1806/5/6
f 1805/3/6 1803/3/6 1806/3/6
f 1804/5/6 1801/5/6 1807/5/6
f 1806/5/6 1804/5/6 1807/5/6
f 1801/2/6 1802/2/6 1808/2/6
f 1807/5/6 1801/5/6 1808/5/6
f 1802/2/6 1792/2/6 1809/2/6
f 1808/2/6 1802/2/6 1809/2/6
f 1808/4/6 1809/4/6 1810/4/6
f 1809/2/6 1792/2/6 1810/2/6
f 1810/2/6 1792/2/6 1811/2/6
f 1805/2/6 1806/2/6 1812/2/6
f 1806/4/6 1807/4/6 1812/4/6
f 1807/5/6 1808/5/6 1813/5/6
f 1812/4/6 1807/4/6 1813/4/6
f 1810/3/6 1811/3/6 1814/3/6
f 1808/4/6 1810/4/6 1814/4/6
f 1814/3/6 1811/3/6 1815/3/6
f 1805/2/6 1812/2/6 1816/2/6
f 1781/2/6 1805/2/6 1816/2/6
f 1816/2/6 1812/2/6 1817/2/6
f 1812/3/6 1813/3/6 1818/3/6
f 1817/2/6 1812/2/6 1818/2/6
f 1813/5/6 1808/5/6 1819/5/6
f 1818/3/6 1813/3/6 1819/3/6
f 1814/4/6 1815/4/6 1820/4/6
f 1819/5/6 1808/5/6 1820/5/6
f 1808/4/6 1814/4/6 1820/4/6
f 1820/4/6 1815/4/6 1821/4/6
f 1818/4/6 1819/4/6 1822/4/6
f 1819/4/6 1820/4/6 1822/4/6
f 1820/5/6 1821/5/6 1823/5/6
f 1822/4/6 1820/4/6 1823/4/6
f 1818/4/6 1822/4/6 1824/4/6
f 1822/5/6 1823/5/6 1824/5/6
f 1823/5/6 1821/5/6 1825/5/6
f 1824/5/6 1823/5/6 1825/5/6
f 1818/4/6 1824/4/6 1826/4/6
f 1824/4/6 1825/4/6 1826/4/6
f 1825/5/6 1821/5/6 1827/5/6
f 1826/4/6 1825/4/6 1827/4/6
f 1817/2/6 1818/2/6 1828/2/6
f 1816/3/6 1817/3/6 1828/3/6
f 1818/4/6 1826/4/6 1829/4/6
f 1828/2/6 1818/2/6 1829/2/6
f 1826/5/6 1827/5/6 1830/5/6
f 1829/4/6 1826/4/6 1830/4/6
f 1828/3/6 1829/3/6 1831/3/6
f 1816/3/6 1828/3/6 1831/3/6
f 1829/3/6 1830/3/6 1831/3/6
f 1831/3/6 1830/3/6 1832/3/6
f 1832/3/6 1830/3/6 1833/3/6
f 1830/5/6 1827/5/6 1834/5/6
f 1833/3/6 1830/3/6 1834/3/6
f 1827/5/6 1821/5/6 1835/5/6
f 1834/5/6 1827/5/6 1835/5/6
f 1821/4/6 1815/4/6 1835/4/6
f 1835/4/6 1815/4/6 1836/4/6
f 1833/4/6 1834/4/6 1837/4/6
f 1832/3/6 1833/3/6 1837/3/6
f 1834/5/6 1835/5/6 1838/5/6
f 1837/4/6 1834/4/6 1838/4/6
f 1838/5/6 1835/5/6 1839/5/6
f 1835/3/6 1836/3/6 1840/3/6
f 1839/5/6 1835/5/6 1840/5/6
f 1838/5/6 1839/5/6 1841/5/6
f 1832/3/6 1837/3/6 1841/3/6
f 1837/5/6 1838/5/6 1841/5/6
f 1841/5/6 1839/5/6 1842/5/6
f 1839/4/6 1840/4/6 1843/4/6
f 1842/5/6 1839/5/6 1843/5/6
f 1840/3/6 1836/3/6 1844/3/6
f 1843/4/6 1840/4/6 1844/4/6
f 1842/5/6 1843/5/6 1845/5/6
f 1843/3/6 1844/3/6 1845/3/6
f 1844/3/6 1836/3/6 1846/3/6
f 1845/3/6 1844/3/6 1846/3/6
f 1831/2/6 1832/2/6 1847/2/6
f 1832/3/6 1841/3/6 1847/3/6
f 1841/4/6 1842/4/6 1848/4/6
f 1847/3/6 1841/3/6 1848/3/6
f 1842/5/6 1845/5/6 1849/5/6
f 1848/4/6 1842/4/6 1849/4/6
f 1845/2/6 1846/2/6 1850/2/6
f 1849/5/6 1845/5/6 1850/5/6
f 1848/3/6 1849/3/6 1851/3/6
f 1850/2/6 1846/2/6 1851/2/6
f 1849/3/6 1850/3/6 1851/3/6
f 1851/2/6 1846/2/6 1852/2/6
f 1847/2/6 1848/2/6 1853/2/6
f 1831/2/6 1847/2/6 1853/2/6
f 1851/3/6 1852/3/6 1854/3/6
f 1853/2/6 1848/2/6 1854/2/6
f 1848/3/6 1851/3/6 1854/3/6
f 1854/3/6 1852/3/6 1855/3/6
